iso,kind,key,url,http_status,content_type,bytes,sha256,retrieved
AT,holdings,breeder_documents,https://www.ris.bka.gv.at/GeltendeFassung.wxe?Abfrage=Bundesnormen&Gesetzesnummer=10005579,200,text/html,420678,ead50e9a291be7d10e90417b14f46fd5589b139504c70c7f2eb9ad0b3056a9cb,2026-09-29
AT,holdings,civil_registry,https://www.bmi.gv.at/magazin/2022_05_06/34_E_Government.aspx,200,text/html,66866,3c5b97d5f39ece4cc3b9555297d9a799411702fa7ce90d5cd853f248106d0b8d,2026-09-29
AT,holdings,civil_registry,https://www.ris.bka.gv.at/GeltendeFassung.wxe?Abfrage=Bundesnormen&Gesetzesnummer=10005799,200,text/html,281932,0c5fa61e5322acf00204fedf5b5d817bd0a8dc6e7bca7f5cf4470ef605d0a62a,2026-09-29
AT,holdings,civil_registry,https://www.ris.bka.gv.at/GeltendeFassung.wxe?Abfrage=Bundesnormen&Gesetzesnummer=20003230,200,text/html,286266,09b961c25cc75a8e78aeeec4cc7f5623bb9c27574e784725b43e8507e62e34c7,2026-09-29
AT,holdings,civil_registry,https://www.ris.bka.gv.at/GeltendeFassung.wxe?Abfrage=Bundesnormen&Gesetzesnummer=20008228,200,text/html,370928,d206cd650664a6e95b00342699193bfc25fd2fa143dfac170bd0f8b0ffe4f229,2026-09-29
AT,holdings,digital_identity_credentials,https://www.bundeskanzleramt.gv.at/bundeskanzleramt/nachrichten-der-bundesregierung/2025/08/id-austria-knackt-4-millionen-marke.html,200,text/html,53318,70980e4715373088111ae32641ae3197d2fbca29d07b76a6916ebd170053068b,2026-09-29
AT,holdings,digital_identity_credentials,https://www.rechnungshof.gv.at/rh/home/news/news/news_3/Umstellung_von_Handysignatur_auf_E-ID.html,200,text/html,35321,5babc1e8cec605322735c327cfd8f7ff79b4d6811ea5a4de4a47bc523652b261,2026-09-29
AT,holdings,electoral_roll,https://www.bmi.gv.at/412/nationalratswahlen/nationalratswahl_2024/start.html,200,text/html,88930,a5f1ec1ba423368ccedf4e1d548358245c0ba148c1ae70013c679eb38dba87ad,2026-09-29
AT,holdings,electoral_roll,https://www.ris.bka.gv.at/GeltendeFassung.wxe?Abfrage=Bundesnormen&Gesetzesnummer=20009720,200,text/html,114006,f47dbd9883c2618ed532c4f245ad8fc11a071c4096217b053d482660565735c2,2026-09-29
AT,holdings,facial_biometric,https://www.ris.bka.gv.at/GeltendeFassung.wxe?Abfrage=Bundesnormen&Gesetzesnummer=10005798,200,text/html,228639,86449bb76d84015bf3045567d1f57f7711aaf0361c9d9714f2d26d651783555b,2026-09-29
AT,holdings,indicator:C1,https://www.brz.gv.at/was-wir-tun.html,200,text/html,29373,f214f0cb0fd864eea78dfa2dcb2324227e70c42935afed34410a87900f36cc8e,2026-09-29
AT,holdings,indicator:C1,https://www.ris.bka.gv.at/GeltendeFassung.wxe?Abfrage=Bundesnormen&Gesetzesnummer=10001466,200,text/html,153113,b2e977426d4238697f2d9d992dff0fbfb7209facffb9c4c57c840dffe94daf0b,2026-09-29
AT,holdings,indicator:C2,https://www.brz.gv.at/was-wir-tun/geschaeftsfelder.html,200,text/html,32166,7ea577ba9b05407c6a90fd6cdf0efaf73a3fd548bb0e1ef6176218401e1dfe7d,2026-09-29
AT,holdings,indicator:C2,https://www.brz.gv.at/was-wir-tun/services-produkte/cloud-storage_brz_goverdrive.html,200,text/html,22624,3da702401556f8ac560723bdd42dbf437074e7000a283a7b280e3737471ee2fc,2026-09-29
AT,holdings,indicator:K1,https://www.bmi.gv.at/downloads/csca.html,200,text/html,84495,b82dcffa1559b550e138a1a5ca69d74c39edb8880ff859ca80d485a2fce31ec5,2026-09-29
AT,holdings,indicator:K1,https://www.rechnungshof.gv.at/rh/home/home/2023_7_E-ID.pdf,200,application/pdf,4334553,df68a2bffd230d1d8501bc253557595b9aa2466bdc97adbebf4df3900fec9c36,2026-09-29
AT,holdings,indicator:K2,https://www.rechnungshof.gv.at/rh/home/news/news/news_3/Umstellung_von_Handysignatur_auf_E-ID.html,200,text/html,35321,5babc1e8cec605322735c327cfd8f7ff79b4d6811ea5a4de4a47bc523652b261,2026-09-29
AT,holdings,indicator:K2,https://www.ris.bka.gv.at/GeltendeFassung.wxe?Abfrage=Bundesnormen&Gesetzesnummer=20003230,200,text/html,286282,d6f192e93ffeb387b5b43fd483801b7083d535d68f7faa450145d948711aebd1,2026-09-29
AT,holdings,indicator:L1,https://www.ris.bka.gv.at/GeltendeFassung.wxe?Abfrage=Bundesnormen&Gesetzesnummer=20003054,200,text/html,103739,f49d09dd20e5a978b38dae5899d027582fd845230a65a55def68e20a87585964,2026-09-29
AT,holdings,indicator:L2,https://www.ris.bka.gv.at/GeltendeFassung.wxe?Abfrage=Bundesnormen&Gesetzesnummer=10005792,200,text/html,828579,de84937a7ff09881b2a7f30724e1d7c098ad30b7ba795d338154bd2549db4154,2026-09-29
AT,holdings,indicator:L2,https://www.ris.bka.gv.at/GeltendeFassung.wxe?Abfrage=Bundesnormen&Gesetzesnummer=20001740,200,text/html,86008,cea288c82f53b580f344e4283279832596cb56eef36b2fc871b3f997c7bf9814,2026-09-29
AT,holdings,issuance_history,https://www.rechnungshof.gv.at/rh/home/home/2023_7_E-ID.pdf,200,application/pdf,4334553,df68a2bffd230d1d8501bc253557595b9aa2466bdc97adbebf4df3900fec9c36,2026-09-29
AT,holdings,residence_permits,https://www.ris.bka.gv.at/GeltendeFassung.wxe?Abfrage=Bundesnormen&Gesetzesnummer=20007944,200,text/html,433522,69713c0b5c21c6760f3cb308537c931a42dd41b6b82f1fa8505105ce2f3e99a3,2026-09-29
AT,holdings,tax,https://www.parlament.gv.at/dokument/XXVIII/III/39/imfname_1658039.pdf,200,application/pdf,3934060,87ff09bad0ca211ce0508c35ad3fbcf4abb341fb0b8d234b6b17f2b564659d61,2026-09-29
AT,holdings,tax,https://www.ris.bka.gv.at/GeltendeFassung.wxe?Abfrage=Bundesnormen&Gesetzesnummer=10003940,200,text/html,1751352,d97e796a9a375ab4ea77289e12d909cadce7febfc80bc03034ac807f2e208bd1,2026-09-29
AT,holdings,trust_services_pki,https://www.a-trust.at/de/produkte/qualifizierte_signaturservices/id_austria/,200,text/html,19159,43d37660a9377609e55fbd6039a4405828eedc98b509072b7b40fb85c073c69c,2026-09-29
AT,holdings,trust_services_pki,https://www.bmi.gv.at/downloads/csca.html,200,text/html,84495,b82dcffa1559b550e138a1a5ca69d74c39edb8880ff859ca80d485a2fce31ec5,2026-09-29
AT,holdings,trust_services_pki,https://www.ris.bka.gv.at/GeltendeFassung.wxe?Abfrage=Bundesnormen&Gesetzesnummer=20009585,200,text/html,107181,196a70c1a0e091c0917377cc0dff9359993c122769fe8b10a89a991419edad9c,2026-09-29
AT,legal,gazette,https://www.ris.bka.gv.at/,200,text/html,20087,76dacaddb6732db482aea653123e7a7fcd43e2ea02f2d4995944a2a59e95dbe3,2026-09-11
BE,holdings,border_control,https://etaamb.openjustice.be/nl/wet-van-02-maart-2023_n2023030500.html,200,text/html,83547,75740112119e0bfa123d5a90afc8e1f5b393ec73ad65cc19c2cc921661793914,2026-09-29
BE,holdings,breeder_documents,https://www.arch.be/index.php?l=nl&m=nieuws&r=alle-nieuwsberichten&a=2023-06-14-het-rijksarchief-is-vertegenwoordigd-in-het-beheerscomite-van-de-databank-voor-akten-van-de-burgerlijke-stand,200,text/html,29944,1c5116f9be96c16a305fe28d97eaaeaca48ef753d48e4de46f619eea4e7f2211,2026-09-29
BE,holdings,breeder_documents,https://www.ibz.rrn.fgov.be/nl/professioneel/dabs/geldende-regelgeving,200,text/html,76388,5a935396b435961485e144cee280a833e8c0e2d0d8808e7211b4179d4daf24cf,2026-09-29
BE,holdings,civil_registry,https://www.ibz.rrn.fgov.be/nl,200,text/html,69119,fff163f8c173e1d1fd9c24e6dfa48d3cb4cc770a419c8510d649e6f45d9ad27d,2026-09-29
BE,holdings,civil_registry,https://www.ibz.rrn.fgov.be/nl/burger/rijksregister-en-bevolking/rijksregister,200,text/html,70263,a25a030e3da0a9dd6ec070ff20e780ec809c357322f0ef784af3a6747d5466d7,2026-09-29
BE,holdings,digital_identity_credentials,https://etaamb.openjustice.be/nl/wet-van-18-juli-2017_n2017020539.html,200,text/html,47558,0ad43260fbc5f7fbdcdcd3be1a83ed281105acc9c8cbf194c71142dee932cabd,2026-09-29
BE,holdings,digital_identity_credentials,https://press.itsme-id.com/itsmer-grows-to-eight-million-users-and-strengthens-its-position-as-a-european-player,200,text/html,163875,23cefb4e1e6ec0aa8155264d8e0a3990f5533ed4be81193816bccf53324c2291,2026-09-29
BE,holdings,digital_identity_credentials,https://sma-help.bosa.belgium.be/en/fas-privacy,error,,0,,2026-09-29
BE,holdings,electoral_management,https://verkiezingen.fgov.be/algemeen/veiligheid-en-transparantie,error,,0,,2026-09-29
BE,holdings,electoral_management,https://verkiezingen.fgov.be/algemeen/verkiezingssoftware,error,,0,,2026-09-29
BE,holdings,electoral_roll,https://elections.fgov.be/sites/default/files/documents/CodeElectoral__Kieswetboek.pdf,error,,0,,2026-09-29
BE,holdings,facial_biometric,https://www.ibz.rrn.fgov.be/nl/burger/identiteitsdocumenten/eid/eid-en-gdpr,200,text/html,79335,5d5a6798510554f94cb179b121f49d4956ae0471435b77d2312ac35bf92f2e79,2026-09-29
BE,holdings,fingerprint_biometric,https://www.ibz.rrn.fgov.be/nl/burger/identiteitsdocumenten/eid,200,text/html,79015,a2a7e32b9fecf369a0b07d9bfad5226a6c551526be7749a228a850ca640f420e,2026-09-29
BE,holdings,indicator:C1,https://www.gcloud.belgium.be/fr,error,,0,,2026-09-29
BE,holdings,indicator:C1,https://www.gcloud.belgium.be/fr/services,error,,0,,2026-09-29
BE,holdings,indicator:K1,https://repository.eid.belgium.be/downloads/citizen/en/CPS_CitizenCA.pdf,200,application/pdf,517887,ef80d47101d01d5b02908e262258fea4b614c10882413fe62bba98df0b89a337,2026-09-29
BE,holdings,indicator:K1,https://tsl.belgium.be/tsl-be.xml,error,,0,,2026-09-29
BE,holdings,indicator:K2,https://www.csam.be/nl/over-csam.html,error,,0,,2026-09-29
BE,holdings,indicator:K2,https://www.ibz.rrn.fgov.be/nl/burger/identiteitsdocumenten/eid,200,text/html,79015,a2a7e32b9fecf369a0b07d9bfad5226a6c551526be7749a228a850ca640f420e,2026-09-29
BE,holdings,indicator:L2,https://etaamb.openjustice.be/fr/loi-du-11-decembre-1998_n1999007004.html,200,text/html,237483,ab7c4ae4d529d783bac7d13575c5dfd3014e55883621593d10594c65945e61ae,2026-09-29
BE,holdings,issuance_history,https://etaamb.openjustice.be/nl/koninklijk-besluit-van-25-mei-2005_n2005000390.html,200,text/html,91355,7d66e9cbe3be844a3aa72b4cf69066f4a06ee6180fd2570b69b091151de01db0,2026-09-29
BE,holdings,issuance_history,https://www.emerce.nl/wire/zetes-opnieuw-geselecteerd-productie-depersonalisatie-kaarten-nu-uitgifte-authenticatie-handtekeningcertificaten,200,text/html,191955,9ac8d3f0be70e40426cad51c94dfd5c2e2d71e95a1cc93dc414bfe34e421c756,2026-09-29
BE,holdings,issuance_history,https://www.ibz.rrn.fgov.be/nl/professioneel/identiteitsdocumenten/checkdoc,200,text/html,68545,e4eaf0f8fa862ca3b3e9a8162c4466c32b0ae8390d74e062deb443463002256f,2026-09-29
BE,holdings,issuance_history,https://www.ibz.rrn.fgov.be/nl/professioneel/identiteitsdocumenten/eid/wetgeving,200,text/html,77078,5d24a29bd8422d9945689aa9ef9071f6213623804ee0248a8290dadd5c4187e6,2026-09-29
BE,holdings,residence_permits,https://www.gegevensbeschermingsautoriteit.be/publications/advies-nr.-121-2022.pdf,200,application/pdf,197721,5c0905e8d7b8f79ea228a5b21b5ff517205688cc32e9fdc562beee68ec753960,2026-09-29
BE,holdings,trust_services_pki,https://repository.eid.belgium.be/downloads/citizen/en/CPS_CitizenCA.pdf,200,application/pdf,517887,ef80d47101d01d5b02908e262258fea4b614c10882413fe62bba98df0b89a337,2026-09-29
BE,legal,gazette,https://www.ejustice.just.fgov.be/cgi_loi/loi.pl,error,,0,,2026-09-11
BG,holdings,benefits_pensions,https://www.mlsp.government.bg/uploads/37/politiki/trud/zakonodatelstvo/2024/kso24.pdf,200,application/pdf,2316536,2cb0d4432aa86d660a79f7a2a2064ea1b3bf0cf7cf8f7c77230fee5e13ce9285,2026-09-29
BG,holdings,civil_registry,https://asp.government.bg/uploaded/files/4390-Zakon-za-grazhdanskata-registratsiya.pdf,200,application/pdf,3676443,f7cb70842f09890d469e568cbf1874ff9daa190dbe7e49368c71e3e97a0002d0,2026-09-29
BG,holdings,civil_registry,https://www.grao.bg/esgraon.html,error,,0,,2026-09-29
BG,holdings,civil_registry,https://www.grao.bg/normact/NaredbaFunkcESGR.pdf,error,,0,,2026-09-29
BG,holdings,crisis_management,https://www.segabg.com/hot/category-bulgaria/mvr-shte-izdirva-banditi-chrez-bg-alert,200,text/html,81502,51df13fee49b57f879790f7f0b9e922b070a0bf7334cd5fd164ed446bab0f067,2026-09-29
BG,holdings,customs,https://dv.parliament.bg/DVWeb/showMaterialDV.jsp?idMat=105827,200,text/html,366217,bf9d06d825048cb84ccaa449418bd9c208bfac15c1004986860f2ad323569e4b,2026-09-29
BG,holdings,customs,https://www.infobusiness.bcci.bg/customs-26-11-18.html,200,text/html,33565,d26d546786c1576046ae23032f2436334746084e586ac660d1ad636d01fdeb51,2026-09-29
BG,holdings,digital_identity_credentials,https://public-btswspreg.crc.bg/help/topics/idh-topic190.html,200,text/html,4345,3bdef22db096d07dcac098f1ae5949bc4ce1cea19adf9236153fd2dd080813a6,2026-09-29
BG,holdings,digital_identity_credentials,https://www.mtc.government.bg/sites/default/files/pravilnik_za_prilagane_na_zakona_za_elektronnata_identifikaciq.pdf,200,application/pdf,211223,51bd6802f9677c1ef8949fcc4b094d7ee3ad3e47798b04050edf993027517fbb,2026-09-29
BG,holdings,digital_identity_credentials,https://www.segabg.com/hot/category-consult/otpada-edno-bezumiyata-za-lichnite-karti-chip,200,text/html,85339,9f2d8093816be3f297d2578be345da650575e29f4be16892f2698b96ffa32258,2026-09-29
BG,holdings,education,https://nacid.bg/bg/register_rdpzsd/,200,text/html,35965,49609f753f73fbd5c00f0625f9e968ec5e4925ba2036712d65d6c7a1f3ac3efb,2026-09-29
BG,holdings,electoral_roll,https://www.grao.bg/normact/IK-2026.pdf,error,,0,,2026-09-29
BG,holdings,emergency_communications,https://www.mtc.government.bg/sites/default/files/zakon-nacsist-spesni-povikvaniq-nomer-112-23072019.pdf,200,application/pdf,346679,636c8dfdf19924511a2aaed0d83e28ceaf52b2e3e3a45eef5dbad533e65a91ff,2026-09-29
BG,holdings,extra:government_cloud_infrastructure,https://www.eufunds.bg/bg/opgg/node/9490,error,,0,,2026-09-29
BG,holdings,extra:interoperability_infrastructure,https://cpdp.bg/%D1%81%D1%82%D0%B0%D0%BD%D0%BE%D0%B2%D0%B8%D1%89%D0%B5-%D0%BD%D0%B0-%D0%BA%D0%B7%D0%BB%D0%B4-%D1%80%D0%B0%D0%B7%D1%80%D0%B5%D1%88%D0%B5%D0%BD%D0%B8%D0%B5-%D0%B7%D0%B0-%D0%B4%D0%B8%D1%80%D0%B5%D0%BA/,error,,0,,2026-09-29
BG,holdings,facial_biometric,https://aref.government.bg/sites/default/files/2024-04/%D0%97%D0%B0%D0%BA%D0%BE%D0%BD%20%D0%B7%D0%B0%20%D0%B1%D1%8A%D0%BB%D0%B3%D0%B0%D1%80%D1%81%D0%BA%D0%B8%D1%82%D0%B5%20%D0%BB%D0%B8%D1%87%D0%BD%D0%B8%20%D0%B4%D0%BE%D0%BA%D1%83%D0%BC%D0%B5%D0%BD%D1%82%D0%B8.pdf,200,application/pdf,330408,06ba05ca3b7f113595fe2f5accf923a82ef04f3a12959bd052ac4fd63b13abf1,2026-09-29
BG,holdings,firearms_register,https://www.mfa.bg/upload/762/10-ZOBVVPI-bg-en.pdf,200,application/pdf,1167609,2ae3a7b7e6bccb14f1d173c7822c4f08770d6d3c8b6bb81e1657845f3ab02140,2026-09-29
BG,holdings,grid_control,https://www.eso.bg/fileObj.php?oid=131,200,application/pdf,65021,8542fe73f78315ea99f3c3d238a7d0f3c013de5318a168cb378d1df967a42c9d,2026-09-29
BG,holdings,health_insurance,https://www.nhif.bg/upload/32277/%D0%97%D0%B0%D0%BA%D0%BE%D0%BD%20%D0%B7%D0%B0%20%D0%B7%D0%B4%D1%80%D0%B0%D0%B2%D0%BD%D0%BE%D1%82%D0%BE%20%D0%BE%D1%81%D0%B8%D0%B3%D1%83%D1%80%D1%8F%D0%B2%D0%B0%D0%BD%D0%B5.pdf,200,application/pdf,1208943,934a2de0dd928a97892960b8ec835560c3c8fab1930b11e43cd1da13101203eb,2026-09-29
BG,holdings,health_records,https://www.nhif.bg/upload/30458/%D0%97%D0%B0%D0%BA%D0%BE%D0%BD%20%D0%B7%D0%B0%20%D0%B7%D0%B4%D1%80%D0%B0%D0%B2%D0%B5%D1%82%D0%BE.pdf,200,application/pdf,935451,74a8340307de216e669d9be390dec768e0011386034da1139a438c395e64db5b,2026-09-29
BG,holdings,indicator:C1,https://www.is-bg.net/bg/solutions/infrastructure,200,text/html,67435,d465f996bc6f4301bb4ff3f3cce84d2d3a8f360c071c1c4d7a21e182e858a071,2026-09-29
BG,holdings,indicator:C2,https://www.ciela.net/svobodna-zona-normativi/view/2136995819/naredba-za-obshtite-iziskvaniya-kam-informatsionnite-sistemi-registrite-i-elektronnite-administrativni-uslugi,robots-denied,,0,,2026-09-29
BG,holdings,indicator:K1,https://crc.bg/bg/rubriki/560/elektronni-udostoveritelni-uslugi,200,text/html,38545,eba972633efb304df89c11e549d27e8e52ecb3acaa60422ac56f3948563305f8,2026-09-29
BG,holdings,indicator:K1,https://www.is-bg.net/upload/4944/IS_2024_%D0%94%D0%BE%D0%BA%D0%BB%D0%B0%D0%B4%20%D0%B7%D0%B0%20%D0%B4%D0%B5%D0%B9%D0%BD%D0%BE%D1%81%D1%82%D1%82%D0%B0.pdf,200,application/pdf,1350727,d6ff89108ed106972ae9f007962d7a5dd1f4f8423977f5695d18332c3f74ec2c,2026-09-29
BG,holdings,indicator:K2,https://www.ciela.net/svobodna-zona-normativi/view/2136822116/zakon-za-elektronnata-identifikatsiya,robots-denied,,0,,2026-09-29
BG,holdings,indicator:K2,https://www.segabg.com/hot/category-consult/otpada-edno-bezumiyata-za-lichnite-karti-chip,200,text/html,85339,3ef1f0faa6881de9067cbd852c0d37393a68ee560e1afe0415b86ac551359430,2026-09-29
BG,holdings,indicator:L1,https://www.ciela.net/svobodna-zona-normativi/view/2135448577/zakon-za-zashtita-na-klasifitsiranata-informatsiya,robots-denied,,0,,2026-09-29
BG,holdings,indicator:L1,https://www.ciela.net/svobodna-zona-normativi/view/2135555445/zakon-za-elektronnoto-upravlenie,robots-denied,,0,,2026-09-29
BG,holdings,issuance_history,https://mvr.bg/sofia/%D0%B8%D0%BD%D1%84%D0%BE%D1%80%D0%BC%D0%B0%D1%86%D0%B8%D0%BE%D0%BD%D0%B5%D0%BD-%D1%86%D0%B5%D0%BD%D1%82%D1%8A%D1%80/%D0%BF%D1%80%D0%B5%D1%81%D1%86%D0%B5%D0%BD%D1%82%D1%8A%D1%80/%D0%BD%D0%BE%D0%B2%D0%B8%D0%BD%D0%B8/90242,200,text/html,75068,c7549fce9b84c6f36d4d1234a42fb94f97535d07400917f8ee097cee419d4f61,2026-09-29
BG,holdings,issuance_history,https://www.actualno.com/society/opitvat-da-prishporjat-zakysnjaloto-izdavane-na-lichni-dokumenti-ot-pokolenie-2019-news_2212950.html,200,text/html,194926,71b5b12e9fdc24afb6ffa3280118fd3c6e339d0d5c1bd37939b69d1b7538224e,2026-09-29
BG,holdings,judicial_criminal,https://www.fsc.bg/wp-content/uploads/2021/files/31563_file.pdf,200,application/pdf,642907,ef14651096838c92eebfdd2f18cbc0b7c99b43dacda9899a7d6bd94382e354a9,2026-09-29
BG,holdings,judicial_criminal,https://www.is-bg.net/bg/solutions/software-integration/e-justice,200,text/html,90870,6c273a5c1896d714330860cc0e04553955de0c36a50d27824ec9cd0cf12f8987,2026-09-29
BG,holdings,judicial_criminal,https://www.vas.bg/bg/a/vss-prie-grafik-za-vvezhdane-na-edinnata-informatsionna-sistema-na-sdilishchata-eiss,200,text/html,42470,66d772aebc99afd3091b8d62b256ea88ef8aa0cc30b69d93c30e1699b16c2712,2026-09-29
BG,holdings,land_property,https://www.bulnao.government.bg/media/documents/OD_AV_230821.pdf,200,application/pdf,2210619,1a0d908c24f621e3031ac84d9234f0085881f7b2de58595f6f3d7d7376d4cce7,2026-09-29
BG,holdings,land_property,https://www.cadastre.bg/funkcii-na-agkk,200,text/html,43066,856d86a191d7d9257cf4299f91c3a0583945aefe1e853da6217f864dc4369bcb,2026-09-29
BG,holdings,national_archives,https://archives.government.bg/uploaded_files/%D0%97%D0%90%D0%9A%D0%9E%D0%9D_%D0%97%D0%90_%D0%9D%D0%90%D0%A6%D0%98%D0%9E%D0%9D%D0%90%D0%9B%D0%9D%D0%98%D0%AF_%D0%90%D0%A0%D0%A5%D0%98%D0%92%D0%95%D0%9D_%D0%A4%D0%9E%D0%9D%D0%94_%282022%29%281%29.pdf,robots-denied,,0,,2026-09-29
BG,holdings,official_gazette,https://bg.wikisource.org/wiki/%D0%97%D0%B0%D0%BA%D0%BE%D0%BD_%D0%B7%D0%B0_%E2%80%9E%D0%94%D1%8A%D1%80%D0%B6%D0%B0%D0%B2%D0%B5%D0%BD_%D0%B2%D0%B5%D1%81%D1%82%D0%BD%D0%B8%D0%BA%E2%80%9C,200,text/html,89445,a00324561f4ff423bd9b4388c55449cec75244ef864ba6d861c5da89899fbcd2,2026-09-29
BG,holdings,official_gazette,https://n-lex.europa.eu/n-lex/info/info-bg/index?lang=bg,200,text/html,30453,f7f3f6eef7f820c97eaa1db5a157837f7d561c84eff169a1abdd0975a28c8a50,2026-09-29
BG,holdings,police_records,https://www.mlsp.government.bg/uploads/15/spitao/dokumenti/pravilnitsi/za-ministerstvoto-na-vtreshnite-raboti.pdf,200,application/pdf,10693495,73f049afd39b87f7035abfcfedf4a740cc014ee9ff07b21b9961db9fb039510d,2026-09-29
BG,holdings,public_finance,https://www.bnb.bg/bnbweb/groups/public/documents/bnb_law/instructions_bnb_51681_bg.pdf,200,application/pdf,716773,45b72a5590ec65fca38ffd3e7888f274c7c5fa3b3396370141c7b9d0ddfddac7,2026-09-29
BG,holdings,residence_permits,https://www.mfa.bg/upload/138160/%D0%97%D0%B0%D0%BA%D0%BE%D0%BD%20%D0%B7%D0%B0%20%D1%87%D1%83%D0%B6%D0%B4%D0%B5%D0%BD%D1%86%D0%B8%D1%82%D0%B5%20%D0%B2%20%D0%A0%D0%B5%D0%BF%D1%83%D0%B1%D0%BB%D0%B8%D0%BA%D0%B0%20%D0%91%D1%8A%D0%BB%D0%B3%D0%B0%D1%80%D0%B8%D1%8F.pdf,200,application/pdf,741840,db2651eca9303b319835d0c53a704794df4c5340c3bc2c9ee0a4737d17b0f7a4,2026-09-29
BG,holdings,statistics_microdata,https://census2021.bg/,200,text/html,46476,59829cf6ded925e546af00380278dc44ccb9eb82437977f51b8e80e8cf9eee4c,2026-09-29
BG,holdings,tax,https://www.mvr.bg/upload/296043/%D0%94%D0%9E%D0%9F%D0%9A.pdf,200,application/pdf,1619024,07507f47cdc05216057daad5cc75b3b8b1024b0ea4bdc04f0ecdf42661695547,2026-09-29
BG,holdings,trust_services_pki,https://crc.bg/bg/rubriki/560/elektronni-udostoveritelni-uslugi,200,text/html,38545,eba972633efb304df89c11e549d27e8e52ecb3acaa60422ac56f3948563305f8,2026-09-29
BG,holdings,vehicle_licensing,https://www.gli.government.bg/sites/default/files/upload/documents/2020-09/NI45_24.03.2000.pdf,error,,0,,2026-09-29
BG,legal,gazette,https://dv.parliament.bg/,200,text/html,1646,c6a79150115138d8d14a9d2008d9641a5cf119e2d0b2a9fcac85526cea03700b,2026-09-11
CY,holdings,beneficial_ownership,https://www.cylaw.org/nomoi/enop/non-ind/2007_1_188/full.html,200,text/html,622872,1415b1ada6b66fe168391c098b252082ec97d7097975d67706d83a3561b02c72,2026-09-29
CY,holdings,benefits_pensions,https://www.cylaw.org/nomoi/enop/non-ind/2010_1_59/full.html,200,text/html,408757,056b62af2df814337e3e10440fec9a743ffef8919578b297c2f06b2ae5ed1300,2026-09-29
CY,holdings,business_registry,https://www.cylaw.org/nomoi/enop/non-ind/0_113/full.html,200,text/html,2320706,41cdb6e0ffe85dcfc6c580e393bc38870e39082584e61f9aed535fde96123afe,2026-09-29
CY,holdings,central_bank,https://www.centralbank.cy/images/media/redirectfile/CBC_Annual_Report_English_2025_Final%20(006).pdf,200,application/pdf,3578558,dfd4bb68eca788a4c117dbc8dd334d69b759d2a99cc7f375838fc14f236a89a8,2026-09-29
CY,holdings,central_bank,https://www.cylaw.org/nomoi/enop/non-ind/2002_1_138/full.html,200,text/html,169537,f22755b25683478108afc6851098843efb0fb9cfadd80daeb19ae329661c443d,2026-09-29
CY,holdings,civil_registry,https://www.cylaw.org/nomoi/enop/non-ind/2002_1_141/full.html,200,text/html,336776,25a2c6c2be84d0fcf4c938f3871dde035810a9900c8e089836f37f13d296799d,2026-09-29
CY,holdings,crisis_management,https://www.cylaw.org/nomoi/enop/non-ind/1996_1_117/full.html,200,text/html,30862,e027efd0c2c97f630843e691356fdede9f7870b81afc73799d11806563434f1c,2026-09-29
CY,holdings,customs,https://www.cylaw.org/nomoi/enop/non-ind/2004_1_94/full.html,200,text/html,317145,09c1d385d0b6fa8a07fd329ba48bde98d0b3932f44a88514fbaf2178b94ff9b9,2026-09-29
CY,holdings,customs,https://www.mof.gov.cy/mof/customs/customs.nsf/ced12_en/ced12_en?OpenDocument=,200,text/html,17459,a27cd43d43c3cc6c4bc11635bffbce73ca09ca71da09d8c130874efc080498cc,2026-09-29
CY,holdings,digital_identity_credentials,https://en.politis.com.cy/in-depth/1032645/from-the-counter-to-the-screen-cy-login-becomes-cypruss-key-to-digital-government,200,text/html,181275,06123acab3a5b706c2c8e8410e436d2e875a24b6fa32d76ab332bc67120445b0,2026-09-29
CY,holdings,digital_identity_credentials,https://pki.jcc.com.cy/repository/el/CPS/files/JCC-PL-QTSP-Certification_Practice_Statement_for_eID_GR-1.4_FINAL.pdf,200,application/pdf,2018960,f9c5d49f7783520064e5d7ca26ba0bc0cf6524d86bc3fab5d728f6a05a706b38,2026-09-29
CY,holdings,digital_identity_credentials,https://www.biometricupdate.com/202511/cyprus-lauds-impressive-use-of-cy-login-digital-government-services,200,text/html,115285,6213dc38280cef511e94b99c2341844170429d2afa2b6fb35c05e40695dd8629,2026-09-29
CY,holdings,electoral_management,https://www.cylaw.org/nomoi/enop/non-ind/1979_1_72/full.html,200,text/html,202848,9b8cae944189e740cb6dfdb95a7a6cf6ed208a0167ea27d276a8e764a0f0deb9,2026-09-29
CY,holdings,electoral_roll,https://www.politis.com.cy/politis-news/cyprus/999272/stoys-568587-oi-ekloghis-ghia-tis-prosekhis-voyleftikes-ekloghes-anakinose-to-ypes,200,text/html,251776,b8d133c2bf414fa6d8730b13d2a39377a71b135130301fb88bb7673e9fba5436,2026-09-29
CY,holdings,emergency_communications,https://news.rik.cy/el/article/2026/7/14/plerestere-kai-takhutere-plerophorese-se-krisima-peristatika-me-to-sustema-neas-genias-112/,200,text/html,94131,f5b0fe68dd30d80967d90b2515d25a8f7f803203d0b1d235389e4707eafa8945,2026-09-29
CY,holdings,facial_biometric,https://csca.crmd.moi.gov.cy/Electronic_documents,error,,0,,2026-09-29
CY,holdings,firearms_register,https://www.cylaw.org/nomoi/enop/non-ind/2004_1_113/full.html,200,text/html,221817,99638a9cb5cdf56df68c6a4cbc349f253fcece7ccd05bb6f4015faf7bc32d356,2026-09-29
CY,holdings,geospatial,https://www.cylaw.org/nomoi/enop/non-ind/2010_1_43/full.html,200,text/html,61713,6a3a2b638f223f62518727223e48d556307217d6fe7ef638ca2180709ad1cb4b,2026-09-29
CY,holdings,grid_control,https://www.cylaw.org/nomoi/enop/non-ind/2021_1_130/full.html,200,text/html,654402,3b7827c22b955492856b29ef7689162832aa4a618d2752aba29005d82657a020,2026-09-29
CY,holdings,health_insurance,https://www.cylaw.org/nomoi/enop/non-ind/2001_1_89/full.html,200,text/html,286497,0e370496a02ad8001427350f9c667ca48979ef3e4746bfcabeadb29d2b086ea5,2026-09-29
CY,holdings,health_records,https://www.cylaw.org/nomoi/enop/non-ind/2019_1_59/full.html,200,text/html,100754,a6c860ac4dd3dbec6cc4656b0b00a8d48c1f66dff7fb2b0611f703b4597a1ce4,2026-09-29
CY,holdings,indicator:K1,https://interoperable-europe.ec.europa.eu/sites/default/files/inline-files/NIFO_2024%20Supportive%20Document_Cyprus_vFinal.pdf,200,application/pdf,1338601,a5cbb36c5c951f282569fc51ac2ff5c8bc488687e42f53aa67af4e7177d994a5,2026-09-29
CY,holdings,indicator:K1,https://www.jcc.com.cy/jcc/governance/,error,,0,,2026-09-29
CY,holdings,indicator:K2,https://www.jcc.com.cy/trust-services/eidentity/,error,,0,,2026-09-29
CY,holdings,indicator:L2,https://www.cylaw.org/nomoi/enop/non-ind/2021_1_84/full.html,200,text/html,77529,cbd379f39efbc4e3860975bb7f0cbf3c1b79d5ae2134734d22bcf9a30a656c04,2026-09-29
CY,holdings,intelligence,https://www.cylaw.org/nomoi/enop/non-ind/2016_1_75/full.html,200,text/html,161243,5c9f891387de6536f63237f6aa99d4f1fffd9eec8e45c5b04910b2b2ffb9152d,2026-09-29
CY,holdings,judicial_criminal,https://www.cylaw.org/nomoi/enop/non-ind/2004_1_73/full.html,200,text/html,198573,3b63fb54cd32e6562861085a7333b18c87b0812f3d27c1d4fb477b6154d4e0df,2026-09-29
CY,holdings,land_property,https://portal.dls.moi.gov.cy/wp-content/uploads/2023/05/Annual-report-DLS-2022.pdf,200,application/pdf,7539232,d612982f7c92e4173ca3b2bee564975503d1a7a618c4a6727a197c13bad889d8,2026-09-29
CY,holdings,land_property,https://www.cylaw.org/nomoi/enop/non-ind/0_224/full.html,200,text/html,490355,c5aa74c7f2e426562a15c7831f5470d7d020b4073d3324fc6394c9a5803e8109,2026-09-29
CY,holdings,national_archives,https://www.cylaw.org/nomoi/enop/non-ind/1991_1_208/full.html,200,text/html,42546,cbca5ea90990a855c2c0c0a4feb47bed62800203f748aaffe46ae3e43452dae5,2026-09-29
CY,holdings,official_gazette,https://www.cylaw.org/nomoi/enop/non-ind/2019_1_82/full.html,200,text/html,19418,76b2ac7d5df5f43c200fcd49eae19e21d687e4149fd74c1a33e8afe22545aca4,2026-09-29
CY,holdings,police_records,https://www.cylaw.org/nomoi/enop/non-ind/2023_1_171/full.html,200,text/html,57657,50d5a5c7c8152432a6bcb5210bc0906e174e397611fbf367aa1d04e0c9a581e2,2026-09-29
CY,holdings,police_records,https://www.politis.com.cy/politis-news/cyprus/1031511/sto-stokhastro-astinomiki-ghia-diarroes-poinikes-kai-peitharkhikes-efthynes-se-ekseliksi,200,text/html,282810,825dfc847f9b441d99c2c02098f8f82e7ac485378c5e737e8fe3810c61fd919c,2026-09-29
CY,holdings,public_finance,https://www.cylaw.org/nomoi/enop/non-ind/2014_1_20/full.html,200,text/html,300094,2239f269315c3ca0057a702a1e956e93053a629b848d261300f5cafb3609a1e5,2026-09-29
CY,holdings,public_health_surveillance,https://www.cylaw.org/nomoi/enop/non-ind/0_260/full.html,200,text/html,31000,9300aa0dd186b3117ea3d203c6b7f0dc27136db1e671270dc91e12482c4943cd,2026-09-29
CY,holdings,residence_permits,https://www.cylaw.org/nomoi/enop/non-ind/0_105/full.html,200,text/html,662284,c03f8dea0d2898a0cdad3900603df184504c189224e48c419c0b1c406e16157e,2026-09-29
CY,holdings,statistics_microdata,https://www.cylaw.org/nomoi/arith/2021_1_025.pdf,200,application/pdf,385948,9e72267c4a49cededb1d36985533d9cdf0bbe1bc61f65ddfe20333f3ac20fce6,2026-09-29
CY,holdings,tax,https://www.cylaw.org/nomoi/enop/non-ind/1978_1_4/full.html,200,text/html,335259,d99e1d988bc1fb047a95a2c50264bb94b7eb2b2f04e4f444e75621596c0d42a2,2026-09-29
CY,holdings,trust_services_pki,https://csca.crmd.moi.gov.cy/PKI/CSCA/Root_Certificate,error,,0,,2026-09-29
CY,holdings,trust_services_pki,https://pki.jcc.com.cy/repository/CPS/files/cp-cps-latest-version.pdf,200,application/pdf,1709064,5ac6c85642e7839e8d6d861cee8e01edf1b7afc667d22013bc9f1bf69ca7c98e,2026-09-29
CY,holdings,trust_services_pki,https://www.cylaw.org/nomoi/enop/non-ind/2018_1_55/full.html,200,text/html,60696,b6bf00f9ed0c179a36bd5fd7446f2beb84de3460270e039005b6e453a1b620a9,2026-09-29
CY,holdings,vehicle_licensing,https://www.cylaw.org/nomoi/enop/non-ind/1972_1_86/full.html,200,text/html,261397,2e27ff8d78e7d49a642391c78722c2379b4786e34afce0149f129fe420de88e4,2026-09-29
CY,holdings,water_control,https://www.cylaw.org/nomoi/enop/non-ind/2010_1_79/full.html,200,text/html,403389,6c3c1adf0fe5443e9fa1cb52a19c496128b11251a53b94597581e52dbf29f823,2026-09-29
CY,legal,gazette,http://www.cylaw.org/,200,text/html,10074,d548719661a351bab14e79322d78bc74db0f54224806dcfb4c47c494efd24489,2026-09-11
CZ,holdings,beneficial_ownership,https://www.zakonyprolidi.cz/cs/2021-37,200,text/html,147701,c560c06dac9b916eae187b94b6623713f2497766573f64f1699f6eaeab47b80c,2026-09-29
CZ,holdings,benefits_pensions,https://www.zakonyprolidi.cz/cs/1991-582,200,text/html,480575,5b8ca21d116144ec5d4fbd479e8b2bc1369750874ac6b1cf76806595986933b5,2026-09-29
CZ,holdings,breeder_documents,https://www.zakonyprolidi.cz/cs/2000-301,200,text/html,227369,ece2950f0b32681b105cddd74fea6d76313eaa76cb05cee88a32faf9261a9388,2026-09-29
CZ,holdings,business_registry,https://www.zakonyprolidi.cz/cs/2013-304,200,text/html,233571,5f31a9773d4107bb12e9987c3a13c5fda0ece40a0da93c57d8b9f033f8186cd1,2026-09-29
CZ,holdings,central_bank,https://www.cnb.cz/cs/platebni-styk/certis/popis-systemu-certis/,200,text/html,80397,f98c87e004c447cd14e82680d867e8ee74af5230886431a8603502104cc73723,2026-09-29
CZ,holdings,central_bank,https://www.zakonyprolidi.cz/cs/1993-6,200,text/html,185536,c2d665eb38baad783a882f5f6beb9e401e88d438eef556f035b2803476e5c457,2026-09-29
CZ,holdings,civil_registry,https://www.dia.gov.cz/cs/nase-cinnosti/na-cem-to-bezi/registr-obyvatel,403,text/html,0,,2026-09-29
CZ,holdings,civil_registry,https://www.zakonyprolidi.cz/cs/2000-133,200,text/html,192207,1631facd397374c28b717ce7e80bfc2937090ecd1219e6d6522fd126e7d335bb,2026-09-29
CZ,holdings,civil_registry,https://www.zakonyprolidi.cz/cs/2009-111,200,text/html,284430,86abb2e8f37109d8f5dfe95e0e06ba505637e246a3265619e2b22f8bc9784527,2026-09-29
CZ,holdings,crisis_management,https://www.zakonyprolidi.cz/cs/2000-240,200,text/html,163655,1c902070b0009f00eeab8ac4e928f1243a000ff34f2ec2b1b5955e00abba14f1,2026-09-29
CZ,holdings,customs,https://celnisprava.gov.cz/cz/crhradeckralove/tiskove-zpravy/2010/Stranky/e-dovoz.aspx,200,text/html,145153,4dd03568c502753b7aecfc0ed3140ab5da4ceae5c50e0f6c09d5196bca35fa20,2026-09-29
CZ,holdings,customs,https://www.zakonyprolidi.cz/cs/2012-17,200,text/html,244170,bbfb694b093f3b6b8e3494e2fc2bd49ae36b6364e1f03285c975d3ca23af33eb,2026-09-29
CZ,holdings,customs,https://www.zakonyprolidi.cz/cs/2016-242,200,text/html,140726,3cd41075e0e102cc97a405cea1d188c496885072de9bce6a3514f10ac1330a1d,2026-09-29
CZ,holdings,digital_identity_credentials,https://mv.gov.cz/clanek/pocet-elektronickych-identit-obcanu-prekonal-hranici-10-milionu.aspx,200,text/html,40628,cb52834802cb11df5c7b91cc66bb2c1e1d248b8dcda1033d9a20a4d6074419f0,2026-09-29
CZ,holdings,digital_identity_credentials,https://www.dia.gov.cz/media/3376/download/2026%20fact%20sheet.pdf?v=1,403,text/html,0,,2026-09-29
CZ,holdings,digital_identity_credentials,https://www.zakonyprolidi.cz/cs/2017-250,200,text/html,85929,f4eb0ac71f0258784851c9794840d1e08b8295714dccdcf7345e9b2201030cc0,2026-09-29
CZ,holdings,education,https://www.zakonyprolidi.cz/cs/1998-111,200,text/html,631885,8bcb373246973a7a89700c2f1dd79a05a54a8a174529030ef462dd7e72262b57,2026-09-29
CZ,holdings,electoral_roll,https://www.zakonyprolidi.cz/cs/2024-88,200,text/html,249106,1592a43908148e84e37e55befd573a8fc37d130332e4faa9e62ce7519026d546,2026-09-29
CZ,holdings,emergency_communications,https://hzscr.gov.cz/clanek/hzs-jihoceskeho-kraje-menu-informacni-servis-zpravodajstvi-2026-unor-tisnova-linka-112-funguje-uz-22-let.aspx,200,text/html,42732,6597ffbfb405eb3aa484a37f0a026f7f480a390e647aff8a4396f56b814ae28d,2026-09-29
CZ,holdings,emergency_communications,https://hzscr.gov.cz/clanek/tisnova-linka-112-ma-svuj-den,200,text/html,54712,ba94096c00913d99d1f727fa2cc308dee03a9ea4ee1ca3bd8591d72d96a5d788,2026-09-29
CZ,holdings,emergency_communications,https://www.zakonyprolidi.cz/cs/2000-239,200,text/html,146563,a16f5647b2ab55ee880cd286f6db20b56bbbd5283f0195530067ed058495a37f,2026-09-29
CZ,holdings,facial_biometric,https://www.zakonyprolidi.cz/cs/1999-329,200,text/html,164955,e596b2a034011f04df97180d4c7035a3fdf6e0b68ad5131fecf36d02c0269b62,2026-09-29
CZ,holdings,facial_biometric,https://www.zakonyprolidi.cz/cs/2021-269,200,text/html,171432,5871c2a3c3d0e5f236525f9021ca3b41dcf4f515e7ef6413432c0f82a33a5c2b,2026-09-29
CZ,holdings,firearms_register,https://www.zakonyprolidi.cz/cs/2024-90,200,text/html,382454,6d8ad75b2fee264be542af34433c3817107e2d336d07f42e188a872316e75ebd,2026-09-29
CZ,holdings,government_payroll,https://www.zakonyprolidi.cz/cs/2014-234,200,text/html,504414,98f84038479a3475577829b5b1147388d832d2803023b50aa2cc3e85e9511a3d,2026-09-29
CZ,holdings,grid_control,https://www.ceps.cz/cs/dispecerske-rizeni,robots-denied,,0,,2026-09-29
CZ,holdings,grid_control,https://www.zakonyprolidi.cz/cs/2000-458,200,text/html,1338677,05c1ccc47ad0a9029810aa1a507c60f121c2c67f1ba24c8504358610dc082571,2026-09-29
CZ,holdings,health_insurance,https://www.zakonyprolidi.cz/cs/1992-592,200,text/html,248043,bf8691a34509e1012f7ea96983b8d5301e71f2ef326e4076b8d0ff1cf7cb28f6,2026-09-29
CZ,holdings,health_records,https://www.zakonyprolidi.cz/cs/2007-378,200,text/html,1079271,56c832008e8c3afa7799b416a5e725299738150b61ef43aa8d9f536fbdabcd18,2026-09-29
CZ,holdings,indicator:C1,https://web.archive.org/web/20260514094405/https://www.spcss.cz/,200,text/html,82805,000facbb9b79938cb3ce12d099ec6f84d8c22827f649f403aceb1e6641bc94e2,2026-09-29
CZ,holdings,indicator:C2,https://dia.gov.cz/cs/nase-cinnosti/na-cem-pracujeme/egovernment-cloud/aktuality/archiv,403,text/html,0,,2026-09-29
CZ,holdings,indicator:K1,https://sssvd.gov.cz/,200,text/html,13442,650484e1014748222a7b62ca93aed23abc1fb1d38087397fcb12efdd84a720e4,2026-09-29
CZ,holdings,indicator:K1,https://www.zakonyprolidi.cz/cs/2016-297,200,text/html,93307,64df2642775136870f849874a9a4977482b2ee0a2686989769601b3cca71e224,2026-09-29
CZ,holdings,indicator:K2,https://info.identitaobcana.cz/,200,text/html,73036,a028cdf850b4cb3b47f364d1abd9c90623b8e971eb0bdbd868c9db3e42b129dd,2026-09-29
CZ,holdings,indicator:K2,https://www.zakonyprolidi.cz/cs/2017-250,200,text/html,85929,c76e20bd524f168c9dfd084c12a09693567ef375741b9d3b7529337991953664,2026-09-29
CZ,holdings,indicator:L1,https://www.zakonyprolidi.cz/cs/2000-365,200,text/html,211659,8d9bdea9e8b005b3d53673b979388a4d687cd9744dd36981cbb7a444fffdd585,2026-09-29
CZ,holdings,indicator:L1,https://www.zakonyprolidi.cz/cs/2025-505,200,text/html,193063,65a01c39bd8043c9e5052a2f8e215d06a6be06281e9daa4eae8b5c93ae7563eb,2026-09-29
CZ,holdings,indicator:L2,https://www.zakonyprolidi.cz/cs/2005-412,200,text/html,521064,31c5ea89c2c51f949fd122e6900bc17b62b776368d5c3ed41376984fe315f686,2026-09-29
CZ,holdings,intelligence,https://www.zakonyprolidi.cz/cs/1994-153,200,text/html,107210,d5ab75dcf132a9956d9c9f8bb6c4a6178aab4e9a9afc8b9d1a413669e5d92f30,2026-09-29
CZ,holdings,judicial_criminal,https://www.zakonyprolidi.cz/cs/1994-269,200,text/html,123677,90c2937a6ed7e4390ee1b008912a9737fadac7215c01f37ffc3d23307f887c85,2026-09-29
CZ,holdings,land_property,https://cuzk.gov.cz/getattachment/f9eb09fe-b4e4-4fae-9a5a-57af8e46edeb/Vyrocni-zprava-2025_final.pdf.aspx,200,application/pdf,7493891,ac8ea3c1d2718ce93167c5b77aa3b057de3345bea9dc3ad5b6b5c6e09bfc676f,2026-09-29
CZ,holdings,land_property,https://www.zakonyprolidi.cz/cs/1992-359,200,text/html,75269,2004aa6fa4dcf9e85211f1c531959c3cbac5e5839e424f895020a15a37ceaac7,2026-09-29
CZ,holdings,land_property,https://www.zakonyprolidi.cz/cs/2013-256,200,text/html,156649,7e866e191d1fa9017d32752ecc958c981437407d01ed66e9759ddd94a401c06d,2026-09-29
CZ,holdings,national_archives,https://www.nacr.cz/wp-content/uploads/2026/02/Vyrocni_zpravy_o_cinnosti_archivu-NA-2025.pdf,200,application/pdf,1131108,064dad75f86ad12ae019889bdc928e92e0f5b53276ea2e8080697c449f04aa0a,2026-09-29
CZ,holdings,national_archives,https://www.zakonyprolidi.cz/cs/2004-499,200,text/html,359207,68594a11fc604f017325ad0438c99c432623acc3435d3e9feab1c92ec781b806,2026-09-29
CZ,holdings,official_gazette,https://www.zakonyprolidi.cz/cs/2016-222,200,text/html,121357,cbcf90d9c1a34842271a821da917dd3fc83f29f57059beb06c670e530d324e7e,2026-09-29
CZ,holdings,police_records,https://www.zakonyprolidi.cz/cs/2008-273,200,text/html,307617,7f00fd17698cf4732b216de1d1925a5c2d933c1f49cecff7453569d36c0879d2,2026-09-29
CZ,holdings,public_finance,https://mf.gov.cz/cs/ministerstvo/zakladni-informace/primo-rizene-organizace,200,text/html,178364,155680112cf41ec1e8548f6ac4f20ae8fe1b27b47409ad9b1e02cc3d2cce860c,2026-09-29
CZ,holdings,public_finance,https://www.mfcr.cz/cs/legislativa/materialy-na-jednani-vlady/1-ctvrtleti-21/materialy-na-jednani-vlady-dne-8-brezna-41198,200,text/html,183465,882b52e3da2ae58b7031c1031e6e573f43bf3127ff3650d0df20b617dfeeac65,2026-09-29
CZ,holdings,public_health_surveillance,https://www.zakonyprolidi.cz/cs/2000-258,200,text/html,666306,75375586d8d72ac431632b3386ddc116749b5a8a0e73e0eda98d2299191e3196,2026-09-29
CZ,holdings,residence_permits,https://www.zakonyprolidi.cz/cs/1999-326,200,text/html,1094075,13a053fcc2556a6a7d0321518696659d0f19b7f27a037075c83aea1785ab6990,2026-09-29
CZ,holdings,statistics_microdata,https://www.zakonyprolidi.cz/cs/1995-89,200,text/html,157370,6b8287bfa01b4641e117ec971318b63f409d1e330cb5d02d871a3eb803c46d92,2026-09-29
CZ,holdings,tax,https://financnisprava.gov.cz/assets/cs/prilohy/fs-financni-sprava-cr/OR_FS_UZ_D4.pdf,200,application/pdf,1378213,f486fe8aec13bede3fdb0d4842eb957ea242a179bfbe48f6a55ae12313ff52c3,2026-09-29
CZ,holdings,tax,https://www.zakonyprolidi.cz/cs/2009-280,200,text/html,567352,f448dc75e45a739d032559117bcc4e547c3006de326af75c1caee80665a23d8f,2026-09-29
CZ,holdings,trust_services_pki,https://www.zakonyprolidi.cz/cs/2016-297,200,text/html,93307,758ef5decde63687fe3f32742278395d8572e104ced4fdf3ea3242a58143ef3a,2026-09-29
CZ,holdings,vehicle_licensing,https://www.zakonyprolidi.cz/cs/2000-361,200,text/html,649950,dd5cd6b17f59818c3b0ff41bd1a3937ad25110c56e4305459ef5f48e675e3a78,2026-09-29
CZ,holdings,vehicle_licensing,https://www.zakonyprolidi.cz/cs/2001-56,200,text/html,476303,c78502fe1a32e41998dffd4e4b611356841b7d29f2a6ea0fa801565eca8b666f,2026-09-29
CZ,holdings,water_control,https://www.zakonyprolidi.cz/cs/2001-254,200,text/html,649236,ad284a2c4aeb0bf0625b167c26fa257fa13c5504b793a7bdf4bd571091a8f63a,2026-09-29
CZ,legal,gazette,https://www.e-sbirka.cz/,200,text/html,1040,8b157d1faac30b2497b4b033caf0d3653a0def68ac1f008f6eead15c4e5857e4,2026-09-11
DE,holdings,beneficial_ownership,https://www.gesetze-im-internet.de/gwg_2017/__18.html,200,text/html,6478,7f75f2f2972384614d6b8008c74a02793791513051638fb727b836042b2c498a,2026-09-29
DE,holdings,beneficial_ownership,https://www.gesetze-im-internet.de/tbelv/__1.html,200,text/html,3821,53676a52c7187f19d9f10c87850427874c19b890773a6df2d16c90a495b5f6fa,2026-09-29
DE,holdings,benefits_pensions,https://www.gesetze-im-internet.de/sgb_6/__145.html,200,text/html,5288,bd57b1aa31c95b846e8b567d7393ec7717ab3006206534609c857971d587f5b8,2026-09-29
DE,holdings,benefits_pensions,https://www.gesetze-im-internet.de/sgb_6/__149.html,200,text/html,7880,f683a7b752754ae451b17eb709d782b4ca5afe608759251359976b0b80b713a6,2026-09-29
DE,holdings,border_control,https://www.gesetze-im-internet.de/bkag_2018/__3.html,200,text/html,10081,8a0a0c2b613563f94569dc60d1752cd2a7918aa72c95955fcd768aaddcdf7169,2026-09-29
DE,holdings,border_control,https://www.gesetze-im-internet.de/vwdg/__1.html,200,text/html,4640,e1646b91917067f8ea1b4b108dba9c9fac15b8283ba029cdc1e8b1b970b67be9,2026-09-29
DE,holdings,breeder_documents,https://www.gesetze-im-internet.de/pstg/__6.html,200,text/html,3479,f529c47c73b866105159fdd0db60852f57eaf83530f61e119d13013823feedf9,2026-09-29
DE,holdings,business_registry,https://www.gesetze-im-internet.de/hgb/__8.html,200,text/html,3584,cf624105a2662ebf2d7c48fe57f40e84d6a6118485f88a50d654266150f32503,2026-09-29
DE,holdings,business_registry,https://www.gesetze-im-internet.de/hgb/__8b.html,200,text/html,11811,91d69f569590877c96e968ec7fe3130267d13685d0f77df71b9002984d611219,2026-09-29
DE,holdings,central_bank,https://www.gesetze-im-internet.de/bbankg/__3.html,200,text/html,4004,1a252a86772ac17cbeafa07c0fc9b7ff6008fc88b906cf966d454308221ee7a9,2026-09-29
DE,holdings,civil_registry,https://www.gesetze-im-internet.de/ao_1977/__139b.html,200,text/html,21244,600db78f9ff553e15a0d3e75809dbdd694792b40010945fbdbd7323f1bad1d3a,2026-09-29
DE,holdings,civil_registry,https://www.gesetze-im-internet.de/bmg/__2.html,200,text/html,4474,243da183cfd5e209e97ae25785580dd2151a9c28381a0b3c0d12dc1e9ef08d1c,2026-09-29
DE,holdings,civil_registry,https://www.gesetze-im-internet.de/idnrg/__1.html,200,text/html,4124,9b028d43548b0d2b41972c8e405dd89f49e7750f644922c0283dfbdfd084c5a8,2026-09-29
DE,holdings,civil_registry,https://www.gesetze-im-internet.de/pstg/__3.html,200,text/html,5468,b5f7313c858202dbb46066bb6c880d2a4f5ac4c6c20e9d26057057b291548b22,2026-09-29
DE,holdings,crisis_management,https://www.bbk.bund.de/DE/Warnung-Vorsorge/Warnung-in-Deutschland/MoWaS/mowas_node.html,200,text/html,134004,5a8abbcb59bb1c7ad43dec073ec0b7edc98b33c58c8653eabd23131513dcbc58,2026-09-29
DE,holdings,crisis_management,https://www.gesetze-im-internet.de/zsg/__6.html,200,text/html,4394,0c74245ca2931f799b063ef9da3d7d138771014091bc961bd700c27d715b6518,2026-09-29
DE,holdings,customs,https://www.zoll.de/DE/Fachthemen/Zoelle/ATLAS/atlas_node.html,200,text/html,121591,16a81c2cdad94a2cae9921576b481c0b9761a44a8d73cfb7d8ab25373a74531e,2026-09-29
DE,holdings,digital_identity_credentials,https://ozg.brandenburg.de/ozg/de/it-infrastrukturen/it-basiskomponenten/bundid-nutzerkonto-deutschlandid/,200,text/html,84726,749824054fdb4054c6385d44ca3f126dd19bb6add33855ef0a256dbd67457664,2026-09-29
DE,holdings,digital_identity_credentials,https://www.gesetze-im-internet.de/ozg/__3.html,200,text/html,7161,be25f8307e42869129b55843615b12ede162fab218515daf154efbc6b989f445,2026-09-29
DE,holdings,digital_identity_credentials,https://www.gesetze-im-internet.de/pauswg/__18.html,200,text/html,9512,cc63589ea51eb8c73d07a07424af22adeb6278b7030cc818685a49f34e515ff8,2026-09-29
DE,holdings,electoral_management,https://www.gesetze-im-internet.de/bwahlg/__9.html,200,text/html,6603,22f5da301b43c1fd6332d370ca00fe9b7bd7e3d690f13181f480b6184f4c0f2e,2026-09-29
DE,holdings,electoral_roll,https://www.bundeswahlleiterin.de/info/presse/mitteilungen/bundestagswahl-2025/05_25_wahlbenachrichtigung.html,200,text/html,22158,5b92b2162aad70fb16afed9861c9b705026e6b1483efbf6ddcb544152460f2d0,2026-09-29
DE,holdings,electoral_roll,https://www.gesetze-im-internet.de/bwo_1985/__14.html,200,text/html,4471,76a424582211e2f0e314058c6721b79af66a5945f49e86092e2c1a6c7b5047e7,2026-09-29
DE,holdings,emergency_communications,https://www.gesetze-im-internet.de/bdbosg/__1.html,200,text/html,4310,e3ac35f00c6b6031d30263107b5e430219f39c7e6731adc2cc48a0bf23ad12d1,2026-09-29
DE,holdings,extra:bank_account_register,https://www.gesetze-im-internet.de/ao_1977/__93b.html,200,text/html,5125,f438ae279e892a783f44f845e4604d563e375a95b511b9c1cc5c4dc5db8bcd8e,2026-09-29
DE,holdings,extra:bank_account_register,https://www.gesetze-im-internet.de/kredwg/__24c.html,200,text/html,16609,44031b17cf4f08e3d8e925ea2be2a76182454c19c8cdd598f9a3ce7791271b34,2026-09-29
DE,holdings,extra:notarial_deeds_archive,https://www.gesetze-im-internet.de/bnoto/__78h.html,200,text/html,5777,7bcec51b269cb5ac8eeb08d3ecebaee506c0ec44c989ca26c637c873058596b6,2026-09-29
DE,holdings,extra:succession_register,https://www.gesetze-im-internet.de/bnoto/__78c.html,200,text/html,5831,a7ad48bcb84dd33c21ba49ce6afd31dc13d3032a5719c6a047c0db1aebfcab31,2026-09-29
DE,holdings,facial_biometric,https://www.gesetze-im-internet.de/pa_g_1986/__21.html,200,text/html,8583,5f9b5290155c29b8216b10aac5d51afeaffd2d9d58eb36dd80d2d0cad7ddcf1c,2026-09-29
DE,holdings,facial_biometric,https://www.gesetze-im-internet.de/pauswg/__23.html,200,text/html,8367,4da12965657596dd1926d7d818b320dcfaa5792a084f291b4120c2b473a5212e,2026-09-29
DE,holdings,facial_biometric,https://www.gesetze-im-internet.de/pauswg/__26.html,200,text/html,4905,d15addc566d41edb7aa16d2cf8f4ed57c6d92fab3e50ca00cc4efbdf14bbaaad,2026-09-29
DE,holdings,fingerprint_biometric,https://www.gesetze-im-internet.de/pauswg/__5.html,200,text/html,13067,731387075b6178d21161b3f9f2eb5978843429e419e8f8ec54d5b4cdff91ecb7,2026-09-29
DE,holdings,firearms_register,https://www.gesetze-im-internet.de/waffrg/__1.html,200,text/html,4455,0075c08a5e65b3945284169ab7064be74690d03a11bff2dad0d83fa4cd68b5bd,2026-09-29
DE,holdings,firearms_register,https://www.gesetze-im-internet.de/waffrg/__3.html,200,text/html,3710,db3a2e282fde0ebfb78984c2b2a2bba0ccf5787ea360c8aab821ac30155fb8ae,2026-09-29
DE,holdings,geospatial,https://www.gesetze-im-internet.de/bgeorg/__3.html,200,text/html,6623,b1405530e1d7f408ce40fa25182678d7162c7dda375110979e800d42b061e3d4,2026-09-29
DE,holdings,government_payroll,https://www.bva.bund.de/DE/Services/Bundesbedienstete/Arbeit-Beruf/Besoldung/besoldung_node.html,200,text/html,43781,5a711e20416da65bab2ec4eb3ca6a1c94864f8d638964c09548e62b4cd96c600,2026-09-29
DE,holdings,government_payroll,https://www.gesetze-im-internet.de/bbg_2009/__106.html,200,text/html,6643,2722a6194ec4daace81bbce6ddd73b12cffd3de5f5e9420f28d1e06ee136f0fa,2026-09-29
DE,holdings,grid_control,https://www.gesetze-im-internet.de/enwg_2005/__12.html,200,text/html,25701,ea89aed2974e3f26db9f1119daa993f05b456736f562fc066c2360331759ba4b,2026-09-29
DE,holdings,grid_control,https://www.netztransparenz.de/,200,text/html,174664,050ddc907c62eaa632455dcbb6bbd42523bb86a5d86c5629311c2b4c0c79e849,2026-09-29
DE,holdings,health_insurance,https://www.gesetze-im-internet.de/sgb_5/__284.html,200,text/html,11486,e70c051ca5fe2fd5a251be6be2d02f83c79d8ff5d63dfd36d7b65ec8929fc87d,2026-09-29
DE,holdings,health_records,https://www.gematik.de/anwendungen/epa-fuer-alle/faq,200,text/html,194566,15225bceffed40d0bf6962689ddc3252d5031bbb5c6e1f9a76c7aad03ac564d4,2026-09-29
DE,holdings,health_records,https://www.gesetze-im-internet.de/sgb_5/__341.html,200,text/html,14606,906435c82a9e327d3625ea0d4838727c74ea377c6256b24f8c8a2976dee78b50,2026-09-29
DE,holdings,indicator:C1,https://www.itzbund.de/DE/dasitzbund/ueber-uns/ueber-uns.html,200,text/html,172103,b7f5ea000bbce1bcb0f341678ad0d972546d33a62e599c32e9a7733d2d31a55b,2026-09-29
DE,holdings,indicator:C1,https://www.itzbund.de/DE/leistungsportfolio/hostingundbetrieb/hostingundbetrieb.html,200,text/html,151605,8efd08ff5f3fd4715ffa7bbf7f5727405a4e6200d588befe438472d132dba993,2026-09-29
DE,holdings,indicator:C2,https://www.itzbund.de/DE/itloesungen/egovernment/bundescloud/bundescloud.html,200,text/html,166491,675ee748c6ddd72a0026f2f082285a503d62e63586e88727a5c868c51a61b1cd,2026-09-29
DE,holdings,indicator:K1,https://www.bsi.bund.de/DE/Themen/Oeffentliche-Verwaltung/Moderner-Staat/Verwaltungs-PKI/verwaltungs-pki_node.html,200,text/html,68433,2e288196d6ab6e31450ec7ede388ec93c450df72857f3836965aca37a41051a2,2026-09-29
DE,holdings,indicator:K1,https://www.d-trust.net/de/ueber-uns,200,text/html,102727,af6ec3445bf41ee15986aed3b779687ed14ad76dd90424d8391b564aa6401e08,2026-09-29
DE,holdings,indicator:K2,https://id.bund.de/de,200,text/html,10317,2f4590f7e89b6665ac73b3d3c0f6f12bda1f9b03656fb95e2d5fcd853d696be6,2026-09-29
DE,holdings,indicator:K2,https://www.bundesdruckerei.de/de/konzern,200,text/html,95387,6287971476accebc4efd0a023dd737d16f50b626feee4b1c036b1665ee219b13,2026-09-29
DE,holdings,indicator:K2,https://www.gesetze-im-internet.de/pauswg/__4.html,200,text/html,4817,98953671f68d32ce151b054879ce2a6867bdccf29ba6cc92bba5b06e631916f3,2026-09-29
DE,holdings,indicator:L1,https://www.bsi.bund.de/SharedDocs/Downloads/DE/BSI/Mindeststandards/Mindeststandard_Nutzung_externer_Cloud-Dienste_Version_2_1.pdf?__blob=publicationFile&v=4,200,application/pdf,373380,5665e22bd1feac42cbcfc69898ae78c2971a8810beca5b14639b1910297d5a2d,2026-09-29
DE,holdings,indicator:L1,https://www.verwaltungsvorschriften-im-internet.de/bsvwvbund_13032023_SII554001405.htm,200,text/html,153399,afc7c4c606be2c0e6ab71d41d8da3a6afa9fb0e483d13c72b1b8da6ec3ba0894,2026-09-29
DE,holdings,indicator:L2,https://www.gesetze-im-internet.de/s_g/__4.html,200,text/html,10326,38468296a4e876fe3afc9b72c977ecb59a340118b87cd65bca1f69a17cda6325,2026-09-29
DE,holdings,indicator:L3,https://www.bsi.bund.de/DE/Themen/Unternehmen-und-Organisationen/Informationen-und-Empfehlungen/Empfehlungen-nach-Angriffszielen/Cloud-Computing/C3A/C3A_node.html,200,text/html,72554,7acfdc4962b92be74db0736a3397f6c070a99a6aca009a1753b2e5ba5ee76754,2026-09-29
DE,holdings,indicator:L3,https://www.bsi.bund.de/SharedDocs/Downloads/EN/BSI/Publications/CloudComputing/C3A_Cloud_Computing_Autonomy.pdf?__blob=publicationFile,200,application/pdf,616108,d985b4e7a9969aefda5882a02eeaf4fd97636b2a3ae30f868b25c01a5dcffe2d,2026-09-29
DE,holdings,intelligence,https://www.gesetze-im-internet.de/bndg/__1.html,200,text/html,4305,f37b0f6586238d6d58961e5b9401f9b31fe80018f4feb6167365a5202467d891,2026-09-29
DE,holdings,intelligence,https://www.gesetze-im-internet.de/bverfschg/__6.html,200,text/html,6751,8c0fca5329d5b7bdc69ea2aa69fc104f11351e76e122d27fb3a7d8780823192c,2026-09-29
DE,holdings,judicial_criminal,https://www.gesetze-im-internet.de/bzrg/__1.html,200,text/html,3699,4095fc9b95a0880eec45e688b06dbd1abe4bdc4d32b2f719dcc84ba8dfea7402,2026-09-29
DE,holdings,land_property,https://www.gesetze-im-internet.de/gbo/__1.html,200,text/html,4946,ab3e529dc7c7ae35c6bdd90759e7226a1467fb3aafbfe083a5f0d7a1f8e77571,2026-09-29
DE,holdings,land_property,https://www.gesetze-im-internet.de/gbo/__126.html,200,text/html,5879,21b9443cd5c7fa06b5e0b37a739a86c57e5c21c8f40aa728107d76b0d70aa28e,2026-09-29
DE,holdings,national_archives,https://www.bundesarchiv.de/unterlagen-abgeben/behoerdenberatung-zu-schriftgut-und-informationsverwaltung/nutzung-des-digitalen-zwischenarchivs-dzab/,200,text/html,104959,dcd4093d65bfc846a1570ca69d3995c84162689fba1dc13a8d75cb8d670c2168,2026-09-29
DE,holdings,national_archives,https://www.gesetze-im-internet.de/barchg_2017/__3.html,200,text/html,7490,bd12206ea82a7e2389630e1ec19147a2bcbb553973fb9755ed6ac69540f7699b,2026-09-29
DE,holdings,official_gazette,https://www.gesetze-im-internet.de/vkbkmg/__1.html,200,text/html,4511,12336027830e2e680e4151a679df15f4d7116a21c70c1a07fb2371ccd024c64a,2026-09-29
DE,holdings,official_gazette,https://www.gesetze-im-internet.de/vkbkmg/__7.html,200,text/html,4521,b8e5dc904b0e1b95e40e75848505a38de578ad78fc9cb625deb62bd7b27e9bd9,2026-09-29
DE,holdings,official_gazette,https://www.recht.bund.de/de/serviceseiten/impressum/impressum_node.html,robots-denied,,0,,2026-09-29
DE,holdings,police_records,https://www.gesetze-im-internet.de/bkag_2018/__13.html,200,text/html,4961,4a0d200ef5befb61bca24e5965763bcc0098b6504b736efc7dae14c10b2243a5,2026-09-29
DE,holdings,police_records,https://www.gesetze-im-internet.de/bkag_2018/__29.html,200,text/html,10412,667c01da8df39b953cdee190e3a11c9b5ce80e1a440239fd1331e39c9345d1aa,2026-09-29
DE,holdings,public_finance,https://www.gesetze-im-internet.de/bho/__79.html,200,text/html,5046,b4e74b98f5ff91630d598f836f23879389f97049aced73b959838e31dd961c62,2026-09-29
DE,holdings,public_health_surveillance,https://www.gesetze-im-internet.de/ifsg/__14.html,200,text/html,14441,1d59aa757d442eae3bc7eb43f558b178cd6e2ef621f1f55b51074ace45fd55e8,2026-09-29
DE,holdings,residence_permits,https://www.gesetze-im-internet.de/azrg/__1.html,200,text/html,4849,ba492b8c7f06cb8952327298a0df94ee3c7766d946fd7444051a1ef3ce36b958,2026-09-29
DE,holdings,statistics_microdata,https://www.gesetze-im-internet.de/bstatg_1987/__16.html,200,text/html,11142,8084cc63508fc4e06f6722b2930789c7e76015790d91a14d0806a5f854c33cdc,2026-09-29
DE,holdings,statistics_microdata,https://www.gesetze-im-internet.de/bstatg_1987/__2.html,200,text/html,4112,09ad0a5a4d7bac108a4cd2c7351d38565c6e92e8bd554b08543b571d7e86d5e6,2026-09-29
DE,holdings,tax,https://www.gesetze-im-internet.de/konsens-g/__1.html,200,text/html,4069,1af986bd670ba1067487d1104b2114a0e3a04b58c80e268f2a033f8fda72d1d8,2026-09-29
DE,holdings,trust_services_pki,https://www.bsi.bund.de/DE/Themen/Oeffentliche-Verwaltung/Elektronische-Identitaeten/Public-Key-Infrastrukturen/public-key-infrastrukturen_node.html,200,text/html,66487,a19d22e0ede0d671c55023fb6075a7e453f72f7481e61b912d3cd33a76e63e86,2026-09-29
DE,holdings,trust_services_pki,https://www.bsi.bund.de/DE/Themen/Oeffentliche-Verwaltung/Moderner-Staat/Verwaltungs-PKI/verwaltungs-pki_node.html,200,text/html,68433,4981c0e9e867704a95b59b0118cd3d4065fab029b7789cc5527bdc41c6193d42,2026-09-29
DE,holdings,trust_services_pki,https://www.gesetze-im-internet.de/vdg/__2.html,200,text/html,6019,5493bb554cf59b02e0440a1fc505da1ff321c05b20d91bb33dd92041e3de5471,2026-09-29
DE,holdings,vehicle_licensing,https://www.gesetze-im-internet.de/stvg/__31.html,200,text/html,4452,fadb5337fd75ed0aba4bbf15eb3b66d2bda010ccaea4725de8536dee5d44d42d,2026-09-29
DE,holdings,vehicle_licensing,https://www.gesetze-im-internet.de/stvg/__48.html,200,text/html,6160,690077e9ad06df69a1a7a00b3921ea76a00f0b6a685a7f4b876094f12ff72dd4,2026-09-29
DE,holdings,vehicle_licensing,https://www.kba.de/DE/Statistik/Kraftfahrer/Fahrerlaubnisse/Fahrerlaubnisbestand/fahrerlaubnisbestand_node.html,200,text/html,318203,a8d8ad92d5643679662ad17f3659fcb7e1de17078538966b0d6e191850d0b603,2026-09-29
DE,legal,gazette,https://www.gesetze-im-internet.de/,200,text/html,9439,179633e8e7a1c1be4233f9bf06ddd29068a6419a6b086d27e8be2ac240dac3ad,2026-09-11
DK,holdings,authentication_audit_log,https://digst.dk/nyheder/nyhedsarkiv/2026/januar/drift-af-nemlog-in-sendes-i-udbud/,200,text/html,80010,adef8a7a45ea6e08c74eceb8cd179c4e8a7292c1eb6bc057b4943ef58c7944a8,2026-09-29
DK,holdings,beneficial_ownership,https://www.retsinformation.dk/eli/lta/2025/331/xml,200,application/xml,1194128,a038c91340eaf0979c09fdd038e5993863ea5b00e183acb0aa00277ff9e1a100,2026-09-29
DK,holdings,benefits_pensions,https://www.atp.dk/vores-opgaver,200,text/html,31737,228ad9c604c199fc9608bbfa8b621fa87ca47d68727a8957826f0d99a5fc6bab,2026-09-29
DK,holdings,benefits_pensions,https://www.retsinformation.dk/eli/lta/2016/1506/xml,200,application/xml,33365,e798f9f06ffceff737e270b5b5dc119d45630144dc4ae39f7d6c79780d5f1e94,2026-09-29
DK,holdings,benefits_pensions,https://www.retsinformation.dk/eli/lta/2024/1034/xml,200,application/xml,265614,a320c4f73f642ea77a701a7beebf3d874ac339f40cba7e869ef8a8e56c51d0d5,2026-09-29
DK,holdings,border_control,https://www.retsinformation.dk/eli/lta/2021/721/xml,200,application/xml,40796,ab312498cb30e04838f419f7fe2e4848d2d4f91c8d7069a7252fa6e3c35aacdb,2026-09-29
DK,holdings,breeder_documents,https://www.retsinformation.dk/eli/retsinfo/2021/9447/xml,200,application/xml,35496,63498c2597a27805d43d79c050dedb5e318ed2acfa75846a05dd4cf33729da7c,2026-09-29
DK,holdings,business_registry,https://www.retsinformation.dk/eli/lta/2026/246/xml,200,application/xml,69541,1b157eebad51b0fc9f57d8e41133eae5522028c183cbfa5d2007e76653aa3390,2026-09-29
DK,holdings,central_bank,https://www.nationalbanken.dk/da/viden-og-nyheder/publikationer-og-taler/rapport/2026/overvaagning-af-den-finansielle-infrastruktur-2025,200,text/html,238451,2ace205c99ff138a9c969be65f76c9348501dbe2c231f1cb12691e23be2e4ee4,2026-09-29
DK,holdings,civil_registry,https://www.cpr.dk/,200,text/html,70695,642e0c5770cb4b146993eb40b0b414820ac11001b04ab9a294a18c530a4e7a49,2026-09-29
DK,holdings,civil_registry,https://www.cpr.dk/cpr-nyt/nyhedsarkiv/2022/sep/ny-kontrakt-om-cpr-opgaven,200,text/html,38253,f9cd60cb16908f00b23b41a49b1726214f284a47a295e259d67622006d61a609,2026-09-29
DK,holdings,civil_registry,https://www.cpr.dk/om-cpr-kontoret,200,text/html,29975,894877ba9c6dfe50f280a955ba59da163ddde843a16970e83a6b65469d87f792,2026-09-29
DK,holdings,civil_registry,https://www.retsinformation.dk/eli/lta/2023/1010/xml,200,application/xml,222316,002ea9211948a102081c9402ffec0ec795fa212182cc1bb4505a88ad82367d7c,2026-09-29
DK,holdings,civil_registry,https://www.retsinformation.dk/eli/lta/2025/291/xml,200,application/xml,9651,5ecb54149b3d0ca491e693ea1a49d2a9d962af798d34f7f8ea44b60069021365,2026-09-29
DK,holdings,customs,https://toldst.dk/erhverv/toldsystemer/dms,200,text/html,121512,4fa52822c446a7a88f624509131f57804b5b6bfd52f7d57805013994f6924f13,2026-09-29
DK,holdings,customs,https://toldst.dk/nyheder/nyt-om-told/dms-import-er-nu-i-fuld-drift,200,text/html,85460,5272f559d29dba5073031a5eb131e102c2469518110532244b38bd91e969533f,2026-09-29
DK,holdings,customs,https://www.retsinformation.dk/eli/lta/2022/29/xml,200,application/xml,167254,f356c38e0834a55f45687b4550269ed31ac89326239fc2211315b907ed1ecaae,2026-09-29
DK,holdings,defence_command,https://www.fmi.dk/da/it-og-cyberomraadet/,200,text/html,90596,feb1334753b411ab08e68b84b374972aa0f92feaf2bd9991d9473ed93992cc9b,2026-09-29
DK,holdings,digital_identity_credentials,https://digst.dk/nyheder/nyhedsarkiv/2024/november/mitid-og-nemlog-ins-udviklings-og-driftsleverandoer-faar-ny-ejer/,200,text/html,74603,5f54aeaeea8e2e3c945a26120998b4cacf61497584a374b0482f5c9c5915c9aa,2026-09-29
DK,holdings,digital_identity_credentials,https://digst.dk/tal-og-statistik/,200,text/html,93206,2a2a7f952cb673583596f98492b3d68e93d84b9beb7f89731c9c1bce26c2ffb8,2026-09-29
DK,holdings,digital_identity_credentials,https://www.retsinformation.dk/eli/lta/2025/333/xml,200,application/xml,65976,2323fd3517f75f5761a072c05bbeb20c4ade6ab0b4529406c025dd4c38da9786,2026-09-29
DK,holdings,electoral_management,https://www.dr.dk/nyheder/penge/it-selskabet-kmd-solgt-til-japansk-teknologikoncern,200,text/html,58663,232184e63b2c36cf94d0fb3041c4e4fc74e5a12ccd9f68c7a6ffeacaadc8edeb,2026-09-29
DK,holdings,electoral_management,https://www.dst.dk/da/Statistik/dokumentation/statistikdokumentation/folketingsvalg--folkeafstemninger-og-europa-parlamentsvalg/praecision-og-paalidelighed,200,text/html,45894,db671f6172d63552560b3e33aabc55966fa64752203a900644e833515916422f,2026-09-29
DK,holdings,electoral_roll,https://www.retsinformation.dk/eli/lta/2026/805/xml,200,application/xml,590832,9b1ff8192f8b91da7c21691575567a458be59aada15b66e53c2b031319b25ef6,2026-09-29
DK,holdings,emergency_communications,https://sikkerhedsnet.dk/om-cfb,200,text/html,19801,5d44ea87e12ce0a8317a1f7e7e7ae2765fa655fbeb5d9c61d28da74ea72944f9,2026-09-29
DK,holdings,emergency_communications,https://sikkerhedsnet.dk/om-sine,200,text/html,19018,56473982faf5b1386b028638330b20e13e199d385cad44fa681102d771360f49,2026-09-29
DK,holdings,facial_biometric,https://www.nyidanmark.dk/da/Ord-og-begreber/F%C3%A6lles/Biometri---Opbevaring-af-fingeraftryk-og-ansigtsfoto,200,text/html,25332,eac745cc2d37118610a322ae13091ccf7738da5445f15d7e579f6b26ed50a523,2026-09-29
DK,holdings,facial_biometric,https://www.retsinformation.dk/eli/ft/201012L00202/xml,200,application/xml,67809,b1dd2c18d4468626c27024cc6ea8ada8f7ba356e71af531829617bd70a28fc47,2026-09-29
DK,holdings,facial_biometric,https://www.retsinformation.dk/eli/lta/2025/1183/xml,200,application/xml,1509595,cbf2a3161e1d592e9fb217a085ac5a3626278e384b671344eda4434b1bda8eab,2026-09-29
DK,holdings,fingerprint_biometric,https://www.retsinformation.dk/eli/ft/201012L00202/xml,200,application/xml,67809,b1dd2c18d4468626c27024cc6ea8ada8f7ba356e71af531829617bd70a28fc47,2026-09-29
DK,holdings,firearms_register,https://www.retsinformation.dk/eli/lta/2021/1736/xml,200,application/xml,117934,d9673d8509f2929940c0235cfd1c815d8525bdcd7ca85c2d716bc5e9b7159945,2026-09-29
DK,holdings,geospatial,https://www.retsinformation.dk/eli/lta/2017/136/xml,200,application/xml,68958,608cdd8c5004be70b908ff837b7046e4cf4c31b72a3a2f09464d3aa37b8f2ff0,2026-09-29
DK,holdings,government_payroll,https://oes.dk/digitale-loesninger/statens-loenloesning/,200,text/html,80112,0285bdf60410eceecbf5134eb4d4ace265110cbcaace39568abd963e9149f7cd,2026-09-29
DK,holdings,grid_control,https://www.retsinformation.dk/eli/lta/2023/271/xml,200,application/xml,106408,2875aa1a5c3583c95aff75032b93825f851469af831ac4d75f145a9272aa7c7b,2026-09-29
DK,holdings,health_insurance,https://www.retsinformation.dk/eli/lta/2025/275/xml,200,application/xml,823816,5387281e1c5f74794ba5d82358fc854c635b297c64527cdddeae5125bd461f1b,2026-09-29
DK,holdings,health_insurance,https://www.retsinformation.dk/eli/lta/2025/529/xml,200,application/xml,24995,a64bd05461ca9f952d791a9589597a12f8aec4db12bb446638e97f77eb29b287,2026-09-29
DK,holdings,indicator:C1,https://statens-it.dk/media/0iwny3lc/statens-it-aaarsrapport-2025.pdf,200,application/pdf,860932,4f70bf9838135e45dbafb949499d01cb928ccedd0fc707eaff537afa2e39600b,2026-09-29
DK,holdings,indicator:C1,https://statens-it.dk/om-os/om-statens-it/,200,text/html,50900,2c54ac0547d1c8ea7c6eee32418916e4d98a539da2ae8676f37bc92f24d580ea,2026-09-29
DK,holdings,indicator:K1,https://certifikat.gov.dk/,200,text/html,16992,1962150b813cdccb3cfdc7a40df92454ff54ff1fa388cfacd3558f3ed6b14336,2026-09-29
DK,holdings,indicator:K1,https://www.ca1.gov.dk/,200,text/html,21430,6defc671272b5ab316f5d8dc14cc9413c7e919c538836b2b1a9fdcd6d4937d26,2026-09-29
DK,holdings,indicator:K2,https://digst.dk/it-loesninger/mitid/om-mitid/,200,text/html,91344,cfe3a4800d57aee90f31aef2a5491d1a97d95a6680d7065d77bced9b0e8be266,2026-09-29
DK,holdings,indicator:L1,https://www.retsinformation.dk/eli/retsinfo/2014/10338/xml,200,application/xml,74014,ada7312cfab39b4c43d44ce539c67744dfc712763e0d03b5d1ad8e41c8621329,2026-09-29
DK,holdings,intelligence,https://www.retsinformation.dk/eli/lta/2017/1287/xml,200,application/xml,54051,153520fb551c70685b2603727c3fb252e1d258f982ecbb9a7d0715037f12b110,2026-09-29
DK,holdings,intelligence,https://www.retsinformation.dk/eli/lta/2017/231/xml,200,application/xml,49010,d927b95d8f83a725745d841af061502f5976fab126ba3d5b4e64043e14193b8d,2026-09-29
DK,holdings,issuance_history,https://politi.dk/om-hjemmesiden/politiets-brug-af-personoplysninger,200,text/html,110228,4cfd4950e4e6668e133e3b15a92869bfd087518147a41b80c97acf84e4968ad9,2026-09-29
DK,holdings,issuance_history,https://www.retsinformation.dk/eli/lta/2021/2693/xml,200,application/xml,58679,e646759353c84f43670d398567e91fa5f5518bb27eab9866a0ca3ff67e0b85c9,2026-09-29
DK,holdings,judicial_criminal,https://www.retsinformation.dk/eli/lta/2026/589/xml,200,application/xml,79653,cd2c0f9a7c096ff93267f5774307de401cce1a92f0b2fb57be24fb8b2471a4bb,2026-09-29
DK,holdings,land_property,https://www.retsinformation.dk/eli/lta/2026/285/xml,200,application/xml,223729,b474ff867220a1c34b4cf7be06d6ac5666adc8ec1b7de0bbf7072ab0d103fb73,2026-09-29
DK,holdings,land_property,https://www.rigsrevisionen.dk/revisionssager-arkiv/2010/aug/beretning-om-det-digitale-tinglysningsprojekt,200,text/html,36825,b4280e2ec8182ebd5b6bd044a947ed885c7635c6c2d6af946baf121452bd60d6,2026-09-29
DK,holdings,national_archives,https://www.retsinformation.dk/eli/lta/2016/1201/xml,200,application/xml,90092,f0d2bf05061b9643bc41d00539e2340e311bc6b5662f0a6bc1facc8175b9aead,2026-09-29
DK,holdings,official_gazette,https://www.retsinformation.dk/eli/lta/2016/1098/xml,200,application/xml,12034,88093c7debbe0c119b6c8fb7291397aab554639537cf409a0d4bfdb9e0a2e18c,2026-09-29
DK,holdings,police_records,https://www.retsinformation.dk/eli/lta/2022/873/xml,200,application/xml,26642,a0ed0fe344d5a1563706f8561f87f161b369153f7afb56a515bdbda361ceffcb,2026-09-29
DK,holdings,public_finance,https://oes.dk/digitale-loesninger/navision-stat/,200,text/html,82437,3299449d23a249b8a0a7c4cda7f24852f67dc927c684b9b6f621573a3289e3b8,2026-09-29
DK,holdings,public_finance,https://oes.dk/digitale-loesninger/statens-bevillings-og-regnskabsloesning/,200,text/html,83973,2a715ba9bc7b4f915013672bca30f36bebaaaac79dd6db5a6fceb0a992c64ebf,2026-09-29
DK,holdings,public_finance,https://www.retsinformation.dk/eli/lta/2018/116/xml,200,application/xml,114046,f9533703dd470cf143f82e1169955e2c679c739bedb4e9b144490f12e238533d,2026-09-29
DK,holdings,residence_permits,https://nyidanmark.dk/da/Collaborators/uip,200,text/html,18209,4ee345fa4d51c40fa0df1e09148d312c2cecad2c09176fc7d5a3102a3e3ed84b,2026-09-29
DK,holdings,residence_permits,https://www.dst.dk/da/Statistik/dokumentation/statistikdokumentation/asylansoegninger-og-opholdstilladelser/statistisk-behandling,200,text/html,44810,3f5fbca65e40a84527b4cf730146463680119378c8a266e3a90a36e7a5203d1c,2026-09-29
DK,holdings,residence_permits,https://www.retsinformation.dk/eli/lta/2025/1183/xml,200,application/xml,1509595,cbf2a3161e1d592e9fb217a085ac5a3626278e384b671344eda4434b1bda8eab,2026-09-29
DK,holdings,statistics_microdata,https://www.retsinformation.dk/eli/lta/2018/610/xml,200,application/xml,59673,4cf6ca82f689d2b8f1a9e915416a343ed02bd5dc7c4f356194e42f2ffe09693a,2026-09-29
DK,holdings,tax,https://ufst.dk/om-styrelsen/vores-opgaver/fakta-om-styrelsen,200,text/html,83541,331f31530230963adf91d2326ff2b320509a2db607af9c4ee0d36396a3b8f154,2026-09-29
DK,holdings,tax,https://www.retsinformation.dk/eli/lta/2025/1054/xml,200,application/xml,41054,8ec7d68631c99b4512dccad700927e13c2d326a8266db58d1086743e75a6993e,2026-09-29
DK,holdings,trust_services_pki,https://www.ca1.gov.dk/,200,text/html,21413,7fe4a781e54f22b7946267dbed99f3e7a307d8e635c612a284bb4c7370cf603d,2026-09-29
DK,holdings,trust_services_pki,https://www.ca1.gov.dk/certifikater/,200,text/html,20838,194dc50b48ddcea31ff44259effeb75e6e122a1e8b1a050c1b3d8f2367122887,2026-09-29
DK,holdings,trust_services_pki,https://www.retsinformation.dk/eli/lta/2016/617/xml,200,application/xml,12819,405c48a667a605c99ac94db7b5396f6fe8baeb29e9e9b5033fba3942f981206c,2026-09-29
DK,holdings,vehicle_licensing,https://www.retsinformation.dk/eli/lta/2023/179/xml,200,application/xml,110331,901e8ade920e0eaf64bca2df7f6a1587aa784e729e42d25c3ca17dd91652a222,2026-09-29
DK,holdings,water_control,https://www.retsinformation.dk/eli/lta/2024/1149/xml,200,application/xml,371336,3929992cd4a056c149b93c31eec75ec7b1a49c384e443bce3dee44af81c6600e,2026-09-29
DK,legal,gazette,https://www.retsinformation.dk/,200,text/html,4491,1102a923789263cad7479f6a05a739f303c3d0672492b7cdc0c5275a85040f61,2026-09-11
EE,holdings,beneficial_ownership,https://web.archive.org/web/20250419091429/https://www.riigiteataja.ee/akt/RahaPTS,200,text/html,440756,48c719476bf81e0524adf089d73031846dc0fcf3fd01ebc0876491b5ec280e53,2026-09-29
EE,holdings,benefits_pensions,https://web.archive.org/web/20251020072142/https://www.riigiteataja.ee/akt/SHS,200,text/html,530901,4c032ac9c05793acd30f65e064679e3f42de4a890fb005a6b8e394b8d08fc6ba,2026-09-29
EE,holdings,civil_registry,https://web.archive.org/web/20251211184747/https://www.riigiteataja.ee/akt/RRS,200,text/html,233753,ef1cab11d68dd4f180033f673b4cf478a0c8e124b41514465b2f3581991d995d,2026-09-29
EE,holdings,education,https://web.archive.org/web/20250426205540/https://www.riigiteataja.ee/akt/HaS,200,text/html,96695,20467ff57c2f3cc15cf888767d248e037254e81e2f576cc3fd2ec8f3f745bbe7,2026-09-29
EE,holdings,electoral_management,https://web.archive.org/web/20260218005759/https://www.riigiteataja.ee/akt/RKVS,200,text/html,228489,628c7aed1fe24bbc51db4d37eb07c81e2f49d9a98e697866a3be37c67b7e5e81,2026-09-29
EE,holdings,facial_biometric,https://web.archive.org/web/20260313205329/https://www.riigiteataja.ee/akt/itds,200,text/html,269677,1f8fdfe71d16667d6623e473480773374543d54e2c2c1eaf005e45459452eb7d,2026-09-29
EE,holdings,firearms_register,https://web.archive.org/web/20251115135104/https://www.riigiteataja.ee/akt/RelvS,200,text/html,665687,557b889152a843462a2f48a36cacb30e784ebaa9c7d6adc95d6a1ee073de0f34,2026-09-29
EE,holdings,health_records,https://web.archive.org/web/20260415062508/https://www.riigiteataja.ee/akt/TTKS,200,text/html,380493,797e8c6ecb84ceca983fc8f49516db95fd6dc1eff2a46f7416ce8b7f9a374646,2026-09-29
EE,holdings,indicator:C1,https://www.riigipilv.ee/riigipilvest/riigipilve-tehniline-lahendus,200,text/html,100112,ad8b1a7beedf0c0dfe8eac048e80e47b7948238f04e3cf53603381b16de6fc00,2026-09-29
EE,holdings,indicator:C1,https://www.riigipilv.ee/riigipilvest/riigipilvest-kkk/mis-saab-riigipilvest-eriolukorras,200,text/html,99435,923921b20c9ec7e9045419f0c70ccc3338f826448d881910ad82b6e92de7c779,2026-09-29
EE,holdings,indicator:C2,https://www.riigipilv.ee/et,200,text/html,150692,4c9315d3c06015d5ae76f48c49faf264dddbd719c07185de7a5f50a8a8325b9a,2026-09-29
EE,holdings,indicator:C2,https://www.riigipilv.ee/riigipilvest/kliendid,200,text/html,152462,8a57023125ee0c96ec9c678dfdb2bcfefc032572f395d50974a1d821c8239618,2026-09-29
EE,holdings,indicator:K1,https://repository.eidpki.ee/about,200,text/html,6353,7408c4b3e0929b1c32c45c1321a2a20f379f398f35f9a02db917017d93f2dd7f,2026-09-29
EE,holdings,indicator:K1,https://repository.eidpki.ee/static/documents/root-cp_v-2.0_04.06.2026_allkirjastatud.pdf,200,application/octet-stream,738229,d7928249271bc52cdbefd98c1e5b55e9d3627a0362f7080f5a4f0ff2ce34905d,2026-09-29
EE,holdings,indicator:K2,https://repository.eidpki.ee/static/documents/eid-cp-v-2.0_04.06.2026_allkirjastatud.pdf,200,application/octet-stream,812929,e12488dc1ef15c2939d8ce97336fd0dd738f510197f538fb1ea5315f9b89e09b,2026-09-29
EE,holdings,indicator:L1,https://www.riigikontroll.ee/sites/default/files/arhivaalid/2462/RKTR_2462_2-1.4_2213_001-2.pdf,200,application/pdf,587404,e080bdbbc3df1fc9c21d4b90673181309f4958c15526e5405faf2dcd9a7b6414,2026-09-29
EE,holdings,indicator:L2,https://www.teabeamet.ee/nsa/kkk.html,200,text/html,38084,ca48bab7e58fe50100dd9d80866e86f424f05aa482055d327528522334fe3445,2026-09-29
EE,holdings,indicator:L2,https://www.teabeamet.ee/nsa/tabelid.html,200,text/html,55828,6d55ce6972a651c4d255805ede91696adfe4cb803f165e133063b9492e05c7dd,2026-09-29
EE,holdings,judicial_criminal,https://web.archive.org/web/20250803214052/https://www.riigiteataja.ee/akt/KarRS,200,text/html,125524,ee80e234ef2fc71c055a0a4a1981113b7d5ba41572af4cd083182b9a0103a01a,2026-09-29
EE,holdings,land_property,https://web.archive.org/web/20250807000745/https://www.riigiteataja.ee/akt/KRS,200,text/html,190477,fe484fe68dd016befad536618161cc8b9d66b7c67a938339106398dc6d151fe0,2026-09-29
EE,holdings,police_records,https://web.archive.org/web/20260513193215/https://www.riigiteataja.ee/akt/PPVS,200,text/html,459510,e7242f1d549c49444d05ba8139b1f3e0d29b4fe50c4a2a0d2dfe122b537246b3,2026-09-29
EE,holdings,residence_permits,https://web.archive.org/web/20251215054605/https://www.riigiteataja.ee/akt/vms,200,text/html,728109,9bef95893b05befa3d1a098b96c198e7c9dd5d1880e444caa0c08a4f251b519c,2026-09-29
EE,holdings,trust_services_pki,https://web.archive.org/web/20260315144913/https://www.riigiteataja.ee/akt/EUTS,200,text/html,76903,c3790c001f0ce41809468e1d0ffaa37d0fd4f625588ef4e909ff2cbd5bf2f7b7,2026-09-29
EE,legal,certification_scheme,https://www.ria.ee/en/cyber-security/e-its,403,text/html,0,,2026-09-11
EE,legal,data_classification,https://www.riigiteataja.ee/en/eli/511072014001/consolide/current,403,text/html,0,,2026-09-11
EE,legal,gazette,https://www.riigiteataja.ee/en/,403,text/html,0,,2026-09-11
EE,legal,legal_instrument,https://www.riigiteataja.ee/en/eli/518012016001/consolide,403,text/html,0,,2026-09-11
EL,holdings,beneficial_ownership,https://www.lawspot.gr/nomothesia/nomos-4557-2018/,200,text/html,565061,4beec7490b4bc1d5902e4b74512d68cef4844622d847059b402824a93f42765c,2026-09-29
EL,holdings,benefits_pensions,https://digitalstrategy.gov.gr/project/psifiopoiisi_asfalistikis_istorias_e-efka,200,text/html,35752,c6e01f3d1b36a00ef666b5cc727fb35ebb5205b271c5f21a59bd3b63597b3601,2026-09-29
EL,holdings,benefits_pensions,https://www.idika.gr/erga/eniaio-systima-syntaxeon-eseps-ilios/,200,text/html,158702,5f77225a6998296d879c6f7c5a86a48b7c765913639644002bad52c2e9467ebc,2026-09-29
EL,holdings,benefits_pensions,https://www.lawspot.gr/nomothesia/nomos-4387-2016/,200,text/html,1219776,0d3d968e861d6d6271575522cd66d3746a6161ac916a93e983fba8a96d078f84,2026-09-29
EL,holdings,business_registry,https://www.e-nomothesia.gr/kat-x/nomos-4919-2022-phek-71a-7-4-2022.html,403,text/html,0,,2026-09-29
EL,holdings,civil_registry,https://www.lawspot.gr/nomothesia/nomos-4483-2017/,200,text/html,635355,e8e65f71d79b61c20ef73855cc37d0e551ee95585e05e1c25ff14fe0a1a89b5d,2026-09-29
EL,holdings,civil_registry,https://www.lawspot.gr/nomothesia/nomos-4727-2020/,200,text/html,1532821,b01cf3a21f89938636767f5a6cc1a38e8994db631ab22377efb0f2c2a599fb48,2026-09-29
EL,holdings,crisis_management,https://www.lawspot.gr/nomothesia/nomos-3013-2002/,200,text/html,208029,b02b6faf5718fb6cd9bd1bce8bb59900ff4b266aec1616c97c9091ab23cdf678,2026-09-29
EL,holdings,customs,https://digitalstrategy.gov.gr/project/icisnet,200,text/html,35374,4a5ad551c3284f3daa673a618b184495df94cb52a7d598a038ca68991e3c3d0f,2026-09-29
EL,holdings,digital_identity_credentials,https://wallet.gov.gr/,200,text/html,301028,739eb1bac1193e33f2e9f963a1f28323bd513bdec4f79b745a08180e58ef0ec2,2026-09-29
EL,holdings,digital_identity_credentials,https://wallet.gov.gr/privacy/,200,text/html,312812,8a92795aae960afe2b847b5accc303684a49ee9c0a832d8e27c790bf8beb71cd,2026-09-29
EL,holdings,education,https://digitalstrategy.gov.gr/project/myschool,200,text/html,36524,8a558d95566d4b0923380680d9df19784132a42c9f13723a8a5e79bcc53235a3,2026-09-29
EL,holdings,electoral_management,https://digitalstrategy.gov.gr/project/anavathmisi_kai_oloklirosi_systimaton_eklogikis_diadikasias,200,text/html,35985,ea689b0db84f3f845fe19bb6228b0b6dfa381a134e2849ccdaf8be8f76778a2b,2026-09-29
EL,holdings,electoral_roll,https://www.lawspot.gr/nomothesia/proedriko-diatagma-26-2012/,200,text/html,551126,a82816c89a74f8564f7d2416eb25b07c45d08633b4ad0c2462cd061290cfe27d,2026-09-29
EL,holdings,extra:critical infrastructure security,https://digitalstrategy.gov.gr/project/asset_registry,200,text/html,36190,3b68bd04793f9cce6213575e96a47770b97a08edb3ac2b189f22e807fb0f3c09,2026-09-29
EL,holdings,extra:government hosting platform,https://digitalstrategy.gov.gr/project/g-cloud_next_generation,200,text/html,38339,cfd7a6107c5eeeebbf359b9b39ee4ac5cf3a680e5bbeb65928633b4dcfd5804f,2026-09-29
EL,holdings,extra:identity (sectoral identifier),https://www.idika.gr/erga/ethniko-mitroo-amka/,200,text/html,160074,ff4a12c4fc27adcddee1d53ef11cb96583fbb7681f93f27888b0a72827b9c58c,2026-09-29
EL,holdings,extra:identity (sectoral identifier),https://www.idika.gr/etaireia/profil/,200,text/html,168880,5269a6a2e479e8ce8da6c3925e2eef4f508cac201a18405e2f222ea0622e4701,2026-09-29
EL,holdings,facial_biometric,https://www.passport.gov.gr/e-passport/biometrics.html,200,text/html,34859,b1bf4871dcce39e760ba4b560af1133ab627760433ed23f4bbcc8bda93b3a97f,2026-09-29
EL,holdings,facial_biometric,https://www.passport.gov.gr/npc/data.html,200,text/html,57873,4705712d803551d28a0f6c2760e73e016993965f0c00a1d703f99a1f00dfbac8,2026-09-29
EL,holdings,geospatial,https://www.lawspot.gr/nomothesia/nomos-3882-2010/,200,text/html,242939,f0a858953f7fd3abd4e58d4a1143b3c925c462a32c120decbe20206fd30a4e06,2026-09-29
EL,holdings,government_payroll,https://digitalstrategy.gov.gr/project/kentriko_systima_diacheirisis_anthropinoy_dynamikoy,200,text/html,35968,feceaaa06669375dc48caef68978b3d06652bd8d00fbb572d94be804c679901b,2026-09-29
EL,holdings,government_payroll,https://digitalstrategy.gov.gr/project/misthodosia,200,text/html,37159,f3da0e39bd49e553bd15a03040c2f4f0327b95312a436bab010cd5f0db5a2f58,2026-09-29
EL,holdings,grid_control,https://www.admie.gr/i-etaireia/metohoi/state-grid,200,text/html,188982,ed4d0e16e1de54cd4f31b94a442b33806f68568c5117f352fd8c765112767cec,2026-09-29
EL,holdings,health_insurance,https://www.idika.gr/erga/ilektroniki-syntagografisi/,200,text/html,160620,45d2794fa07bc08e6926a525b3fff29f3b3d305a25f9626947c146a79974b163,2026-09-29
EL,holdings,health_insurance,https://www.lawspot.gr/nomothesia/nomos-3918-2011/,200,text/html,649826,14d9b0f295f6848be5a2610881663db8c540dbbc3de4b7a5ee152813d9d1c557,2026-09-29
EL,holdings,health_records,https://digitalstrategy.gov.gr/project/systima_diakyvernisis_dedomenon_gia_ton_tomea_tis_ygeias,200,text/html,35871,1036bee890f6520e268da4ebd29e8927f286429e94696368ebebe0d38b23b556,2026-09-29
EL,holdings,health_records,https://www.e-nomothesia.gr/kat-x/nomos-4600-2019-phek-43a-9-3-2019.html,403,text/html,0,,2026-09-29
EL,holdings,health_records,https://www.ehealthrecord.gov.gr/ehfy-overview-details,200,text/html,38731,3d086d7d2f7fe05f64eb8d1aaba80ce2a16ef85ce6ec8cf478e5254cb2715912,2026-09-29
EL,holdings,indicator:C1,https://grnet.gr/en/infrastructures/grnet-datacenters/,200,text/html,161623,0c91c38574dff15de29e9d6a01f15d4f120c507dd5e1dc5fcd4568c210a164e1,2026-09-29
EL,holdings,indicator:C1,https://www.ktpae.gr/erga/parochi-nefo-ypologistikon-ypodomon-kai-ypiresion-cloud-services/,200,text/html,80279,675bec9a372b066c6d969fa5b34648dd3113f3295eec9d9847903d89ffb173d0,2026-09-29
EL,holdings,indicator:C2,https://www.ktpae.gr/erga/government-cloud-g-cloud/,200,text/html,80032,12bf1f6eb6a2c83d4413dd4fa6120a4c3d7312f69be367a5d8265595aaa4b6a4,2026-09-29
EL,holdings,indicator:K1,https://aped.gov.gr/,200,text/html,144876,dfdf7b2e3f4df2e2c92befb63ba9b3a4905a0472155429d2b8a88a2745dc0de8,2026-09-29
EL,holdings,indicator:K1,https://aped.gov.gr/about-aped/,200,text/html,151067,043292f3fad214bf24e2ccc6206b1e560e3553dc2ab71f02c76e16b0cf5d9bc3,2026-09-29
EL,holdings,indicator:K2,https://www.lawspot.gr/nomothesia/n-4727-2020/arthro-25-nomos-4727-2020-taytopoiisi-gia-tin-ekdosi/,200,text/html,90951,a5ccb6d174842b7e1bd9c200216e67ffc4a316b598a59eb10c991830994f141f,2026-09-29
EL,holdings,indicator:L1,https://www.lawspot.gr/nomothesia/n-4727-2020/arthro-1-nomos-4727-2020-skopos-kai-pedio-efarmogis-toy/,200,text/html,92564,1f1e5ac5d6b5fc3025fff2c0a7cf2eeb2a7e2e3af13caf4e97ea44d18886d499,2026-09-29
EL,holdings,indicator:L1,https://www.lawspot.gr/nomothesia/n-4727-2020/arthro-87-nomos-4727-2020-kyvernitika-nefi/,200,text/html,96526,7fddef2696eb88290fd312fc2ad6abdc634fcf33e0cab882877ad8ad2709534d,2026-09-29
EL,holdings,indicator:L2,https://www.e-nomothesia.gr/kat-enoples-dynameis/upourgike-apophase-ph-120-01-510313-s94-2018.html,403,text/html,0,,2026-09-29
EL,holdings,indicator:L2,https://www.newsbeast.gr/greece/arthro/3026379/pos-diavathmizonte-ta-aporrita-engrafa-stin-ellada,timeout,,0,,2026-09-29
EL,holdings,intelligence,https://www.lawspot.gr/nomothesia/nomos-3649-2008/,200,text/html,116948,f56a9e02caee223a905992a172f962fdfa3d56dd3e9f3d327374214a043a6638,2026-09-29
EL,holdings,issuance_history,https://www.lawspot.gr/nomothesia/nomos-3103-2003/,200,text/html,125070,5c33a82130205077798122d49abcfd7c6aefb8cb324236fced928cfc4a0b1fde,2026-09-29
EL,holdings,issuance_history,https://www.lawspot.gr/nomothesia/nomos-4249-2014/,200,text/html,1261432,9c63467372393a7238e53d7225b8220b59b87f376c944932e4f0e34a22083f7a,2026-09-29
EL,holdings,judicial_criminal,https://digitalstrategy.gov.gr/project/olokliromeno_systima_diacheirisis_ypotheseon_gia_tin_politiki_kai_poiniki_dikaiosyni_osddy-pp_b_fasi,200,text/html,39876,1cb61aaba7ca8e8f83fdd127ddf85415c7723507e0ca3008371778941a69c314,2026-09-29
EL,holdings,judicial_criminal,https://www.lawspot.gr/nomothesia/nomos-4620-2019/,200,text/html,1877759,11aa87119e5f8f2fb0a7dcd9a38c7bd40b3fadd091e9c3290a09e9d9c58d4e5c,2026-09-29
EL,holdings,land_property,https://digitalstrategy.gov.gr/project/anavathmisi_exoplismoy_ktimatologioy_gia_leitoyrgia_se_eikoniko_perivallon_virtualization,200,text/html,37109,ded4dc1f191969b4528db88f66f6fd7dd47ae2c75d79689b18a49765239c0ed8,2026-09-29
EL,holdings,land_property,https://digitalstrategy.gov.gr/project/psifiopoiisi_archeioy_ypothikofylakeion_gia_to_ethniko_ktimatologio,200,text/html,35707,0c0c62e027686c94069b8db0400b82fd7e424728ee5927c89f62b48b4f8b9a00,2026-09-29
EL,holdings,land_property,https://www.lawspot.gr/nomothesia/nomos-4512-2018/,200,text/html,2830036,04f775c218afa987a8cfe08eac9493ef6e51debad04bd9a08efa641262beb9ae,2026-09-29
EL,holdings,national_archives,https://digitalstrategy.gov.gr/project/psifiopoiisi_ton_genikon_archeion_toy_kratoys,200,text/html,37221,3e1d408031a98bae167eb83a312877ec273bc2ed9ad6f35b6865bf6f0d726c1c,2026-09-29
EL,holdings,national_archives,https://gak.gr/,200,text/html,7537,bce26645d5a8447bef8a2e77937e383f61ee5660374acaa4baa278e28323e294,2026-09-29
EL,holdings,official_gazette,https://et.gr/yphresia/mission/,200,text/html,141257,cf102536a626d9c9ba1910fbf4472ca6c7efb7a9d765266d5514db291e5b5d74,2026-09-29
EL,holdings,public_finance,https://digitalstrategy.gov.gr/project/g-cloud,200,text/html,37501,0d317dd969df7e3d62fd496a75d44e71041ee6d0cee6c0670e36a1ac4a4bafe7,2026-09-29
EL,holdings,public_finance,https://digitalstrategy.gov.gr/project/government_erp,200,text/html,41186,a060210c574781251f29e8b00bb5348da36f705ae039eb22dc0d8c63c92ee803,2026-09-29
EL,holdings,public_health_surveillance,https://www.lawspot.gr/nomothesia/nomos-4633-2019/,200,text/html,299498,8f6d7db6fd9efb0fd549a9047881bd36df38ab0d507bc189c3d63fe2fa178e97,2026-09-29
EL,holdings,residence_permits,https://digitalstrategy.gov.gr/project/tier-4_datacenter,200,text/html,36420,188cb012434735f2884b943ecb2d350c0d2a1886fd01649045b76ec8e7d9c65d,2026-09-29
EL,holdings,residence_permits,https://migration.gov.gr/migration-policy/dioikisi/,200,text/html,521752,5e709e63c22cca61fc8be55e847a84a0adbf5eeab07cf099218ef4de511971e2,2026-09-29
EL,holdings,residence_permits,https://migration.gov.gr/wp-content/uploads/2026/09/%CE%A0%CE%91%CE%A1%CE%91%CE%A1%CE%A4%CE%97%CE%9C%CE%91-%CE%92_%CE%91%CF%8D%CE%B3%CE%BF%CF%85%CF%83%CF%84%CE%BF%CF%82-_2026_%CE%A5%CE%9C%CE%91-GR-%CE%95%CE%BD%CE%B7%CE%BC%CE%B5%CF%81%CF%89%CF%84%CE%B9%CE%BA%CF%8C-%CE%91%CF%8D%CE%B3%CE%BF%CF%85%CF%83%CF%84%CE%BF%CF%82-%CE%92-%CE%9D%CF%8C%CE%BC%CE%B9%CE%BC%CE%B7-%CE%9C%CE%B5%CF%84%CE%B1%CE%BD%CE%AC%CF%83%CF%84%CE%B5%CF%85%CF%83%CE%B7.pdf,200,application/pdf,935219,c7df74d8fa7419182031eb233df6bc1c484c1be6819421d8487ca1920a3845ad,2026-09-29
EL,holdings,statistics_microdata,https://www.lawspot.gr/nomothesia/nomos-3832-2010/,200,text/html,143488,1de05e638b99599f01e8ba3222f6159fb0dbf2096e1ed43faf6ac7a4e375644a,2026-09-29
EL,holdings,tax,https://digitalstrategy.gov.gr/project/anaptyxi_neoy_enopoiimenoy_olokliromenoy_pliroforiakoy_systimatos_forologias_tis_aade,200,text/html,35873,0ca816ea6b6e287ca2e1e714c70403c20265832dd68d6f0be2b9afb037b18d56,2026-09-29
EL,holdings,tax,https://digitalstrategy.gov.gr/project/anavathmisi_diathesimotitas_efedreias_asfaleias_dedomenon_poy_filoxenoyntai_stis_ypodomes_tis_ggpsdd,200,text/html,37867,e55aa241e6ae4b5e338f49ab16d31559486e18e2b0ca8a9256bcf253a7789e41,2026-09-29
EL,holdings,tax,https://www.lawspot.gr/nomothesia/nomos-4389-2016/,200,text/html,1756652,b73599e44c27ffc3082ffb4553e1fdaaa08488620e5c73ac749ec3487d2a6644,2026-09-29
EL,holdings,trust_services_pki,https://www.passport.gov.gr/e-passport/csca-epassport.html,200,text/html,35371,26a1a56873961e454e387ffb640380737d5f311ca06847e10743df179d2960ec,2026-09-29
EL,holdings,vehicle_licensing,https://digitalstrategy.gov.gr/project/aplopoiisi_k_psifiopoiisi_tis_ekdosis_adeion_odigisis,200,text/html,36263,718ea711e92457ccabddbad1d40c14b610978b9899fe6fd7c7e6fc4e287cb819,2026-09-29
EL,holdings,water_control,https://www.eydap.gr/TheCompany/,200,text/html,108130,0a349535dd427166da262fa9f7c11743e7d5fc42f59d2fc50b1a544afff0e95a,2026-09-29
EL,legal,gazette,https://www.et.gr/,200,text/html,204939,6df0746b1d86d0a4b7c4440a170b4b4b3192490faf197b62d70d7976b2a4fea6,2026-09-11
ES,holdings,beneficial_ownership,https://www.boe.es/buscar/act.php?id=BOE-A-2023-16159,200,text/html,117932,70d7963c8ef8254c188cce9633f4887aab182d5faee03fc21b67d2750c3bddc2,2026-09-29
ES,holdings,benefits_pensions,https://www.boe.es/buscar/act.php?id=BOE-A-2015-11724,200,text/html,2602668,bd1a8064b0001da8a62ff8f8e336f1a71fb22f31d50646170f8684cf67e0c6ff,2026-09-29
ES,holdings,business_registry,https://www.boe.es/buscar/act.php?id=BOE-A-1996-17533,200,text/html,920412,8f13ee6365d3cbdf4fb26300a286db1b2d2a3011e53c54c2e74b7b972617225d,2026-09-29
ES,holdings,central_bank,https://www.boe.es/buscar/act.php?id=BOE-A-1994-12553,200,text/html,291770,71da23ac4ff16a6805f6965ce8d678f7f831d328ca923eed0cada0e5069d8613,2026-09-29
ES,holdings,civil_registry,https://www.boe.es/buscar/act.php?id=BOE-A-1985-5392,200,text/html,1283851,60617f95b27387d2938550ea6073c203ead7c03bb21a94796c0501fc60d07c82,2026-09-29
ES,holdings,civil_registry,https://www.boe.es/buscar/act.php?id=BOE-A-2011-12628,200,text/html,469054,7e08644a948de608fdaef1fc49f79cd4fd476fe2151b0ffa00c6042009f4215c,2026-09-29
ES,holdings,civil_registry,https://www.boe.es/buscar/act.php?id=BOE-A-2025-6601,200,text/html,94807,2662284cc398347998104b792dda394ab14df3acdc23898258fcac7dbc51101d,2026-09-29
ES,holdings,crisis_management,https://www.boe.es/buscar/act.php?id=BOE-A-2015-10389,200,text/html,103322,af7e07f9bef1efb8079576656ea1ccad7d0ae6f03c4b49c0a1b28b3275ef3a41,2026-09-29
ES,holdings,crisis_management,https://www.boe.es/buscar/act.php?id=BOE-A-2015-7730,200,text/html,199988,ceeb34766fa7de685d8eb8898595131ebd5e450e5a22cb370104f2cbc31639a5,2026-09-29
ES,holdings,defence_command,https://www.boe.es/buscar/act.php?id=BOE-A-2024-3791,200,text/html,162691,022529f67898619fb6764b387cc8ac1b1e0d9e17e371dc28b952c612e6c34fe9,2026-09-29
ES,holdings,digital_identity_credentials,https://clave.gob.es/dnin/que-es,200,text/html,74489,fdf6a14aac9b8e02e42ce6d5cd44c5d03fb7bf9513dd481ea7cacaa849fcdbfd,2026-09-29
ES,holdings,digital_identity_credentials,https://www.boe.es/buscar/doc.php?id=BOE-A-2014-10264,200,text/html,60419,1f1c8d428d81e37c31a89650371fef9c6c26d98d968d2e8cd719095eb70726c5,2026-09-29
ES,holdings,education,https://www.boe.es/buscar/act.php?id=BOE-A-2010-12621,200,text/html,186394,ee617424bf900bfef5ecf72507538a1b676495a026da1a1d1100afa0a0f212c9,2026-09-29
ES,holdings,electoral_roll,https://www.boe.es/buscar/act.php?id=BOE-A-1985-11672,200,text/html,1263144,4a13ef93b5c7ac63f2c32fb04ab301bdad9b7b870505a5a8096577e963bde4f4,2026-09-29
ES,holdings,emergency_communications,https://www.boe.es/buscar/act.php?id=BOE-A-1997-14058,200,text/html,36022,b33e9a95c2e6c4e28768862118210659efcbd7843897ed6765ec4d7b27d280e8,2026-09-29
ES,holdings,facial_biometric,https://www.boe.es/buscar/act.php?id=BOE-A-2003-13978,200,text/html,86979,6889af5a4132fda2302bc6d63b221fdbb4b5fb62764af3350696a00ab83949e5,2026-09-29
ES,holdings,firearms_register,https://www.boe.es/buscar/act.php?id=BOE-A-1993-6202,200,text/html,720805,a3b0885ca7b401e95d7a04c791d4d733f622a58789bfa07d7089d2fa42404d7b,2026-09-29
ES,holdings,geospatial,https://www.boe.es/buscar/act.php?id=BOE-A-2010-10707,200,text/html,172430,9902d785da1c9ef52c2597dfe86463da178632ffb860c5a3f8812a0716ca0796,2026-09-29
ES,holdings,government_payroll,https://www.boe.es/buscar/act.php?id=BOE-A-2000-1007,200,text/html,96058,d8aff8c1a17b5841868c31c5bd14c2b0e55a1fa4f66a303f0c95f9d51f4c69fe,2026-09-29
ES,holdings,grid_control,https://www.boe.es/buscar/act.php?id=BOE-A-2013-13645,200,text/html,1087658,5ac5e3ed20075c65cb58da123dcd60d6341d94760c22e298924a325aba709c50,2026-09-29
ES,holdings,health_insurance,https://www.boe.es/buscar/act.php?id=BOE-A-2004-2591,200,text/html,103297,3ce1ad7e25c2fdd556a7e874fde3dc9c1248e0770a9b6371c3ea8d2144fffb7f,2026-09-29
ES,holdings,health_records,https://www.boe.es/buscar/act.php?id=BOE-A-2003-10715,200,text/html,515539,c1e51762fae869bc4ce44911f904f44f921f5d5263dbabf7d80b0e74c6a15c57,2026-09-29
ES,holdings,indicator:C1,https://www.boe.es/buscar/act.php?id=BOE-A-2024-22929,200,text/html,278918,8a68255aab8a73d263f7dc7e75089ed069403fae63795950c16e9bb2d4819c13,2026-09-29
ES,holdings,indicator:K1,https://tsl.digital.gob.es/TSL.xml,200,application/xml,3042285,19edfb5923cd27289ba78548255ca79ae5c9ae4b7dc8a5a334170d4a821a73cf,2026-09-29
ES,holdings,indicator:K1,https://www.boe.es/buscar/act.php?id=BOE-A-1997-28053,200,text/html,1848017,32b0517e265f9361c6e69450676d9a9feb3044def967d99f3cb1ea4005436396,2026-09-29
ES,holdings,indicator:K1,https://www.boe.es/eli/es/rd/1999/06/25/1114/con,200,text/html,145258,6690ca20f7d17ac795fa7ba6d4c3901f9755b63c01257b4d3b1400ab5c472854,2026-09-29
ES,holdings,indicator:K2,https://interoperable-europe.ec.europa.eu/sites/default/files/inline-files/NIFO_2024_Supporting%20document_Spain_vFINAL.pdf,200,application/pdf,1386142,91429262784f2712429aaf4795b548691005d508f6379eb183e48cf7577932a6,2026-09-29
ES,holdings,indicator:K2,https://www.boe.es/buscar/act.php?id=BOE-A-2025-6601,200,text/html,94807,c8018634bfa1345b4f04b550133d012b0be66df8a6fd6d1165d8cb59d1ccd5f1,2026-09-29
ES,holdings,indicator:L1,https://www.boe.es/buscar/act.php?id=BOE-A-2015-10566,200,text/html,921180,0e76f600a3bbf1b2b0c016865b7b59880a27282a773b6f3b633f5be9d7e25ba8,2026-09-29
ES,holdings,indicator:L2,https://www.boe.es/buscar/act.php?id=BOE-A-1968-444,200,text/html,65961,9bbee5a9adeba75352f802b49e167b3833fd0dfa880ed55ebe4e9b65414ffbd7,2026-09-29
ES,holdings,indicator:L3,https://www.boe.es/buscar/act.php?id=BOE-A-2022-7191,200,text/html,427337,3033005a78fdee190594af4a8c18032d87835951823993ac9e22655e65bf3562,2026-09-29
ES,holdings,intelligence,https://www.boe.es/buscar/act.php?id=BOE-A-2002-8628,200,text/html,106414,74b67fc071b28f8e8f675ffe6cbe552ea54e6fc554ee6c97434d7ffa56f2cca6,2026-09-29
ES,holdings,issuance_history,https://www.boe.es/buscar/act.php?id=BOE-A-2024-3793,200,text/html,222589,a23ea8e959fa1138d686fcf002bafd25ce7a1fcb2c12f650c4b921562c0e1dec,2026-09-29
ES,holdings,judicial_criminal,https://www.boe.es/buscar/act.php?id=BOE-A-2009-2073,200,text/html,228244,23a4700483239185221ca14860b4207b2bf4fd63209539e68299c8b551683075,2026-09-29
ES,holdings,land_property,https://www.boe.es/buscar/act.php?id=BOE-A-1946-2453,200,text/html,966491,fdb71e2e00bed6a7fa9915becb7b9f0c8f581f0c8bd04972e916a404c0a110e1,2026-09-29
ES,holdings,land_property,https://www.boe.es/buscar/act.php?id=BOE-A-2004-4163,200,text/html,488136,335bdbb066f97d92005d261dab0aa86ec94cc9bd2e3b15e7750a01ba3ac68fbf,2026-09-29
ES,holdings,national_archives,https://www.boe.es/buscar/act.php?id=BOE-A-2011-18541,200,text/html,155409,c54635cafdcf8e49e6e3574d703636aadc55e80fbc02cd430c53e28ae7c62409,2026-09-29
ES,holdings,national_archives,https://www.boe.es/buscar/act.php?id=BOE-A-2015-10565,200,text/html,570929,ef065c4d5aaa12a238b7d401020f603060c9aaee9cf38bd6342e60c7c436e23d,2026-09-29
ES,holdings,national_archives,https://www.boe.es/buscar/act.php?id=BOE-A-2024-22929,200,text/html,278918,00c5f17a2966acd4c5592123a2dce6a6c702b98f12a911dce557093456b748f6,2026-09-29
ES,holdings,official_gazette,https://www.boe.es/buscar/act.php?id=BOE-A-2008-2389,200,text/html,232809,4f039c6aadefe28ac7ba1d47f87f57c834e7f226451c7b9a9494809f716e21c2,2026-09-29
ES,holdings,police_records,https://www.boe.es/buscar/act.php?id=BOE-A-2021-8806,200,text/html,290935,f6b52601182e3e0a1da071a76343b19b37cc3cfaa6fe0d0ce9b467b99af9674d,2026-09-29
ES,holdings,public_finance,https://www.boe.es/buscar/act.php?id=BOE-A-2003-21614,200,text/html,1094929,4d46dd43b7e09f8bd55044488ef4627581861206a3e57c334b35bd37003a4a6f,2026-09-29
ES,holdings,public_health_surveillance,https://www.boe.es/buscar/act.php?id=BOE-A-1996-1502,200,text/html,107477,c20e8937327316bc3f92506c204692877444c88c7ea7e8c11b10c393b4fbc7f3,2026-09-29
ES,holdings,residence_permits,https://www.boe.es/buscar/act.php?id=BOE-A-2000-544,200,text/html,729506,e446950ddeafe2835e6426c2ff0747c29d3dfb40b290c3456e039dc93e29ff73,2026-09-29
ES,holdings,residence_permits,https://www.boe.es/buscar/act.php?id=BOE-A-2024-24099,200,text/html,1040895,0d0182044ca92769033c6f71d9ce1533015912a724a82b91fd5659c9ead1d01a,2026-09-29
ES,holdings,statistics_microdata,https://www.boe.es/buscar/act.php?id=BOE-A-1989-10767,200,text/html,201527,47ed2a14a0891c3aab61d2488905a0483c1b4fc9da03fcc0e8b969c8046332bd,2026-09-29
ES,holdings,tax,https://www.boe.es/buscar/act.php?id=BOE-A-1990-31180,200,text/html,1385327,45e35b4613f5d6f3711e3fddd02dfe5e8858445ad91b7b700b709c720ba9a165,2026-09-29
ES,holdings,tax,https://www.boe.es/buscar/act.php?id=BOE-A-1994-12973,200,text/html,182195,dbc4f2e5a71e5a771979c30d6c86842ea6304f9c7711e40d3ef7c2955282c4b3,2026-09-29
ES,holdings,tax,https://www.boe.es/buscar/act.php?id=BOE-A-2003-23186,200,text/html,1493014,b14e9b7c222e99d5103a5d50b17716431e47dc1b1966d02010d4c57c6c330b23,2026-09-29
ES,holdings,trust_services_pki,https://www.boe.es/buscar/act.php?id=BOE-A-1997-28053,200,text/html,1848017,07c68730ce4b0cee130a1522deac2533ae91ddd93e310a6923f8cba81ff856f8,2026-09-29
ES,holdings,trust_services_pki,https://www.boe.es/buscar/act.php?id=BOE-A-2020-14046,200,text/html,155483,f20aa05ca31c8b338307356a6ca2895a1efa1760205f045a7b1c797a49401f75,2026-09-29
ES,holdings,vehicle_licensing,https://www.boe.es/buscar/act.php?id=BOE-A-2015-11722,200,text/html,522050,4944016eb3fd8ebc97fb9087e60078e36f733bcf7da74c0831daa62f3792daa8,2026-09-29
ES,holdings,water_control,https://www.boe.es/buscar/act.php?id=BOE-A-2001-14276,200,text/html,797703,c947f47191cec62f31f1869b8a9211c08e2c721a69c46f157d0c8d6cebe30683,2026-09-29
ES,legal,gazette,https://www.boe.es/,200,text/html,23169,5f112397c55cd7cf69642d3d48cad21af859a8b3fa9ef6b81d24a781411ee052,2026-09-11
EU,eurostat,elec_price_eur_mwh,https://ec.europa.eu/eurostat/api/dissemination/statistics/1.0/data/nrg_pc_205?format=JSON&lastTimePeriod=6&currency=EUR&nrg_cons=MWH2000-19999&tax=X_VAT&unit=KWH&geo=AT&geo=BE&geo=BG&geo=HR&geo=CY&geo=CZ&geo=DK&geo=EE&geo=FI&geo=FR&geo=DE&geo=EL&geo=HU&geo=IE&geo=IT&geo=LV&geo=LT&geo=LU&geo=MT&geo=NL&geo=PL&geo=PT&geo=RO&geo=SK&geo=SI&geo=ES&geo=SE,200,application/json,5976,fe5d95b25a2b2a0436fe7354166d368da75e621bf05ab0f6fc71ee0dcabfb1fc,2026-09-11
EU,eurostat,elec_price_eur_mwh,https://ec.europa.eu/eurostat/api/dissemination/statistics/1.0/data/nrg_pc_205?format=JSON&lastTimePeriod=8&currency=EUR&nrg_cons=MWH500-1999&tax=X_VAT&unit=KWH&geo=AT&geo=BE&geo=BG&geo=HR&geo=CY&geo=CZ&geo=DK&geo=EE&geo=FI&geo=FR&geo=DE&geo=EL&geo=HU&geo=IE&geo=IT&geo=LV&geo=LT&geo=LU&geo=MT&geo=NL&geo=PL&geo=PT&geo=RO&geo=SK&geo=SI&geo=ES&geo=SE,200,application/json,6805,8f40329d85710568bcded273ae593ccbc6a886c937f23a974b993fcec8ee0281,2026-09-11
EU,eurostat,gdp_eur_bn,https://ec.europa.eu/eurostat/api/dissemination/statistics/1.0/data/nama_10_gdp?format=JSON&lastTimePeriod=6&na_item=B1GQ&unit=CP_MEUR&geo=AT&geo=BE&geo=BG&geo=HR&geo=CY&geo=CZ&geo=DK&geo=EE&geo=FI&geo=FR&geo=DE&geo=EL&geo=HU&geo=IE&geo=IT&geo=LV&geo=LT&geo=LU&geo=MT&geo=NL&geo=PL&geo=PT&geo=RO&geo=SK&geo=SI&geo=ES&geo=SE,200,application/json,6168,773b10c8e5b367ae3afc55b523e22c4f166fe31cbdd74c5f792d77c74fd4fa4b,2026-09-11
EU,eurostat,gdp_eur_bn,https://ec.europa.eu/eurostat/api/dissemination/statistics/1.0/data/nama_10_gdp?format=JSON&lastTimePeriod=8&na_item=B1GQ&unit=CP_MEUR&geo=AT&geo=BE&geo=BG&geo=HR&geo=CY&geo=CZ&geo=DK&geo=EE&geo=FI&geo=FR&geo=DE&geo=EL&geo=HU&geo=IE&geo=IT&geo=LV&geo=LT&geo=LU&geo=MT&geo=NL&geo=PL&geo=PT&geo=RO&geo=SK&geo=SI&geo=ES&geo=SE,200,application/json,7015,e208c19da556307c5db4eb1dbaf07df71635562650f9f185e012a13fc0c08b1b,2026-09-11
EU,eurostat,gov_employment_k,https://ec.europa.eu/eurostat/api/dissemination/statistics/1.0/data/nama_10_a64_e?format=JSON&lastTimePeriod=6&na_item=EMP_DC&nace_r2=O&unit=THS_PER&geo=AT&geo=BE&geo=BG&geo=HR&geo=CY&geo=CZ&geo=DK&geo=EE&geo=FI&geo=FR&geo=DE&geo=EL&geo=HU&geo=IE&geo=IT&geo=LV&geo=LT&geo=LU&geo=MT&geo=NL&geo=PL&geo=PT&geo=RO&geo=SK&geo=SI&geo=ES&geo=SE,200,application/json,5567,c9e308f672e2d351a780650f71a34ac38eab607b710643a939bac392ae92aa50,2026-09-11
EU,eurostat,gov_employment_k,https://ec.europa.eu/eurostat/api/dissemination/statistics/1.0/data/nama_10_a64_e?format=JSON&lastTimePeriod=8&na_item=EMP_DC&nace_r2=O&unit=THS_PER&geo=AT&geo=BE&geo=BG&geo=HR&geo=CY&geo=CZ&geo=DK&geo=EE&geo=FI&geo=FR&geo=DE&geo=EL&geo=HU&geo=IE&geo=IT&geo=LV&geo=LT&geo=LU&geo=MT&geo=NL&geo=PL&geo=PT&geo=RO&geo=SK&geo=SI&geo=ES&geo=SE,200,application/json,6345,05d03dd20913ea2ac32243743f9c83eb1388117f1b889a49795f836eac42eceb,2026-09-11
EU,eurostat,land_km2,https://ec.europa.eu/eurostat/api/dissemination/statistics/1.0/data/reg_area3?format=JSON&lastTimePeriod=6&landuse=L0008&unit=KM2&geo=AT&geo=BE&geo=BG&geo=HR&geo=CY&geo=CZ&geo=DK&geo=EE&geo=FI&geo=FR&geo=DE&geo=EL&geo=HU&geo=IE&geo=IT&geo=LV&geo=LT&geo=LU&geo=MT&geo=NL&geo=PL&geo=PT&geo=RO&geo=SK&geo=SI&geo=ES&geo=SE,200,application/json,5621,147c1c725ea9eaf50f81cf9c95c253e3ce9e26903abbeb2a4687158a1c7709ba,2026-09-11
EU,eurostat,land_km2,https://ec.europa.eu/eurostat/api/dissemination/statistics/1.0/data/reg_area3?format=JSON&lastTimePeriod=8&landuse=L0008&unit=KM2&geo=AT&geo=BE&geo=BG&geo=HR&geo=CY&geo=CZ&geo=DK&geo=EE&geo=FI&geo=FR&geo=DE&geo=EL&geo=HU&geo=IE&geo=IT&geo=LV&geo=LT&geo=LU&geo=MT&geo=NL&geo=PL&geo=PT&geo=RO&geo=SK&geo=SI&geo=ES&geo=SE,200,application/json,6327,194e355b64dce8cf1894a3ca6b639e434f2291e70926f1b7e8b8473f6483d2ff,2026-09-11
EU,eurostat,population_m,https://ec.europa.eu/eurostat/api/dissemination/statistics/1.0/data/tps00001?format=JSON&lastTimePeriod=6&indic_de=JAN&geo=AT&geo=BE&geo=BG&geo=HR&geo=CY&geo=CZ&geo=DK&geo=EE&geo=FI&geo=FR&geo=DE&geo=EL&geo=HU&geo=IE&geo=IT&geo=LV&geo=LT&geo=LU&geo=MT&geo=NL&geo=PL&geo=PT&geo=RO&geo=SK&geo=SI&geo=ES&geo=SE,200,application/json,7115,eb037d19a42f5601bde99c8ec1dc02c5a6de3f7199699ff4d5a9ec3ab865d32e,2026-09-11
EU,eurostat,population_m,https://ec.europa.eu/eurostat/api/dissemination/statistics/1.0/data/tps00001?format=JSON&lastTimePeriod=8&indic_de=JAN&geo=AT&geo=BE&geo=BG&geo=HR&geo=CY&geo=CZ&geo=DK&geo=EE&geo=FI&geo=FR&geo=DE&geo=EL&geo=HU&geo=IE&geo=IT&geo=LV&geo=LT&geo=LU&geo=MT&geo=NL&geo=PL&geo=PT&geo=RO&geo=SK&geo=SI&geo=ES&geo=SE,200,application/json,7957,ba38a7aebb0e65122531c8d037e75426fd327b57e9080b76c45d660018c8a606,2026-09-11
EU,eurostat,renewables_pct,https://ec.europa.eu/eurostat/api/dissemination/statistics/1.0/data/nrg_ind_ren?format=JSON&lastTimePeriod=6&nrg_bal=REN_ELC&unit=PC&geo=AT&geo=BE&geo=BG&geo=HR&geo=CY&geo=CZ&geo=DK&geo=EE&geo=FI&geo=FR&geo=DE&geo=EL&geo=HU&geo=IE&geo=IT&geo=LV&geo=LT&geo=LU&geo=MT&geo=NL&geo=PL&geo=PT&geo=RO&geo=SK&geo=SI&geo=ES&geo=SE,200,application/json,5520,93d0c442ce99d53db659d16fcea5126b91ad6319d87fdd7aa456b84d9eee205d,2026-09-11
EU,eurostat,renewables_pct,https://ec.europa.eu/eurostat/api/dissemination/statistics/1.0/data/nrg_ind_ren?format=JSON&lastTimePeriod=8&nrg_bal=REN_ELC&unit=PC&geo=AT&geo=BE&geo=BG&geo=HR&geo=CY&geo=CZ&geo=DK&geo=EE&geo=FI&geo=FR&geo=DE&geo=EL&geo=HU&geo=IE&geo=IT&geo=LV&geo=LT&geo=LU&geo=MT&geo=NL&geo=PL&geo=PT&geo=RO&geo=SK&geo=SI&geo=ES&geo=SE,200,application/json,6261,0be970786cab22421fa2845525b54acedcb655d633926891044dd8911d848ed8,2026-09-11
FI,holdings,benefits_pensions,https://www.finlex.fi/fi/lainsaadanto/2001/731,200,text/html,854695,18cfa7313f06d379c66b885f16a250938e38057435a7f77e37691047c8bf7eea,2026-09-29
FI,holdings,benefits_pensions,https://www.finlex.fi/fi/lainsaadanto/2006/397,200,text/html,586755,fd93fa7310004713e3dddd35db756f197a491ecfc8670d1e775a26f522be6720,2026-09-29
FI,holdings,border_control,https://www.finlex.fi/fi/lainsaadanto/2019/639,200,text/html,1192047,5cc93edf42d1596bb2fef95504519f1d4e5b84e36c53a24e48fa92e255a39589,2026-09-29
FI,holdings,business_registry,https://www.finlex.fi/fi/lainsaadanto/2023/564,200,text/html,725997,e891b94b7f41718afdff3ecdab133441f67d3ccd481c639d894ccd8ad7e796c0,2026-09-29
FI,holdings,central_bank,https://www.finlex.fi/fi/lainsaadanto/1998/214,200,text/html,579245,1a615fc3d2969aa20b092f8244f6818d0d430141d90b4820309b85efaacaa716,2026-09-29
FI,holdings,civil_registry,https://www.finlex.fi/fi/lainsaadanto/2009/661,200,text/html,1496864,45499f26d166915335478677bce3ca2ef6723ea47c5e4c85926db238ddba14b4,2026-09-29
FI,holdings,crisis_management,https://www.finlex.fi/fi/lainsaadanto/2003/262,200,text/html,1154163,27d4421e713cd192db3726271521511ff8b70e7e611728a3078f496521edc4d2,2026-09-29
FI,holdings,crisis_management,https://www.finlex.fi/fi/lainsaadanto/2012/466,200,text/html,313167,ade98cb64a9c125706983b49467858ae000ccd41db025f113c0bf77d775ffdb6,2026-09-29
FI,holdings,customs,https://www.finlex.fi/fi/lainsaadanto/2016/304,200,text/html,1364253,790465e39abff17c682aea12cb1a5703b05111bf4d7807487689f9c69d0da7e9,2026-09-29
FI,holdings,customs,https://www.finlex.fi/fi/lainsaadanto/2019/650,200,text/html,1001893,5e4fd6852a058ae0fe8fe0bd8fe2ca45cffa34913b6d5aee7d61cc275a8c3b8c,2026-09-29
FI,holdings,defence_command,https://www.finlex.fi/fi/lainsaadanto/2019/332,200,text/html,1134927,97afe4079e52f6d5364895600cb47777c51276d451e88a1722390768367fa825,2026-09-29
FI,holdings,digital_identity_credentials,https://www.finlex.fi/fi/lainsaadanto/2016/571,200,text/html,875916,e4e2e61620a24321c877b32092c7dcc93e2516968601e59b1dd159d0f5f43fd7,2026-09-29
FI,holdings,digital_identity_credentials,https://www.sttinfo.fi/tiedote/70085553/digi-ja-vaestotietovirasto-valitsi-vahvan-tunnistamisen-valityspalveluntarjoajaksi-telia-finland-oyjn?publisherId=3777&lang=fi,200,text/html,154782,68a4348dc983dfb8875381335addd69c82f34432cf26322cfba030bdd90f7a61,2026-09-29
FI,holdings,education,https://www.finlex.fi/fi/lainsaadanto/2017/884,200,text/html,1052054,0aa838349591a934c9c67a5bbbf3b1e5d86f0e78c7c3f671aea84e3264a573be,2026-09-29
FI,holdings,electoral_roll,https://www.finlex.fi/fi/lainsaadanto/1998/714,200,text/html,2773262,31723db7de05aa64b7c7bda39ad764d12c17a58fa10f5192e9bd2d792960821b,2026-09-29
FI,holdings,emergency_communications,https://www.finlex.fi/fi/lainsaadanto/2010/692,200,text/html,810669,d35a6dfd85122435bbcbb0f99b818ce80bf56decdfaa8d995801cc063ad027ba,2026-09-29
FI,holdings,emergency_communications,https://www.finlex.fi/fi/lainsaadanto/2015/10,200,text/html,529059,6b1943d02198e15121060a1bca27a61ef2a937e791a883d545377fc77adc47f3,2026-09-29
FI,holdings,extra:government_ict_platform,https://www.finlex.fi/fi/lainsaadanto/2013/1226,200,text/html,354891,07ee89dfb246068a88a34d8d96e2351032655b8bfb17524b6d33602dedf6eef2,2026-09-29
FI,holdings,facial_biometric,https://www.finlex.fi/fi/lainsaadanto/2006/671,200,text/html,830779,0c64f7288bc3ce7175b366f4064e89305e669e2cf544995df257d4aac9e26c62,2026-09-29
FI,holdings,facial_biometric,https://www.finlex.fi/fi/lainsaadanto/2019/616,200,text/html,1392571,a6159322b58a244d121b393b4b812976194c5ca2782adc562504712cbf97783a,2026-09-29
FI,holdings,fingerprint_biometric,https://www.finlex.fi/fi/lainsaadanto/2016/663,200,text/html,681393,efe4fe5ce924a0a8a2b87b6ed6280725975ae414139534e16d7d8d487314a96e,2026-09-29
FI,holdings,firearms_register,https://www.finlex.fi/fi/lainsaadanto/1998/1,200,text/html,2684057,419763dbe45fea30566fc441374d363e807d5627389aa5da8a084f95fbccd65a,2026-09-29
FI,holdings,geospatial,https://www.finlex.fi/fi/lainsaadanto/2009/421,200,text/html,356340,7954d913a4a755323e07a4ad24c34bed5fc1e7427f600f0809152fb8e1f4c28b,2026-09-29
FI,holdings,grid_control,https://www.fingrid.fi/sahkomarkkinat/datahub/,200,text/html,324729,9147566e631747e104443028beff2bc4111eb4839671d08c1a304cfe73205ef1,2026-09-29
FI,holdings,grid_control,https://www.finlex.fi/fi/lainsaadanto/2013/588,200,text/html,2678264,6d31f2621f8d4e9bb6f88a619a2ba0644cd4be5fbdf1a324425dbc4e266e9414,2026-09-29
FI,holdings,health_insurance,https://www.finlex.fi/fi/lainsaadanto/2004/1224,200,text/html,4733266,84ba340bb04db3ce2ec158153f9cec9c89b064f5fa6a6a5a9ba0bda7bdf43426,2026-09-29
FI,holdings,health_records,https://www.finlex.fi/fi/lainsaadanto/2023/703,200,text/html,1637629,a8f0a25a65fe23c4bf1450a21ca2850cf40d28003db0917f28b7418b4107b810,2026-09-29
FI,holdings,health_records,https://www.kanta.fi/tilastot,200,text/html,74876,d868298bbe68d954a8b10edc8f5ec8d2e46aba85c60495690339e398b99566b8,2026-09-29
FI,holdings,indicator:C1,https://www.erillisverkot.fi/palvelut/konesali-ja-suojatilat/,200,text/html,72040,7a4e79a13117bc40807ff2afe41cf60262baea4487a65fb8d90edb7f66883fe1,2026-09-29
FI,holdings,indicator:C2,https://www.erillisverkot.fi/palvelut/virtuaalinen-konesali/,200,text/html,53340,784be47ce9e0a5119b05aefe6a5b4580aad139c21d423a6af6b8f1e10a9adfb2,2026-09-29
FI,holdings,indicator:K1,https://opendata.finlex.fi/finlex/avoindata/v1/akn/fi/act/statute/2009/661/fin@,200,application/xml,186431,41855906b6da7f72b84241fd13d82541d3252193dda8b8d60a599dd1f256c94f,2026-09-29
FI,holdings,indicator:K2,https://dvv.fi/suomi.fi-tunnistus,200,text/html,258869,216b090e92450c2e4f7ef46251ef3f3f2096cda62e0b9b394b0167efe5a25ec4,2026-09-29
FI,holdings,indicator:K2,https://opendata.finlex.fi/finlex/avoindata/v1/akn/fi/act/statute-consolidated/2016/571/fin@,200,application/xml,90772,7b3b957e427f320a3208d55959829a544c2043999a87e9234f1c6854695fb317,2026-09-29
FI,holdings,indicator:L1,https://opendata.finlex.fi/finlex/avoindata/v1/akn/fi/act/statute-consolidated/2015/10/fin@,200,application/xml,63817,a0446979aa7735b75b7b67ae32633e0d0037104bedfa1614af3c68c662c5a990,2026-09-29
FI,holdings,indicator:L2,https://opendata.finlex.fi/finlex/avoindata/v1/akn/fi/act/statute-consolidated/2019/1101/fin@,200,application/xml,39778,432d9b2d1d2ace535f8da886a7353ff416495f0b6e914060a51e5434763b036c,2026-09-29
FI,holdings,intelligence,https://www.finlex.fi/fi/lainsaadanto/1992/110,200,text/html,877499,83da0e1b5198a78f5a45963e987e9ba3eab8cc461466aa565806035b0e557602,2026-09-29
FI,holdings,judicial_criminal,https://www.finlex.fi/fi/lainsaadanto/1993/770,200,text/html,1098105,6503bab6214ed7b952317606ab25fe87b531243b3afb471f22af32ad4318d725,2026-09-29
FI,holdings,judicial_criminal,https://www.finlex.fi/fi/lainsaadanto/2010/372,200,text/html,440669,5746991fe963616a16b3510ab4aa44ba0b0e51e89582614d9a264303ab22ba4a,2026-09-29
FI,holdings,land_property,https://www.finlex.fi/fi/lainsaadanto/2002/453,200,text/html,416822,21ecc30175d70e0cde2b7cda137a5d509156458ed5cd353634405c13f7a3cb8f,2026-09-29
FI,holdings,national_archives,https://www.finlex.fi/fi/lainsaadanto/1994/831,200,text/html,475290,e3507bc42eda7a04972a9200f83258236af9be05d4f6ab500a550a3859277062,2026-09-29
FI,holdings,official_gazette,https://www.finlex.fi/fi/lainsaadanto/2000/188,200,text/html,1495133,c1800aa49a93ef374394967ed6e87cbf2f56780c3d5402eacbcc305fde1854b5,2026-09-29
FI,holdings,public_finance,https://www.finlex.fi/fi/lainsaadanto/1991/305,200,text/html,727992,fcb82a62073af9b10e034666c03d57a2d492a50bdceb76080e2077e9e98c75b6,2026-09-29
FI,holdings,public_health_surveillance,https://www.finlex.fi/fi/lainsaadanto/2016/1227,200,text/html,1260930,367d6d20601514ac89c95e10989836c23e5619476cb2691c81a2fac328a2541e,2026-09-29
FI,holdings,residence_permits,https://www.finlex.fi/fi/lainsaadanto/2020/615,200,text/html,678232,c2d4d99e2ef0d7ec00a7d527e7c3ec918973f0a87fa2de661cbc81d8219473ff,2026-09-29
FI,holdings,statistics_microdata,https://www.finlex.fi/fi/lainsaadanto/2004/280,200,text/html,583541,41de03a4d1b09c5e480ba817ae8649a02c9f0672b8d20842f5ddf20ba5e25da4,2026-09-29
FI,holdings,tax,https://www.finlex.fi/fi/lainsaadanto/2010/503,200,text/html,733624,abd1adcdcd44a16514441ca443e1e9757b66d79d088c86f06a809c5efa17edfe,2026-09-29
FI,holdings,tax,https://www.finlex.fi/fi/lainsaadanto/2018/53,200,text/html,1404393,080f7bdb2e84cbb039736abdaf5a3d95270331ccf5575068fb4b0d9c4a8c0de6,2026-09-29
FI,holdings,vehicle_licensing,https://www.finlex.fi/fi/lainsaadanto/2017/320,200,text/html,5547338,b8ca4b20bd4a26e4b563b0539b347ad7c5dcdce3fab50dd137fc32f80bfd0b83,2026-09-29
FI,holdings,water_control,https://www.finlex.fi/fi/lainsaadanto/2010/620,200,text/html,483819,aae48961a1882f5299d1565e6d46dfd8b3fa99f893b180a9e18a9f1ad3164925,2026-09-29
FI,legal,gazette,https://www.finlex.fi/en/,200,text/html,188547,3f1029d3c52d20d24bf80b9535de9cce3e747ab76271a4e474c3208062f75767,2026-09-11
FR,holdings,beneficial_ownership,https://www.inpi.fr/ressources/formalites-dentreprises/beneficiaires-effectifs,200,text/html,137716,b906fbe17a51013785e7a3bc8ec7117ef8fc6538838125da6ec8355446ba9a0e,2026-09-29
FR,holdings,benefits_pensions,https://www.lassuranceretraite.fr/portail-info/files/live/sites/pub/files/PDF/dossier-institutionnel-2025.pdf,200,application/pdf,1734470,1530baa16944a806d3fbe39b3336844dec0c07797a45e467eddb3d5fe16d16cd,2026-09-29
FR,holdings,benefits_pensions,https://www.securite-sociale.fr/la-secu-cest-quoi/chiffres-cles,error,,0,,2026-09-29
FR,holdings,border_control,https://www.cnil.fr/fr/sis-systeme-dinformation-schengen,200,text/html,109882,5dff3ad4eb6b6dd51c0688171985a2d3785739126713864654169f71abbca088,2026-09-29
FR,holdings,breeder_documents,https://www.diplomatie.gouv.fr/fr/services-aux-francaises-et-aux-francais/vie-administrative-et-elections/etat-civil/missions-du-service-central-d-etat-civil,200,text/html,96823,32fb0a30c03b6ef432a93d1f98b86733689782ed5be965439c91cc2e01504ce5,2026-09-29
FR,holdings,breeder_documents,https://www.senat.fr/rap/l23-577/l23-5773.html,200,text/html,162681,c470c6bda210712095e615dab5f7ab3a9601a794486261301e1287d8e2bad343,2026-09-29
FR,holdings,business_registry,https://www.inpi.fr/decouvrir-inpi/formalites-dentreprises/guichet-unique-formalites-dentreprises-et-registre-national-entreprises,200,text/html,134478,1666ef137a563defe3f4b1c9b135ae4726507cc24ef9379b17ab01a30e052409,2026-09-29
FR,holdings,central_bank,https://www.banque-france.fr/fr/stabilite-financiere/cadre-institutionnel/systemes-operes-banque-de-france,200,text/html,327334,7697c66a5794d042cfa9a70f74baef4437281018164c64729f13ebbf0aa23795,2026-09-29
FR,holdings,civil_registry,https://www.cnil.fr/fr/rnipp-repertoire-national-didentification-des-personnes-physiques,200,text/html,83637,2553ed62d36188db13cddf2c2168026b4a1079a38bc6b6a99c652529d51be94b,2026-09-29
FR,holdings,civil_registry,https://www.insee.fr/fr/information/6665188,200,text/html,135225,cd7613b44473b1b20ccbc9de564381403dd3e1ef9b8e5683fb6204cf82854a31,2026-09-29
FR,holdings,customs,https://www.douane.gouv.fr/professionnels/autres-demarches/demande-dacces-aux-donnees-des-declarations-en-douane,200,text/html,123059,0f6d10ff297c712a21be683d17f096fed63984ee4bcd24cbfd3dc5cca28cbbc2,2026-09-29
FR,holdings,customs,https://www.douane.gouv.fr/professionnels/commerce-international/import-export,200,text/html,142916,4c817d7722891823efebf1353c69965db944c05c10334e6cb77295ff61875e5c,2026-09-29
FR,holdings,defence_command,https://www.senat.fr/rap/r19-506/r19-506_mono.html,200,text/html,2200015,cd92f5aa3aa484796f721f8546618ba4a943eefb64033cd82f147e4cc8a905ca,2026-09-29
FR,holdings,digital_identity_credentials,https://france-identite.gouv.fr/decrets-et-avis-cnil/,200,text/html,97354,f64bc29d964bd9b7d3fdd88bc6616bc2594cc9f31c670f53032f54356c2e5ac1,2026-09-29
FR,holdings,digital_identity_credentials,https://www.franceconnect.gouv.fr/cgu/politique-protection-donnees-personnelles/,200,text/html,25896,44f62c78859c18d44371958a6172b704f66b1d0d0c4544674cd211e71a4ad7ad,2026-09-29
FR,holdings,digital_identity_credentials,https://www.numerique.gouv.fr/sinformer/espace-presse/10-ans-franceconnect/,200,text/html,28181,118f8c86d7e4d43feff67086f7c6f62a054dcf279e86d2c45c9ed58f8df5b231,2026-09-29
FR,holdings,electoral_roll,https://www.insee.fr/fr/information/3539086,200,text/html,69154,e16185be75d69fc8c6de1c147c1a10964d91ec720bacc1b0f5565d6f64cfb35a,2026-09-29
FR,holdings,electoral_roll,https://www.insee.fr/fr/statistiques/8888278,200,text/html,133952,64c124c7eaee6deef08248128f00a2629a1e54fd14748cb9822bc60f4a11701d,2026-09-29
FR,holdings,emergency_communications,https://www.senat.fr/rap/l24-144-329-2/l24-144-329-2_mono.html,200,text/html,325318,e6609e4817fe64a3cd00fbca0f3257a58bd7c8592532d477ef9fadc1b67b16fa,2026-09-29
FR,holdings,extra:health_data_platform,https://www.cnil.fr/fr/snds-systeme-national-des-donnees-de-sante,200,text/html,112871,69dc6cb4e2d50e38740d80b881abfdf79106f9776b7f734d46ce3fa68c351bfb,2026-09-29
FR,holdings,extra:health_data_platform,https://www.health-data-hub.fr/actualites/la-plateforme-des-donnees-de-sante-engage-sa-migration-vers-un-cloud-souverain-avec,200,text/html,49221,fd7a20dec0ac814efc22814aaf3eec8e7ca4c121dc68d895293ff8c4f8e7d6c2,2026-09-29
FR,holdings,facial_biometric,https://www.cnil.fr/fr/le-fichier-des-titres-electroniques-securises-tes,200,text/html,94626,7ca050c934480f03f94647ece88c7a65781756189601e5ed2552c4faa5bdda42,2026-09-29
FR,holdings,firearms_register,https://sia.detenteurs.interieur.gouv.fr/,200,text/html,19371,baed5367b54a6d7be5388db9c66c69b91c2aa3a6b5d76a7da26772de0f888006,2026-09-29
FR,holdings,geospatial,https://adresse.data.gouv.fr/decouvrir-la-BAN,200,text/html,85383,4048273fd401c4945bf6e6ced3ac6167bd3752f276c3cba931e96ac8e22250a6,2026-09-29
FR,holdings,government_payroll,https://www.senat.fr/rap/l24-144-315-1/l24-144-315-1_mono.html,200,text/html,464754,06b1e3b5f11b40d3e1db7a4750deaf8962c07c287a81fbeea611ba7964ac8471,2026-09-29
FR,holdings,grid_control,https://www.rte-france.com/decouvrir-rte/campus-expertise-formation/centre-expertise-teleconduite,200,text/html,125917,d1f82d7d896d4a99e8013a175d6e33b48ed7f420d39ab123396ce47dea7d301d,2026-09-29
FR,holdings,grid_control,https://www.rte-france.com/rte-en-bref,200,text/html,128547,dfab8c4c1e5a780dadc5e3a6994a0712b2b89964b8c4b9b0443a32c73e9ea4d3,2026-09-29
FR,holdings,health_records,https://www.senat.fr/rap/l24-144-328/l24-144-328_mono.html,200,text/html,254072,b3742f98a198fba2f7034657400c1aa47af6ef6fec09b86eebfa5e4b0c1c1511,2026-09-29
FR,holdings,indicator:C1,https://www.numerique.gouv.fr/offre-accompagnement/cloud-administrations/le-cloud-interne/,200,text/html,34210,25deffb5ee86a7a8d7f79d3097ef795a88340f81a44b9d1e04ee98ae7c398f16,2026-09-29
FR,holdings,indicator:K1,https://cyber.gouv.fr/reglementation/reglementation-identite-confiance-numerique/securite-echanges-voie-electronique/reglement-eidas/la-liste-nationale-de-confiance/,200,text/html,29397,cf45cd39e83f8e4ff959a975aa1fc8fc2ac73ae181bdf7ece3e999e6fc77230b,2026-09-29
FR,holdings,indicator:K1,https://messervices.cyber.gouv.fr/visas/tl-fr_v6.xml,200,text/xml,2554095,07578f8f158efcd070c67f47d198f54c94c79a268cbdde567287d7c9701bba16,2026-09-29
FR,holdings,indicator:K2,https://france-identite.gouv.fr/presenter-france-identite/,200,text/html,43686,efd7861c1ea657627daae1324e968e6fd0e653d3201834645cdb8480ac9463a8,2026-09-29
FR,holdings,indicator:K2,https://www.franceconnect.gouv.fr/,200,text/html,29560,07c61061a04fec331abaef7b7ce1dd69faf109902a51705fb07d9900a6675fd1,2026-09-29
FR,holdings,indicator:L1,https://www.numerique.gouv.fr/documents/244/20260204_Vademecum_donnees_sensibles_.pdf,200,application/pdf,297112,1b3504cfc2bbff2414753eb8bcbb1fd992c89f558e66fead93afcc8d5f067738,2026-09-29
FR,holdings,indicator:L2,https://www.sgdsn.gouv.fr/nos-missions/proteger/proteger-le-secret-de-la-defense-nationale,200,text/html,75836,a27e5a93fa0cc7fcc4328d067680f9bf500c795df547b8a433482b13f46b0a8c,2026-09-29
FR,holdings,indicator:L2,https://www.sgdsn.gouv.fr/nos-missions/proteger/proteger-le-secret-de-la-defense-nationale/reforme-de-la-protection-du-secret,200,text/html,69587,3983ff55edfff19cdb42b22902c929a2a754499febe22d1e22eaee3d6111f297,2026-09-29
FR,holdings,indicator:L3,https://www.numerique.gouv.fr/offre-accompagnement/cloud-administrations/la-doctrine-cloud-etat/,200,text/html,32837,55c804a38e905d787a11fa558443ba280570262c06da28f2a45cec5b94e3d865,2026-09-29
FR,holdings,judicial_criminal,https://casier-judiciaire.justice.gouv.fr/,robots-denied,,0,,2026-09-29
FR,holdings,judicial_criminal,https://www.senat.fr/rap/l25-139-317/l25-139-317_mono.html,200,text/html,397960,b1fb13897f393d46a7fb1dac5684420d921f90a969c56b76f8bb750b81627456,2026-09-29
FR,holdings,land_property,https://www.data.gouv.fr/datasets/demandes-de-valeurs-foncieres,200,text/html,161263,f5d213ad5b09865dfabcd46b3d3170d0d538bc558d12700b34e7ec95153c1a38,2026-09-29
FR,holdings,national_archives,https://www.programmevitam.fr/pages/VaS/vas_caracteristiques/,200,text/html,88499,31278aa37ddd05d4a8ab1207903004a0aeab27db66c06a05326d07f16eb3e517,2026-09-29
FR,holdings,national_archives,https://www.programmevitam.fr/pages/presentation/,200,text/html,90200,c35fa8632abc770f13ff2a2d4ca8cc01b1ac9fc8a2ad63ae53f2cfe5246e8a89,2026-09-29
FR,holdings,official_gazette,https://www.dila.premier-ministre.gouv.fr/institution/missions/article/diffusion-legale,200,text/html,70481,06c9f795c9d8835a3b82a7abef9437c350045fdf660fa46124dcc4158bbf2768,2026-09-29
FR,holdings,police_records,https://www.cnil.fr/fr/faed-fichier-automatise-des-empreintes-digitales,200,text/html,93152,4940d83bb04a4cd8b1d9fdcbcaeada53ff3da3181f37d3c662f93a8703ac678c,2026-09-29
FR,holdings,police_records,https://www.cnil.fr/fr/fpr-fichier-des-personnes-recherchees,200,text/html,92117,fe144ef54d7436651a2ccd5f556048dcac027354569078478481e8ee6c5b6380,2026-09-29
FR,holdings,police_records,https://www.cnil.fr/fr/taj-traitement-dantecedents-judiciaires,200,text/html,122969,893127bdc06ee0b657642dcbccfb6b7095cbbfe74b511625725973cbc07a13cf,2026-09-29
FR,holdings,public_health_surveillance,https://www.santepubliquefrance.fr/maladies-a-declaration-obligatoire,200,text/html,214634,becbd2cd090277801e4ffefaf944b5b41e91be563d067d1ff876a04f6de66d03,2026-09-29
FR,holdings,public_health_surveillance,https://www.santepubliquefrance.fr/maladies-a-declaration-obligatoire/textes-reglementaires-lies-aux-maladies-a-declaration-obligatoire,200,text/html,209668,17499fdb83510bd8bb7f1425a2a817ca28650ecb3de5093021c7321e5fc0f3ce,2026-09-29
FR,holdings,public_health_surveillance,https://www.santepubliquefrance.fr/services/e-do-declaration-obligatoire-en-ligne-de-linfection-par-le-vih-et-du-sida-et-de-la-tuberculose,200,text/html,260753,cbf8f45b33bc0715cc8450205b827048e109575be2cbf7bd903b656f6f61ddee,2026-09-29
FR,holdings,residence_permits,https://www.cnil.fr/fr/application-de-gestion-des-dossiers-des-ressortissants-etrangers-en-france-agdref,200,text/html,99281,8940ea39c2db09f99cf3add3c88ff11b5ee2af4810e3da38dd3739b38fb49e5d,2026-09-29
FR,holdings,statistics_microdata,https://www.casd.eu/le-casd/gouvernance-et-missions/,200,text/html,69264,0e8feb3741caa460f58bbd3e94c796fae67c8fbfe70bfc9512fb52b880729ee2,2026-09-29
FR,holdings,statistics_microdata,https://www.casd.eu/technologie/infrastructure/,200,text/html,59529,bca13bb451ea042d10d2a36a285265e9a3ae3bdbd32822bb2dc9b51d61263257,2026-09-29
FR,holdings,tax,https://www.impots.gouv.fr/sites/default/files/media/8_transverse/mentions_legales_protection/2021-03_traitement_donnees_declaration_de_revenu.pdf,200,application/pdf,34289,21e06cb9a42d837b89d1c1dd5c2e8767f6d8dd7baada7707289f694411ec9ed2,2026-09-29
FR,holdings,trust_services_pki,https://crl.justice.gouv.fr/igc/ants/MJ-PC-AC-Racine.pdf,200,application/pdf,632832,481dadb0e42a9553c5b4fa3d423eb20c245d3d77df58d140862462b4f1a1d689,2026-09-29
FR,holdings,vehicle_licensing,https://www.cnil.fr/fr/siv-systeme-dimmatriculation-des-vehicules,200,text/html,90854,0eff9534db1751617ef3b954499c3bcbbe028529b0287c12348c2b9a5a23e719,2026-09-29
FR,legal,certification_scheme,https://cyber.gouv.fr/sites/default/files/document/secnumcloud-referentiel-exigences-v3.2.pdf,200,application/pdf,978091,4d0f37a84f53321ffd210f7b85f02d79b6ff9df75b98aef4d9345109c5d9dbae,2026-09-11
FR,legal,data_classification,https://www.info.gouv.fr/upload/media/content/0001/05/1dbd413d9574bba8df1f282cab4a74f128432209.pdf,200,application/pdf,860901,0e9ee76545df49b6459d6270098bc748088ae23b436243200f165dfce8a77ea9,2026-09-11
FR,legal,gazette,https://www.legifrance.gouv.fr/,403,text/html,0,,2026-09-11
FR,legal,legal_instrument,https://www.numerique.gouv.fr/offre-accompagnement/cloud-administrations/,200,text/html,31991,9ed0a2180b6e7f772c19f3747ede59f1fc8d216a53fcd71fa81791ce9dfad9a0,2026-09-11
HR,holdings,beneficial_ownership,https://www.fina.hr/javne-usluge-za-poslovne-subjekte/registri/registar-stvarnih-vlasnika,200,text/html,138979,ca90e7a99ebc88e32aac35203b9e07bb7c31c4b1509f5389a125f0f0ba92ea7c,2026-09-29
HR,holdings,beneficial_ownership,https://www.fina.hr/javne-usluge-za-poslovne-subjekte/registri/registar-stvarnih-vlasnika/propisi-vezani-za-registar-stvarnih-vlasnika,200,text/html,101027,2b08e86ba5dc62c0a1b4bb445ddc9bea9d11957e5bd218fd45bf2490f85e8e7d,2026-09-29
HR,holdings,benefits_pensions,https://narodne-novine.nn.hr/clanci/sluzbeni/2025_10_127_1836.html,200,text/html,123857,8c77a41d41f14b83f360729ad662f0c9a6715aa07a43171dd44271e70af64e49,2026-09-29
HR,holdings,benefits_pensions,https://www.mirovinsko.hr/hr/maticna-evidencija/238,200,text/html,27188,6f08de4560a0fcbcdd3a85cde91452fd0aeb8c59867cf338be66851ec4d373e8,2026-09-29
HR,holdings,border_control,https://www.zakon.hr/z/450/zakon-o-nadzoru-drzavne-granice,200,text/html,165710,07bfa87aea65aac9266e329c27f85475617b86164c66c3390f7926712d3a51b9,2026-09-29
HR,holdings,breeder_documents,https://narodne-novine.nn.hr/clanci/sluzbeni/2021_10_117_2012.html,200,text/html,89554,cd3b637f0162f52f8dec96d42c3b42985d895db712e8e2fd23445adea874ab43,2026-09-29
HR,holdings,business_registry,https://www.zakon.hr/z/271/zakon-o-sudskom-registru,200,text/html,359514,f89c83e53bb6ccad452f920427cd19fed4f03505db327d160ddb824056417c2c,2026-09-29
HR,holdings,central_bank,https://narodne-novine.nn.hr/clanci/sluzbeni/2022_11_133_2014.html,200,text/html,50374,6c6daaea8f2c0e18c03e0206c37f39b18848794b21470c4287f93fb9684a4729,2026-09-29
HR,holdings,central_bank,https://www.hnb.hr/en/core-functions/payment-system/payment-systems/targe-hr,200,text/html,264355,d0788a3c018df7cf921908de559f7702f6a8ee27d3668edad2ebfc3e858ca9a9,2026-09-29
HR,holdings,central_bank,https://www.hnb.hr/en/statistics/statistical-data/payment-systems,200,text/html,249223,a3de6a30d3426bdb555e72f0dd6af16c73d973ddf3f3c66775172eef272ad975,2026-09-29
HR,holdings,civil_registry,https://narodne-novine.nn.hr/clanci/sluzbeni/2025_04_67_856.html,200,text/html,80843,1b099c0ea90f2ea0f3317bfaac0e20fc8d89bf875019a2ee55c97d5be5b854b2,2026-09-29
HR,holdings,civil_registry,https://www.zakon.hr/z/603/zakon-o-drzavnim-maticama,200,text/html,141512,b5e382b28e64e33f3c9420ce6245eb7be170dc35db38a6ede44427edecd09777,2026-09-29
HR,holdings,crisis_management,https://www.zakon.hr/z/809/zakon-o-sustavu-civilne-zastite,200,text/html,282166,c3b9713f939f86cdfeaac845f362dd768e6ed813bcc9ce001ce74d8f04dc7882,2026-09-29
HR,holdings,customs,https://www.zakon.hr/z/844/zakon-o-provedbi-carinskog-zakonodavstva-europske-unije,200,text/html,259446,4c92433fb130e5e73ab5113b90ae806446f40f9eb49a320e174dcb4e867b78fe,2026-09-29
HR,holdings,defence_command,https://www.zakon.hr/z/334/zakon-o-obrani,200,text/html,462002,a08e6545cf6e468f42abf3ccacb5bc59e24dde7168ca6263cafffc1441620fe0,2026-09-29
HR,holdings,digital_identity_credentials,https://narodne-novine.nn.hr/clanci/sluzbeni/2014_07_92_1840.html,200,text/html,49951,68592cf209612e478153fd068e6325f1c8ef0dbc40fb3aa96fb7f4fe24aeecb6,2026-09-29
HR,holdings,digital_identity_credentials,https://nias.gov.hr/Home/TermsOfUse,200,text/html,35362,ce8c63a1598ed0e3acdc66e36b3fa5a3bc7c0262e4a0a9254ceb2d36d5e13ce2,2026-09-29
HR,holdings,digital_identity_credentials,https://www.bug.hr/servisi/sustav-e-gradjani-koristi-preko-dva-milijuna-korisnika-44202,200,text/html,107395,1d55f4d9e3545ce04c77675bfdd39c06d46956d5e6d1e4c387641987e3d2c9c5,2026-09-29
HR,holdings,digital_identity_credentials,https://www.safu.hr/uspostavom-centra-dijeljenih-usluga-omogucena-ucinkovitija-javna-uprava-bolja-dostupnost-servisa-i-veca-sigurnost-podataka/,200,text/html,182966,55752c7bb04ece0da39ee5c85bdf0c84492d7fc7e6032812c26d60ce2c7c44bf,2026-09-29
HR,holdings,education,https://narodne-novine.nn.hr/clanci/sluzbeni/2023_03_36_614.html,200,text/html,81113,75936962221513a46682497235e16f4a8e8ff557e7770b1cc7dde1ce808065ae,2026-09-29
HR,holdings,education,https://www.carnet.hr/projekt/e-matica-2/,200,text/html,237246,dd4abd905de8427a18fec73a00620f6c818412d153e3e61a040b62e74f9815c7,2026-09-29
HR,holdings,education,https://www.zakon.hr/z/317/zakon-o-odgoju-i-obrazovanju-u-osnovnoj-i-srednjoj-skoli,200,text/html,460636,5bfb0db3b9dc453a4f423bbc35557cf56b1b84d57f7248c01384c4f2de9401f6,2026-09-29
HR,holdings,electoral_management,https://www.zakon.hr/z/354/zakon-o-drzavnom-izbornom-povjerenstvu,200,text/html,107480,f3c3a0a346f0948924ede108b475dce5ff2cc1bccd125b7d6a0ffa2218e411f8,2026-09-29
HR,holdings,electoral_roll,https://narodne-novine.nn.hr/clanci/sluzbeni/2012_12_144_3073.html,200,text/html,74731,87a689f6e7637447ea2a6f364884ff3cb62d7994822f960110f87bc47fdc8a32,2026-09-29
HR,holdings,electoral_roll,https://vijesti.hrt.hr/hrvatska/drzavni-tajnik-rukavina-hrvatska-ima-36-milijuna-biraca-12758649,200,text/html,114651,3533388cf80536d68295990729354c84e5abd3339def58638f8239dae77ebaae,2026-09-29
HR,holdings,emergency_communications,https://civilna-zastita.gov.hr/sustav-112/112,200,text/html,18272,5e75da8167a91c530c1d18636ed78316c1cb47ae03928745b871483cbfb6ce4d,2026-09-29
HR,holdings,emergency_communications,https://mup.gov.hr/vijesti-8/pusten-u-rad-novi-komunikacijski-sustav-tetra/1537,200,text/html,104220,a750a8c3a79f3ca901cbdd2416818c73fffe1303ad3fdb33fa8ef7524ee776df,2026-09-29
HR,holdings,extra:government_shared_cloud,https://mpudt.gov.hr/istaknute-teme-11/projekti/eu-projekti/uspostava-centra-dijeljenih-usluga/28824,200,text/html,98221,1d36b39e87f0e8870bb5d7c4419c04cec6c4be13003c0de14647c88862bcb972,2026-09-29
HR,holdings,facial_biometric,https://narodne-novine.nn.hr/clanci/sluzbeni/2019_01_2_39.html,200,text/html,104511,17fcec414c6c721d507351d85a75d114fc8a322917b000b3785bdfae7599b7ff,2026-09-29
HR,holdings,facial_biometric,https://narodne-novine.nn.hr/clanci/sluzbeni/2020_12_144_2768.html,200,text/html,67173,f7fcbdec9ea2db2a2175dae895c4b811f64f975d71fef3470b71e91757a591ef,2026-09-29
HR,holdings,facial_biometric,https://www.zakon.hr/z/2431/zakon-o-obradi-biometrijskih-podataka,200,text/html,96078,80cc3b4fdc2926e73f7aef68c201025e3fd9fc036f401baddeef20d4d0a3dc2a,2026-09-29
HR,holdings,fingerprint_biometric,https://narodne-novine.nn.hr/clanci/sluzbeni/full/2015_06_62_1189.html,200,text/html,51551,5b56ad6e97887e43d63214106fda4edd0e1d3601abab1a2b3e7fc5ddc14072e3,2026-09-29
HR,holdings,firearms_register,https://www.zakon.hr/z/1161/zakon-o-nabavi-i-posjedovanju-oruzja-gradana,200,text/html,235007,5ac45faa1b96f26e8ac147963ba7801a7424e59d0fe70b6329dcf3ca1ef14747,2026-09-29
HR,holdings,geospatial,https://www.zakon.hr/z/156/zakon-o-drzavnoj-izmjeri-i-katastru-nekretnina,200,text/html,375717,95c523b26b2ebb32ac7c27d04e8317bac021c5ffb757ec5341118a394759a536,2026-09-29
HR,holdings,government_payroll,https://narodne-novine.nn.hr/clanci/sluzbeni/2023_06_59_997.html,200,text/html,65109,30fc2e05efb4ef10abca24b4f6697154ec9401c076511c6c263b3d5ac2f7b9bd,2026-09-29
HR,holdings,grid_control,https://www.hep.hr/hep-operator-prijenosnog-sustava-postao-hrvatski-operator-prijenosnog-sustava/1174,200,text/html,43756,43e9c377dacd3e60ecee47660da4d2a3fc11d9cfa60ae2866b27947d9482a827,2026-09-29
HR,holdings,grid_control,https://www.zakon.hr/z/377/zakon-o-trzistu-elektricne-energije,200,text/html,614404,dce1e566168d7fdda61ac4464e334d4eb3a47a5cb5b68d44336814a6dea532df,2026-09-29
HR,holdings,health_insurance,https://www.zakon.hr/z/192/zakon-o-obveznom-zdravstvenom-osiguranju,200,text/html,428838,3b25a0d754fed6ab3cc9cd4b889d754af0dbdcd9334266099e5efa0084de236f,2026-09-29
HR,holdings,health_records,https://www.zakon.hr/z/1883/zakon-o-podacima-i-informacijama-u-zdravstvu,200,text/html,135488,0fde1343c1f41bd661a22ae8d3abf2ae7f9ed0ab94796c8bd8b65b1c018b2d2e,2026-09-29
HR,holdings,indicator:K1,https://www.akd.hr/hr/o-nama/tvrtka-osnovni-podaci,200,text/html,32846,475a77d4d661ccea86c51872b41632fde584b4e6d981b8b7f7cd282e17945af4,2026-09-29
HR,holdings,indicator:K1,https://www.fina.hr/o-nama,200,text/html,208721,baa9a29bc04445ee4765d6aebc4eae34fe4be933179214640467c4b4cc2f0f1f,2026-09-29
HR,holdings,indicator:L1,https://mpudt.gov.hr/centar-dijeljenih-usluga-cdu-drzavni-oblak-koji-pokrece-digitalnu-hrvatsku/30983,200,text/html,24867,06b06b0d7cb373bc96620a7e9545ba9cc61ac9962665f8b3406e00abc3c1e4ad,2026-09-29
HR,holdings,indicator:L1,https://narodne-novine.nn.hr/clanci/sluzbeni/2014_07_92_1840.html,200,text/html,49951,0812e65760051b2445cd82a1e3cec59f435cf5948d80b8cf5afe54b97b7e629e,2026-09-29
HR,holdings,indicator:L2,https://www.zakon.hr/z/217/Zakon-o-tajnosti-podataka,200,text/html,105716,5b6d526e1e11292a8c6a4c324c0230a3c23fe1b5954df5a2093e5ba15fa70dea,2026-09-29
HR,holdings,intelligence,https://www.zakon.hr/z/744/zakon-o-sigurnosno-obavjestajnom-sustavu-republike-hrvatske,200,text/html,241877,dabdd4efe058ead961b6150d1abc9dbefa0efce2344ade09a409669320b6a5aa,2026-09-29
HR,holdings,issuance_history,https://www.zakon.hr/z/448/zakon-o-putnim-ispravama-hrvatskih-drzavljana,200,text/html,173928,4670eaae511a89b9b81ed6c3a23b0d7ee9dd518b466aa78c83664b11ca1f04ca,2026-09-29
HR,holdings,judicial_criminal,https://narodne-novine.nn.hr/clanci/sluzbeni/2012_12_143_3030.html,200,text/html,56245,74dcfe594573debe4fd708e2305d1c1580c58deb6e0e836eedd7ce2c960d91e3,2026-09-29
HR,holdings,land_property,https://dgu.gov.hr/zajednicki-informacijski-sustav-zemljisnih-knjiga-i-katastra/161,200,text/html,19898,23a891d4924468a3f30bdf51092d1eeb05dde03b2d36041b61d7f3e9faa6e32d,2026-09-29
HR,holdings,land_property,https://www.zakon.hr/z/103/zakon-o-zemljisnim-knjigama,200,text/html,445672,69d7ec8e3416af7f425456dc624a81a9eb91e0a4696ebde02fef9e046a9c3970,2026-09-29
HR,holdings,national_archives,https://www.zakon.hr/z/373/zakon-o-arhivskom-gradivu-i-arhivima,200,text/html,180018,d0af1d6a24b6556eec724336e38e028504bdbdc2ffbe0576c9101ccd567507ac,2026-09-29
HR,holdings,official_gazette,https://zakonodavstvo.gov.hr/pravila-objave-zakona-drugih-propisa-i-akata-u-narodnim-novinama-sluzbenom-listu-republike-hrvatske/517,200,text/html,26348,a3205b6f9368d0393e20ffb81bdef552ef825765eb2368348dc3420ed5ca467b,2026-09-29
HR,holdings,police_records,https://www.zakon.hr/z/173/zakon-o-policijskim-poslovima-i-ovlastima,200,text/html,258143,7740d95544588b359afb08c2462c6a851b77c371eb6c6f17953ff50ab8867be6,2026-09-29
HR,holdings,public_finance,https://mfin.gov.hr/istaknute-teme/drzavna-riznica/103,200,text/html,19543,c616e42170cb61ec2dcf6d1bc7425dbaca2da8580b54289f67eff668adf1cbca,2026-09-29
HR,holdings,public_finance,https://www.zakon.hr/z/283/zakon-o-proracunu,200,text/html,426712,ba8482baa3b9ce3095a01fe3d120bd3d87b102f8dd0d4db04da5cf8b5532ac44,2026-09-29
HR,holdings,residence_permits,https://www.zakon.hr/z/142/zakon-o-strancima,200,text/html,883275,8b9db4bc7cc4062a6b37c89912adeea424123256a8b57093e9d2a56caeca572a,2026-09-29
HR,holdings,statistics_microdata,https://www.zakon.hr/z/531/zakon-o-slu%C5%BEbenoj-statistici,200,text/html,232622,230c2ca293d0d5083adce67b7e5c7a8129f513a66fdea69685705a6557eafe75,2026-09-29
HR,holdings,tax,https://www.zakon.hr/z/419/zakon-o-poreznoj-upravi,200,text/html,132419,123e7b74ff01a89e88c8129bc10c9d6c0068a9c0a27263f7630f3c000fe50be6,2026-09-29
HR,holdings,tax,https://znakovi.hgk.hr/proizvod/usluga-podatkovnog-centra-apis-it/,200,text/html,20364,6d15f40098aff271b635f5a3a68e83e394f0f3d85fd4cec7cf9b086436185fb2,2026-09-29
HR,holdings,trust_services_pki,https://narodne-novine.nn.hr/clanci/sluzbeni/2017_06_62_1430.html,200,text/html,81511,694a5c9bcbcac6a86f30d36fe992016186d8a81090acf288e47a3313b71c3ab3,2026-09-29
HR,holdings,trust_services_pki,https://www.eid.hr/hr/certifikati/akd-pki,200,text/html,30183,fc7e555a5532ef5bc801e4d04d6407d387ae07e6d209b3cb84be3d0952e3eb40,2026-09-29
HR,holdings,trust_services_pki,https://www.fina.hr/vjerujte-fini,200,text/html,105987,58d48f2cda93714771d16b8c8176e3392f70ca3d9cfabf974a2b6049503926c3,2026-09-29
HR,holdings,vehicle_licensing,https://narodne-novine.nn.hr/clanci/sluzbeni/full/2017_12_130_2993.html,200,text/html,116992,49244d9dce84ff9368a660cd39a3e534142bfa09ab3884868258c1edd17568d5,2026-09-29
HR,holdings,water_control,https://www.zakon.hr/z/124/zakon-o-vodama,200,text/html,616562,30339b6ff574056ac6bfd6a75cc3fe401dc4d79ebd2d7cae152a0ffbbb6084d1,2026-09-29
HR,legal,gazette,https://narodne-novine.nn.hr/,200,text/html,585210,196b52834783948204eeb409fb6c73e4613a3f708df126e4d55320768c200175,2026-09-11
HU,holdings,authentication_audit_log,https://dap.gov.hu/adatkezelesi-tajekoztato,200,text/html,93763,8dececb31c37081bf40442838224089627343396021f7e6057f2657e2d7de578,2026-09-29
HU,holdings,beneficial_ownership,https://net.jogtar.hu/jogszabaly?docid=A2100043.TV,200,text/html,152490,86019af04bbc5080cb451393c903e9e453b216b47b4fc69efc01261c1ba7de8f,2026-09-29
HU,holdings,benefits_pensions,https://net.jogtar.hu/jogszabaly?docid=99700081.TV,200,text/html,454723,9ba3608dfdb7e39579088d66d1ad9fb834420f2e45a523cfc8d957c053178aa1,2026-09-29
HU,holdings,benefits_pensions,https://net.jogtar.hu/jogszabaly?docid=99700168.KOR,200,text/html,416907,6da06df2fbcf74de1fab126f9ad5436bc9b74473fd86e09b9a0332123d59483f,2026-09-29
HU,holdings,border_control,https://net.jogtar.hu/jogszabaly?docid=A1200181.TV,200,text/html,246239,ae4562c80202add6e116e50c653e8c5c2abaa5c04f665c3c8aec6471bbb53917,2026-09-29
HU,holdings,breeder_documents,https://net.jogtar.hu/jogszabaly?docid=99300055.TV,200,text/html,195616,53d0c8c9e54bf4530cb3620bd0c361ee130b6097444e479c4a61720599d88d5f,2026-09-29
HU,holdings,business_registry,https://net.jogtar.hu/jogszabaly?docid=A0600005.TV,200,text/html,928098,198c5699b6824d194d6b6fc90cc4da84969b3ec3165aaa588b19c0d372639e48,2026-09-29
HU,holdings,business_registry,https://net.jogtar.hu/jogszabaly?docid=A1700467.KOR,200,text/html,89215,5a8bced6eac3fb6f649e93b7084a0d5cd5e14ccff2c90c7e9a53cf7a3db009d1,2026-09-29
HU,holdings,central_bank,https://net.jogtar.hu/jogszabaly?docid=A1300139.TV,200,text/html,1087324,1dce992c4e126634c2d87149a12ccde5551cf5bafd677753049732d6a869e179,2026-09-29
HU,holdings,central_bank,https://www.mnb.hu/penzforgalom/azonnalifizetes,200,text/html,278755,06230163e9fd8b1b2085f75215afaa81f05ed570e69f91e615404a0153967f37,2026-09-29
HU,holdings,civil_registry,https://net.jogtar.hu/jogszabaly?docid=99200066.tv,200,text/html,596359,42bdda4e82ffd2557a18d5a7a7236ebfb75051f0d3496c3672ab409be36e6f2c,2026-09-29
HU,holdings,civil_registry,https://net.jogtar.hu/jogszabaly?docid=A1000001.TV,200,text/html,557119,2218059db6291bdd62c75bae0f16b1897de515b2b13ae68f919ee960383330d9,2026-09-29
HU,holdings,civil_registry,https://net.jogtar.hu/jogszabaly?docid=A2600090.KOR,200,text/html,692378,79f3e3e1caf89fb323eb54f93e21efb2e7501cafce0e7dd9c3237ec7006fb425,2026-09-29
HU,holdings,civil_registry,https://www.idomsoft.hu/rolunk/tortenetunk,200,text/html,193526,9275fcdb6fa2e05637d474783f7e62656325da031d24604923ecc2f3dcdd0b7b,2026-09-29
HU,holdings,civil_registry,https://www.idomsoft.hu/termekek,200,text/html,130901,1e5b0cd5a781bafe4c3d2b10bd7abc3a742cca8bba3858f59d47e467e935360c,2026-09-29
HU,holdings,crisis_management,https://net.jogtar.hu/jogszabaly?docid=A1100128.TV,200,text/html,289733,7e2f196843e7e7f0560e5b54760534d9dabe18d7ec5fd26a520321b9bfc072d0,2026-09-29
HU,holdings,customs,https://net.jogtar.hu/jogszabaly?docid=A1700152.TV,200,text/html,695135,2bb574cd56a70e435634a722f1a64b9d30273fdbb12ac7cb91bbef07ca97d749,2026-09-29
HU,holdings,defence_command,https://net.jogtar.hu/jogszabaly?docid=A2100140.TV,200,text/html,433622,8f074febc44be0b2e6c5c3a11b1f3fac76ddfb795888243760bd9cc441f970b0,2026-09-29
HU,holdings,digital_identity_credentials,https://net.jogtar.hu/jogszabaly?docid=A2300103.TV,200,text/html,553557,3261d0e2b5a7b5d47bd6d9c9aa03cacd79e6494261bef529e1d7b0757b076637,2026-09-29
HU,holdings,education,https://net.jogtar.hu/jogszabaly?docid=A1100190.TV,200,text/html,959727,93bcc60d682d54404324962dd66a67bcf604382c92efd9510775a73b78486d50,2026-09-29
HU,holdings,education,https://net.jogtar.hu/jogszabaly?docid=A1800089.TV,200,text/html,386084,48af9e6dd1fbcd4cf4f40f5dba26ef23a05f3cc8b2b480c0a73d906e270be20e,2026-09-29
HU,holdings,electoral_roll,https://net.jogtar.hu/jogszabaly?docid=A1300036.TV,200,text/html,913132,272a7d2285ff7615f3bc70a6d5509291e6d21ec46472a3365b5743b83e6efd9a,2026-09-29
HU,holdings,emergency_communications,https://net.jogtar.hu/jogszabaly?docid=A1000346.KOR,200,text/html,275220,893f00cc9e436c8dad84e5e2c88430b4225e15b268fdd1495fcf3c6e23f07f90,2026-09-29
HU,holdings,facial_biometric,https://net.jogtar.hu/jogszabaly?docid=99800012.TV,200,text/html,275630,dcdafa32620dca143c6fa91b6e692f7ccea46eb9c43dd6dae8ac184b0d4cb637,2026-09-29
HU,holdings,facial_biometric,https://net.jogtar.hu/jogszabaly?docid=A1500188.TV,200,text/html,185032,4b15dd88555c69b4636de6aa6f7e8760cb92925df921d8ccc20776062075c80a,2026-09-29
HU,holdings,fingerprint_biometric,https://kormany.hu/nyilvantartasok/biometrikus-utlevel/tajekoztato-az-uj-e-utlevelrol,200,text/html,210156,efccb17d373f26805c247c34a877fb6b769aaf025c190098661a6b2f897ed829,2026-09-29
HU,holdings,firearms_register,https://net.jogtar.hu/jogszabaly?docid=A0400024.TV,200,text/html,285579,d0d88021768034cd2d3bf72072de8374b192f73193ef62e86c6ede6cd2f2cef4,2026-09-29
HU,holdings,grid_control,https://mavir.hu/web/mavir/rolunk,robots-denied,,0,,2026-09-29
HU,holdings,grid_control,https://net.jogtar.hu/jogszabaly?docid=A0700086.TV,200,text/html,1690156,c4b503f3bc1ad847dafd48527842b92a513fa92a3372832b88098f5e6c99d593,2026-09-29
HU,holdings,health_insurance,https://net.jogtar.hu/jogszabaly?docid=A1600386.KOR,200,text/html,98696,4a3d443e64c8e88cdd47c70e407cca143b14b87f85ac4306a56ea3682355c842,2026-09-29
HU,holdings,health_records,https://net.jogtar.hu/jogszabaly?docid=99700047.TV,200,text/html,552154,243427fc0e6ba99e9f0096db54e56f56dff6f97591c6b9f760b854ae193aebbf,2026-09-29
HU,holdings,health_records,https://net.jogtar.hu/jogszabaly?docid=A2200029.KOR,200,text/html,114663,f918ed44a346bc758a3973859029135da70f17feae86dcb96f3ecb48188d69a6,2026-09-29
HU,holdings,indicator:C1,https://nisz.hu/szolgaltatasaink,error,,0,,2026-09-29
HU,holdings,indicator:C1,https://www.dmu.gov.hu/rolunk,200,text/html,208713,c49c8d7fc7b2ca05699e398b91fd333c726e31b9b3c2498ce5e921108d3debcb,2026-09-29
HU,holdings,indicator:K1,https://hiteles.gov.hu/cikk/185/kormanyzati_hitelesites_szolgaltato,200,text/html,31401,f14b99e17bf65ee29986c5c54749d1bbe506ebcff563c401b37d8003b7c13466,2026-09-29
HU,holdings,indicator:K1,https://nisz.hu/rolunk/cegbemutato,error,,0,,2026-09-29
HU,holdings,indicator:K2,https://net.jogtar.hu/jogszabaly?docid=a2300103.tv,200,text/html,552636,cb420ac7a4a3681bd4e1f809ab1c1aa9fb8d2a551db9f1a77b876205879bd0bd,2026-09-29
HU,holdings,indicator:K2,https://www.dmu.gov.hu/cikkek/portfolio,200,text/html,238490,79b5bfa6c5ad0ec0c491fdf8bd949fcba50ed027c8a1e09ef5fbbdcc8e36ca11,2026-09-29
HU,holdings,indicator:L1,https://net.jogtar.hu/jogszabaly?docid=a2400069.tv,200,text/html,554761,fc77346144e15526d06db22458bd1c8de4cc29a134ab8ad8e41386a3b4e4addc,2026-09-29
HU,holdings,indicator:L1,https://net.jogtar.hu/jogszabaly?docid=a2400418.kor,200,text/html,427042,d1e259724aa777d5e510b9ff4bae2aef83a76af95bc56d5968fe0a1ec141af2a,2026-09-29
HU,holdings,indicator:L2,https://net.jogtar.hu/jogszabaly?docid=a0900155.tv,200,text/html,210229,439766851c374032d099587b49a21fe0db43744d0c91858726129f6bb0610c3c,2026-09-29
HU,holdings,indicator:L3,https://nki.gov.hu/hatosag/tartalom/felho/,200,text/html,104848,110539d414978f3814e9b1f2b04d53f3e6c44e88c1a2529749a8b58fe13a1ee2,2026-09-29
HU,holdings,intelligence,https://net.jogtar.hu/jogszabaly?docid=99500125.TV,200,text/html,705455,2f0016712bfc19ffbe7cd4fd46529183b50c9fe7dddf6d0ca4964d938f2eb560,2026-09-29
HU,holdings,issuance_history,https://net.jogtar.hu/jogszabaly?docid=A2400320.KOR,200,text/html,74743,70527be9ce443dad96f1b1a0e7b7efc11c9987c19713873ec96ff7a8805d7cf0,2026-09-29
HU,holdings,judicial_criminal,https://net.jogtar.hu/jogszabaly?docid=A0900047.TV,200,text/html,660000,1ccc6091b7bfcb781acfe64ae5a77daaedafb4a1e4a781e4ff671f44ab305ddd,2026-09-29
HU,holdings,land_property,https://net.jogtar.hu/jogszabaly?docid=A1600383.KOR,200,text/html,507589,4bd253479e81879f48a701708663b6faac3282336e41fb54de941e615bfc8375,2026-09-29
HU,holdings,land_property,https://net.jogtar.hu/jogszabaly?docid=A2100100.TV,200,text/html,332148,f58c79c738128e321cebcdc3de33e96deada48ea8caa82f0550c2cc7418bddd4,2026-09-29
HU,holdings,national_archives,https://net.jogtar.hu/jogszabaly?docid=99500066.TV,200,text/html,247594,19efff309607ab11a81ff8c9f64b614d059acc01eddedcbb2a16577b30b23ec1,2026-09-29
HU,holdings,official_gazette,https://net.jogtar.hu/jogszabaly?docid=A1000130.TV,200,text/html,168548,557ab8bc0adfedcd20fc80d72740f806b1266aa29e7215a73f859554efbbe8c4,2026-09-29
HU,holdings,official_gazette,https://net.jogtar.hu/jogszabaly?docid=A1900005.IM,200,text/html,104492,5b82bb7aba79af4100f02a5bd9ec531abb0ce907f58b273e2ffe152a79f5aab9,2026-09-29
HU,holdings,police_records,https://net.jogtar.hu/jogszabaly?docid=99400034.TV,200,text/html,898283,fa461a8ba4ec52f56c5c3afc19f99eef0e3c9658ac1a01759059acc211c502d9,2026-09-29
HU,holdings,public_finance,https://net.jogtar.hu/jogszabaly?docid=A1100195.TV,200,text/html,951208,d855ea4c55e86e6c496fd9acb6198c29b296c9954fe6f7ec73a721956b08fd2d,2026-09-29
HU,holdings,public_health_surveillance,https://net.jogtar.hu/jogszabaly?docid=99700154.TV,200,text/html,1515068,417e3f3191b793e731be1824219c6be5752d1cc97c3ffa3e25e8cf2d157879dc,2026-09-29
HU,holdings,public_health_surveillance,https://net.jogtar.hu/jogszabaly?docid=99800018.NM,200,text/html,1427714,70e980eebda5025a4df361f3960eef262770f579a1518f3ad02831a573f6347b,2026-09-29
HU,holdings,residence_permits,https://net.jogtar.hu/jogszabaly?docid=A2300090.TV,200,text/html,994179,bc22af83841b9305289c4784955b283d0b67cc5b3319f8a4fe42a11d7dba5f3f,2026-09-29
HU,holdings,statistics_microdata,https://net.jogtar.hu/jogszabaly?docid=A1600155.TV,200,text/html,209147,5d8934615672b256bcba29e8b215f604e1ee90a1766eb852e1d822859a29f527,2026-09-29
HU,holdings,tax,https://net.jogtar.hu/jogszabaly?docid=A1000122.TV,200,text/html,443489,720700751a498023073235fc79a9b340abb6705cb8bf2163e418be230011ef68,2026-09-29
HU,holdings,tax,https://net.jogtar.hu/jogszabaly?docid=A1700150.TV,200,text/html,1237425,1caae2950b362758748ed3a967603f31d41dc20f3b7c6602994b934fdc498394,2026-09-29
HU,holdings,trust_services_pki,https://kormany.hu/nyilvantartasok/biometrikus-utlevel/tajekoztato-a-csca-tanusitvanyrol,200,text/html,895492,cb79af5213d8f50cf8903aa0fe70a3006ad7d350d646a6e75aba1c4f0a7a0b42,2026-09-29
HU,holdings,vehicle_licensing,https://net.jogtar.hu/jogszabaly?docid=99900084.TV,200,text/html,411693,2fbf49cf5ff9f4977c18806f5f97c456432b91e465b25e362e991b2382b271f5,2026-09-29
HU,holdings,water_control,https://net.jogtar.hu/jogszabaly?docid=99500057.TV,200,text/html,534826,8064bee3bd70f295dc0e7820ed1a128e69b5b86ddf595e97a2466253c127035b,2026-09-29
HU,legal,gazette,https://njt.hu/,error,,0,,2026-09-11
IE,holdings,beneficial_ownership,https://www.irishstatutebook.ie/eli/2019/si/110/made/en/print,200,text/html,144606,45ca1e0b79cbac111220685f75cf00da8e01f2f301d7177349629d396eff952b,2026-09-29
IE,holdings,benefits_pensions,https://assets.gov.ie/static/documents/0787e49b/20260520_2024_Annual_Statistics_Report.pdf,200,application/pdf,4401257,ecb4b843fd4bc775a09322cfe4055c3c5c0f3ff53b6f193c19d4afcf05aa2a13,2026-09-29
IE,holdings,benefits_pensions,https://www.gov.ie/en/department-of-social-protection/publications/service-delivery-modernisation-and-bomi-development-programme/,403,text/html,0,,2026-09-29
IE,holdings,benefits_pensions,https://www.irishstatutebook.ie/eli/2005/act/26/enacted/en/print,200,text/html,2923402,cee14dbd9d955f315c148de2773c024fc0be83d6bb26d44ef27f4f7dbf205959,2026-09-29
IE,holdings,border_control,https://www.garda.ie/en/about-us/our-departments/garda-national-crime-security-intelligence-service1/schengen-information-system-sis-/when-was-it-introduced-.html,200,text/html,76885,7bec672b9a7fbaf3b2ce269c1a9cde20934248f448ce9b5543025315128de329,2026-09-29
IE,holdings,border_control,https://www.gov.ie/en/department-of-justice-home-affairs-and-migration/press-releases/minister-humphreys-and-garda-commissioner-harris-mark-six-months-of-irelands-connection-to-schengen-information-system-sis-ii/,403,text/html,0,,2026-09-29
IE,holdings,breeder_documents,https://www.gov.ie/en/department-of-justice-home-affairs-and-migration/press-releases/record-numbers-receive-irish-citizenship-decisions-in-2024/,403,text/html,0,,2026-09-29
IE,holdings,breeder_documents,https://www.ireland.ie/en/dfa/citizenship/born-abroad/registering-a-foreign-birth/,403,text/html,0,,2026-09-29
IE,holdings,breeder_documents,https://www.irishstatutebook.ie/eli/1956/act/26/section/27/enacted/en/html,200,text/html,30508,1a3764f6b5a9147405772b951fc2fa8e7c77f41f06b36e1aaa6697bfb4f87fb3,2026-09-29
IE,holdings,business_registry,https://enterprise.gov.ie/en/who-we-are/offices-agencies/companies-registration-office-cro-.html,200,text/html,27107,e2e5b1f4f72d724b8fc6c16505665325118f35f7a8b0fb117eebc5aceaeb29c4,2026-09-29
IE,holdings,business_registry,https://www.irishstatutebook.ie/eli/2014/act/38/section/887/enacted/en/html,200,text/html,39873,adde90936ff423824d668041bbf19b533031e85abb228d0d2c1e4c8e7875aa8f,2026-09-29
IE,holdings,central_bank,https://www.centralbank.ie/docs/default-source/publications/corporate-reports/annual-reports/annual-report-2025-and-annual-performance-statement-2025-2026.pdf,200,application/pdf,4089721,a550cc63d2face182be97526604ad071a58bf6049e2b4ac438141f2b6b202a2c,2026-09-29
IE,holdings,central_bank,https://www.centralbank.ie/financial-system/payments-and-securities-settlements/target-services/t2,200,text/html,115243,fef16712ad0e6e58cf1c0495e25202c9f62a8d53446e397d8dbf798b94a14c14,2026-09-29
IE,holdings,civil_registry,https://www.gov.ie/en/department-of-social-protection/organisation-information/about-the-general-register-office/,403,text/html,0,,2026-09-29
IE,holdings,civil_registry,https://www.gov.ie/en/department-of-social-protection/policy-information/public-service-identity/,403,text/html,0,,2026-09-29
IE,holdings,civil_registry,https://www.irishstatutebook.ie/eli/2004/act/3/section/13/enacted/en/html,200,text/html,33512,f5e2d8345fca712c5ad75260d3d84cfad602e1222512fa38643aadf73d5d0665,2026-09-29
IE,holdings,civil_registry,https://www.irishstatutebook.ie/eli/2005/act/26/section/262/enacted/en/html,200,text/html,41091,922f5f1a47931a7a312e37b6a81761f9f86a1308a1a59eafaa84cd22e822a467,2026-09-29
IE,holdings,crisis_management,https://www.gov.ie/en/department-of-defence/organisation-information/office-of-emergency-planning/,403,text/html,0,,2026-09-29
IE,holdings,crisis_management,https://www.gov.ie/en/department-of-defence/publications/strategic-emergency-management-national-structures-and-framework/,403,text/html,0,,2026-09-29
IE,holdings,customs,https://www.irishstatutebook.ie/eli/2015/act/18/enacted/en/print,200,text/html,397830,829401657eb9a7ce78ad1b36e41b15a7d4e768444e23d135cb8581cd2184d08d,2026-09-29
IE,holdings,defence_command,https://assets.gov.ie/static/documents/54a1dec6/Department_of_Defence_and_Defence_Forces_Annual_Report_2024_English_DNet.pdf,200,application/pdf,13310248,956f944f688f161e7e23ac3445ee3cd3e24105a8658e459dd3ab26e75315b5c3,2026-09-29
IE,holdings,defence_command,https://www.irishstatutebook.ie/eli/1954/act/18/enacted/en/html,200,text/html,225472,2ccd936ef3969de15c1d93451970ddde9c5ad48b65aec124d361e2e24e7d3c0f,2026-09-29
IE,holdings,digital_identity_credentials,https://www.gov.ie/en/department-of-social-protection/policy-information/mygovid/,403,text/html,0,,2026-09-29
IE,holdings,digital_identity_credentials,https://www.gov.ie/en/department-of-social-protection/press-releases/3-millionth-person-registers-for-a-mygovid-account/,403,text/html,0,,2026-09-29
IE,holdings,electoral_management,https://assets.gov.ie/312963/3e85cb42-027b-4ede-8249-20112f9f652c.pdf,200,application/pdf,1118091,4af99c1c5a478d9c594ec572b4128821ec0ae453f12374bf20b7b4a37d7f67ac,2026-09-29
IE,holdings,electoral_management,https://www.irishstatutebook.ie/eli/2022/act/30/enacted/en/html,200,text/html,179493,b98917ec68849eed0bf966a0094793f7f106ef92fc7f3a9032f627b0a4dab2d7,2026-09-29
IE,holdings,electoral_roll,https://cdn.electoralcommission.ie/app/uploads/2025/04/30104313/Oversight-Report-on-the-Electoral-Registers_online_english_tagged.pdf,200,application/pdf,5692351,2af1fd3c7093b3834deaa4fd6aeb115022c21abe37e62e898612b892cc218f8f,2026-09-29
IE,holdings,electoral_roll,https://www.gov.ie/en/department-of-housing-local-government-and-heritage/press-releases/improvements-to-voter-registration-process-launched-today-as-new-check-the-register-campaign-begins/,403,text/html,0,,2026-09-29
IE,holdings,electoral_roll,https://www.irishstatutebook.ie/eli/1992/act/23/section/13/enacted/en/html,200,text/html,29364,5180bc3571dbb02bad7656d1f8c02c38e86f18b49e49a9e443cf96e338657fe1,2026-09-29
IE,holdings,emergency_communications,https://112.ie/service-providers/,200,text/html,77250,a04d9dbe1a7a0b1d36ab13f1b93224466019421c703cd45bfa167bc91e207d4d,2026-09-29
IE,holdings,emergency_communications,https://www.motorolasolutions.com/newsroom/press-releases/motorola-solutions-acquires-tetra-ireland-communications.html,200,text/html,629207,04cf04a70dc6b2b7a91204bb993181b54c5e0a5d1c6dda731a47d2d7a6a9ae53,2026-09-29
IE,holdings,facial_biometric,https://revisedacts.lawreform.ie/eli/2005/act/26/section/263/revised/en/html,200,text/html,24534,529cb96e730822209a52737d551c7fc11fadd4bb13026dc94118324f1b4ce0ca,2026-09-29
IE,holdings,facial_biometric,https://www.dataprotection.ie/en/news-media/press-releases/dpc-announces-conclusion-investigation-use-facial-matching-technology-connection-public-services,200,text/html,41268,5e47d99a723237a98ccbd48997680fa640651a708d5aaa5eb1ce6a6b387869cb,2026-09-29
IE,holdings,firearms_register,https://www.garda.ie/en/about-us/online-services/firearms-licensing/,200,text/html,66546,7f3f929d9e00472edba67446a71efcfc068f547c77f566498ddcd920c5611d89,2026-09-29
IE,holdings,firearms_register,https://www.irishstatutebook.ie/eli/1925/act/17/section/2/enacted/en/html,200,text/html,31849,4f5ce0dadfef07aaa9f6112e7e82eda24cb5586863c6267f2bcdc17e0236b3ae,2026-09-29
IE,holdings,government_payroll,https://assets.nsso.gov.ie/documents/NSSO_Annual_Report_2024_1102.pdf,200,application/pdf,11918421,cf8e2f9097f85266151e7d0d622a2942594395c5f058f4701a494ad736b656e5,2026-09-29
IE,holdings,grid_control,https://www.eirgrid.ie/grid/how-grid-works/national-control-centres,200,text/html,58138,c28cc8184d48b00df654e131a5c7b809fe856d17e0672cd8b279efd79ce089b3,2026-09-29
IE,holdings,grid_control,https://www.irishstatutebook.ie/eli/2000/si/445/made/en/print,200,text/html,254349,33c56832fd100d13c41920470320e79b622451dc0c9f4497840ce6c5a207e3f6,2026-09-29
IE,holdings,health_insurance,https://www.drugsandalcohol.ie/46590/1/PCRS_Statistical_Analysis_of_Claims_and_Payments_2025.pdf,200,application/pdf,1272806,32d6ca5ab09580d2fe90f63030821b3a8af3d19830bef23c11c96b5f5ac029e2,2026-09-29
IE,holdings,health_insurance,https://www.hiqa.ie/areas-we-work/health-information/data-collections/primary-care-reimbursement-service-pcrs,200,text/html,95109,d92178b813c42c32e66e0c88680a76805203ae34bc72cdfd45ce8e112c7cdb01,2026-09-29
IE,holdings,health_insurance,https://www.irishstatutebook.ie/eli/1970/act/1/section/45/enacted/en/html,200,text/html,31667,4a5f8a9fb157d2ba80a372898c240d93d74a5995ad55e59244683dced4c96ec8,2026-09-29
IE,holdings,health_records,https://iiop.ie/sites/default/files/2026-06/NSCR%20Presentation_10%20June%202026_IIOPWebinar.pdf,200,application/pdf,1281129,6652af431cac224cb7b9de6616085100b2c947b883f87a3dbcc15c95b27bbfad,2026-09-29
IE,holdings,health_records,https://www.hiqa.ie/areas-we-work/health-information/data-collections/national-register-individual-health-identifiers,200,text/html,96441,d7825e14b072c2f8039fd1b42706fa5982d5a4595c2cb070a1086b50502b0812,2026-09-29
IE,holdings,indicator:C1,https://www.ogcio.gov.ie/en/corporate-pages/policy/build-to-share/,200,text/html,32908,16ac3910024322b96fd86689b6b86d9d6737ae311a891c272db05e7b5df6ca1b,2026-09-29
IE,holdings,indicator:C2,https://www.ogcio.gov.ie/en/corporate-pages/services/infrastructure/,200,text/html,29797,ab27be5987f2b0dd18f9a3ad6ba7ce219e2bf08421b92698c22f0a6e1afd5735,2026-09-29
IE,holdings,indicator:K1,https://eidas.gov.ie/Irelandtslsignedv6.xml,200,text/xml,115821,9e88d44c3f33013b47463b2e473f672f23e69b20ae93c770228b0635707d4c3c,2026-09-29
IE,holdings,indicator:K2,https://www.mygovid.ie/en-IE/Privacy,robots-denied,,0,,2026-09-29
IE,holdings,indicator:L1,https://assets.per.gov.ie/documents/4468be59812f40dda7003116cf05f196_1.pdf,200,application/pdf,680747,ab90f93805b151006cbc4850a687b4ea0549bfb22263b7ce75b4a43bae70cb7a,2026-09-29
IE,holdings,issuance_history,https://www.gov.ie/en/department-of-foreign-affairs/press-releases/minister-mcentee-encourages-citizens-to-check-passports-with-over-half-a-million-issued-this-year/,403,text/html,0,,2026-09-29
IE,holdings,issuance_history,https://www.ireland.ie/en/privacypolicy/data-privacy-notice-for-the-passport-service/,403,text/html,0,,2026-09-29
IE,holdings,issuance_history,https://www.irishstatutebook.ie/eli/2008/act/4/enacted/en/print,200,text/html,138774,6eb39e4b3dfafe71ff04d45cf134cd1eff76791ffb0820f51a584cc590b781d3,2026-09-29
IE,holdings,judicial_criminal,https://www.courts.ie/docs/default-source/courts-annual-reports/courts-service-annual-report-2024.pdf,robots-denied,,0,,2026-09-29
IE,holdings,judicial_criminal,https://www.irishstatutebook.ie/eli/1998/act/8/section/5/enacted/en/html,200,text/html,28883,557c02ef5b3d3fc9a45e1c006f797aeecd5c6a198a921d171a5c09a7e571cf0e,2026-09-29
IE,holdings,land_property,https://tailte.ie/wp-content/uploads/2025/11/TE_AnnualReport2024_GA_EN.pdf,200,application/pdf,3134985,53c32e40d4196b72acdfa802ce791bcfbd1aee4c87ae1f43a71808077779a02e,2026-09-29
IE,holdings,land_property,https://www.irishstatutebook.ie/eli/1964/act/16/section/8/enacted/en/html,200,text/html,29654,2630f077acb59dd4158dd2f4bf41d270ab87a913b2f0f4163dd719eef8980d0c,2026-09-29
IE,holdings,official_gazette,https://www.gov.ie/en/office-of-public-works/services/government-publications/,403,text/html,0,,2026-09-29
IE,holdings,official_gazette,https://www.gov.ie/en/office-of-the-attorney-general/services/access-the-electronic-irish-statute-book-eisb/,403,text/html,0,,2026-09-29
IE,holdings,official_gazette,https://www.irishstatutebook.ie/eli/1925/act/24/enacted/en/print.html,200,text/html,48095,e88d5010e5b025eb71047cdb80c19d26d51b6c04e3731135b72b8efdb67d1428,2026-09-29
IE,holdings,official_gazette,https://www.irishstatutebook.ie/faq.html,200,text/html,95096,9c1c643935f2dc1deb6f27228cf405363a9f87595a02ed654e2d058dc74b3251,2026-09-29
IE,holdings,police_records,https://www.garda.ie/en/about-us/our-departments/garda-information-services-centre-gisc-/,200,text/html,54939,c84d897912e5b17b5b3a63d749d94eb20c2676dd8fbd9d7a3b3c6d32deeffefa,2026-09-29
IE,holdings,public_finance,https://www.audit.gov.ie/media/jqinw3i5/6-financial-management-shared-services-implementation-progress.pdf,200,application/pdf,625586,1df2128182bb2d14697bf490cba451b4e572aae3456f672e307af9b2fcb24427,2026-09-29
IE,holdings,public_finance,https://www.irishstatutebook.ie/eli/2017/act/26/enacted/en/html,200,text/html,68905,6af153a11ea443f05d79bcc4d4fd12790c3c3680553ce8714a0e15527d3c0a6d,2026-09-29
IE,holdings,public_health_surveillance,https://www.hiqa.ie/areas-we-work/health-information/data-collections/computerised-infectious-disease-reporting-cidr,200,text/html,100979,ccb7e4281ca0e8a420e279f6629ea24cbdb67771bc10eccec2b18c68b78d30c8,2026-09-29
IE,holdings,public_health_surveillance,https://www.hpsc.ie/cidr/,200,text/html,31851,a46ed5210dec55c0b33ebf65e7ae53bcd8e6d6cddbe3e90007d3f44f1149206e,2026-09-29
IE,holdings,residence_permits,https://www.garda.ie/en/about-us/organised-serious-crime/immigration-gnib-/,200,text/html,66239,2e177657a8c78dadcfd3437c214740e5f7cb4d4c9839a3279c6d2636f737c6a5,2026-09-29
IE,holdings,residence_permits,https://www.irishimmigration.ie/information-on-revocation-of-registered-irish-residence-permissions/,200,text/html,1678826,4c816a10e3e641b87e4a21f43b006b19942b98482a882c361f36c99dabec0cb2,2026-09-29
IE,holdings,residence_permits,https://www.irishstatutebook.ie/eli/2004/act/1/enacted/en/print,200,text/html,127486,4289a7038b0607efa5a51a75a6800f494559b84e6a0c6553cc03d6334cda0e3e,2026-09-29
IE,holdings,tax,https://www.revenue.ie/en/corporate/press-office/annual-report/2025/ar-2025.pdf,200,application/pdf,7626763,bddcfa9ebed8cd0881d508da291e41c3df4139dc21097f63755d125b26519846,2026-09-29
IE,holdings,trust_services_pki,https://www.gov.ie/en/department-of-culture-communications-and-sport/publications/trust-service-providers/,403,text/html,0,,2026-09-29
IE,holdings,trust_services_pki,https://www.revenue.ie/en/tax-professionals/tdm-wm/income-tax-capital-gains-tax-corporation-tax/part-38/38-06-01.pdf,200,application/pdf,1776766,c565b9892f0b598f91ca73e52ee8dbfe7b6f6a588d1697c507cce9b0497d6bff,2026-09-29
IE,holdings,vehicle_licensing,https://datacatalogue.gov.ie/dataset/national-vehicle-and-driver-database,200,text/html,15992,f6b750cfc7db177038d8e687218e17739518c79466de2f270c82467c2947f73f,2026-09-29
IE,holdings,vehicle_licensing,https://www.gov.ie/en/department-of-transport/organisation-information/driver-and-vehicle-computer-services-division/,403,text/html,0,,2026-09-29
IE,holdings,vehicle_licensing,https://www.irishstatutebook.ie/eli/1993/act/13/section/60/enacted/en/html,200,text/html,30676,a75faf0c604aaa43122f6f595cd09f47abe949b3046e2bcd2c6e2dfaec567dba,2026-09-29
IE,holdings,water_control,https://www.water.ie/sites/default/files/2025-07/Uisce-Eireann-2024-Annual-Report-EN.pdf,200,application/pdf,6120302,75f79e1eb879e4d98702c30fb399562f904e91444a960257ab02dc07f32f6070,2026-09-29
IE,legal,gazette,https://www.irishstatutebook.ie/,200,text/html,25511,08d3d51cc939af936ff4f2b87f3b3da4447580b89fd7554a8435e126429a94fe,2026-09-11
IT,holdings,authentication_audit_log,https://www.gazzettaufficiale.it/eli/gu/2014/12/09/285/sg/pdf,200,application/pdf,2737532,47f4ed2c2f6cc9673b909fd4aec072a1c9efbdd31acdca6c413984133a52138e,2026-09-29
IT,holdings,authentication_audit_log,https://www.normattiva.it/uri-res/N2Ls?urn:nir:stato:decreto.legislativo:2005-03-07;82~art50ter,200,text/html,330863,7137d6aa039a3b4ae6fbd48731a72ba01e6851bdde5f1fdb48ba4142fb965f02,2026-09-29
IT,holdings,beneficial_ownership,https://www.normattiva.it/uri-res/N2Ls?urn:nir:stato:decreto.legislativo:2007-11-21;231~art21,error,,0,,2026-09-29
IT,holdings,benefits_pensions,https://www.normattiva.it/uri-res/N2Ls?urn:nir:presidente.repubblica:decreto:1971-12-31;1388,200,text/html,72254,79791f36e57d139c636197cbee284ec942b10176dc8df83c459d85fbb5eb2735,2026-09-29
IT,holdings,border_control,https://www.normattiva.it/uri-res/N2Ls?urn:nir:stato:legge:1993-09-30;388~art9,200,text/html,83049,4ba90fb124a96ea26639af02ede340e696261f8b5a1b2ae5bae1742de972bfcd,2026-09-29
IT,holdings,breeder_documents,https://www.anagrafenazionale.interno.it/area-tecnica/guida-ansc/,200,text/html,58285,a888818e85ff90f1173e13ce22b5cb6d0af1bc26cfb83d905a7a3f65f260c562,2026-09-29
IT,holdings,business_registry,https://www.normattiva.it/uri-res/N2Ls?urn:nir:stato:legge:1993-12-29;580~art8,200,text/html,118092,0bdaed15443862db8b0c6c29ef453c4cc71c557d9665e8b0c80a58523527fbe6,2026-09-29
IT,holdings,central_bank,https://www.bancaditalia.it/compiti/sistema-pagamenti/index.html,200,text/html,118022,9afb68a48df9049bb2c4caa3858edfb86cc1eeea217baac90efcad8070d90797,2026-09-29
IT,holdings,civil_registry,https://www.anagrafenazionale.interno.it/,200,text/html,65330,d1101e28aaaedfe65aa39d564c4880410c4ab08f1492ed3f3074748945f26c49,2026-09-29
IT,holdings,civil_registry,https://www.anagrafenazionale.interno.it/anpr/,200,text/html,44627,c2ee1d045a818af3a2b60010d6d8a9fa2a85aa29ba3c0649efcc70dc24f61bfb,2026-09-29
IT,holdings,civil_registry,https://www.normattiva.it/uri-res/N2Ls?urn:nir:stato:decreto.legislativo:2005-03-07;82~art62,200,text/html,337571,f235f1b7747ce13e88b6042b532f3270f74923e37c0c1fd36a73ca0e9aa5d8f4,2026-09-29
IT,holdings,crisis_management,https://www.it-alert.it/it/come-funziona/,200,text/html,952222,90e43355f247d9ec58363a0581ee4034f313b5188c0531b1006ae3d31ae0713e,2026-09-29
IT,holdings,crisis_management,https://www.normattiva.it/uri-res/N2Ls?urn:nir:stato:decreto.legislativo:2018-01-02;1~art8,200,text/html,116798,7bbc48401a15b10221f840edb3b6277bc4cea637c2f1f64540bb76914d7716c8,2026-09-29
IT,holdings,customs,https://www.adm.gov.it/portale/documents/20182/261920520/Libro+blu+2024+-+Relazione.pdf/e46989ce-b39f-a404-3b4b-2af3196cba43?t=1784560697678,200,application/pdf,11511005,8d5ba87bd82cd8ce5fe0c45f78dada55d73240e4998c2ea80008edc9197a6486,2026-09-29
IT,holdings,digital_identity_credentials,https://www.agid.gov.it/it/piattaforme/spid,200,text/html,165875,7f1b446d262e6f11510e959473baf7c1880b796f284bc50e2984d2a7c581bbff,2026-09-29
IT,holdings,digital_identity_credentials,https://www.normattiva.it/uri-res/N2Ls?urn:nir:stato:decreto.legislativo:2005-03-07;82~art64,200,text/html,333942,9ebc3c820c93ae2ae1b127ecfc73725b82d1d477026a07baddec605a980b69af,2026-09-29
IT,holdings,digital_identity_credentials,https://www.normattiva.it/uri-res/N2Ls?urn:nir:stato:decreto.legislativo:2005-03-07;82~art66,200,text/html,330207,152cb5519f862a553985c92f8493394dcadb5b5dbc421d42b2b62b9dc56b742e,2026-09-29
IT,holdings,education,https://www.normattiva.it/uri-res/N2Ls?urn:nir:stato:decreto.legislativo:2005-03-07;82~art62quater,200,text/html,328325,8d6b893ead89cc9f23ddcbd2d4cca2453a38f34df3c018a84f23304b60f3d81f,2026-09-29
IT,holdings,electoral_management,https://dait.interno.gov.it/elezioni,200,text/html,78730,c3af40577fb54b2999a2333fd1985e5aca9b4a9c721b7a0f9dd73b3394c24152,2026-09-29
IT,holdings,electoral_roll,https://www.normattiva.it/uri-res/N2Ls?urn:nir:presidente.repubblica:decreto:1967-03-20;223,error,,0,,2026-09-29
IT,holdings,emergency_communications,https://www.normattiva.it/uri-res/N2Ls?urn:nir:stato:legge:2015-08-07;124~art8,200,text/html,106873,a8fe78eedae7335a6b6627587882e2cca7e979fe436fef48a98109b8d78d894d,2026-09-29
IT,holdings,facial_biometric,https://www.gazzettaufficiale.it/eli/gu/2015/12/30/302/sg/pdf,200,application/pdf,4452654,402774603649bcc7b0470da561b5b27f57bb6b73ae604af85f4c39453ea52818,2026-09-29
IT,holdings,firearms_register,https://www.normattiva.it/uri-res/N2Ls?urn:nir:stato:decreto.legislativo:2010-11-26;204~art3,200,text/html,89377,ebf34aa04025a09254b3204f9c198c36deac25d256dc792bdbf8278168a51a1c,2026-09-29
IT,holdings,geospatial,https://www.normattiva.it/uri-res/N2Ls?urn:nir:stato:decreto.legislativo:2005-03-07;82~art59,200,text/html,325348,4f5f037cf1f3f7d544e2dc9f6780794ac890b3d9c5ad08c4352db4f854c3dbfe,2026-09-29
IT,holdings,government_payroll,https://noipa.mef.gov.it/,200,text/html,172393,afbe50f1b99e840473019d35904a37ee90fad6ddf157cd600377b82d3b275ed2,2026-09-29
IT,holdings,grid_control,https://www.normattiva.it/uri-res/N2Ls?urn:nir:stato:decreto.legislativo:1999-03-16;79~art3,200,text/html,120518,c662cab3330c8815f2ab4a292f36842d2a46df40f5bb69ee53e92957003f606c,2026-09-29
IT,holdings,health_insurance,https://www.normattiva.it/uri-res/N2Ls?urn:nir:stato:decreto.legislativo:2005-03-07;82~art62ter,200,text/html,329045,5e2ff5d71afba00a3cd7dfb08a1049399ba462f49c89bf580eec0997ace30670,2026-09-29
IT,holdings,health_insurance,https://www.sistemats.it/,200,text/html,152785,a1a79d906b8766f0540e681d94171d157459e9e5114af5774d7147768115248a,2026-09-29
IT,holdings,health_records,https://www.normattiva.it/uri-res/N2Ls?urn:nir:stato:decreto.legge:2012-10-18;179~art12,200,text/html,239553,f8ca3474d51bd57c917bff7bd63b0f101abb04401081561643c9b700eccc89ea,2026-09-29
IT,holdings,indicator:C1,https://www.polostrategiconazionale.it/,403,text/html,0,,2026-09-29
IT,holdings,indicator:C2,https://www.polostrategiconazionale.it/chi-siamo/polo-strategico-nazionale/,403,text/html,0,,2026-09-29
IT,holdings,indicator:C2,https://www.polostrategiconazionale.it/media/news/centrato-il-target-pnrr-oltre-280-pubbliche-amministrazioni-migrate-al-cloud-sovrano-di-polo-strategico-nazionale/,403,text/html,0,,2026-09-29
IT,holdings,indicator:K1,https://eidas.agid.gov.it/TL/TSL-IT.xml,200,text/xml,2861752,4dc43dc5ee19c23d1b65262b8df65ac7c4f16f12727e59175fa76e092e0a6889,2026-09-29
IT,holdings,indicator:K2,https://www.cartaidentita.interno.gov.it/la-carta/,403,text/html,0,,2026-09-29
IT,holdings,indicator:L1,https://www.acn.gov.it/portale/documents/d/guest/regolamentocloud,200,application/pdf,951036,577ec23b928ece976db4f91a6ca7fadbae7d06033df3406f895ab59d90b43ae8,2026-09-29
IT,holdings,indicator:L1,https://www.normattiva.it/uri-res/N2Ls?urn:nir:stato:decreto.legge:2012-10-18;179~art33septies,200,text/html,204539,ec46ef44dbcf00e089ae28e02e950d7ade41552f582e3b00531cdf75b3ae9a14,2026-09-29
IT,holdings,indicator:L2,https://www.parlamento.it/parlam/leggi/07124l.htm,403,text/html,0,,2026-09-29
IT,holdings,intelligence,https://www.normattiva.it/uri-res/N2Ls?urn:nir:stato:legge:2007-08-03;124~art4,200,text/html,114134,a878597770437643ebb8ab3b609efb4c6fed1861efaf2be90fa322f2ca84e77b,2026-09-29
IT,holdings,intelligence,https://www.normattiva.it/uri-res/N2Ls?urn:nir:stato:legge:2007-08-03;124~art6,200,text/html,108054,a0f0c7f2494d13c55684f00fedeb59af106589b52982c4790df55118c8866d43,2026-09-29
IT,holdings,intelligence,https://www.normattiva.it/uri-res/N2Ls?urn:nir:stato:legge:2007-08-03;124~art7,200,text/html,108059,b4939f2a3a96552ea7cace86f5f65da53c5b8a5e8aab7ee6b695a9d3be9caf73,2026-09-29
IT,holdings,issuance_history,https://www.normattiva.it/uri-res/N2Ls?urn:nir:stato:decreto.legge:2005-01-31;7~art7viciester,200,text/html,117260,8e90aa3c65bd397d74979ed59d041106c80225e8816d392cc252315e679f4d95,2026-09-29
IT,holdings,judicial_criminal,https://www.normattiva.it/uri-res/N2Ls?urn:nir:presidente.repubblica:decreto:2002-11-14;313,200,text/html,137160,0974713d7bf10dbecc9ff22abd9897d8685be2aaca57a069cf75dbd89fb1c7f7,2026-09-29
IT,holdings,land_property,https://www.normattiva.it/uri-res/N2Ls?urn:nir:stato:decreto.legge:2010-05-31;78~art19,200,text/html,259192,34704fa76eb95beaf33e2fc780a229f3cd53ab369a15bc91e3446b918950cd10,2026-09-29
IT,holdings,national_archives,https://acs.cultura.gov.it/piano-nazionale-di-ripresa-e-resilienza-del-ministero-della-cultura/polo-di-conservazione-digitale/,200,text/html,244943,40e76eb4684698e909a1419f7e3d476efaa21c27679a9e8daa51936d617491bd,2026-09-29
IT,holdings,national_archives,https://www.normattiva.it/uri-res/N2Ls?urn:nir:stato:decreto.legislativo:2004-01-22;42~art41,200,text/html,295666,203a33ed5406653ed68366afc26bc9c76929474dcc7855baade0f30d2cd186d1,2026-09-29
IT,holdings,official_gazette,https://www.gazzettaufficiale.it/,200,text/html,42041,c72401ec9b7a51462a1da975e3d2bb514530916b01cc851765be50ef9fe6e077,2026-09-29
IT,holdings,official_gazette,https://www.normattiva.it/uri-res/N2Ls?urn:nir:presidente.repubblica:decreto:1985-12-28;1092~art1,200,text/html,79959,309bb8c5134d5e0b0a4fccddea543e575ae367c55d82b689a9b3f8294047be58,2026-09-29
IT,holdings,police_records,https://www.normattiva.it/uri-res/N2Ls?urn:nir:stato:legge:1981-04-01;121~art8,200,text/html,177349,b3b513d6ca718b47d38ee43b1409a18e562aca31b0125c0200af48ac752c449b,2026-09-29
IT,holdings,public_finance,https://www.agid.gov.it/it/piattaforme/siope,200,text/html,82722,112ea78d8005a1a13341e402462906a429c2df81d6310cc0e1dcb98e6c37d373,2026-09-29
IT,holdings,public_finance,https://www.normattiva.it/uri-res/N2Ls?urn:nir:stato:legge:2009-12-31;196~art14,200,text/html,172747,0c6d94a1d608182468d3fab4e0fc5cbe5d94397abcde36b8884ecc59c8d02a8e,2026-09-29
IT,holdings,public_health_surveillance,https://www.normattiva.it/uri-res/N2Ls?urn:nir:stato:decreto.legge:2017-06-07;73~art4bis,200,text/html,80216,357b1b31992802f48889bedb0c9c34f38bfbce78bf4d2c4edaed3fadee8385f0,2026-09-29
IT,holdings,residence_permits,https://www.agid.gov.it/it/dati/basi-dati-interesse-nazionale,200,text/html,53178,0a7dba3087a970cc99ac8a22092806c4f7b16601cd359f2327c12d62f78a377c,2026-09-29
IT,holdings,residence_permits,https://www.normattiva.it/uri-res/N2Ls?urn:nir:stato:decreto.legislativo:1998-07-25;286~art5,200,text/html,312722,37962309371e3b9faa6b1c7d9ad99d8abb89cd57b1b5b215b7ec93a4c39f06d8,2026-09-29
IT,holdings,statistics_microdata,https://www.istat.it/listituto/,200,text/html,162394,512dfbeba465a44d50a134525cd0f8346322d9ebc61912f7a347e0279b43aa57,2026-09-29
IT,holdings,statistics_microdata,https://www.normattiva.it/uri-res/N2Ls?urn:nir:stato:decreto.legge:2012-10-18;179~art3,200,text/html,209132,d6b1b9df21c1f5a87525748f5291beb983b5a5123f39ceb53e5e13f3f1a0dc46,2026-09-29
IT,holdings,statistics_microdata,https://www.normattiva.it/uri-res/N2Ls?urn:nir:stato:decreto.legislativo:1989-09-06;322~art9,200,text/html,91178,00b7d0039d15792e3c866f2c7f3b0309960a3ba270f0170b05b353f107eeae70,2026-09-29
IT,holdings,tax,https://www.normattiva.it/uri-res/N2Ls?urn:nir:presidente.repubblica:decreto:1973-09-29;605~art1,200,text/html,123415,03afc051fd40418da9e69a3390222866199b61251f6e1914256342c73a1ffa94,2026-09-29
IT,holdings,tax,https://www.normattiva.it/uri-res/N2Ls?urn:nir:presidente.repubblica:decreto:1973-09-29;605~art1!vig=2026-09-29,200,text/html,76665,ee8fb95a1bdb9056c9b5ef85d8251861d928b71dc7580c384bb0f2d2a11947b1,2026-09-29
IT,holdings,trust_services_pki,https://www.agid.gov.it/it/piattaforme/firma-elettronica-qualificata,200,text/html,103092,86c202c760570e8c9085daac9ed6ff8eaf2523ae4d74d0d0ee762b0bee991ae3,2026-09-29
IT,holdings,trust_services_pki,https://www.normattiva.it/uri-res/N2Ls?urn:nir:stato:decreto.legislativo:2005-03-07;82~art29,error,,0,,2026-09-29
IT,holdings,vehicle_licensing,https://www.normattiva.it/uri-res/N2Ls?urn:nir:stato:decreto.legislativo:1992-04-30;285~art226,200,text/html,1553156,601ad91a7296070e59f000c36f339277de72e8fb619dec86511f4601d90c2473,2026-09-29
IT,legal,gazette,https://www.normattiva.it/,200,text/html,46848,73338fc3474611f7da20d702c9d3ec2720990936fa8630e1a2ddaeb7ba3a05f5,2026-09-11
LT,holdings,civil_registry,https://e-seimas.lrs.lt/rs/actualedition/478d0920903111e48028e9b85331c55d/jJVblsLNKm/,200,text/html,2797,2f1835bf14d030272ab6e225b0797daffcf8cf4aeadc5eaf7b76781eadcddd68,2026-09-29
LT,holdings,civil_registry,https://e-seimas.lrs.lt/rs/actualedition/TAIS.2507/XPcBmEMGTH/,200,text/html,2797,cdc676fe60e2e0989342941038b337ecc3522d87f2906ad81b698325bdc443e3,2026-09-29
LT,holdings,civil_registry,https://e-seimas.lrs.lt/rs/legalact/TAD/cbda7830af3811e59010bea026bdb259/,200,text/html,2797,0d8e340f1a01551466b5a15ff4e2cf26e47c8661c03f7443957ed62ffafb5609,2026-09-29
LT,holdings,digital_identity_credentials,https://e-seimas.lrs.lt/rs/actualedition/3aa41f12d83711ef8658d66412ddcc51/cjatyKBGVe/,200,text/html,2797,720594ae09a1119a58c4322e75255827d230f20e2b845ee8369d6dcab4bca6c2,2026-09-29
LT,holdings,digital_identity_credentials,https://e-seimas.lrs.lt/rs/actualedition/994308704dfa11e88525a4bc7611b788/mULKUgsBdp/,200,text/html,2797,fbbece4a9026e0516131187ca45c9e35fc3f880ff69f23ae1075aaa41510d696,2026-09-29
LT,holdings,digital_identity_credentials,https://e-seimas.lrs.lt/rs/actualedition/99d5f6b2f94811ebb4af84e751d2e0c9/kgJxRxjykY/,200,text/html,2797,bd61b165283513b674098e62cee9083cef3b3b14cc68c5375ab4305bae0ced8c,2026-09-29
LT,holdings,digital_identity_credentials,https://rrt.lt/veiklos-sritys/skaitmenine-erdve/patikimumo-uztikrinimo-paslaugos/kvalifikuoti-sertifikatai,200,text/html,129018,409848b9fb0140f9e410e70427c807739de5b2b37ccacd131b6270c5d6c2af35,2026-09-29
LT,holdings,digital_identity_credentials,https://www.lrt.lt/naujienos/verslas/4/2912350/beveik-92-proc-e-paraso-sertifikatu-lietuvoje-isduoda-sk-id-solutions-rrt-mato-riziku,200,text/html,148859,0c46cc2d8acfeaf370600bc599edf0bed2a508c12f789d7556fb94854d7b3269,2026-09-29
LT,holdings,electoral_roll,https://e-seimas.lrs.lt/rs/actualedition/44e06821075711edbfe9c72e552dd5bd/sCATgDoRHG/,200,text/html,2797,b8456babc30fa47ae30d4f346ac26047df62dc6913b941afd82bb7d74bf25f26,2026-09-29
LT,holdings,facial_biometric,https://e-seimas.lrs.lt/rs/actualedition/c22cab41181411e88a05839ea3846d8e/jIXMiiPlhc/,200,text/html,2797,b707a4398adcc4e7f7715522c174a501116a684bc89046bb81c9355a2d3c95c8,2026-09-29
LT,holdings,facial_biometric,https://e-seimas.lrs.lt/rs/actualedition/f26839f08f5011e48028e9b85331c55d/OCAOEnkStv/,200,text/html,2797,85d4971ec8f7688b7343ae69dd2f63d87aeb2a010f23e62410a345d9e465f4e4,2026-09-29
LT,holdings,indicator:C1,https://www.lrt.lt/naujienos/verslas/4/2571753/antrasis-valstybinis-duomenu-centras-pradeda-veikla,200,text/html,147727,8792414d6d8157977bcd3d0e4b6025aae74c7697950b999c8679074af98cb898,2026-09-29
LT,holdings,indicator:C2,https://www.lrt.lt/naujienos/verslas/4/3010133/telecentro-grynasis-pelnas-per-metus-isaugo-beveik-5-8-karto-ir-sieke-432-tukst-euru,200,text/html,146821,db1b10a2e647ee9c620dc0b6d355d12524ce0da691c088e971c192378788e9d6,2026-09-29
LT,holdings,indicator:K1,https://www.nsc.vrm.lt/default_en.htm,200,text/html,3872,b89d6d15ba3d0c047209356c26e4b37729547269e8fa817b7f92a8342b230131,2026-09-29
LT,holdings,indicator:K2,https://www.nsc.vrm.lt/default.htm,200,text/html,5266,d59d6c95292811896b0695feb240d52d6f950c6bcc4da4575dcd2879c999316d,2026-09-29
LT,holdings,indicator:L1,https://e-seimas.lrs.lt/rs/actualedition/f6958c2085dd11e495dc9901227533ee/uhYWDUWMTF/format/ISO_PDF/,200,text/html,2797,9cc2ffae95f9d2e953ccc8a41cd00bdece5822290c9bd66b9282067773d4906f,2026-09-29
LT,holdings,indicator:L1,https://www.lrt.lt/naujienos/mokslas-ir-it/11/1757601/penkios-naudos-kurias-suteiks-valstybes-informaciniu-istekliu-perkelimas-i-debesija,200,text/html,154980,81116223cdeb4034a2dcbdd4bad357e6ef5d506f15f0993994aa3842c1ee91bf,2026-09-29
LT,holdings,indicator:L2,https://e-seimas.lrs.lt/rs/actualedition/TAIS.91654/ycSVAPVwLS/format/ISO_PDF/,200,text/html,2797,f51f3ee666ec3af5b53924eb1ca1126c522942c1613639c13211f88cc210d55a,2026-09-29
LT,holdings,trust_services_pki,https://e-seimas.lrs.lt/rs/legalact/TAD/848c3ec0823311edbdcebd68a7a0df7e/,200,text/html,2797,4f2b51a3f7d8775c841490ebf4c02c63cff5bc5a328ff01669742323023f14f6,2026-09-29
LT,legal,gazette,https://www.e-tar.lt/portal/index.html,403,text/html,0,,2026-09-11
LU,holdings,beneficial_ownership,https://data.legilux.public.lu/eli/etat/leg/loi/2019/01/13/a15/consolide/20250201/fr/html,robots-denied,,0,,2026-09-29
LU,holdings,benefits_pensions,https://ccss.public.lu/fr/actualites/2026/06/rapport-annuel-2025.html,200,text/html,77534,273c03c9fafc4dbd0201d8727d8a6092132f810e339417da4272d79ae602e461,2026-09-29
LU,holdings,benefits_pensions,https://ccss.public.lu/fr/ccss/attributions.html,200,text/html,70842,7e10611a1398f9a6dc6bdf4495881337f077b0a1bd3be880e15f540c5cdd3367,2026-09-29
LU,holdings,border_control,https://data.legilux.public.lu/eli/etat/leg/loi/2018/08/01/a690/jo/fr/html,robots-denied,,0,,2026-09-29
LU,holdings,border_control,https://data.legilux.public.lu/eli/etat/leg/loi/2024/12/18/a549/jo/fr/html,robots-denied,,0,,2026-09-29
LU,holdings,breeder_documents,https://data.legilux.public.lu/eli/etat/leg/loi/2019/12/20/a878/jo/fr/html,robots-denied,,0,,2026-09-29
LU,holdings,business_registry,https://data.legilux.public.lu/eli/etat/leg/loi/2002/12/19/n1/consolide/20251223/fr/html,robots-denied,,0,,2026-09-29
LU,holdings,central_bank,https://data.legilux.public.lu/eli/etat/leg/loi/1998/12/23/n1/jo/fr/html,robots-denied,,0,,2026-09-29
LU,holdings,civil_registry,https://data.legilux.public.lu/eli/etat/leg/loi/2013/06/19/n3/consolide/20220731/fr/html,robots-denied,,0,,2026-09-29
LU,holdings,crisis_management,https://data.legilux.public.lu/eli/etat/leg/loi/2016/07/23/n1/jo/fr/html,robots-denied,,0,,2026-09-29
LU,holdings,customs,https://data.legilux.public.lu/eli/etat/leg/loi/1993/07/27/n3/consolide/20151001/fr/html,robots-denied,,0,,2026-09-29
LU,holdings,customs,https://douanes.public.lu/fr/services-ligne/edouanes.html,200,text/html,47383,1d1289fc1fae7aa0a3e7ea008d2621b29b4e09c45e5619ae21d4126f83eea020,2026-09-29
LU,holdings,defence_command,https://data.legilux.public.lu/eli/etat/leg/loi/2023/08/07/a502/jo/fr/html,robots-denied,,0,,2026-09-29
LU,holdings,digital_identity_credentials,https://ctie.gouvernement.lu/fr/actualites/dossiers/gouvid/gouvid.html,200,text/html,103185,f7a746347e0557e3bc635505124e65ac3b788ab337422fec45474a567f43914a,2026-09-29
LU,holdings,digital_identity_credentials,https://www.luxtrust.com/fr/news/luxtrust-et-incert-scellent-un-partenariat-strategique-pour-renforcer-la-souverainete,200,text/html,94196,562fc7ffad6c27b0e78e9115ab8db82932624477c770908c035925397fdf8b55,2026-09-29
LU,holdings,education,https://data.legilux.public.lu/eli/etat/leg/trep/2014/09/04/n4/jo/fr/html,robots-denied,,0,,2026-09-29
LU,holdings,electoral_roll,https://data.legilux.public.lu/eli/etat/leg/loi/2003/02/18/n2/consolide/20240426/fr/html,robots-denied,,0,,2026-09-29
LU,holdings,emergency_communications,https://data.legilux.public.lu/eli/etat/leg/loi/2014/05/20/n1/jo/fr/html,robots-denied,,0,,2026-09-29
LU,holdings,emergency_communications,https://data.legilux.public.lu/eli/etat/leg/loi/2018/03/27/a221/jo/fr/html,robots-denied,,0,,2026-09-29
LU,holdings,extra:financial_account_registry,https://data.legilux.public.lu/eli/etat/leg/loi/2020/03/25/a193/jo/fr/html,robots-denied,,0,,2026-09-29
LU,holdings,facial_biometric,https://ctie.gouvernement.lu/fr/l-administration/Attributions.html,200,text/html,86031,f7052a8386f96a8d4ab90fcd3bb46324f5fe58d19adf1c2a8cf9363ee25e0768,2026-09-29
LU,holdings,fingerprint_biometric,https://data.legilux.public.lu/eli/etat/leg/rgd/2015/02/12/n1/jo/fr/html,robots-denied,,0,,2026-09-29
LU,holdings,firearms_register,https://data.legilux.public.lu/eli/etat/leg/loi/2022/02/02/a49/jo/fr/html,robots-denied,,0,,2026-09-29
LU,holdings,government_payroll,https://data.legilux.public.lu/eli/etat/leg/loi/2018/07/25/a620/consolide/20260915/fr/html,robots-denied,,0,,2026-09-29
LU,holdings,grid_control,https://data.legilux.public.lu/eli/etat/leg/loi/2007/08/01/n13/consolide/20221223/fr/html,robots-denied,,0,,2026-09-29
LU,holdings,grid_control,https://www.creos-net.lu/particuliers/creos-luxembourg/a-propos,200,text/html,39932,2ecc9dbe0ada8925d27f1e7f6ff1d012a69aba46f3efd39cb1395d8950f10b5d,2026-09-29
LU,holdings,grid_control,https://www.creos-net.lu/particuliers/creos-luxembourg/reseau-electrique,200,text/html,40385,09f8f0bda4123d3a5f91fca48ca6dffa35b57efc56fee25e3bead5ad47f75f17,2026-09-29
LU,holdings,health_insurance,https://cns.public.lu/fr/assure/droits-demarches/bases-bonnes-pratiques/affiliation.html,200,text/html,182065,bf771176a141c7b50ab983fe5e18766ea41628ee81cb20f227eefae94bf1af9a,2026-09-29
LU,holdings,health_insurance,https://cns.public.lu/fr/assure/droits-demarches/bases-bonnes-pratiques/assurance-maladie-bref.html,200,text/html,170307,fc0a7aa8d644536a4edb1944052bc03689b2affc603ab7fc058c8e77128db4aa,2026-09-29
LU,holdings,health_records,https://data.legilux.public.lu/eli/etat/leg/rgd/2019/12/06/a909/jo/fr/html,robots-denied,,0,,2026-09-29
LU,holdings,indicator:C1,https://en.wikipedia.org/wiki/LuxConnect,200,text/html,74549,40b7c638eb82108f297efe3dc45de03568e1b4eea34b6939c3bf18df16a35183,2026-09-29
LU,holdings,indicator:C2,https://ctie.gouvernement.lu/fr/offres-emploi.html,200,text/html,105865,117d1ad82f1d590a5f9c09887df6a2673ae488106a9b8f6ca2a9de3d98c90253,2026-09-29
LU,holdings,indicator:K1,https://www.incert.lu/serving-luxembourg-public-agencies,200,text/html,258979,6f2bb50104db44cfff5929cce5f4a2b0fb928e43ac8062ac06f5d249bc80bade,2026-09-29
LU,holdings,indicator:K1,https://www.incert.lu/sous-page,200,text/html,268305,4dd0ca91cdbc1389d8c37f6d88f201704adeb5af366928d99ddfa5199f268e68,2026-09-29
LU,holdings,indicator:K2,https://ctie.gouvernement.lu/fr/actualites/dossiers/gouvid/gouvid.html,200,text/html,103185,f7a746347e0557e3bc635505124e65ac3b788ab337422fec45474a567f43914a,2026-09-29
LU,holdings,indicator:L1,https://ctie.gouvernement.lu/fr/l-administration/Attributions.html,200,text/html,86029,109387e7f823e46d73e93e2e39df8a640e61dc5ec574b74dc491790ea2c02ca9,2026-09-29
LU,holdings,indicator:L1,https://data.legilux.public.lu/filestore/eli/etat/leg/loi/2004/06/15/n5/jo/fr/html/eli-etat-leg-loi-2004-06-15-n5-jo-fr-html.html,robots-denied,,0,,2026-09-29
LU,holdings,issuance_history,https://www.incert.lu/serving-luxembourg-public-agencies,200,text/html,258979,6f2bb50104db44cfff5929cce5f4a2b0fb928e43ac8062ac06f5d249bc80bade,2026-09-29
LU,holdings,judicial_criminal,https://data.legilux.public.lu/eli/etat/leg/loi/2013/03/29/n10/consolide/20260317/fr/html,robots-denied,,0,,2026-09-29
LU,holdings,land_property,https://data.legilux.public.lu/eli/etat/leg/loi/2002/07/25/n8/consolide/20221101/fr/html,robots-denied,,0,,2026-09-29
LU,holdings,national_archives,https://data.legilux.public.lu/eli/etat/leg/loi/2018/08/17/a706/consolide/20220303/fr/html,robots-denied,,0,,2026-09-29
LU,holdings,official_gazette,https://data.legilux.public.lu/eli/etat/leg/loi/2016/12/23/n25/jo/fr/html,robots-denied,,0,,2026-09-29
LU,holdings,official_gazette,https://scl.gouvernement.lu/fr.html,200,text/html,85324,065ce68b883f168f6dd5da38d5f13074cd5e47ad0712e8aece5f1b791494ab3d,2026-09-29
LU,holdings,police_records,https://data.legilux.public.lu/eli/etat/leg/loi/2018/07/18/a621/consolide/20260725/fr/html,robots-denied,,0,,2026-09-29
LU,holdings,public_finance,https://data.legilux.public.lu/eli/etat/leg/loi/1999/06/08/n2/consolide/20260727/fr/html,robots-denied,,0,,2026-09-29
LU,holdings,public_health_surveillance,https://data.legilux.public.lu/eli/etat/leg/loi/2018/08/01/a705/jo/fr/html,robots-denied,,0,,2026-09-29
LU,holdings,residence_permits,https://data.legilux.public.lu/eli/etat/leg/loi/2008/08/29/n1/jo/fr/html,robots-denied,,0,,2026-09-29
LU,holdings,residence_permits,https://data.legilux.public.lu/eli/etat/leg/loi/2016/07/05/n8/jo/fr/html,robots-denied,,0,,2026-09-29
LU,holdings,statistics_microdata,https://data.legilux.public.lu/eli/etat/leg/loi/2011/07/10/n5/consolide/20220731/fr/html,robots-denied,,0,,2026-09-29
LU,holdings,tax,https://impotsdirects.public.lu/fr/az/r/RGPD_GDPR.html,200,text/html,46401,9ef3c4f6d9ff32ba4e42e82fbce2815e0bb4fece792488fadff9b643aa7f9e9f,2026-09-29
LU,holdings,vehicle_licensing,https://snca.public.lu/fr/snca/histoire-snca.html,200,text/html,40945,b1551bdc915670a72cea0d825f600450034537a77ba2a0f15ef816626dc37729,2026-09-29
LU,holdings,vehicle_licensing,https://snca.public.lu/fr/snca/missions-valeurs.html,200,text/html,39892,a74205be30d75482ce5c166d39fcda65537705f441c6c7148c4b48ff97f9aac3,2026-09-29
LU,holdings,water_control,https://data.legilux.public.lu/eli/etat/leg/loi/2008/12/19/n17/consolide/20260101/fr/html,robots-denied,,0,,2026-09-29
LU,legal,gazette,https://legilux.public.lu/,200,text/html,2494,ccc14ae281e149475ded10cb2fc0388352d6abef2796167605975cabc44787f4,2026-09-11
LV,holdings,authentication_audit_log,https://www.vdaa.gov.lv/lv/vienotas-pieteiksanas-modulis,timeout,,0,,2026-09-29
LV,holdings,beneficial_ownership,https://likumi.lv/ta/id/178987,200,text/html,690475,3309e6751d7299c0c411b7196bbd4e115285e88d6c7ec86917ad36bceb6c62bf,2026-09-29
LV,holdings,benefits_pensions,https://likumi.lv/ta/id/45466,200,text/html,383947,0323bb23db845bfd9d4dd471e33413b86c9c74d511c5caadd01562fe5e84f4ef,2026-09-29
LV,holdings,border_control,https://likumi.lv/ta/id/159481,200,text/html,96413,05b04468ba1fc45c48f20c32efcd848de8b9300586c915c540890ed88677c3df,2026-09-29
LV,holdings,border_control,https://www.ic.iem.gov.lv/lv/automatizeta-pirkstu-nospiedumu-identifikacijas-sistema,timeout,,0,,2026-09-29
LV,holdings,business_registry,https://likumi.lv/ta/id/72847,200,text/html,404707,acc6a85a5eebf3f75597b966d0f442325217053c835f4bdb668d5046f2804db1,2026-09-29
LV,holdings,central_bank,https://likumi.lv/ta/id/326575,200,text/html,217671,33ace0046b5d652b65e1386f2778fcef1a6217d3075ae1be6222328d43020a7e,2026-09-29
LV,holdings,central_bank,https://www.bank.lv/darbibas-jomas/kreditu-registrs/par-kreditu-registru,timeout,,0,,2026-09-29
LV,holdings,central_bank,https://www.bank.lv/darbibas-jomas/maksajumu-sistemas-uzdevumi/eks,timeout,,0,,2026-09-29
LV,holdings,civil_registry,https://likumi.lv/ta/id/253442,200,text/html,149528,fea94b5cf85fc49a921c5413b927958ba34a7a64de36f8389db0493b066dae52,2026-09-29
LV,holdings,civil_registry,https://likumi.lv/ta/id/296185,200,text/html,94705,738c88ce57ec833eb21a385b8ba5b4e2066e68f2aac1f9b9e092d77ccc64c99e,2026-09-29
LV,holdings,crisis_management,https://likumi.lv/ta/id/282333,200,text/html,130115,e8dcf762b0042a4259a255b444864a877ff695e41da83d28b5871224cef66d48,2026-09-29
LV,holdings,crisis_management,https://www.iem.gov.lv/lv/jaunums/agrinas-bridinasanas-pazinojumus-sutis-mobilo-sakaru-operatori-sunu-apraide,timeout,,0,,2026-09-29
LV,holdings,customs,https://likumi.lv/ta/id/283024,200,text/html,235366,d9fe028b318e03f932b4304538d5a3b657850138a7d124b9850cc9c2ff6d3226,2026-09-29
LV,holdings,digital_identity_credentials,https://likumi.lv/ta/id/278001,200,text/html,113887,79ea8eb9c859aba1740a8214f536a734fe681e9767e7917fe7896cabfc905a03,2026-09-29
LV,holdings,digital_identity_credentials,https://www.mod.gov.lv/lv/kiberdrosiba/digitalas-drosibas-uzraudzibas-komiteja/elektroniska-identifikacija,200,text/html,41222,5ac59c4db829e0ca532a4a50b4cd613b826803b6096d3fa98020fb006f1882f9,2026-09-29
LV,holdings,digital_identity_credentials,https://www.skidsolutions.eu/contact/,200,text/html,50237,ce4a15d09dae60026b7d38e8ea9c2e7eb5148037bee76c4b7d704f990fec5402,2026-09-29
LV,holdings,education,https://likumi.lv/ta/id/307796,200,text/html,295340,b22a6882649f60016b053330fcea39a60f84fa074af2bb5a5d407b8586f66751,2026-09-29
LV,holdings,electoral_management,https://www.vdaa.gov.lv/lv/velesanu-platforma,timeout,,0,,2026-09-29
LV,holdings,electoral_roll,https://likumi.lv/ta/id/83681,200,text/html,93981,320db8a6929f3fc4bab45d81bae181bcf23a2b07bde761e4b58554653f31322c,2026-09-29
LV,holdings,emergency_communications,https://www.vugd.gov.lv/lv/pakalpojumi/vienotais-arkartas-palidzibas-izsaukuma-numurs-112,error,,0,,2026-09-29
LV,holdings,extra:government_cloud_infrastructure,https://likumi.lv/ta/id/363717,200,text/html,66967,bc9b95a7af292a61cc8e11beda92bd60621d8202b630c9d5a4551669e72261c7,2026-09-29
LV,holdings,facial_biometric,https://likumi.lv/ta/id/193111,200,text/html,71833,a596b2f48a93ed4a283c8e29109f9a082067cae26f3e1123ba1744b9d0ef1e3d,2026-09-29
LV,holdings,facial_biometric,https://www.ic.iem.gov.lv/lv/biometrijas-datu-apstrades-sistema,timeout,,0,,2026-09-29
LV,holdings,facial_biometric,https://www.iem.gov.lv/lv/jaunums/iekslietu-ministrijas-informacijas-centrs-partop-par-iekslietu-digitalo-centru,timeout,,0,,2026-09-29
LV,holdings,firearms_register,https://likumi.lv/ta/id/312523,200,text/html,91540,cb07e66e5cfdca6aa560ce893e058bbf748887cb09793ea9d386781499e57c95,2026-09-29
LV,holdings,firearms_register,https://www.ic.iem.gov.lv/lv/ierocu-registrs,timeout,,0,,2026-09-29
LV,holdings,geospatial,https://likumi.lv/ta/id/202999,200,text/html,153292,7980af868f69d9ff72a08f7c54e259475dd32c79fce7ab6564d25bb2c1ae39f2,2026-09-29
LV,holdings,government_payroll,https://www.mk.gov.lv/lv/cilvekresursu-vienota-parvaldibas-sistema,timeout,,0,,2026-09-29
LV,holdings,government_payroll,https://www.mk.gov.lv/lv/gramatvedibas-un-personala-lietvedibas-risinajums,timeout,,0,,2026-09-29
LV,holdings,government_payroll,https://www.mk.gov.lv/lv/projekts/cilvekresursu-vienotas-parvaldibas-sistemas-ieviesana,timeout,,0,,2026-09-29
LV,holdings,grid_control,https://likumi.lv/ta/id/108834,200,text/html,556423,7708736f0ea4958c95c07226142fcd84d91f437af3fc633adc43ede8acddf1de,2026-09-29
LV,holdings,grid_control,https://www.kem.gov.lv/lv/jaunums/nodota-ekspluatacija-latvijas-energosistemas-galvena-dispeceru-vadibas-un-datu-centra-jauna-eka,timeout,,0,,2026-09-29
LV,holdings,health_insurance,https://likumi.lv/ta/id/296188,200,text/html,95238,a6cc00ea3413c47c7ef61d604d7d7822090db04e0692ebb1c770defc1edfba60,2026-09-29
LV,holdings,health_insurance,https://likumi.lv/ta/id/368308,200,text/html,104905,fd667403e58162d6c5e82f81ef3473e811375675f965fd056f3310d862cf8bd3,2026-09-29
LV,holdings,health_records,https://likumi.lv/ta/id/264943,200,text/html,391511,8def5319aa1f931e299362862993e549803545776ece8dade788e03a15738045,2026-09-29
LV,holdings,indicator:C1,https://www.lvrtc.lv/pakalpojumi/valsts_sektoram/datu_centri/,200,text/html,251479,81012ca5a215dd37b9012810f130ddbef3d4b80816ac75b63d6f9e593536acee,2026-09-29
LV,holdings,indicator:C2,https://www.lvrtc.lv/projekti/latvijas-nacionalais-federetais-makonis/,200,text/html,93576,6ec2ebcca3037dbd9946b7db16cd678f05176f108f4442aecfd945fa181c3367,2026-09-29
LV,holdings,indicator:C2,https://www.lvrtc.lv/projekti/lvdc-2/,200,text/html,89550,3e674c33a3399f2e0130dcc3974331f0e52060488727e2c0ff87af4a1a7ef793,2026-09-29
LV,holdings,indicator:K1,https://www.lvrtc.lv/par-lvrtc/par-mums/,200,text/html,110809,e0b112bb391a552cb81a2fa0614121b4fff1e19be77378bbe90c31a6b7a6c910,2026-09-29
LV,holdings,indicator:K2,https://www.lvrtc.lv/par-lvrtc/vesture-2/eparaksta-vesture/,200,text/html,117297,34d37b97c5de145b03ec9649a14358bd7ec35ba9bd83390262fb76a8811d9077,2026-09-29
LV,holdings,indicator:K2,https://www.lvrtc.lv/projekti/eparaksts_identitate/,200,text/html,225463,9bd96502b317599e7440a27ca04ef80da7ffd6f05a34e299eb8ed9ac19a5024e,2026-09-29
LV,holdings,indicator:L1,https://likumi.lv/ta/id/348742,200,text/html,497464,f065b6b069785786c39edcafbb3ba1691f355c64a8b644f2a6678483651365ce,2026-09-29
LV,holdings,indicator:L1,https://likumi.lv/ta/id/353390,200,text/html,216025,951b8a6604f955050252e077cc8a9ec258e6662f94d6494b1622ffa85d5d7fd8,2026-09-29
LV,holdings,indicator:L2,https://likumi.lv/ta/id/41058,200,text/html,135507,65a95302f1e6cd673cde5ab392a7d1cd65e02635516c115b570a9ed1f402df71,2026-09-29
LV,holdings,issuance_history,https://likumi.lv/ta/id/243484,200,text/html,107630,699f34a538dbc0f09df122dfa223cdafff8c03a8280329c1415e9628fd419769,2026-09-29
LV,holdings,issuance_history,https://www.ic.iem.gov.lv/lv/nederigo-dokumentu-registrs,error,,0,,2026-09-29
LV,holdings,judicial_criminal,https://likumi.lv/ta/id/261384,200,text/html,139446,60c78d9687227c69a2eb495d0e418c384ed13e0b7d20013c40d850c2c30b840a,2026-09-29
LV,holdings,judicial_criminal,https://likumi.lv/ta/id/284905,200,text/html,88791,a8259fad3e0ab27e68d7810ece95be20bf5abbf67e78de99d279d4d7a1a1ed8c,2026-09-29
LV,holdings,judicial_criminal,https://likumi.lv/ta/id/62847,200,text/html,492642,299ef56bd5e18ae43d170f5f9b2e09e3998a13fc3e196574206b26339767330a,2026-09-29
LV,holdings,land_property,https://likumi.lv/ta/id/124247,200,text/html,315754,e73c18f62c46078dff5257946d5164ecaef03b0edea1107bce37b3f96562e754,2026-09-29
LV,holdings,land_property,https://likumi.lv/ta/id/60460,200,text/html,312346,f74d7eb89cf988aae61388b2c1472d34fc346e94bcf7581ce830adea9805dbc4,2026-09-29
LV,holdings,national_archives,https://likumi.lv/ta/id/205971,200,text/html,132748,cf9c6510c3d7c134825cf9c0b7e6b9d84d284233a2c8927732b4e08636e70e38,2026-09-29
LV,holdings,official_gazette,https://likumi.lv/ta/id/249322,200,text/html,80845,35b08ff6afaa7bbe03a0621bc44acbec26501fddb092c089e4a08f3cbcb4ffa4,2026-09-29
LV,holdings,police_records,https://likumi.lv/ta/id/312122,200,text/html,108238,6105d851570868fcf51e9c7cd794bc327b7651d59f7a2b36a96bc9186c847cb4,2026-09-29
LV,holdings,police_records,https://www.ic.iem.gov.lv/lv/kriminalprocesa-informacijas-sistema,timeout,,0,,2026-09-29
LV,holdings,public_finance,https://likumi.lv/ta/id/58057,200,text/html,452931,fcc91190d9dfdb34956d0a7994c28734316a6c5e1688d0f7ab481e2a9e7ff602,2026-09-29
LV,holdings,public_health_surveillance,https://likumi.lv/ta/id/20667,200,text/html,328822,0f5d962598dc6918818ad4dc8eb6072d1f09457580e4974112e765545d06fa20,2026-09-29
LV,holdings,residence_permits,https://likumi.lv/ta/id/278986,200,text/html,241365,91b8ea80d60f8d19b75a074aaa6569805d53802fc45e711712316a410abfd90c,2026-09-29
LV,holdings,residence_permits,https://likumi.lv/ta/id/370622,200,text/html,421939,dafa5a27e4b0c5442df745c367f580627374782c9c37e51868727a5173d9f626,2026-09-29
LV,holdings,statistics_microdata,https://likumi.lv/ta/id/274749,200,text/html,116651,d959deb34307adcda3b037a5cad0eb5b0e22c6a4a64924b47b3bd6795f5f4aab,2026-09-29
LV,holdings,tax,https://likumi.lv/ta/id/33946,200,text/html,1192587,f980286c60ad79a31cd6fa048c0704faae080e08fb900da2f9b5b414f16356cb,2026-09-29
LV,holdings,trust_services_pki,https://www.cyber.gov.lv/lv/digitalas-drosibas-uzraudzibas-komiteja/uzticami-sertifikacijas-pakalpojumi,200,text/html,31593,a36cb2524a719c1c4ecc9f9f65b481b74ad13a3a6869efa32df78f8017f8ace0,2026-09-29
LV,holdings,vehicle_licensing,https://likumi.lv/ta/id/45467,200,text/html,597225,625ec32140440e26cd8d01c34b0949e2f559d8bc1976e6c2d503558680dc781b,2026-09-29
LV,legal,gazette,https://likumi.lv/,200,text/html,44854,b508796425a1e7ea6f009270931a4da438d438f8d14b47603114586b16695426,2026-09-11
MT,holdings,beneficial_ownership,https://legislation.mt/getpdf/6a96811d8a32942218a3875e,200,application/pdf,324919,4ea5e360f8b85a5b209a3d581b20855e85458db02dd0e080c7b31cd626530fdb,2026-09-29
MT,holdings,benefits_pensions,https://legislation.mt/getpdf/69d6033d6fe5fd3994d1710c,200,application/pdf,1203616,ad5b16966a3264f7b02afde05dbdfe5dfd779fb7bc269756e8b84c83667b51f8,2026-09-29
MT,holdings,border_control,https://identita.gov.mt/central-visa-unit-main-page/,200,text/html,124531,0f34a527ea2cd66d51b9fd285f1156f005d018cad0a53acdbcbc847d118bc8c7,2026-09-29
MT,holdings,border_control,https://legislation.mt/getpdf/654e355c495fa32038e251cd,200,application/pdf,254934,e98ba1f1306dcb5ec7e35d6b11377a8dea8721c39457b6ce5d866283398951e9,2026-09-29
MT,holdings,breeder_documents,https://identita.gov.mt/identity-cards-unit/first-time-applicant/citizenship/,200,text/html,147876,6fa8a85f58df95c784b01ba427878613b7070fe1b06ad14e8bae560640892173,2026-09-29
MT,holdings,breeder_documents,https://legislation.mt/getpdf/6890588dbed0ef08a8644d9d,200,application/pdf,218074,861dcd379082ed5d85f70c2bd4efeb23a71690f219cbb1409ed8c53787bc6ed0,2026-09-29
MT,holdings,business_registry,https://legislation.mt/getpdf/63b53288198b4d28602aa4aa,200,application/pdf,173487,19b6bcd328ed6d78e3f313d1b15ab6b30e0fcb2d36f1697e0a3a7c8c2a942b9a,2026-09-29
MT,holdings,business_registry,https://legislation.mt/getpdf/6a1836349844fb1e280ec744,200,application/pdf,2231843,6bb38fa1139cf51ee2670adbbdea2fa32dac0bc145351a5ec6dabdbe810eca56,2026-09-29
MT,holdings,central_bank,https://legislation.mt/getpdf/661f815ec2ed86388045ef0b,200,application/pdf,277043,b6fb48a47bf8b796fde2223ac3439cda3b6da79fb2ae2f2a3b9b8712c687acbc,2026-09-29
MT,holdings,civil_registry,https://identita.gov.mt/about-us/,200,text/html,254402,61e07e7843b1f4f26bf87322bb163f89d736585453c2e16e5eb913719ed1a0c8,2026-09-29
MT,holdings,civil_registry,https://identita.gov.mt/public-registry-sec-page-civil-status/,200,text/html,121563,41c1adc9ab460cd58b987d903a413c2c325f216046728f13404946c682208914,2026-09-29
MT,holdings,civil_registry,https://legislation.mt/getpdf/602e53fb8f58ad1b78f3edbe,200,application/pdf,263343,3e63c307fe8dbd9fc1f05d37d3ef9c40eaba37e4b3ba477c8332fdfd01856883,2026-09-29
MT,holdings,civil_registry,https://legislation.mt/getpdf/6a7c3f2652fe431ca8f9b4f1,200,application/pdf,5209090,9e97bc904820d9fa90cc5fd70ba5cdc267d19d87cacd45d88fe7b4b47de97503,2026-09-29
MT,holdings,crisis_management,https://legislation.mt/getpdf/637747aebae36218f810d89e,200,application/pdf,212537,b52e32d2401dd83c5f6e02f6715ea9642544ff3a898ae3d700d2a50cb372495a,2026-09-29
MT,holdings,customs,https://legislation.mt/getpdf/69c3afc27da36921dcc4ec14,200,application/pdf,449652,9692a7f4ac19bec4b78af6399d13c871954bc82ad2b0d871983cfae64010dcc9,2026-09-29
MT,holdings,defence_command,https://legislation.mt/getpdf/654e35d08a3ed61ab0c67a38,200,application/pdf,622544,6731cf430bdb26fb7b9c9e39ca37ec06c88e6f1f2e07bdf910c17b44d12c233b,2026-09-29
MT,holdings,digital_identity_credentials,https://identita.gov.mt/identity-cards-unit/eid-virtual-account/,200,text/html,117739,9411ef422952284b596157ca6283384b54b83bea27abc58205d8dae5ead85de3,2026-09-29
MT,holdings,electoral_roll,https://legislation.mt/getpdf/661645c07403ed16fcf9eb8e,200,application/pdf,1221757,9ba89552de6124a8d28867138ed55859d70c8f33585b81efe987a5f68f455ced,2026-09-29
MT,holdings,emergency_communications,https://legislation.mt/getpdf/661cda8cc2ed7e0858a3687b,200,application/pdf,304455,680c68a9fddaafab6ca215764d66f9299830f7f96ee79e3e6798871b149a824d,2026-09-29
MT,holdings,extra:ship_registry,https://legislation.mt/getpdf/67fcbc94cf7b7f23782848d4,200,application/pdf,1403979,ac5c391cfd3d6cb9bb4d5a7003c8ba2dd444056cae19663410c7a6c6e2bd99d5,2026-09-29
MT,holdings,facial_biometric,https://identita.gov.mt/identity-cards-unit-electoral-office/,200,text/html,145705,93f30e77d0285b5e8aaab6e779e39c5c48bca41eff394d216970eb69b028473d,2026-09-29
MT,holdings,facial_biometric,https://legislation.mt/getpdf/6022aa7bbc827214c099ac41,200,application/pdf,155009,793e1f592e248ef8b4ceebad6f6b242ffe9a330a92b77a682bd0072f8667f2bb,2026-09-29
MT,holdings,fingerprint_biometric,https://identita.gov.mt/passport-office-adults-renewals/,200,text/html,144714,08357fcac2da7f57eb6373b067e6d9cb27240539435c3788fa90c4a94c37e7c8,2026-09-29
MT,holdings,fingerprint_biometric,https://identita.gov.mt/passport-office-main-page/,200,text/html,130315,97d9be367f89ff165694ce20171aa99f78b018982eea70df3d93350f533c6759,2026-09-29
MT,holdings,firearms_register,https://legislation.mt/getpdf/60a4cb89083d7d182cdb9624,200,application/pdf,272413,fa1379099b951230beaa1bc15a97a4ef9f04fb5235e95fe909cb7c4aab39724c,2026-09-29
MT,holdings,grid_control,https://legislation.mt/getpdf/6022c47abc827214c09b8213,200,application/pdf,142346,bed18253a5828934004175f363e5347064276a544454de40f334c62b73098205,2026-09-29
MT,holdings,health_insurance,https://legislation.mt/getpdf/677e3ecacc8e8e3d102ff18a,200,application/pdf,155407,2343b3c858ad633969226982bb60f2f09dbf67530b415df709f53fdc16c07c26,2026-09-29
MT,holdings,indicator:K1,https://tsl.mca.org.mt/MT_TSL.xml,200,text/xml,104772,cf942917c4855535fddb101f4c10f0ff122e723a1c48bc7f717029e764cf211c,2026-09-29
MT,holdings,indicator:K2,https://identita.gov.mt/about-us/,200,text/html,254402,1f571e7029a07af4174f8f0b0dbdd0177cb1a67bad82944a6bc121661fd147fa,2026-09-29
MT,holdings,indicator:K2,https://interoperable-europe.ec.europa.eu/sites/default/files/inline-files/NIFO_2024%20Supporting%20Document_Malta_vFinal.pdf,200,application/pdf,1286048,2241777e50aeec96b15f3c0ccfacb16fd759ac0c8b84e65ad629e93273b4219b,2026-09-29
MT,holdings,intelligence,https://legislation.mt/getpdf/6022ba1cbc827214c09ac4a7,200,application/pdf,188907,877edb88547325012e9aa17518632864c0fb70d6e14669a860881e33c70a431c,2026-09-29
MT,holdings,issuance_history,https://identita.gov.mt/identity-cards-unit/,200,text/html,131361,da36f1a0fa94fa47fd3c9d3584b8cb40e2d3625486b2b173ee30f150df6388ce,2026-09-29
MT,holdings,judicial_criminal,https://legislation.mt/getpdf/6aa1090e5ca02023e4009067,200,application/pdf,157504,d03a319d6ab474e249f2502a37331c6080a8bb4775aaf145db438a52f046687c,2026-09-29
MT,holdings,land_property,https://legislation.mt/getpdf/60efe5f532d0f719d442f08c,200,application/pdf,342692,e8ec1e2145ee72af8480f655d22f8f53f574bdb0ab318034b981e91b5b462bec,2026-09-29
MT,holdings,national_archives,https://legislation.mt/getpdf/6197cb3147360305a40c0ec3,200,application/pdf,176926,e28ccf017b83f060ce18178d469428d4aeea11a17931bf8140720db22afa0a43,2026-09-29
MT,holdings,official_gazette,https://legislation.mt/Home/FAQList,200,text/html,51116,3cbeea0c0a93aac89eeaa35a0d4e8f9a2295dd9b426d2c2793e49987732b0ceb,2026-09-29
MT,holdings,police_records,https://legislation.mt/getpdf/67a3249e8ea55623141e9a56,200,application/pdf,453466,edf92fee0576e14d388b535527b32abd87835b35c1ed12cde01ebbea92691bed,2026-09-29
MT,holdings,public_finance,https://legislation.mt/getpdf/6022a40ebc827214c09925e0,200,application/pdf,208362,501ee16428d501b064fbf66ae8cb0d8a6a0b674563e5a918db6d33e5f786351c,2026-09-29
MT,holdings,public_health_surveillance,https://legislation.mt/getpdf/67515d500dba9f09507542ee,200,application/pdf,191301,0e5b0c1ec06e6bd93cb8959a697731840afd4b3c36f24e9a14ce5dc139e28c4b,2026-09-29
MT,holdings,residence_permits,https://identita.gov.mt/expatriates-unit-main-page/,200,text/html,131389,10420806f89c8f4577bb13886e4017bbd5dca86503eeebfce28ada4dd82527e8,2026-09-29
MT,holdings,residence_permits,https://identita.gov.mt/expatriates-unit-main-page/noneu-nationals/useful-information/finalising-application-process/biometrics-and-interim-receipt/,200,text/html,134681,a7ecd9c82f27a128732001bc062b7ca5d87ac67ac8e329430329ecc4d81da8bd,2026-09-29
MT,holdings,residence_permits,https://legislation.mt/getpdf/689061f044ed663ec0f22f07,200,application/pdf,112469,5409fce8b8137388e5d25be26b43b65010a1975eb8abcc33e9a220a32ceb71dc,2026-09-29
MT,holdings,statistics_microdata,https://legislation.mt/getpdf/6022c0cfbc827214c09b08e1,200,application/pdf,234189,ef64507d2b640f9794e7083e5000476aef05a57159309c0f791262eaf466e435,2026-09-29
MT,holdings,tax,https://legislation.mt/getpdf/69c65a5c7da36921dcc4f04b,200,application/pdf,540168,74d4b81529cae7193dea5c2a4feac7e2e27120bc83361ac39d499f0e39d43736,2026-09-29
MT,holdings,trust_services_pki,https://legislation.mt/getpdf/65e082ac798bab1ea87f83dc,200,application/pdf,251411,216a4f92caf1d90178d18c9be0c5d6ea6614450840888cf1b308d2c42918d3a0,2026-09-29
MT,holdings,vehicle_licensing,https://legislation.mt/getpdf/69c657587da36921dcc4f02f,200,application/pdf,918121,096f533aa8f580bcc08ddab4cb3564e40c7c95408c9913cd386377b03efc4b68,2026-09-29
MT,holdings,water_control,https://legislation.mt/getpdf/6022b344bc827214c09a47cf,200,application/pdf,294016,66ed4046e12c576389829f02d682a03f490f3c13b78b28fb251c93d6e07b43a4,2026-09-29
MT,legal,gazette,https://legislation.mt/,200,text/html,30509,c9c168d3441cccf10288fe57894ad71316f6c88e82728114ead0b8a43f20db6e,2026-09-11
NL,holdings,authentication_audit_log,https://www.logius.nl/actueel/ruim-de-helft-van-alle-digid-logins-wordt-gedaan-met-digid-app-en-id-check,200,text/html,33075,a458fde2ddf069beb01bff087992337a497324db464e7ecf91c27f7f47f271b7,2026-09-29
NL,holdings,benefits_pensions,https://repository.overheid.nl/frbr/officielepublicaties/blg/onopgemaakt/blg-1196853/1/pdf/blg-1196853.pdf,robots-denied,,0,,2026-09-29
NL,holdings,benefits_pensions,https://wetten.overheid.nl/BWBR0002221/2026-07-01,200,text/html,741464,6aae68c6ff6a564d67534ee8bede6459a132f26de0268af33d86d2133cf298e6,2026-09-29
NL,holdings,benefits_pensions,https://wetten.overheid.nl/BWBR0013060/2026-07-01,200,text/html,960864,f675593a5aedd631c01f0710fc984a1b6cb8549e465eb397513ec4edfe8526be,2026-09-29
NL,holdings,border_control,https://zoek.officielebekendmakingen.nl/kst-36158-3.html,200,text/html,1103024,f287535487f1ebec2efb32303293851879354f504d50ffc8810557070af96fac,2026-09-29
NL,holdings,breeder_documents,https://wetten.overheid.nl/BWBR0002656/2025-07-05,200,text/html,4149158,3a56f36afff1f60aafe9ed8c1943a8c71d64d7bbcace626aefe6c2783d1b3a45,2026-09-29
NL,holdings,business_registry,https://wetten.overheid.nl/BWBR0021777/2025-07-16,200,text/html,624271,fa21bae06fef183243161ee1ab23d1191e6b45934a8a063c9da83b24f68ac70b,2026-09-29
NL,holdings,central_bank,https://wetten.overheid.nl/BWBR0009508/2026-09-22,200,text/html,345828,80a7028ad5bacc7e23588432d2bdc399dacbdb74a6ec2a7921036276244563bd,2026-09-29
NL,holdings,civil_registry,https://wetten.overheid.nl/BWBR0033715/2025-11-11,200,text/html,1256429,60448182dc3a7ea612485b0128bc9a95b8138e6dc0dec813eef6b6d02aa547b3,2026-09-29
NL,holdings,civil_registry,https://www.rvig.nl/basisregistratie-personen,200,text/html,41154,aa3b646117dab4785c5c0ae16c54659a7d8eb0225f3719ec57b3a51dd566631c,2026-09-29
NL,holdings,civil_registry,https://www.rvig.nl/beheer-van-de-gegevens-de-basisregistratie-personen-brp,200,text/html,17142,e6b9ca86821acf93637d893d5265e2d794a8e3098a948a33743b84a8129e457d,2026-09-29
NL,holdings,crisis_management,https://repository.overheid.nl/frbr/officielepublicaties/blg/onopgemaakt/blg-1182102/1/pdf/blg-1182102.pdf,robots-denied,,0,,2026-09-29
NL,holdings,customs,https://wetten.overheid.nl/BWBR0023746/2026-07-01,200,text/html,1032607,8fcc2c735dc106afc84d5e3b46abf937d39f9f42227c34a5caf27b8e34cd850c,2026-09-29
NL,holdings,customs,https://zoek.officielebekendmakingen.nl/kst-31934-61.html,200,text/html,31919,ae5c63142f9c1bb002f3513941a539b680892e92860daa953c4e3cec9fce8ef7,2026-09-29
NL,holdings,defence_command,https://repository.overheid.nl/frbr/officielepublicaties/blg/onopgemaakt/blg-844692/1/pdf/blg-844692.pdf,robots-denied,,0,,2026-09-29
NL,holdings,digital_identity_credentials,https://www.digid.nl/over-digid/privacy,200,text/html,267152,28434d5e455c18e161e14c8d4b23b7b0105f641cf7c46e3adc93d0170f0877a0,2026-09-29
NL,holdings,digital_identity_credentials,https://www.logius.nl/onze-dienstverlening/toegang/digid,200,text/html,43241,54bb940805f816663b234afe16eeba74c8fb6627921fe1d91438f16a714f5bd6,2026-09-29
NL,holdings,education,https://duo.nl/particulier/uittreksel-diplomagegevens-downloaden.jsp,200,text/html,34706,5fb74a0eb24c9834e63118e89bbbb7ecc9eb1aa2502e9ea1d3ec5567eaa77da3,2026-09-29
NL,holdings,education,https://wetten.overheid.nl/BWBR0042012/2026-08-01,200,text/html,450793,7092412aee1eed976f6dc9781f50a183b59a4975936a2a04d89b27eb53d249bc,2026-09-29
NL,holdings,education,https://zoek.officielebekendmakingen.nl/kst-26643-1500.html,200,text/html,30482,3ee9963f8da38753acd330a0df8f42cfac090f563b811f9e0cc33f2cb62099c6,2026-09-29
NL,holdings,electoral_management,https://zoek.officielebekendmakingen.nl/stb-2025-172.html,200,text/html,116922,1bd79d14d966826bd4eb2c82004ebc45643c49ee34081b03aa8b475820e4ca3d,2026-09-29
NL,holdings,electoral_roll,https://wetten.overheid.nl/BWBR0004627/2026-01-01,200,text/html,4335766,e38f174959232f418885c12d684e96bcd3f71d30d888cb4be0fd943f9e4b7253,2026-09-29
NL,holdings,emergency_communications,https://wetten.overheid.nl/BWBR0031788/2026-06-12,200,text/html,1114199,a7455d39c828392a83129f85a97a6950ee621d86b4451f5ed024d70df18b829e,2026-09-29
NL,holdings,emergency_communications,https://www.meldkamersamenwerking.nl/c2000/,200,text/html,99998,39ac2299fb2b7553ee6dcb1257e367108de7bcd364f9ad027d5a3da61ca1af99,2026-09-29
NL,holdings,extra:meteorological_warning,https://repository.overheid.nl/frbr/officielepublicaties/blg/onopgemaakt/blg-1178863/1/pdf/blg-1178863.pdf,robots-denied,,0,,2026-09-29
NL,holdings,facial_biometric,https://wetten.overheid.nl/BWBR0005212/2024-01-01,200,text/html,668783,0174152909bbd592fec6963bcbfe884ebe571846528dcc61deb14a7fe0f3c60d,2026-09-29
NL,holdings,firearms_register,https://wetten.overheid.nl/BWBR0008804/2026-07-01,200,text/html,558329,c08919466f816354c3dcfbc28db5106b3d3ba4b4d643614eb5627d974894c771,2026-09-29
NL,holdings,geospatial,https://wetten.overheid.nl/BWBR0023466/2025-02-12,200,text/html,350877,fbec755f6f379c8a6d7f6cb445956021f227843ac105a3ecd591a50b50a91b9b,2026-09-29
NL,holdings,government_payroll,https://zoek.officielebekendmakingen.nl/stcrt-2019-35539.html,200,text/html,55019,3550ac5e536bbf10580707780335e84d5d55ddfa4f293b0fa9b0c0643bc79a84,2026-09-29
NL,holdings,grid_control,https://wetten.overheid.nl/BWBR0050714/2026-07-01,200,text/html,2872914,8fef5d8099f7db539b7b0a88426e79e5965e6bf6a15af0b9fb8570cd5555fb49,2026-09-29
NL,holdings,grid_control,https://zoek.officielebekendmakingen.nl/kst-36378-3.html,200,text/html,3252722,fa07055a7972ce9d1f325a2baded269831e71acd42ee5e23a7dac121e9cc944a,2026-09-29
NL,holdings,health_insurance,https://wetten.overheid.nl/BWBR0018450/2026-01-01,200,text/html,1339036,f4295178dcbee34fef36d9ee5d761820400fc1cf56bb488bce73821f2e14a492,2026-09-29
NL,holdings,health_records,https://wetten.overheid.nl/BWBR0023864/2025-07-05,200,text/html,273840,a09a912217fbec4ddeb050be9264b57f72c789535077ddf3bc7768cebc939b76,2026-09-29
NL,holdings,health_records,https://www.aorta-lsp.nl/,200,text/html,116551,f91f63198e8416a3b5a27889bdc2cc3d8df9b18244f148e1c558e54c9f805c29,2026-09-29
NL,holdings,health_records,https://www.aorta-lsp.nl/over-aorta-lsp,200,text/html,98423,7dc35dd0aeec7cc259b6875320dc09fc08c47478f0c66b3536e527fdc5714df3,2026-09-29
NL,holdings,health_records,https://www.aorta-lsp.nl/over-aorta-lsp/hoe-werkt-het-landelijk-schakelpunt,200,text/html,101275,7f8d258bccbc78320a7cb497262c72daa8f0cc5bfad3d337e29eb06972272bac,2026-09-29
NL,holdings,indicator:C1,https://www.odc-noord.nl/Organisatie,200,text/html,22332,315494850759174dfd2c69d39dd761eab204d98a71876250af9b64d5c793956e,2026-09-29
NL,holdings,indicator:C1,https://zoek.officielebekendmakingen.nl/kst-1263099.pdf,200,application/pdf,56268,1b683d85d614be040a5312d0588a6b2a0543602c0708723fdeaf801074a564e2,2026-09-29
NL,holdings,indicator:C2,https://www.odc-noord.nl/diensten/infrastructure-as-a-service,200,text/html,19647,f3310f16eae99be6c77ae18986a9ff220c09bd24b89b461d33cd5f97d4376221,2026-09-29
NL,holdings,indicator:K1,https://www.logius.nl/onze-dienstverlening/toegang/pkioverheid/wat-pkioverheid,200,text/html,36473,2bb88ffb2e88a3645de61ee3b58437a1a42585fe7a5bdf605cd40a252f68f271,2026-09-29
NL,holdings,indicator:K1,https://www.logius.nl/over-ons/onze-organisatie,200,text/html,57863,9a83c3a4909bbdfb5fa6c0133aff28eb483430d2620214e31d8faa2783f6c123,2026-09-29
NL,holdings,indicator:K2,https://www.logius.nl/onze-dienstverlening/toegang/digid,200,text/html,43241,5c4d0707358cfb83823959cb65170f32854ffd47ebb237dc75b8d1909ca4f7c6,2026-09-29
NL,holdings,indicator:L1,https://zoek.officielebekendmakingen.nl/kst-1264433.pdf,200,application/pdf,49557,f31883bd9389bdfcffb420ddd60111c84c15e47f4a7df524179996504a2685e0,2026-09-29
NL,holdings,indicator:L2,https://zoek.officielebekendmakingen.nl/stcrt-2025-30222.html,200,text/html,334447,5a0dcf996eb180b1fecbb4cc020cc44de7f1e348fe5f5b878d6be632ef7be684,2026-09-29
NL,holdings,indicator:L3,https://zoek.officielebekendmakingen.nl/kst-1263281.pdf,200,application/pdf,100619,59d307a4f14349a219366a0094c1cebe28a35e6dd64cb306dd4314da08fbe2b8,2026-09-29
NL,holdings,intelligence,https://wetten.overheid.nl/BWBR0039896/2026-01-01,200,text/html,1567367,f194b4abc041cb6f0461321f31c9d66cebf07d131d790be01fb728ee195f6448,2026-09-29
NL,holdings,issuance_history,https://www.rvig.nl/basisregister-reisdocumenten,200,text/html,19568,84cfe9ef2485bc0268a27b16fcdc715e9aa00790e87df1c77e570ec7e2d2e2c4,2026-09-29
NL,holdings,judicial_criminal,https://wetten.overheid.nl/BWBR0014194/2026-09-01,200,text/html,959901,073614c1d4b8011bc57b00f4943b54e5c489a967447dc4a49842f19c132ecb35,2026-09-29
NL,holdings,land_property,https://repository.overheid.nl/frbr/officielepublicaties/blg/onopgemaakt/blg-1249287/1/pdf/blg-1249287.pdf,robots-denied,,0,,2026-09-29
NL,holdings,land_property,https://wetten.overheid.nl/BWBR0004541/2026-01-01,200,text/html,1468874,9b40b7de9abd046e1cd9997eb6cb17ada90f55d73697084d8e6bd6f3789992d0,2026-09-29
NL,holdings,national_archives,https://wetten.overheid.nl/BWBR0007376/2024-06-19,200,text/html,503838,05ddef708744707dafbd86f68a2b965d23710bfaa093358cf97c3dfadea09b72,2026-09-29
NL,holdings,national_archives,https://www.nationaalarchief.nl/over-het-na/organisatie,200,text/html,48596,9e29e4034fffacc1c3e54e3e0c1580edd8ce46bdc7c7fda8aaef84f57df2a627,2026-09-29
NL,holdings,official_gazette,https://wetten.overheid.nl/BWBR0004287/2024-01-01,200,text/html,177054,f3e48814e735099ddb6c4195fd797599ae64f787feb2ae8a454c660f35f35b68,2026-09-29
NL,holdings,official_gazette,https://www.koopoverheid.nl/over-koop,200,text/html,244634,abb5bd68f25edbc540f39e3db26b79b42eb8b0023501e0ac03bf54697da3097d,2026-09-29
NL,holdings,police_records,https://wetten.overheid.nl/BWBR0022463/2026-09-01,200,text/html,673101,9bb5040625cd0a8c55707ba34604687ea3c94dc5cb926aa2e8e2cecab9b73382,2026-09-29
NL,holdings,public_finance,https://wetten.overheid.nl/BWBR0039429/2026-06-04,200,text/html,1213918,a1b8f8f67e11c2632d95a3238cf97a78f78b4df5d58e8839eed6096f2c480aae,2026-09-29
NL,holdings,public_health_surveillance,https://wetten.overheid.nl/BWBR0024705/2026-01-01,200,text/html,1171006,66d1810159f5267207ffad37acd2d0cb20efe0e68c0f42652af5b64bf5c8f4be,2026-09-29
NL,holdings,public_health_surveillance,https://zoek.officielebekendmakingen.nl/kst-36621-3.html,200,text/html,381349,8e91e1ae545d830977cfa9e333a007588a966f1501c77b3233f1b6e0161136cc,2026-09-29
NL,holdings,residence_permits,https://ind.nl/nl/over-ons,200,text/html,41488,dc147c1468c7f89d80a9551243aa763ef6137d1a914d034c52dcd344d906edad,2026-09-29
NL,holdings,residence_permits,https://wetten.overheid.nl/BWBR0011823/2026-09-01,200,text/html,1855518,1bde6b7dcea413e3c712bdab2743cd6902aa7832ab8c8b18e6e66271e2f13efc,2026-09-29
NL,holdings,statistics_microdata,https://wetten.overheid.nl/BWBR0015926/2025-09-01,200,text/html,564157,de3d81c92a132a746cb0e3cdc5138f9a0d423fb53e2220cb4dd8157efe6f01f7,2026-09-29
NL,holdings,statistics_microdata,https://www.cbs.nl/nl-nl/onze-diensten/maatwerk-en-microdata/microdata-zelf-onderzoek-doen,200,text/html,50957,664f546d57e5934cabe24517276379fbefe18fdd9cc3ac252433f930b72716a5,2026-09-29
NL,holdings,tax,https://wetten.overheid.nl/BWBR0002320/2026-04-11,200,text/html,1582386,3e216bf8aabfba958735778609cbe929d1b6245733b87a097201eb6ffaad1922,2026-09-29
NL,holdings,tax,https://zoek.officielebekendmakingen.nl/ah-tk-20252026-506.html,200,text/html,58839,780f4ae08b9488f2a2f8fa85dae653cf81b83f28b66cf0ea2114cb7f79f74a94,2026-09-29
NL,holdings,trust_services_pki,https://www.logius.nl/onze-dienstverlening/toegang/pkioverheid/pkioverheidcertificaat-aanvragen,200,text/html,34150,8a9d3d26bf86ac08bd32f2ab358db5830579c6fcffdccb982276665854d621a9,2026-09-29
NL,holdings,trust_services_pki,https://www.logius.nl/onze-dienstverlening/toegang/pkioverheid/wat-pkioverheid,200,text/html,36473,b27343961f7f16b53b8e4ca2d3abe5b2b3c16ec8a788814b818decf9fc5c938a,2026-09-29
NL,holdings,vehicle_licensing,https://wetten.overheid.nl/BWBR0006622/2026-09-01,200,text/html,2954917,4317fbd5c745051a17f572ceca183886a2731988aa4045e113258983336ea4d7,2026-09-29
NL,holdings,water_control,https://wetten.overheid.nl/BWBR0005108/2026-01-01,200,text/html,1877452,4da9d97e7c8c0420091362091d52477ee29b75ed60826ed63622649b51b46070,2026-09-29
NL,legal,certification_scheme,https://www.bio-overheid.nl/media/cs5ctudu/20250924-baseline-informatiebeveiliging-overheid-2-bio2-v12-deff.pdf,403,text/html,0,,2026-09-11
NL,legal,data_classification,https://wetten.overheid.nl/BWBR0033507/2013-06-01,200,text/html,211145,9faf179364f423a6258dfed6f4bb8f4457b9c56c2d791cab1cb0e9b75334f01f,2026-09-11
NL,legal,gazette,https://wetten.overheid.nl/,200,text/html,26302,31a6ac42469c2d79b8392d6344e73cf61f87f99559dbcdff4764510c90110680,2026-09-11
NL,legal,legal_instrument,https://www.tweedekamer.nl/downloads/document?id=2022D33299,200,application/pdf,71690,7ffa24a9617f7b0e5bf08834b2be7ba525b46ee301134e032703f81cfb2fd8ae,2026-09-11
PL,holdings,beneficial_ownership,https://api.sejm.gov.pl/eli/acts/DU/2025/644/text.pdf,200,application/pdf,1484582,a5f4d645f345e89e820c62a90c3723666b202fff945d1cfc04b5c22899bff2ea,2026-09-29
PL,holdings,benefits_pensions,https://api.sejm.gov.pl/eli/acts/DU/2026/199/text.pdf,200,application/pdf,2310693,b009d5bc5749dba7bab8c391c56f6241f8c6cf53dc0870c5a5200003de6466e9,2026-09-29
PL,holdings,border_control,https://api.sejm.gov.pl/eli/acts/DU/2026/1061/text.pdf,200,application/pdf,551246,0fd0d80871c4e553541a7638cd111f494767e4e157575153163e18f82bfe363f,2026-09-29
PL,holdings,breeder_documents,https://api.sejm.gov.pl/eli/acts/DU/2026/393/text.pdf,200,application/pdf,572155,a9e5469bd32bc2d89c2c2294dd5001f09455193ead2ed04a8866377424c45d51,2026-09-29
PL,holdings,business_registry,https://api.sejm.gov.pl/eli/acts/DU/2025/869/text.pdf,200,application/pdf,795093,f80d16e124382489b6b60d943905ee22bca8751578f77c5f848d4260159833b7,2026-09-29
PL,holdings,business_registry,https://api.sejm.gov.pl/eli/acts/DU/2026/30/text.pdf,200,application/pdf,608821,6c713744a8c2a3e9f4b1a10c1bb6030f829ab5e0de8186a9263a4c88ffc11ff4,2026-09-29
PL,holdings,central_bank,https://api.sejm.gov.pl/eli/acts/DU/2022/2025/text.html,200,text/html,313665,d697948d3703d0c4e2bf2f541848841927629f68627859fe798877cda1ab687b,2026-09-29
PL,holdings,civil_registry,https://api.sejm.gov.pl/eli/acts/DU/2026/384/text.pdf,200,application/pdf,606042,16ad0c30f3a26aa1e91f4e2b46e3a71146bbf2da755af030c58cd67dec39abfb,2026-09-29
PL,holdings,civil_registry,https://www.coi.gov.pl/realizacje/srp-system-rejestrow-panstwowych,200,text/html,91221,81350ec03562a2042841c7b0fd01ea0d7fc229d1e547e1942fe61805adff1749,2026-09-29
PL,holdings,crisis_management,https://api.sejm.gov.pl/eli/acts/DU/2020/1527/text.pdf,200,application/pdf,294800,260d9a4fc76f3f6889257b74dc835f76f11c2d59b836520675c8d620634664ea,2026-09-29
PL,holdings,crisis_management,https://api.sejm.gov.pl/eli/acts/DU/2026/574/text.pdf,200,application/pdf,582418,e613861a2c6e763112b9c441b9fcdaedb3eec9b788d29caefb2516b9b0b46b9f,2026-09-29
PL,holdings,customs,https://api.sejm.gov.pl/eli/acts/DU/2024/1373/text.html,200,text/html,446433,4e4c03d2b025abb86d3567c626ea14c2d0e929af8d8c44a663f9ac0e00c2e60f,2026-09-29
PL,holdings,customs,https://puesc.gov.pl/web/guest/uslugi/jak-to-dziala-informacje-o-puesc,200,text/html,179294,e0fc1d57ee4217c89ee7790e652bc454dacbddb7f9c21a4bf18733c701f1a2eb,2026-09-29
PL,holdings,digital_identity_credentials,https://api.sejm.gov.pl/eli/acts/DU/2026/1241/text.pdf,200,application/pdf,566839,d57ff9c488b88b26a9b2841bf6f71ca684848a845c7c82bb1ae4512ea232f54d,2026-09-29
PL,holdings,digital_identity_credentials,https://www.coi.gov.pl/corporation,200,text/html,83040,745ddd1f43cb1f0621ce7206f11eee5815dc479478b6e7d1db937d212be5ac48,2026-09-29
PL,holdings,digital_identity_credentials,https://www.coi.gov.pl/realizacje/profil-zaufany,200,text/html,73743,f2dd6f42bedef946f9cdc91311dc98c3df2413b3444bb61ede79f90483ec3c5a,2026-09-29
PL,holdings,education,https://api.sejm.gov.pl/eli/acts/DU/2024/1571/text.html,200,text/html,3629249,a9a375c58c258553bcf7e8dcfaefa85c8874044784065f3dfcda9590a11b96ab,2026-09-29
PL,holdings,education,https://api.sejm.gov.pl/eli/acts/DU/2026/803/text.pdf,200,application/pdf,685552,6374b48f0b7304af263b39bdba84390dedbf3da4a3315dd96823b6d4c7547824,2026-09-29
PL,holdings,electoral_roll,https://api.sejm.gov.pl/eli/acts/DU/2026/1261/text.pdf,200,application/pdf,1515650,9961f607b133532b373bf0332955caeaad0039a3feb0798a08073d1a2e1e082e,2026-09-29
PL,holdings,emergency_communications,https://api.sejm.gov.pl/eli/acts/DU/2025/1354/text.pdf,200,application/pdf,526983,f368cd040a21480b5f1befef38f2ea93c46f79c2399f2fac958e5872c5d72471,2026-09-29
PL,holdings,extra:einvoicing,https://api.sejm.gov.pl/eli/acts/DU/2026/1263/text.pdf,200,application/pdf,4544607,df1e1594382b430c4ae8b03004407249d0abd69678e6e6523fb438f083adaac0,2026-09-29
PL,holdings,extra:government_cloud,https://www.coi.gov.pl/realizacje/wspolna-infrastruktura-informatyczna-panstwa,200,text/html,75820,395721d0d3bff001621c01c496d3cdbec04c11c7f6d1eab182479587daca8c94,2026-09-29
PL,holdings,extra:government_cloud,https://www.coi.gov.pl/strefa-wiedzy/wpis/ezd-rp-w-modelu-saas-jak-coi-buduje-technologiczne-zaplecze-cyfrowej-administracji,200,text/html,117217,a1ecd20a796c02bfb1e0ba5afed16f17f0699c99057807bdd70b5491536c4315,2026-09-29
PL,holdings,facial_biometric,https://api.sejm.gov.pl/eli/acts/DU/2025/1753/text.pdf,200,application/pdf,719720,b53fa36033ad18ef7363eb178f34d78a1e929c67a0bf826b149ccd19980972fa,2026-09-29
PL,holdings,fingerprint_biometric,https://api.sejm.gov.pl/eli/acts/DU/2026/196/text.pdf,200,application/pdf,684880,cb621e4a10fc33a7e13988995c4b870abbe59da4a76a1a5596df72543d626ab2,2026-09-29
PL,holdings,firearms_register,https://api.sejm.gov.pl/eli/acts/DU/2024/485/text.html,200,text/html,560091,afc8202f8e356287815dbcf60c60ff94901686652a45067648a3c1b0bde0d068,2026-09-29
PL,holdings,geospatial,https://api.sejm.gov.pl/eli/acts/DU/2024/1151/text.html,200,text/html,1351359,5c11ec1c6088fdfe3a85ea0bf5b4db41db1760f08427c67e3c4f28fd395d533f,2026-09-29
PL,holdings,grid_control,https://api.sejm.gov.pl/eli/acts/DU/2026/43/text.pdf,200,application/pdf,4559861,457491bcede2fe775fd32ac7e68054074ad36eb89be8b92ac8b009afa3ebfd12,2026-09-29
PL,holdings,grid_control,https://www.pse.pl/o-nas/informacje-podstawowe,200,text/html,36300,08d0769a19fb9afe9ac428c4aa885ed1566f73230ca0a823c342eaab7da4e125,2026-09-29
PL,holdings,health_insurance,https://api.sejm.gov.pl/eli/acts/DU/2025/1461/text.pdf,200,application/pdf,4137020,6b1219883e69636dd4c7c7d1a864297af574db11c9a1ea1adc58f6b330b652d3,2026-09-29
PL,holdings,health_records,https://api.sejm.gov.pl/eli/acts/DU/2026/208/text.pdf,200,application/pdf,1000122,a5346c5162338260e6ac7d0d16940e6837d49fce238b0878c3fa02b6dd73cc11,2026-09-29
PL,holdings,indicator:C1,https://coi.gov.pl/realizacje/ekosystem-e-uslug,200,text/html,75919,96a00e21d5ffd36b12bd8d8f502e54112e882bd02f8cbbea7cb3030317ac3f30,2026-09-29
PL,holdings,indicator:C1,https://coi.gov.pl/realizacje/wspolna-infrastruktura-informatyczna-panstwa,200,text/html,75820,395721d0d3bff001621c01c496d3cdbec04c11c7f6d1eab182479587daca8c94,2026-09-29
PL,holdings,indicator:C1,https://www.gov.pl/web/cyfryzacja/wieloletni-program-krajowe-centrum-przetwarzania-danych-kcpd-etap-i--wsparcie-procesu-przygotowania-projektu,200,text/html,66018,fc0bac31402dc08b118247bccbbb0accc0f4981029e9ee5c90bd188654e5c367,2026-09-29
PL,holdings,indicator:C2,https://coi.gov.pl/strefa-wiedzy/wpis/ezd-rp-w-modelu-saas-jak-coi-buduje-technologiczne-zaplecze-cyfrowej-administracji,200,text/html,117217,a1ecd20a796c02bfb1e0ba5afed16f17f0699c99057807bdd70b5491536c4315,2026-09-29
PL,holdings,indicator:C2,https://www.gov.pl/web/cyfryzacja/strategia-cyfryzacji-panstwa,200,text/html,85070,a7a9d76d0489ad34d37299a2371e577d56eb2ba0adbc34cbce6dee819322ca77,2026-09-29
PL,holdings,indicator:K1,https://api.sejm.gov.pl/eli/acts/DU/2016/1579/text.html,200,text/html,999987,7683814d832c6a1325de15485c1a22eceaf5c0a63d5a203e22cd565847e158ea,2026-09-29
PL,holdings,indicator:K1,https://www.nccert.pl/,200,text/html,13396,d32ef3360e3f39aa7329bad6d3cf3ceb99c98affe96007dc2eea609468868779,2026-09-29
PL,holdings,indicator:K2,https://coi.gov.pl/realizacje/profil-zaufany,200,text/html,73743,f2dd6f42bedef946f9cdc91311dc98c3df2413b3444bb61ede79f90483ec3c5a,2026-09-29
PL,holdings,indicator:K2,https://www.gov.pl/web/cyfryzacja/profil-zaufany,200,text/html,34450,4d3b428eee4fa174c6661e6192a63f97d651ae90008f08fd344f38cefb30533c,2026-09-29
PL,holdings,indicator:L1,https://api.sejm.gov.pl/eli/acts/DU/2010/1228/text.html,200,text/html,1531159,83226be7117c4c72e5dd258591261b54aa8034f119c8cbb0a409b3d0860843ba,2026-09-29
PL,holdings,indicator:L1,https://www.gov.pl/web/cyfryzacja/standardy-cyberbezpieczenstwa-chmur-obliczeniowych,200,text/html,39416,7ab9f0be42e4c19e98abd5b8c963d5db8bb21254fd774a8da3027e1751feade2,2026-09-29
PL,holdings,indicator:L3,https://www.gov.pl/web/cyfryzacja/certyfikacja,200,text/html,30221,5e8c82bd9806ca9f9b77d614e72ba3235d8e095d5edd7e08ff6d359affceb7e2,2026-09-29
PL,holdings,intelligence,https://api.sejm.gov.pl/eli/acts/DU/2026/937/text.pdf,200,application/pdf,839258,755adc701ba6b7ebc78f997efe5f27246979fd4e20cd9ea5f3da6c1410e64775,2026-09-29
PL,holdings,judicial_criminal,https://api.sejm.gov.pl/eli/acts/DU/2024/276/text.html,200,text/html,310619,0fa39a87773dd0f0c64b92e49618fdf37b68d0f8e7998dd7c0d563169f635e95,2026-09-29
PL,holdings,land_property,https://api.sejm.gov.pl/eli/acts/DU/2026/1066/text.pdf,200,application/pdf,516868,cbc2d187735e06130003a3139580f7a9a5f3f421a37d6c8d8a6943b47f3e9a0f,2026-09-29
PL,holdings,national_archives,https://api.sejm.gov.pl/eli/acts/DU/2020/164/text.html,200,text/html,612880,4063800b92ed2ad72477440e541b6c42601213903be95c0d81fbf675af58770b,2026-09-29
PL,holdings,official_gazette,https://api.sejm.gov.pl/eli/acts/DU/2019/1461/text.html,200,text/html,196505,88991ae300b890993fd0426ceef7641cdce3cd70931ec075f9a8ab8f61d1845a,2026-09-29
PL,holdings,police_records,https://api.sejm.gov.pl/eli/acts/DU/2025/636/text.pdf,200,application/pdf,3054670,14eab91f164df0f8afce9cb5bf91d8377a6ec1ea8fcbf5e80de0d9ec1184557b,2026-09-29
PL,holdings,public_finance,https://api.sejm.gov.pl/eli/acts/DU/2025/1483/text.pdf,200,application/pdf,1444876,e8222871a2b10844ba3b38625c0bffaaec5bccf348b3a1ed4868230762900a0f,2026-09-29
PL,holdings,public_health_surveillance,https://api.sejm.gov.pl/eli/acts/DU/2025/1675/text.pdf,200,application/pdf,1134698,58b25d35da93b2b1b5b6a6a12633c3584a800ce80e5c675460be33e59392babc,2026-09-29
PL,holdings,residence_permits,https://api.sejm.gov.pl/eli/acts/DU/2025/1079/text.pdf,200,application/pdf,2513586,2d3492f82ae1a1ab936667bf4fac1a8544adf4d166db0d6904145bc6d74ad4e0,2026-09-29
PL,holdings,statistics_microdata,https://api.sejm.gov.pl/eli/acts/DU/2026/851/text.pdf,200,application/pdf,893355,f6aa1d65bdcf3763dbc403db8a87a4c675a6e72358dd96faa47a62bbbd70fab2,2026-09-29
PL,holdings,tax,https://api.sejm.gov.pl/eli/acts/DU/2026/151/text.pdf,200,application/pdf,393000,d4cc62eb9682e01999098996e639b7bb78264860ec0c2160674313e35e1c1a7a,2026-09-29
PL,holdings,trust_services_pki,https://api.sejm.gov.pl/eli/acts/DU/2024/1725/text.html,200,text/html,456505,816e8e9a7b556c7d65928988ed203c87a8e2057151b40b3fb142879a19d9ba3a,2026-09-29
PL,holdings,trust_services_pki,https://www.nccert.pl/index.htm,200,text/html,13396,d32ef3360e3f39aa7329bad6d3cf3ceb99c98affe96007dc2eea609468868779,2026-09-29
PL,holdings,vehicle_licensing,https://api.sejm.gov.pl/eli/acts/DU/2024/1251/text.html,200,text/html,3995694,bacd222edf487df64ca544108fc1511c412d34bf58d71ca01064e926266b5c2c,2026-09-29
PL,holdings,vehicle_licensing,https://www.coi.gov.pl/realizacje/cepik,200,text/html,69427,a42beee2013fd5a233e71001bf0ee047ee06f111f917ad36e0532134cfc9dee3,2026-09-29
PL,holdings,water_control,https://api.sejm.gov.pl/eli/acts/DU/2025/960/text.pdf,200,application/pdf,4620516,53520c04de261b4daef59eed9bbe8dbae2bda2aa8bf22d17ecf8817259b7c93d,2026-09-29
PL,legal,gazette,https://isap.sejm.gov.pl/,robots-denied,,0,,2026-09-11
PT,holdings,beneficial_ownership,https://www.pgdlisboa.pt/leis/lei_mostra_articulado.php?nid=2755&tabela=leis,200,text/html,190156,477c4e1f77a10d872a76aa0cdeb545374419e570cb557a899d73f8b2d762ad2f,2026-09-29
PT,holdings,benefits_pensions,https://www.pgdlisboa.pt/leis/lei_mostra_articulado.php?nid=2243&tabela=leis,200,text/html,279890,a063d2aeaeef8dcbb77f20680c78aad40f18b0a8a275ccff8c7c85e55bc6cdea,2026-09-29
PT,holdings,border_control,https://www.pgdlisboa.pt/leis/lei_mostra_articulado.php?nid=3468&tabela=leis,200,text/html,84487,3015378185868386e78e2b2b7ccb7a1f5c88cf20e7c76ed331a741ea89021cea,2026-09-29
PT,holdings,business_registry,https://www.pgdlisboa.pt/leis/lei_mostra_articulado.php?artigo_id=506A0078B&nid=506&tabela=leis&pagina=1&ficha=1&nversao=,200,text/html,95312,b9c94e68fdd51eb8173edea8fe126e19b885ca9300c722891fd5acf5f00eea1e,2026-09-29
PT,holdings,civil_registry,https://www.pgdlisboa.pt/leis/lei_mostra_articulado.php?artigo_id=682A0220A&nid=682&tabela=leis&pagina=1&ficha=1&nversao=,200,text/html,1575,f6fe73a4fe60a0f94635ed88369abac17049af35fdabf486c5165aa7103c5a05,2026-09-29
PT,holdings,civil_registry,https://www.pgdlisboa.pt/leis/lei_mostra_articulado.php?nid=334&tabela=leis,200,text/html,167412,c38ee743e684c9ff0456f0773ac8f2f928f571ee5b4c1eee988489ba0da65072,2026-09-29
PT,holdings,crisis_management,https://www.pgdlisboa.pt/leis/lei_mostra_articulado.php?nid=3049&tabela=leis,200,text/html,198352,b04f28fa07cadad1f6f5c90589bc023ff80992e11ea6ad5b7756775e0a728c78,2026-09-29
PT,holdings,digital_identity_credentials,https://www.autenticacao.gov.pt/web/guest/estatisticas,200,text/html,74534,b023dd76550fd87ba965977fe806ba5ab2d997ec0c4387b33ec771c7cdead7c7,2026-09-29
PT,holdings,digital_identity_credentials,https://www.autenticacao.gov.pt/web/guest/termos-e-condicoes,200,text/html,83514,154c7d572427ba4d3c79579c9170a8e662dd60e8fcf65253137578dafd4dd5e5,2026-09-29
PT,holdings,digital_identity_credentials,https://www.pgdlisboa.pt/leis/lei_mostra_articulado.php?nid=2809&tabela=leis,200,text/html,155178,f13db118fb0a84281f9aa8fb7ae14474b63d923a05ee792481e599b3fbe6e088,2026-09-29
PT,holdings,education,https://www.pgdlisboa.pt/leis/lei_mostra_articulado.php?nid=1081&tabela=leis,200,text/html,138285,eacad0afa1b5496dca235ba189b3e8b47076a1f985718cdc8af28b01582a22b2,2026-09-29
PT,holdings,electoral_management,https://www.sg.mai.gov.pt/pt/AdministracaoEleitoral/,200,text/html,53799,56e90ec5e7769efe2290027705e859108229f2121f043344ec0bc9590639565f,2026-09-29
PT,holdings,electoral_roll,https://www.pgdlisboa.pt/leis/lei_mostra_articulado.php?nid=2545&tabela=leis,200,text/html,336276,80d0ddf98be3a6b63863d0d2e5fa65aca71b3cf24784f5836292a5d9ea017b92,2026-09-29
PT,holdings,extra:dna_database,https://www.pgdlisboa.pt/leis/lei_mostra_articulado.php?nid=1506&tabela=leis,200,text/html,170943,fec8113ebd1b643266c964fcb65f3a3453c4023766728085e5f0e85f09537824,2026-09-29
PT,holdings,facial_biometric,https://www.pgdlisboa.pt/leis/lei_mostra_articulado.php?nid=2056&tabela=leis,200,text/html,84997,09fec933631cc40e443fb873f61e0aa9b99e0b58390949dcc8ae19b803206b75,2026-09-29
PT,holdings,facial_biometric,https://www.pgdlisboa.pt/leis/lei_mostra_articulado.php?nid=2807&tabela=leis,200,text/html,248508,1ed12084e1f8f0e92d1cbd828b593241c6480993c877e09c0ba97a2482ef05c3,2026-09-29
PT,holdings,fingerprint_biometric,https://www.pgdlisboa.pt/leis/lei_mostra_articulado.php?nid=2321&tabela=leis,200,text/html,176669,52a82c7c8a986a8ffcd1b9adc7fd448677529955bf80f441c932032de742a54b,2026-09-29
PT,holdings,firearms_register,https://www.pgdlisboa.pt/leis/lei_mostra_articulado.php?nid=692&tabela=leis,200,text/html,484468,59647a37ff939b92c3ada9840e3360216a5d075e0092983128c8be47cd0742c3,2026-09-29
PT,holdings,geospatial,https://www.pgdlisboa.pt/leis/lei_mostra_articulado.php?nid=3139&tabela=leis,200,text/html,748783,412dcaa6f8695756de051bd4ce674f1d5e9ba8fd89160ddde2977bf7fad75541,2026-09-29
PT,holdings,government_payroll,https://www.dgaep.gov.pt/index.cfm?OBJID=120BF3B2-FB82-4662-B232-A9D8E055B030,200,text/html,124038,f151526224e795c868c11a956b8bbc9caae5423000b1aa93c6c2b2bf0ac38149,2026-09-29
PT,holdings,government_payroll,https://www.dgaep.gov.pt/index.cfm?OBJID=ECA5D4CB-42B8-4692-A96C-8AAD63010A54,200,text/html,149314,f91fa47e35b9e09d158155f7fef4537687cde14f3ec7fbc46509ac42798e28bd,2026-09-29
PT,holdings,grid_control,https://www.pgdlisboa.pt/leis/lei_mostra_articulado.php?nid=3536&tabela=leis,200,text/html,525999,c42950560cb66d7dee0a747743d6adb44e833e059126a434f72998d8c25a9678,2026-09-29
PT,holdings,grid_control,https://www.ren.pt/atividade/eletricidade,200,text/html,124680,0e888778ce7c93e6c6a4a79b3c67f11b4241554aec19d9800e827354ea5b0cac,2026-09-29
PT,holdings,health_insurance,https://www.pgdlisboa.pt/leis/lei_mostra_articulado.php?nid=2506&tabela=leis,200,text/html,70245,f0d94aace618a7b4f33dde6672c3b124fe1c9e4b3fd365dec75e70db9cd94678,2026-09-29
PT,holdings,health_records,https://www.pgdlisboa.pt/leis/lei_mostra_articulado.php?nid=3557&tabela=leis,200,text/html,374592,d1ffd53e25c0f502317008616797b284f1ecd0d7162c1c92fd4cb1dcdc458176,2026-09-29
PT,holdings,indicator:C1,https://www.arte.gov.pt/wp-content/uploads/2026/05/Plano-Nacional-de-Nuvem-Soberana.pdf,200,application/pdf,2600289,fb8cf5fa06e6ef4d041deac24ea78d0bd085b5108a38248ba6c964f2f1113cf7,2026-09-29
PT,holdings,indicator:C1,https://www.iptelecom.pt/pt-pt/empresa/sobre-nos,200,text/html,185410,4006d73dea191a5e4560b7fe29977ba3273f659ee642b2caaddfbbab6387f6f1,2026-09-29
PT,holdings,indicator:C1,https://www.iptelecom.pt/pt-pt/servicos/ipt-cloud-datacenter,200,text/html,58099,48d5602aa974088a8bd220b532597fea4c2e099ee20ea9621b22eb83cb299005,2026-09-29
PT,holdings,indicator:C2,https://www.arte.gov.pt/arte-coordena-elaboracao-do-plano-nacional-de-nuvem-soberana/,200,text/html,139653,1ccf9eace9d429a17fa5080334596649d8e170796c9d2d638fcb5671d20aaafc,2026-09-29
PT,holdings,indicator:K1,https://www.scee.gov.pt/autoridade-credenciadora/,error,,0,,2026-09-29
PT,holdings,indicator:K1,https://www.scee.gov.pt/entidade-certificadora-raiz/,error,,0,,2026-09-29
PT,holdings,indicator:K2,https://www.autenticacao.gov.pt/web/guest/a-chave-movel-digital,200,text/html,85909,3c04c608f6b72862fb0663a4be7914371ab31efb4cdbe21084cd43224951c4a8,2026-09-29
PT,holdings,indicator:K2,https://www.autenticacao.gov.pt/web/guest/termos-e-condicoes,200,text/html,83513,7e0366571539b5a65c84562c1eebd3e63154ff3b7d889e852d81d21f1353d545,2026-09-29
PT,holdings,indicator:L1,https://bo.digital.gov.pt/api/assets/etic/2fecc6f4-b424-41c6-b2a8-722b17b1914f/,200,application/pdf,337524,a4673ee49132198442179c7dfaa33629641d953d7a40f37babf5986388809656,2026-09-29
PT,holdings,indicator:L1,https://sirp.pt/wp-content/uploads/2025/09/LEI_DO_SEGREDO_DE_ESTADO.pdf,200,application/pdf,189315,3f07bf0638442ed7c1ed29a0b8ae349426ea4c6c7a6ff27e7e81ef6fa7183ab8,2026-09-29
PT,holdings,indicator:L1,https://www.arte.gov.pt/wp-content/uploads/2026/05/Plano-de-Acao-2026-2027_EDN.pdf,200,application/pdf,822717,39d798ea5db9a6f66f12df77ca34ee0a68bc543ebcf4a9d36f3295bd692cc5ea,2026-09-29
PT,holdings,intelligence,https://www.pgdlisboa.pt/leis/lei_mostra_articulado.php?nid=764&tabela=leis,200,text/html,179530,d1e0057367a467a6c9f513436ead7c4596dd7737003d09d95285c81799c0c5f3,2026-09-29
PT,holdings,judicial_criminal,https://www.pgdlisboa.pt/leis/lei_mostra_articulado.php?nid=3949&tabela=leis,200,text/html,170390,8514a5c6c0d6c87952bb356fd78f71fd9fa2adc1f6281d7e1e31ab3e97277b2c,2026-09-29
PT,holdings,land_property,https://www.pgdlisboa.pt/leis/lei_mostra_articulado.php?artigo_id=488A0106&nid=488&tabela=leis&pagina=1&ficha=1&nversao=,200,text/html,97186,e7ac8ca672a50ecb254a471f68964d9e2ae5cf5a463ab7d7aa9053976e5b9eb2,2026-09-29
PT,holdings,land_property,https://www.pgdlisboa.pt/leis/lei_mostra_articulado.php?nid=3157&tabela=leis,200,text/html,137956,3adcad6be54376f1c6ffa019f67b88604c067d62a92bf7bea05f67e89e86401a,2026-09-29
PT,holdings,official_gazette,https://incm.pt/site/diario-da-republica/,200,text/html,262860,854fe47dbb7c844261a42690e9c387e60be5a03bf2ea547948903a8f5dc798ca,2026-09-29
PT,holdings,police_records,https://www.pgdlisboa.pt/leis/lei_mostra_articulado.php?nid=1012&tabela=leis,200,text/html,173243,6afb2e410024ebbf5b42b2e42f85e027e691c2ab7175109a126c6166824f501f,2026-09-29
PT,holdings,police_records,https://www.pgdlisboa.pt/leis/lei_mostra_articulado.php?nid=2225&tabela=leis,200,text/html,85694,3cd2c9e9df637fa48e04be84ad84c95ab2fcc6e4c30d4025db35ea1e193c7038,2026-09-29
PT,holdings,public_finance,https://www.pgdlisboa.pt/leis/lei_mostra_articulado.php?nid=3890&tabela=leis,200,text/html,412990,72dc288180a783d4afd456adf7f17ef081a19ea6e66a0ed0a9fe42532e5e6b8b,2026-09-29
PT,holdings,public_health_surveillance,https://www.pgdlisboa.pt/leis/lei_mostra_articulado.php?nid=1981&tabela=leis,200,text/html,111671,e21d16e53cb2b43801e92986d1de493d560e4eaeb5f9d364933c562812f7fa06,2026-09-29
PT,holdings,residence_permits,https://www.pgdlisboa.pt/leis/lei_mostra_articulado.php?nid=3676&tabela=leis,200,text/html,270458,ee88cf9caaf9a8b8796fe0dcecd2f9f719fbc28981b1dd00a6752308150cd6cb,2026-09-29
PT,holdings,residence_permits,https://www.pgdlisboa.pt/leis/lei_mostra_articulado.php?nid=920&tabela=leis,200,text/html,443483,3af81389ec1db7d688ae1847d4aa6747137c5c6b2da2f53f6608391d5d1ac65d,2026-09-29
PT,holdings,tax,https://www.pgdlisboa.pt/leis/lei_mostra_articulado.php?nid=1578&tabela=leis,200,text/html,106992,5cf291e33aea5a1fe82d400403ca7fc2ed5d4c07d71dd5a4162597c951a8709a,2026-09-29
PT,holdings,trust_services_pki,https://www.pgdlisboa.pt/leis/lei_mostra_articulado.php?nid=3404&tabela=leis,200,text/html,145423,3da039cf3951c47198d7a46be906dc04832931b1c723b39bf458198bebdfa357,2026-09-29
PT,holdings,vehicle_licensing,https://www.pgdlisboa.pt/leis/lei_mostra_articulado.php?nid=2633&tabela=leis,200,text/html,75978,11594ea0aa3979bf2a3dd01f1f8fa24a3d43d42ee763803bbc95313324a7e482,2026-09-29
PT,holdings,vehicle_licensing,https://www.pgdlisboa.pt/leis/lei_mostra_articulado.php?nid=598&tabela=leis,200,text/html,176926,66f6561f8252fb6b6bb79fe61a315233b5d6926d4ca5a8d121182c69e2749619,2026-09-29
PT,holdings,water_control,https://www.pgdlisboa.pt/leis/lei_mostra_articulado.php?nid=1191&tabela=leis,200,text/html,398973,fa1ca33e029566f273d5ffd113319e9153565ed2ece66f125da082bfd52a1ca6,2026-09-29
PT,legal,gazette,https://dre.pt/,200,text/html,2346,043b1ab50ac43d1f14ac425f913d3255819d737cc44d6f2e0f13b672237bb4d5,2026-09-11
RO,holdings,benefits_pensions,https://www.cnpp.ro/activitati-cnpp/asigurarea-in-sistemul-public-de-pensii/,200,text/html,143598,8c4baf371a1e7e881fd180744e3185ebd6b9aeac87f31b2cbc1a8ebd9569f362,2026-09-29
RO,holdings,benefits_pensions,https://www.cnpp.ro/despre-cnpp/,200,text/html,129580,99cdebebeb912ec7bdbfe11c44ea9ec98433c5c6624894f551d6dcbfc71f9bea,2026-09-29
RO,holdings,border_control,https://schengen.mai.gov.ro/index09.htm,200,text/html,934182,bb689f3cae5ae8cb928a182604917635ce5f1a938cb96fb36470e2854e8cd6ca,2026-09-29
RO,holdings,border_control,https://www.politiadefrontiera.ro/ro/main/n-entryexit-system-ees-246/,200,text/html,61713,c5a6013cb5cb7e10b4c272ddfce578078e67768212d51e1afcd46bb131b784bc,2026-09-29
RO,holdings,border_control,https://www.politiadefrontiera.ro/ro/main/pg-cadrul-legal-26.html,200,text/html,39644,4401e42b5ab58e699a412be2fc23c19655cfa02960a8b948d44f62479e63c96f,2026-09-29
RO,holdings,breeder_documents,https://depabd.mai.gov.ro/,403,text/html,0,,2026-09-29
RO,holdings,breeder_documents,https://pasapoarte.mai.gov.ro/legislatie/,403,text/html,0,,2026-09-29
RO,holdings,central_bank,https://www.bnr.ro/2152-sisteme-operate-de-bnr,200,text/html,119327,650c192a12a14bab1623efcd49455a48bed6b1da1acea1b59c5dbb4d8845973a,2026-09-29
RO,holdings,civil_registry,https://depabd.mai.gov.ro/atributii.html,403,text/html,0,,2026-09-29
RO,holdings,civil_registry,https://depabd.mai.gov.ro/baza_legala.html,403,text/html,0,,2026-09-29
RO,holdings,crisis_management,https://www.igsu.ro/atributii-si-istoric,403,text/html,0,,2026-09-29
RO,holdings,digital_identity_credentials,https://roeid.ro/,200,text/html,184715,a0ec76c0aca7c1b0a2291e900491762a74961b66c68917240fc2de2ded4242d3,2026-09-29
RO,holdings,digital_identity_credentials,https://www.adr.gov.ro/platforme-operate,200,text/html,37348,cad9159437faaaac3bf4f973679cb4b8979f638fc7deb851b92255ab2ef6b493,2026-09-29
RO,holdings,education,https://www.edu.ro/proiect_sistem_integrat_management_informatii_educationale,200,text/html,38284,09e449b5ef8880bbadd677bd4b8ec975f6f85d85390b5d6ba891dba83b07eeab,2026-09-29
RO,holdings,electoral_roll,https://www.registrulelectoral.ro/upload/public/FormulareCereri/Nota%20de%20informare%20finala%20RE.pdf,200,application/pdf,1076871,acad2fc9d5e211ed08ade2d441232015debac1802cefd71969f625139c332659,2026-09-29
RO,holdings,extra:government_cloud,https://www.adr.gov.ro/articole/anunt-de-presa-pentru-proiectul-implementarea-infrastructurii-de-cloud-guvernamental-componenta-7---transformare-digitala-investitia-1---implementarea-infrastructurii-de-cloud-guvernamental,200,text/html,32076,fd0feb60dc80db612ab327b0245cdc50248f0482c01154d0026ab16ac5fd65dd,2026-09-29
RO,holdings,extra:government_cloud,https://www.adr.gov.ro/investitia-2-dezvoltarea-cloudului-si-migrarea-in-cloud,200,text/html,31691,77afe07682675c64cef210a847609ddff14e5a107a4e36ad7e309d6b0f70f34a,2026-09-29
RO,holdings,facial_biometric,https://carteadeidentitate.gov.ro/despre/,200,text/html,223656,55e17368c23b5742f4f004a5dd0cde6d53aabac143f4d335064747ab7bb9fc6f,2026-09-29
RO,holdings,facial_biometric,https://politiaromana.ro/ro/informatii-generale/proiecte/4afis2afis,error,,0,,2026-09-29
RO,holdings,fingerprint_biometric,https://politiaromana.ro/ro/politia-romana/unitati-centrale/directia-cazier-judiciar-statistica-si-evidenta-operativa,error,,0,,2026-09-29
RO,holdings,firearms_register,https://politiaromana.ro/ro/politia-romana/unitati-centrale/directia-arme-explozivi-si-substante-periculoase,error,,0,,2026-09-29
RO,holdings,firearms_register,https://politiaromana.ro/ro/structura-politiei-romane/unitati-centrale/directia-arme-explozivi-si-substante-periculoase/serviciul-arme,error,,0,,2026-09-29
RO,holdings,government_payroll,https://www.anfp.gov.ro/media/fepnqk44/raport-activitate-anfp_2025_final.pdf,200,application/pdf,7401277,843372557e7a4c89b9ec496b971c9d70869a54aa8f3d2841e3662283ec1a967e,2026-09-29
RO,holdings,grid_control,https://www.transelectrica.ro/ro/web/tel/operator-de-sistem,200,text/html,37028,c5c7fc681ad34910c3c5e57f22e9ef250515a610cbe3f0bed25ed61dcfc0e9db,2026-09-29
RO,holdings,health_insurance,https://siui.casan.ro/,200,text/html,2748,bfd330083e8bc955c72933656a0fe47e8d162410c87c7aabd66e3a1586d140d1,2026-09-29
RO,holdings,indicator:C1,https://www.adr.gov.ro/articole/anunt-de-presa-pentru-proiectul-implementarea-infrastructurii-de-cloud-guvernamental-componenta-7---transformare-digitala-investitia-1---implementarea-infrastructurii-de-cloud-guvernamental,200,text/html,32076,52434a60a811c5e27756b97edd4676617f07f8aaa1a7319e095221f550f1f169,2026-09-29
RO,holdings,indicator:C2,https://www.adr.gov.ro/articole/adr-a-organizat-conferinta-de-status-a-proiectului-implementarea-infrastructurii-de-cloud-guvernamental,200,text/html,34366,653a9187f42432f8f7d7fdb81727396e5dda67e67231d55420032e7f2dbade04,2026-09-29
RO,holdings,indicator:C2,https://www.adr.gov.ro/proiecte-in-implementare,200,text/html,33951,1dcdb166fba922f698e0723577751a8cffe9cf0f32333f75c8f5c0bf9b0d5301,2026-09-29
RO,holdings,indicator:K1,https://trustedlist.adr.gov.ro/trustedlist.xml,200,text/xml,904782,233e4e07a479ed14ab3985c2d7b0ba519abbdc7ee194783229b180f49d5e10ff,2026-09-29
RO,holdings,indicator:K1,https://www.adr.gov.ro/semnatura-electronica-trusted-list,200,text/html,43918,ecaf7f3d52fdb37c651f0277b72da59dc5e8ad9d331eb294fe08fdbc30b7fefe,2026-09-29
RO,holdings,indicator:K2,https://roeid.ro/,200,text/html,184715,aadacd3bfc19a00137a56eb09df407757a2483ab40596bfdb5362828f6575c3b,2026-09-29
RO,holdings,indicator:K2,https://roeid.ro/glosar-termeni,200,text/html,101887,b6030273cfa7fd464e853698a03858105a48f0c8f264d6546ac7cfe6179b0e8b,2026-09-29
RO,holdings,indicator:K2,https://www.adr.gov.ro/articole/comisia-europeana-recunoaste-roeid-ca-fiind-sistemul-de-identificare-electronica-al-statului-roman,200,text/html,31020,77cce91ba1893a425dd3e409559781de557839963a17b973dc9375c41a31c879,2026-09-29
RO,holdings,indicator:L1,https://orniss.ro/ro/legislatie/pdf/HG%20585.pdf,error,,0,,2026-09-29
RO,holdings,indicator:L2,https://www.sri.ro/assets/files/legislatie/2024/Lege_182.2002.pdf,200,application/pdf,117346,a4e97fdebb7a567713934b7ff8a283d657cd3fc16e5df2c1182f65e1f2e4bf44,2026-09-29
RO,holdings,indicator:L3,https://www.research.gov.ro/wp-content/uploads/2023/10/Nota-Fundamentare-OUG-Cloud-19.10.2023.pdf,error,,0,,2026-09-29
RO,holdings,intelligence,https://www.sri.ro/cyberint,200,text/html,24203,8a9e9dd59ade08a362a38fc8a0299034d12c85808445f7e39d634989683cd4f5,2026-09-29
RO,holdings,intelligence,https://www.sri.ro/legislatie,200,text/html,21822,b17aa18098f4009f57b288e2d3f4e108e623f667b48d90737482101c54a81559,2026-09-29
RO,holdings,issuance_history,https://carteadeidentitate.gov.ro/,200,text/html,184696,08505a4235b0dc4b3a0e25c6861cbc1b78eb59c720cff0f5225779cd81654fc4,2026-09-29
RO,holdings,issuance_history,https://pasapoarte.mai.gov.ro/furnizarea-datelor-din-r-n-e-p-s/,403,text/html,0,,2026-09-29
RO,holdings,judicial_criminal,https://www.politiaromana.ro/ro/stiri-si-media/comunicate/aproape-un-milion-de-certificate-de-cazier-judiciar-obtinute-online,error,,0,,2026-09-29
RO,holdings,land_property,https://www.ancpi.ro/,200,text/html,7552,cb064ad69593fdbc119877dca910c93e8c355706040883b7f44c040ea372ea73,2026-09-29
RO,holdings,national_archives,https://politiaromana.ro/ro/informatii-generale/proiecte/mai-digital,error,,0,,2026-09-29
RO,holdings,national_archives,https://www.adr.gov.ro/centre-de-date-arhivare-electronica,200,text/html,46578,c0ed7a9060e933d015f40a69c7a9e248cf4356030303aee462509be1dd60f00e,2026-09-29
RO,holdings,police_records,https://www.politiadefrontiera.ro/ro/main/pg-sistemul-de-informatii-schengen-87.html,200,text/html,76763,4e2c94fa184c335cae8fc31806463e8ed9a7f43e5420aee02a8eacc68e538b57,2026-09-29
RO,holdings,public_finance,https://forexepublic.mfinante.gov.ro/,error,,0,,2026-09-29
RO,holdings,residence_permits,https://igi.mai.gov.ro/informatii-generale/,403,text/html,0,,2026-09-29
RO,holdings,residence_permits,https://igi.mai.gov.ro/peste-16-700-de-permise-de-sedere-emise-in-luna-august-a-acestui-an/,403,text/html,0,,2026-09-29
RO,holdings,residence_permits,https://igi.mai.gov.ro/protectia-datelor/,403,text/html,0,,2026-09-29
RO,holdings,tax,https://static.anaf.ro/static/10/Anaf/Informatii_R/240917_%20Plan_%20StrategicANAF2025-2028.pdf,200,application/pdf,1822639,68ab5c1614ef7cee8a2176e720dd6b96404e3faf7d1a9ebf2b51c27e27280c50,2026-09-29
RO,holdings,tax,https://static.anaf.ro/static/10/Anaf/Informatii_R/StrategiaANAF_2021-2024_republ_19052021.pdf,200,application/pdf,1045799,9037cc4f3f4c9c4b5e356f7b6fa30c792e0755ac0b0ea8aff096a565e3f4349d,2026-09-29
RO,holdings,trust_services_pki,https://www.adr.gov.ro/semnatura-electronica-trusted-list,200,text/html,43918,1925fca69324e4ed1ec454415eafc769319e98446db21f4a6c522e10f03a5462,2026-09-29
RO,holdings,trust_services_pki,https://www.mai.gov.ro/despre-noi/organizare/aparat-central/directia-generala-pentru-comunicatii-si-tehnologia-informatiei/,200,text/html,424024,fda5101a489a79cffa5117b09f4761258e77de909f63bf9fe6f637bdd99f276f,2026-09-29
RO,holdings,vehicle_licensing,https://www.mai.gov.ro/despre-noi/organizare/structuri-in-subordinea-in-cadrul-mai/,200,text/html,417374,551c2bd7520f51b03b378c58e04ddb9cccfc6b8bfebf0d69c27c1831dba464c9,2026-09-29
RO,holdings,water_control,https://rowater.ro/activitatea-institutiei/proiecte/proiecte-implementate/watman/,200,text/html,197335,fa0c37664f85526719822bc00ea54d491ac70205dd94955ffc1ea1722fb9c869,2026-09-29
RO,legal,gazette,https://legislatie.just.ro/,error,,0,,2026-09-11
SE,holdings,beneficial_ownership,https://www.riksdagen.se/sv/dokument-och-lagar/dokument/svensk-forfattningssamling/lag-2017631-om-registrering-av-verkliga_sfs-2017-631/,200,text/html,324976,9c70c991be83eb41cf35acec300197ec065dc089d8741deea310fc60eca16b31,2026-09-29
SE,holdings,benefits_pensions,https://www.riksdagen.se/sv/dokument-och-lagar/dokument/svensk-forfattningssamling/socialforsakringsbalk-2010110_sfs-2010-110/,200,text/html,3749954,6dacd6e2ea05943d030d1e7997de8a32812cab5072cf02e642018e72d9d944ff,2026-09-29
SE,holdings,border_control,https://www.riksdagen.se/sv/dokument-och-lagar/dokument/svensk-forfattningssamling/lag-20211187-med-kompletterande-bestammelser_sfs-2021-1187/,200,text/html,258932,b8e60caa793c5205463471550d8bb6e25d61778887c80941d0503e6afd9f03d2,2026-09-29
SE,holdings,business_registry,https://www.riksdagen.se/sv/dokument-och-lagar/dokument/svensk-forfattningssamling/aktiebolagsforordning-2005559_sfs-2005-559/,200,text/html,486061,f11261f69e4707a404c0359367db7bbe8b623e6140fde4d35d5135a206734bd1,2026-09-29
SE,holdings,central_bank,https://data.riksdagen.se/dokument/hc04rb1.html,200,text/html,815612,f991d6aedd6c0ed470f6d9aeb209a878c98700af79ac2cdad1152b6eec1418bd,2026-09-29
SE,holdings,central_bank,https://www.riksbank.se/sv/betalningar--kontanter/betalningssystemet-rix/pagaende-utredningar-och-projekt/,200,text/html,643272,2ee3dca5abc46e17178c93e58ec94a6ba87b655737aa7e650415f411a248c607,2026-09-29
SE,holdings,central_bank,https://www.riksdagen.se/sv/dokument-och-lagar/dokument/svensk-forfattningssamling/lag-20221568-om-sveriges-riksbank_sfs-2022-1568/,200,text/html,452693,4b67362dbf876829c842249eec5dd657951b03664b185d76cbf8d5b7c476f6e3,2026-09-29
SE,holdings,civil_registry,https://www.riksdagen.se/sv/dokument-och-lagar/dokument/svensk-forfattningssamling/folkbokforingsdatalag-2026126_sfs-2026-126/,200,text/html,275382,ed72f8af92f828acb70ce6d304e4af16cb4f1c4102bfd76cda6d3ff657afef81,2026-09-29
SE,holdings,civil_registry,https://www.riksdagen.se/sv/dokument-och-lagar/dokument/svensk-forfattningssamling/folkbokforingslag-1991481_sfs-1991-481/,200,text/html,393327,6e797e315ef20b327e63f5aa1904bbe8df7ff7ff3b48261c7c11d4def9fe33a7,2026-09-29
SE,holdings,civil_registry,https://www.scb.se/hitta-statistik/sverige-i-siffror/manniskorna-i-sverige/sveriges-befolkning/,200,text/html,75521,d20a17511b60e1febfa2c2db42f34fe0d4571c46990f4e82bd52859fafe6ec86,2026-09-29
SE,holdings,customs,https://www.riksdagen.se/sv/dokument-och-lagar/dokument/svensk-forfattningssamling/tulldatalag-2026127_sfs-2026-127/,200,text/html,271718,e18763b95efb271750546c537081d8e7c754f5a892633a6cda8226a878fca3fc,2026-09-29
SE,holdings,defence_command,https://www.riksdagen.se/sv/dokument-och-lagar/dokument/svensk-forfattningssamling/lag-20211171-om-behandling-av-personuppgifter_sfs-2021-1171/,200,text/html,368181,9780592782ab57f83d281937ef754ba2ea7165e00af86104a42ba1747c9783e7,2026-09-29
SE,holdings,digital_identity_credentials,https://www.riksdagen.se/sv/dokument-och-lagar/dokument/svensk-forfattningssamling/forordning-20261769-med-instruktion-for_sfs-2026-1769/,200,text/html,323125,80a798f645ab8b48b1c62f54f908604259187be81693f8af401fccc1d5bc2b55,2026-09-29
SE,holdings,digital_identity_credentials,https://www.riksdagen.se/sv/dokument-och-lagar/dokument/svensk-forfattningssamling/lag-20261358-om-statlig-e-legitimation-och_sfs-2026-1358/,200,text/html,315681,312d52c6b66dd3bb29f2d4346e5f767733c6c2c768ffb883f59afbecf9284c95,2026-09-29
SE,holdings,education,https://www.riksdagen.se/sv/dokument-och-lagar/dokument/svensk-forfattningssamling/forordning-19931153-om-redovisning-av-studier-m_sfs-1993-1153/,200,text/html,336347,556055d3d08c81a259fc7bec9ed20cc90138d2404de286ebc0119e45089855d9,2026-09-29
SE,holdings,electoral_roll,https://www.riksdagen.se/sv/dokument-och-lagar/dokument/svensk-forfattningssamling/vallag-2005837_sfs-2005-837/,200,text/html,634088,fdac96d38dc887e4bd22cfafdd9c6454f8d90552c3e056a534d54ca06b2c1af1,2026-09-29
SE,holdings,electoral_roll,https://www.val.se/om-valmyndigheten/vart-it-stod,200,text/html,242152,05e7092e975e07febf34f2cbd74aefe351e020fe9140122c4d2c4ccfa419609c,2026-09-29
SE,holdings,emergency_communications,https://data.riksdagen.se/dokument/hb03123.html,200,text/html,569860,2cf69288e53e94b40e9eb64c0694c3406ae2277087bf30771912dff01fb01fbb,2026-09-29
SE,holdings,emergency_communications,https://www.riksdagen.se/sv/dokument-och-lagar/dokument/svar-pa-skriftlig-fraga/upphandling-av-rakel-generation-2_h9121496/,200,text/html,277820,e472fb918ab5c5a80de3916af4f17fe6f60f40ab8fc197f5eb3c5004e7b5b575,2026-09-29
SE,holdings,emergency_communications,https://www.riksdagen.se/sv/dokument-och-lagar/dokument/svensk-forfattningssamling/forordning-20081002-med-instruktion-for_sfs-2008-1002/,200,text/html,340619,589fc7dda7ac3ad741a805b64c7357c70e609606873b7d5666047cd18790ac66,2026-09-29
SE,holdings,extra:population_address_register,https://www.riksdagen.se/sv/dokument-och-lagar/dokument/svensk-forfattningssamling/lag-2026129-om-det-statliga_sfs-2026-129/,200,text/html,268420,40bbbf2abe93b61295a31e634ad64b70fac843bbd240096d171f9c0d813d4c5d,2026-09-29
SE,holdings,facial_biometric,https://www.riksdagen.se/sv/dokument-och-lagar/dokument/svensk-forfattningssamling/lag-2015899-om-identitetskort-for-folkbokforda_sfs-2015-899/,200,text/html,271348,c8f3c042fba41eefbb534e0e7c3177e4e990c4e1a45e538708c2b98694c66f1f,2026-09-29
SE,holdings,facial_biometric,https://www.riksdagen.se/sv/dokument-och-lagar/dokument/svensk-forfattningssamling/passforordning-1979664_sfs-1979-664/,200,text/html,314793,8e76113a8e8d4d344cb6af2701395d68476c761e8e7b67a962d7a0876d5bf0b8,2026-09-29
SE,holdings,facial_biometric,https://www.riksdagen.se/sv/dokument-och-lagar/dokument/svensk-forfattningssamling/passlag-1978302_sfs-1978-302/,200,text/html,339468,427f5c1c6961043afbf0a79eb44aa4e2c4224e8e84bdeae643423ef9cd535d6d,2026-09-29
SE,holdings,fingerprint_biometric,https://www.riksdagen.se/sv/dokument-och-lagar/dokument/svensk-forfattningssamling/forordning-2005661-om-nationellt-identitetskort_sfs-2005-661/,200,text/html,289321,1c37661f13fd42e839d80cf9acf91847fce47a5d4a67d636a5a1d73827bad55d,2026-09-29
SE,holdings,firearms_register,https://www.riksdagen.se/sv/dokument-och-lagar/dokument/svensk-forfattningssamling/vapenlag-2026408_sfs-2026-408/,200,text/html,586738,86bb21fbc11dbe3e751759da5c1787a5de114ca66c5443db5bb8a993d8425795,2026-09-29
SE,holdings,geospatial,https://www.riksdagen.se/sv/dokument-och-lagar/dokument/svensk-forfattningssamling/forordning-2009946-med-instruktion-for_sfs-2009-946/,200,text/html,314401,a107847e8d574d60f96f0163c1821f5363e5b8735663775ba323cb68be1d8ae3,2026-09-29
SE,holdings,grid_control,https://www.riksdagen.se/sv/dokument-och-lagar/dokument/svensk-forfattningssamling/forordning-2025782-med-instruktion-for_sfs-2025-782/,200,text/html,295012,23657fb25e4c7448b530de78f65cd48ce20fa7c0e361e49b6521556104c530ef,2026-09-29
SE,holdings,health_records,https://data.riksdagen.se/dokument/heb36.html,200,text/html,560525,779719b0f96b3fe58f8bbb7fb843838d0ecf886c69712a4441454ba66f7ca419,2026-09-29
SE,holdings,health_records,https://www.riksdagen.se/sv/dokument-och-lagar/dokument/svensk-forfattningssamling/lag-2022913-om-sammanhallen-vard-och_sfs-2022-913/,200,text/html,314639,fa1372e6154956d468f5be0dde1cae434cf1e4a8daa574c156e82593967bf961,2026-09-29
SE,holdings,indicator:C1,https://data.riksdagen.se/dokument/ZZB31.html,200,text/html,1611996,340d13413849c3487d5996bd617b2f3b840611838c346dd0d9733961151fd56b,2026-09-29
SE,holdings,indicator:C1,https://data.riksdagen.se/dokument/sfs-2024-1005.html,200,text/html,7087,040bb7177170646436bfee6e4b1b502e6cb324958975d65bb0b0016d71e5170f,2026-09-29
SE,holdings,indicator:C2,https://data.riksdagen.se/dokument/HDB313.html,200,text/html,3138415,9391e8eddcc0bbea090d020f5a5c4940e63666e84fb692f1c6fd69d9eb21330b,2026-09-29
SE,holdings,indicator:K1,https://data.riksdagen.se/dokument/HBB361.html,200,text/html,1477465,89452b14fc8852ef6375b88e0bd90ef6461976dbf1d4864b8dc896ac9efa70af,2026-09-29
SE,holdings,indicator:K2,https://data.riksdagen.se/dokument/HD03250.html,200,text/html,702414,47dfc129737dc9f9e2668050f27affaaa65c2266b98280c8f82342fc24bdc608,2026-09-29
SE,holdings,indicator:L1,https://data.riksdagen.se/dokument/HD12932.html,200,text/html,3889,e4f6fc842c33a24c2b076e8a7a2d253419fce7ff0a16ad3a279ee9d2a3a43e0b,2026-09-29
SE,holdings,indicator:L1,https://www.riksdagen.se/sv/dokument-och-lagar/dokument/svensk-forfattningssamling/sakerhetsskyddslag-2018585_sfs-2018-585/,200,text/html,404474,9bf71ab19b3303b349353a7276b5d2367db264aec543b1a480e52c7182c88273,2026-09-29
SE,holdings,intelligence,https://www.riksdagen.se/sv/dokument-och-lagar/dokument/svensk-forfattningssamling/lag-20191182-om-sakerhetspolisens-behandling-av_sfs-2019-1182/,200,text/html,414239,5830a0935ab867c488565fa68c1a92c065e786d63b5f0ccf4394c7e2b0c9fe3b,2026-09-29
SE,holdings,intelligence,https://www.riksdagen.se/sv/dokument-och-lagar/dokument/svensk-forfattningssamling/lag-20211172-om-behandling-av-personuppgifter_sfs-2021-1172/,200,text/html,385729,318b0751b950eda5a1e78414e91ea195c5eed9aef20fae99433285a9af9107af,2026-09-29
SE,holdings,issuance_history,https://data.riksdagen.se/dokument/hd03250.html,200,text/html,702414,47dfc129737dc9f9e2668050f27affaaa65c2266b98280c8f82342fc24bdc608,2026-09-29
SE,holdings,judicial_criminal,https://www.riksdagen.se/sv/dokument-och-lagar/dokument/svensk-forfattningssamling/domstolsdatalag-2015728_sfs-2015-728/,200,text/html,279659,054aa2bf027e32222c0293de6a72b155504247f9cb064252f9fd999d13ae91f6,2026-09-29
SE,holdings,judicial_criminal,https://www.riksdagen.se/sv/dokument-och-lagar/dokument/svensk-forfattningssamling/lag-1998620-om-belastningsregister_sfs-1998-620/,200,text/html,329875,0a071779652801e23abcb4594b44168ffe225959b8300f5ac42fcfa628072ae2,2026-09-29
SE,holdings,land_property,https://www.lantmateriet.se/sv/om-lantmateriet/nyheter-och-sociala-medier/nyheter/lantmateriet-och-geodata--en-viktig-del-av-sveriges-beredskap/,200,text/html,56356,16a667be7afe1935ac6d1577dedbfcb9269a5fc2b284ead173861956ccc01c23,2026-09-29
SE,holdings,land_property,https://www.riksdagen.se/sv/dokument-och-lagar/dokument/svensk-forfattningssamling/lag-2000224-om-fastighetsregister_sfs-2000-224/,200,text/html,278656,c43c2485f7ad52254156855ff3e623b5d1f902b3ea37c6bf6d63c61cc3deba40,2026-09-29
SE,holdings,national_archives,https://www.riksdagen.se/sv/dokument-och-lagar/dokument/svensk-forfattningssamling/forordning-20091593-med-instruktion-for_sfs-2009-1593/,200,text/html,291552,a56a436805ad4ccd77043b77c6b60bb09f8147e3d6020596e8db75d120860a02,2026-09-29
SE,holdings,official_gazette,https://www.riksdagen.se/sv/dokument-och-lagar/dokument/svensk-forfattningssamling/lag-1976633-om-kungorande-av-lagar-och-andra_sfs-1976-633/,200,text/html,273790,db54c90661e47f5ba37b9eccc1a3a9e18d098c1d0861523299a52ac7af5f5e02,2026-09-29
SE,holdings,police_records,https://www.riksdagen.se/sv/dokument-och-lagar/dokument/svensk-forfattningssamling/lag-20181693-om-polisens-behandling-av_sfs-2018-1693/,200,text/html,467172,e189754cbc44850283f342481f49142f524390cb92593938cd63390c7a6ce8bc,2026-09-29
SE,holdings,public_finance,https://www.riksdagen.se/sv/dokument-och-lagar/dokument/svensk-forfattningssamling/forordning-20161023-med-instruktion-for_sfs-2016-1023/,200,text/html,301322,d2b4656cd50f4b94bdf0a731b10ce7426ee2f01c990fbc62a646c51821acc4bd,2026-09-29
SE,holdings,public_health_surveillance,https://www.riksdagen.se/sv/dokument-och-lagar/dokument/svensk-forfattningssamling/lag-2012453-om-register-over-nationella_sfs-2012-453/,200,text/html,267565,5e82a0d08d8da64bd393f867e8a320a083530fe364b0b5d59d9bc2c5a65547a8,2026-09-29
SE,holdings,public_health_surveillance,https://www.riksdagen.se/sv/dokument-och-lagar/dokument/svensk-forfattningssamling/smittskyddslag-2004168_sfs-2004-168/,200,text/html,442312,cc1648e68fa17f16be6a938ae0268e54fcd8d36bb1508e9e204cdf2cda76a495,2026-09-29
SE,holdings,residence_permits,https://www.riksdagen.se/sv/dokument-och-lagar/dokument/svensk-forfattningssamling/utlanningsdatalag-201627_sfs-2016-27/,200,text/html,327594,e50938485fb704b618c4a8ca7fe8f96447c988caf665621b612c6a83de18385b,2026-09-29
SE,holdings,statistics_microdata,https://www.riksdagen.se/sv/dokument-och-lagar/dokument/svensk-forfattningssamling/forordning-2016822-med-instruktion-for_sfs-2016-822/,200,text/html,266259,1891cc5a9305bcded1d51a935f658beea83e2d5787e71447127e25aae768142e,2026-09-29
SE,holdings,tax,https://www.riksdagen.se/sv/dokument-och-lagar/dokument/svensk-forfattningssamling/beskattningsdatalag-2026125_sfs-2026-125/,200,text/html,275793,e754bb0e70a9cec98b26f7b0d25aa0ff90f3ce2610830d03b3d98171d8fe1f41,2026-09-29
SE,holdings,tax,https://www.riksdagen.se/sv/dokument-och-lagar/dokument/svensk-forfattningssamling/forordning-20241005-om-samordnad-och-saker_sfs-2024-1005/,200,text/html,264642,4c1fa5f526f73aa37ae31924db7ebd88e1ce25d96623b4d5b37a7c715422da56,2026-09-29
SE,holdings,vehicle_licensing,https://data.riksdagen.se/dokument/h6b46.html,200,text/html,865158,5bf0174dbf088d9189d4ccff2a64442caddba2ce2525ff93a8a5de2f03b18158,2026-09-29
SE,holdings,vehicle_licensing,https://www.riksdagen.se/sv/dokument-och-lagar/dokument/svensk-forfattningssamling/vagtrafikdatalag-2019369_sfs-2019-369/,200,text/html,298939,24666f83f463771c115b1534bad83cb1d298d6e9fb2ee0e5daea8921371ef1cb,2026-09-29
SE,legal,gazette,https://www.riksdagen.se/,200,text/html,387819,41e855746a22b808ca4f743356b4cebf0ff0034d32f34e088d768864da1a05fa,2026-09-11
SI,holdings,beneficial_ownership,https://www.ajpes.si/registri/drugi_registri/register_dejanskih_lastnikov/splosno,200,text/html,59675,5a18a864a458a7245a4a1ee23ee5bddfb2b622b9eaa6537827da0a9fcadcf7e1,2026-09-29
SI,holdings,beneficial_ownership,https://www.uradni-list.si/glasilo-uradni-list-rs/vsebina/2022-01-0977,200,text/html,617251,5224275935185c0ea25d2debd542e5d80e2292d8407e30d08995562b407d9955,2026-09-29
SI,holdings,benefits_pensions,https://www.zpiz.si/cms/engine/download.php?actionID=inf&id=68&name=Letno%20poro%C4%8Dilo%202024.pdf,200,application/octet-stream,2776601,ea587b97b6b7c927948236a073da02a9e2d43f2e648e06a0538c27e6e8fbbab1,2026-09-29
SI,holdings,border_control,https://www.gov.si/novice/2023-03-08-prenovljeni-schengenski-informacijski-sistem/,200,text/html,26914,4c018c175fcf957fae8f52247e7d14e1a531939572795cc8577a0cf322efd87f,2026-09-29
SI,holdings,business_registry,https://www.uradni-list.si/glasilo-uradni-list-rs/vsebina/2025-01-3031,200,text/html,216599,c9634bb301fd06e271168732712044d3c6f4b6435039fe1ac1c0649fa554a9d0,2026-09-29
SI,holdings,central_bank,https://www.bsi.si/sl/placilni-sistemi/placilna-infrastruktura,200,text/html,158603,4167846d09baa7192d175e5bd2bd418c5cc6b38eec6239815505f6757906fad2,2026-09-29
SI,holdings,civil_registry,https://ecrp.gov.si/predstavitevCRP.html,200,text/html,6865,6f553295a40ab78d1da10714c1679b9999b86258abb7ec2e32e8a8db5ee1d694,2026-09-29
SI,holdings,civil_registry,https://www.uradni-list.si/glasilo-uradni-list-rs/vsebina/2006-01-3079,200,text/html,102965,45670f0ed00e1fd7713bef1ec8190a642c5240e65c2eb74f7a259aa1d5892e98,2026-09-29
SI,holdings,civil_registry,https://www.uradni-list.si/glasilo-uradni-list-rs/vsebina/2011-01-0451,200,text/html,114697,d677254609a211826c28c4bd14b9c6cde4046bed334cedf11f04309e875b6d9e,2026-09-29
SI,holdings,crisis_management,https://www.gov.si/drzavni-organi/ministrstva/ministrstvo-za-obrambo/o-ministrstvu/direktorat-za-obrambne-zadeve/nacionalni-center-za-krizno-upravljanje/,200,text/html,26172,a69294e4fcc61fbb402521aaf42ab522747848c858ca6559483e64a23fa7769d,2026-09-29
SI,holdings,customs,https://www.gov.si/assets/organi-v-sestavi/FURS/Strateski-dokumenti/2025/Letno-porocilo-Financne-uprave-za-leto-2024.pdf,200,application/pdf,4594464,b1b4712296cec04221b7ce9f5a0cd477e431a8a34cc412d02cf702eee2b0a89c,2026-09-29
SI,holdings,customs,https://www.uradni-list.si/glasilo-uradni-list-rs/vsebina/2016-01-1362,200,text/html,171673,7d01c6f4665bb2e9dab297006db2f280b73b66daa35f160671c30d29ee266c78,2026-09-29
SI,holdings,digital_identity_credentials,https://www.si-trust.gov.si/sl/o-nas,200,text/html,28690,d1d03a4c1b18b2b673ac94c4b162996d008ba90b4dcf7f7fc77fd5b1afc451a1,2026-09-29
SI,holdings,digital_identity_credentials,https://www.si-trust.gov.si/sl/si-pass,200,text/html,27087,71c0e6b7b5d692f273b8bee5243c8b85f78f2f548d3f7565a286eb303d40a349,2026-09-29
SI,holdings,digital_identity_credentials,https://www.si-trust.gov.si/sl/si-pass-obvestilo-posameznikom,200,text/html,35138,baf640f9a39225723bd1f62b4ad6ee53588da9e35f732996c6f4f7d90f0ec51b,2026-09-29
SI,holdings,digital_identity_credentials,https://www.uradni-list.si/glasilo-uradni-list-rs/vsebina/2021-01-2571,200,text/html,193121,8dc7a931d276593be424a8c6410c6735b0c286f95de241544a8597bc91ac15c5,2026-09-29
SI,holdings,education,https://www.uradni-list.si/glasilo-uradni-list-rs/vsebina/102705/,200,text/html,86601,42d7148bea88988c726dd59ebee740335a44d4a5adb9271a87cdba3657853c86,2026-09-29
SI,holdings,education,https://www.uradni-list.si/glasilo-uradni-list-rs/vsebina/2011-01-2099,200,text/html,81920,699577e9a604bce6e8292af6cf150e23f998c03bf72d43120883d1007a41b7f7,2026-09-29
SI,holdings,education,https://www.uradni-list.si/glasilo-uradni-list-rs/vsebina/2017-01-0550/pravilnik-o-zagotavljanju-podatkov-za-evs/,200,text/html,85834,60b3de34e4a33c3277b0da51172ab14bdef903931882f1f3f4bb81a828a6eb6c,2026-09-29
SI,holdings,electoral_management,https://www.gov.si/drzavni-organi/drugi-drzavni-organi/drzavna-volilna-komisija/,200,text/html,24509,6bfb9e46d65c077de69c21e6fa6941405ed9bbca0aa675f98d6a08f0330aa13d,2026-09-29
SI,holdings,electoral_management,https://www.uradni-list.si/glasilo-uradni-list-rs/vsebina/76022,200,text/html,154773,593f1b372f7d7aaf7d8eb0eb76f0f6696a46bd511f4a263e3b55591ef91e4ff4,2026-09-29
SI,holdings,electoral_roll,https://www.gov.si/teme/volivci-in-evidenca-volilne-pravice/,200,text/html,39442,53f8f7a61e1dfd573d59d1840971309c8d5ecc89114e12aa594a533dad8c6635,2026-09-29
SI,holdings,electoral_roll,https://www.uradni-list.si/glasilo-uradni-list-rs/vsebina/2013-01-3489,200,text/html,136948,d36c0ea5d9f780136d243bb31c36d62b0e8e8d7269d84e7a07ba2e73208ef627,2026-09-29
SI,holdings,emergency_communications,https://www.gov.si/drzavni-organi/organi-v-sestavi/uprava-za-zascito-in-resevanje/o-upravi/urad-za-obvescanje-in-alarmiranje/,200,text/html,44577,553cbe05a714823891006f8ad7ae86a0a9f919e4344d3938cc1f9e0795d060b5,2026-09-29
SI,holdings,emergency_communications,https://www.gov.si/novice/2020-12-10-po-vec-letih-bo-zgrajena-nova-infrastruktura-sistema-tetra/,200,text/html,37683,bd34e362514211ce85dfe2b2559fa72b0e647f03094fd1b2ec599a581485c957,2026-09-29
SI,holdings,extra:government_cloud_hosting,https://www.gov.si/drzavni-organi/ministrstva/ministrstvo-za-notranje-zadeve-in-javno-upravo/o-ministrstvu/direktorat-za-informatiko/urad-za-digitalno-infrastrukturo/sektor-za-virt/,200,text/html,31249,74e181f638323ff64d05b184daf1610f09a473e79cffbd551012c9d1d68b8c29,2026-09-29
SI,holdings,extra:government_cloud_hosting,https://www.rs-rs.si/fileadmin/user_upload/Datoteke/Revizije/2021/VzpDO/VzpDO_SP14-20_RevizijskoP.pdf,200,application/pdf,3693081,a900f8573dc867ea97922093156fa2f7c8874dcd2fa4f1e7bfaa10cfe8be6770,2026-09-29
SI,holdings,facial_biometric,https://www.uradni-list.si/glasilo-uradni-list-rs/vsebina/2025-01-0581,200,text/html,170976,d58970693fd4a0e99c7829f41feef8e9a812a0b17efe21ef450b243f82da8335,2026-09-29
SI,holdings,facial_biometric,https://www.uradni-list.si/glasilo-uradni-list-rs/vsebina/2025-01-0584,200,text/html,114489,791867f96e2f2dccfc0f1cc4857fe11add2ff9a5539ed4decbd1aad3b0549120,2026-09-29
SI,holdings,firearms_register,https://www.uradni-list.si/glasilo-uradni-list-rs/vsebina/2000-01-2747/zakon-o-orozju-zoro-1,200,text/html,165720,7624d2e488b82cb0012cf51930b87362727265852050c26b958783657f942b01,2026-09-29
SI,holdings,government_payroll,https://www.ajpes.si/Statistike/Place_v_javnem_sektorju/Splosno,200,text/html,50263,9d6abb41672db6ad97f67569f33979dff8dddf0bf9e3c36f61344c03626009da,2026-09-29
SI,holdings,grid_control,https://www.energetika-portal.si/podrocja/energetika/upravljanje-kapitalskih-nalozb/eles/,200,text/html,31832,1503f023e41cef3d9cb69dbe5fecaa450a9e3ddd169c8f7ad6d67f1299b6a20b,2026-09-29
SI,holdings,health_insurance,https://www.zzzs.si/fileadmin/user_upload/dokumenti/informacije_in_publikacije/evidenca_o_zavarovanih_osebah.pdf,200,application/pdf,249206,6292fc09e34356d41e28bd276c7de15d1c59c986c19d462e5209fb84f61b7914,2026-09-29
SI,holdings,health_insurance,https://zavezanec.zzzs.si/fileadmin/user_upload/dokumenti/novice/2026/zzzsporocilo2025-infografika-web.pdf,200,application/pdf,922681,c86dfdff2d835ef736e7234bdb6077beca6a8b036df022e758bcc81bb87e68bf,2026-09-29
SI,holdings,health_records,https://ezdrav.si/resitve/crpp/,200,text/html,62480,8ce3b065414c92d1c8167d4d668d663c97b354a6e8b892b715503b8cad1de763,2026-09-29
SI,holdings,health_records,https://www.uradni-list.si/glasilo-uradni-list-rs/vsebina/2025-01-3387,200,text/html,271070,2ab949686439c4cb7d299187f1b38d1d92ab9368ceca95aa9e663ebe2f8a7b58,2026-09-29
SI,holdings,indicator:C1,https://www.gov.si/drzavni-organi/ministrstva/ministrstvo-za-notranje-zadeve-in-javno-upravo/o-ministrstvu/direktorat-za-informatiko/urad-za-digitalno-infrastrukturo/sektor-za-podatkovno-in-streznisko-infrastrukturo/,200,text/html,33561,4d5c6fe51362ddf366f14592e6873f570ab9168dfd031d785af34070f8f82222,2026-09-29
SI,holdings,indicator:C2,https://www.gov.si/drzavni-organi/ministrstva/ministrstvo-za-notranje-zadeve-in-javno-upravo/o-ministrstvu/direktorat-za-informatiko/urad-za-digitalno-infrastrukturo/sektor-za-virt/,200,text/html,31249,74e181f638323ff64d05b184daf1610f09a473e79cffbd551012c9d1d68b8c29,2026-09-29
SI,holdings,indicator:K1,https://www.si-trust.gov.si/sl/o-nas,200,text/html,28690,d1d03a4c1b18b2b673ac94c4b162996d008ba90b4dcf7f7fc77fd5b1afc451a1,2026-09-29
SI,holdings,indicator:K2,https://www.si-trust.gov.si/sl/eoi,200,text/html,27720,baec35ff02f95c2caa969b9d6dd67e246022ad1bbd7c60806ba3fc73f58f57ba,2026-09-29
SI,holdings,indicator:K2,https://www.si-trust.gov.si/sl/si-pass,200,text/html,27087,71c0e6b7b5d692f273b8bee5243c8b85f78f2f548d3f7565a286eb303d40a349,2026-09-29
SI,holdings,indicator:L1,https://www.gov.si/teme/informatika-v-drzavni-upravi/,200,text/html,51420,88ba4056bce04ffe6ec0c113ea131f2621ff282cabb25644870e585b5f4b63d2,2026-09-29
SI,holdings,indicator:L1,https://www.uradni-list.si/glasilo-uradni-list-rs/vsebina/2018-01-1272/uredba-o-informacijski-varnosti-v-drzavni-upravi,200,text/html,191149,42b07a1f28dbfdb9016eaa2d42e9e44fe03c42d57494ff5e4d08acb50517b35b,2026-09-29
SI,holdings,indicator:L2,https://www.uradni-list.si/glasilo-uradni-list-rs/vsebina/2006-01-2128/zakon-o-tajnih-podatkih-uradno-precisceno-besedilo-ztp-upb2,200,text/html,168486,b92bc405c634dea95bcddbeb75703e26fb81ef3adbbbc2adc0f8d2dc9e352428,2026-09-29
SI,holdings,intelligence,https://www.gov.si/drzavni-organi/vladne-sluzbe/slovenska-obvescevalno-varnostna-agencija/o-sovi/,200,text/html,41764,73ac3c8fb2f865a3dbc7eb4459a063af00787b6cbb60c6aa37890c131232c746,2026-09-29
SI,holdings,intelligence,https://www.uradni-list.si/glasilo-uradni-list-rs/vsebina/51272,200,text/html,285006,9a115cd921990cc631aa4183d21e00fe8a715a7997aab7ee1fb8efc02cc4db50,2026-09-29
SI,holdings,judicial_criminal,https://www.gov.si/teme/kazenskopravne-evidence/,200,text/html,31936,5f793ee259a6cdc02f5a04529c7b44a2f8657165437cefdb3bfb240e934bcaa4,2026-09-29
SI,holdings,judicial_criminal,https://www.sodisce.si/sodisca/posebne_sluzbe/center_za_informatiko/,200,text/html,52655,586cdb7e4aa8c7cdea316c8f18feb614a0c68af22fa9fd15251946b2c2e8e766,2026-09-29
SI,holdings,land_property,https://www.sodisce.si/javne_knjige/zemljiska_knjiga/,200,text/html,50427,a5739c6809e3723b257329fa1a267a8ddeb49cba1735f918274103fdc03fd19d,2026-09-29
SI,holdings,land_property,https://www.uradni-list.si/glasilo-uradni-list-rs/vsebina/2003-01-2857,200,text/html,367495,626accca0d54e5ee5eff469c7ec394e4bd2af1bc2f37e1177afca4e3cf706c25,2026-09-29
SI,holdings,land_property,https://www.uradni-list.si/glasilo-uradni-list-rs/vsebina/2021-01-1047,200,text/html,396143,18af38f4a9e59439af04f85f28ff8983aca9ddc061c956e61d1237fae6d2a3df,2026-09-29
SI,holdings,national_archives,https://www.gov.si/teme/slovenski-elektronski-arhiv/,200,text/html,46592,26de2ac84938d6d7ff2c9f35b77cc23552c798268234bc090d6cc263110ea9ca,2026-09-29
SI,holdings,national_archives,https://www.uradni-list.si/glasilo-uradni-list-rs/vsebina/2006-01-1229,200,text/html,177876,29dbd00dd419bd63ef706d7207532677e5b15560076af756d6aae0857c703b19,2026-09-29
SI,holdings,official_gazette,https://www.uradni-list.si/glasilo-uradni-list-rs/vsebina/2025-01-2953,200,text/html,135107,b8504d983f07e83e46d6477a4b7fc01771eaf64d24641931cc9579b1700f60de,2026-09-29
SI,holdings,police_records,https://www.uradni-list.si/glasilo-uradni-list-rs/vsebina/2013-01-0435/,200,text/html,311207,a83e83ef4b726a25cc8756868d712ecf3baf0a21d118150b12624791bae037dc,2026-09-29
SI,holdings,public_finance,https://www.gov.si/drzavni-organi/organi-v-sestavi/uprava-za-javna-placila/o-upravi/,200,text/html,48467,24d650b4101f9bce84d66e582273d930a894cbb62a8bc2c79be38cfadd2cbc76,2026-09-29
SI,holdings,public_finance,https://www.gov.si/zbirke/storitve/mferac/,200,text/html,28484,b7d05d1e486c5db6ec7b91bbdfa0630e7bce86917188daf9e07b85119e649cbe,2026-09-29
SI,holdings,public_health_surveillance,https://nijz.si/nalezljive-bolezni/cepljenje/elektronski-register-cepljenih-oseb-in-nezelenih-ucinkov-po-cepljenju-erco/,error,,0,,2026-09-29
SI,holdings,residence_permits,https://www.uradni-list.si/glasilo-uradni-list-rs/vsebina/2021-01-1957,200,text/html,758909,ee9671c2ad1975d986a10658ba178d212b5991f9b6b5dfce631c20f9e4bcd362,2026-09-29
SI,holdings,statistics_microdata,https://www.uradni-list.si/glasilo-uradni-list-rs/vsebina/1995-01-2169/zakon-o-drzavni-statistiki-zdsta/,200,text/html,119573,5f1ecc11b10e89787d9b7284160eb1963e079fcf9eadb32909d787ba4bc48899,2026-09-29
SI,holdings,tax,https://www.fu.gov.si/davki_in_druge_dajatve/poslovanje_z_nami/vpis_v_davcni_register_in_davcna_stevilka/,200,text/html,64280,fec7a8d851db1b7084f717222f3b4a56aa00f44bcf45456733a6b77dff3e403a,2026-09-29
SI,holdings,vehicle_licensing,https://www.uradni-list.si/glasilo-uradni-list-rs/vsebina/2016-01-3686,200,text/html,376193,42ff332ce9790be9be8e55cb7b2f69f69c7a9d76976da0a9024811b7e7f1a872,2026-09-29
SI,holdings,vehicle_licensing,https://www.uradni-list.si/glasilo-uradni-list-rs/vsebina/2017-01-3592,200,text/html,297683,c539c9358c3db2754a83becea296148fc5e593018a781ad6f091fc03abbe604f,2026-09-29
SI,legal,gazette,https://pisrs.si/,200,text/html,11805,05b00c48a56f346b84c20a12ecb90432cc965b5973f60d1fff8c5a3e29e89508,2026-09-11
SK,holdings,beneficial_ownership,https://zakony.judikaty.info/predpis/zakon-315/2016,200,text/html,236736,8bf7bf0c118c521643b21122a242bfb12303c477b541d649b903718d7fe150a3,2026-09-29
SK,holdings,benefits_pensions,https://zakony.judikaty.info/predpis/zakon-461/2003,200,text/html,1797109,ff50f23a07d69a991c0d97c7830ea606e6e9271edb2413eb57109bc94b3d3af4,2026-09-29
SK,holdings,breeder_documents,https://zakony.judikaty.info/predpis/zakon-154/1994,200,text/html,241718,277c033a5ab437054b61de93280c2d834d14400d4a12c6b4da01ae16cfeff521,2026-09-29
SK,holdings,business_registry,https://zakony.judikaty.info/predpis/zakon-272/2015,200,text/html,285922,7942f9c9978472155b50fd00c8e604488ff7c081d40eaf04f48a0a6c79ddabd2,2026-09-29
SK,holdings,business_registry,https://zakony.judikaty.info/predpis/zakon-530/2003,200,text/html,325392,c9a1606c0295eaf2833a1751dfebf4406043f4b2e1f9fdb5682a2c5e56511cf1,2026-09-29
SK,holdings,central_bank,https://nbs.sk/platby/platobne-systemy/,200,text/html,108692,4836e7e30079b3d999d40f66bdbe6d30734a4dd1a9031fdaaefafda40052e660,2026-09-29
SK,holdings,civil_registry,https://www.minv.sk/?register-obyvatelov-sr,200,text/html,114228,9b4347745ea4ee81ebd394966ec627b1ed72c1a5ff6698b1982b6fd0abbf1b01,2026-09-29
SK,holdings,civil_registry,https://zakony.judikaty.info/predpis/zakon-253/1998,200,text/html,215979,9e01e960fffd46d6c9fd82fc4ca12183e1fefe21eca22d3c860ff8e55887ac50,2026-09-29
SK,holdings,crisis_management,https://zakony.judikaty.info/predpis/zakon-387/2002,200,text/html,136292,b058550f1f74c0fb314ad4c7f53e0d604dbf877c6ddacf10b25f14cda8298f69,2026-09-29
SK,holdings,digital_identity_credentials,https://www.slovensko.sk/sk/clanok/_evidencia-autentifikacnych-pro,200,text/html,32405,5156861f1b4d33d1be393502c02181f5c555f4ccd609dd4a3f8f46c3e6ccc019,2026-09-29
SK,holdings,digital_identity_credentials,https://www.slovensko.sk/sk/eid,200,text/html,33892,06d1fc9795c9a7ca1c407182ef1dfdbb1b6700f335df456541638bc01361fe13,2026-09-29
SK,holdings,digital_identity_credentials,https://zakony.judikaty.info/predpis/zakon-305/2013,200,text/html,529607,7f0ad69c1b48552391cfd2842a32e77bd7a84556f8ab56e28dbb34e4db9e2f4b,2026-09-29
SK,holdings,education,https://zakony.judikaty.info/predpis/zakon-131/2002,200,text/html,802100,4de9e394fe8d03f710900bcace865894c54fe959a23b35591616a9075fc346be,2026-09-29
SK,holdings,education,https://zakony.judikaty.info/predpis/zakon-245/2008,200,text/html,1157135,87fbbcc975c2d8888d9f8634d9863783f74ed3724590babedbf3b237dba4ccf9,2026-09-29
SK,holdings,electoral_roll,https://zakony.judikaty.info/predpis/zakon-180/2014,200,text/html,709478,6e548db8b78129655a7f3193edd395980f22070cda5978eb5bb176b31ea8ef6a,2026-09-29
SK,holdings,emergency_communications,https://zakony.judikaty.info/predpis/zakon-129/2002,200,text/html,196917,f03483c0fee301a3e190fd7f0ba72a8d5b032a0334680807724cd0283126aa3a,2026-09-29
SK,holdings,extra:government_cloud_platform,https://mirri.gov.sk/sekcie/informatizacia/dokumenty/vladny-cloud/,200,text/html,182699,d91aabe8f4504bd3758c53c155676485a7f6dbf7cdafd3a2fdfcb21c51f8f11c,2026-09-29
SK,holdings,extra:government_network,https://www.nases.gov.sk/sluzby/sluzby-pre-po-a-ovm/govnet,200,text/html,122056,7b3e0175fe81f466367f6fc908fc4bbdb5bc3406477c1016caeb2e40eb4fcb96,2026-09-29
SK,holdings,facial_biometric,https://zakony.judikaty.info/predpis/zakon-224/2006,200,text/html,184431,ffdb1e2c3028e3720a78ba45977625a9d2ee2bcf0bb27888226ab7390a922ac5,2026-09-29
SK,holdings,facial_biometric,https://zakony.judikaty.info/predpis/zakon-647/2007,200,text/html,232502,475500c755fee702d5d8c6885860d21055a5f39e412e2ed05ad5f29ee1d12ef7,2026-09-29
SK,holdings,firearms_register,https://zakony.judikaty.info/predpis/zakon-190/2003,200,text/html,484775,1079de4386bf11e3f56061bf6086d35c15029ec82f68ee619b87c54e5aea8191,2026-09-29
SK,holdings,geospatial,https://www.minv.sk/?register-adries,200,text/html,110067,3827d6a9b905ad9f0c0273c5042c219932f9578ed526fddadbe9d7959a5b4753,2026-09-29
SK,holdings,geospatial,https://zakony.judikaty.info/predpis/zakon-125/2015,200,text/html,152579,4a5860b30a65ad431a87ba71f9f7d3676b6c60b176ab96dc20473e1821547498,2026-09-29
SK,holdings,government_payroll,https://zakony.judikaty.info/predpis/zakon-55/2017,200,text/html,812285,14f5dc3145c18f60bad88c0e18ac226ef863e9e31cc1f6c9d2a1888e578f82f4,2026-09-29
SK,holdings,grid_control,https://www.sepsas.sk/o-nas/o-spolocnosti/,200,text/html,168216,320c8be08ee6bd1e8b8745f4b9d45bc5d2a22742d3c0aad0b0893a84a6a94b69,2026-09-29
SK,holdings,grid_control,https://www.sepsas.sk/pre-partnerov/dispecing/,200,text/html,158257,dc42b9efbbe473e640c8df8898b558e7d71c36e4e58a93096bae680cdef5c464,2026-09-29
SK,holdings,grid_control,https://zakony.judikaty.info/predpis/zakon-251/2012,200,text/html,1624207,5a95a4b0da7ea72d0562e3f8c26e12dd761b587884cfa64c08f0139a4a332309,2026-09-29
SK,holdings,health_insurance,https://zakony.judikaty.info/predpis/zakon-581/2004,200,text/html,1017771,6639e24569b55c5eedf72fa5c4e8cfd778d7272dff53b5401c47616d064f41d5,2026-09-29
SK,holdings,health_records,https://zakony.judikaty.info/predpis/zakon-153/2013,200,text/html,657343,306fd36acdf13a720702fc6685479ab627ef38b4247880a2186d9ff0da6b1820,2026-09-29
SK,holdings,indicator:C1,https://mirri.gov.sk/sekcie/informatizacia/dokumenty/vladny-cloud/,200,text/html,182699,d91aabe8f4504bd3758c53c155676485a7f6dbf7cdafd3a2fdfcb21c51f8f11c,2026-09-29
SK,holdings,indicator:C1,https://static.slov-lex.sk/static/SK/ZZ/2019/95/20260430.html,403,text/html,0,,2026-09-29
SK,holdings,indicator:K1,https://snca.gov.sk/o-nas/certifikacna-autorita,200,text/html,164120,cc9ffe7186cc67a212f2f69fb5bce3616ee28e182964dd51d804d4cebe33990b,2026-09-29
SK,holdings,indicator:K1,https://www.nases.gov.sk/o-nas/cinnost-agentury,200,text/html,87555,6c531abeb7d20a24021da3ff9987dbcca0c71aed4924690f1ecc2c61d11e7acf,2026-09-29
SK,holdings,indicator:K2,https://static.slov-lex.sk/static/SK/ZZ/2016/272/20250101.html,403,text/html,0,,2026-09-29
SK,holdings,indicator:K2,https://www.slovensko.sk/sk/eid,200,text/html,33892,4e0bb86959d20b967c820802300ca3894e8a7de418fcd431287f245e08d239cf,2026-09-29
SK,holdings,indicator:L1,https://static.slov-lex.sk/static/SK/ZZ/2020/78/20260515.html,403,text/html,0,,2026-09-29
SK,holdings,indicator:L2,https://static.slov-lex.sk/static/SK/ZZ/2004/215/20250501.html,403,text/html,0,,2026-09-29
SK,holdings,intelligence,https://zakony.judikaty.info/predpis/zakon-46/1993,200,text/html,156892,06109d96c8cb5889748e67265f2a3818fecd72a7bc00afe61f68197d10d67df4,2026-09-29
SK,holdings,judicial_criminal,https://zakony.judikaty.info/predpis/zakon-330/2007,200,text/html,230359,4814fef83390e11746f655424b9e5cb7781972e3404b6442309ca273b3b14419,2026-09-29
SK,holdings,judicial_criminal,https://zakony.judikaty.info/predpis/zakon-757/2004,200,text/html,445234,43eb3c596eb6768a2581a6d0cae7f888e954d138756e475c90c50ae6053a0b49,2026-09-29
SK,holdings,land_property,https://www.skgeodesy.sk/files/sk/slovensky/ugkk/kontrakty-vyrocne-spravy/ugkk-sr_vyrocna-sprava_2025.pdf,200,application/pdf,4661683,052cde96b4e1686d5d301bb5dacd22a0db96fd0750f36357b492cae256280962,2026-09-29
SK,holdings,land_property,https://zakony.judikaty.info/predpis/zakon-162/1995,200,text/html,322167,b4512a1657cbeeaed86bbcdb3fca2e4fab176392ddffffac76363c682758a4f6,2026-09-29
SK,holdings,national_archives,https://www.minv.sk/?elektronicky-archiv-slovenska-mv-sr,200,text/html,108166,d47a338c9c6ae511385180527b237c02f5129baa4b913cddb234b9c428bfbd93,2026-09-29
SK,holdings,national_archives,https://zakony.judikaty.info/predpis/zakon-395/2002,200,text/html,296359,c394598b0fd40aebbcde4ce30625ea41e46f19d21673afe01e58f57bdf54d6b3,2026-09-29
SK,holdings,official_gazette,https://zakony.judikaty.info/predpis/zakon-400/2015,200,text/html,181897,b9a8a2d9a53abc059a1647b35dc4a86d22d39ee48857c54e049ab977b892f7c4,2026-09-29
SK,holdings,police_records,https://zakony.judikaty.info/predpis/zakon-171/1993,200,text/html,491138,a08ccd5a170a48c027658651af6f873932be5cba22149fc13932ea4d42b3fda5,2026-09-29
SK,holdings,public_finance,https://zakony.judikaty.info/predpis/zakon-291/2002,200,text/html,252615,4d73dd4eae17dc1bfe093b05dfdeb3c60d644193c1a8300fe06d6caf54ab7dac,2026-09-29
SK,holdings,public_health_surveillance,https://zakony.judikaty.info/predpis/zakon-355/2007,200,text/html,975176,80075886127f380d728f192a9949f64708dd692d4e9c56d52d15fe595dea7732,2026-09-29
SK,holdings,residence_permits,https://zakony.judikaty.info/predpis/zakon-404/2011,200,text/html,888794,333ea0347ff325b503ee11fd2ddd228afd3d4ccc241176940325dc1a1706c929,2026-09-29
SK,holdings,statistics_microdata,https://zakony.judikaty.info/predpis/zakon-540/2001,200,text/html,230512,8dffe5e894144e3910c7991f676f7cda3967dfec1724c2582bacc1e5140380a0,2026-09-29
SK,holdings,tax,https://zakony.judikaty.info/predpis/zakon-35/2019,200,text/html,1249672,0056fcc415db81e0ed6eaae5ac963677a4fb111cddaa4eb589de0b38e3a38c3b,2026-09-29
SK,holdings,tax,https://zakony.judikaty.info/predpis/zakon-563/2009,200,text/html,801446,fa51861273642e76e62a0d7c9e1abbc7c7084fe0b8dff434916af6c50e73f87b,2026-09-29
SK,holdings,trust_services_pki,https://snca.gov.sk/o-nas/certifikacna-autorita,200,text/html,164120,cc9ffe7186cc67a212f2f69fb5bce3616ee28e182964dd51d804d4cebe33990b,2026-09-29
SK,holdings,trust_services_pki,https://www.nases.gov.sk/sluzby/sluzby-pre-po-a-ovm/doveryhodne-sluzby-snca,200,text/html,65661,f30468512c7ac21c03fac09b47a308e0595cd0a803d11cd2906e974e458157de,2026-09-29
SK,holdings,trust_services_pki,https://zakony.judikaty.info/predpis/zakon-272/2016,200,text/html,181375,1711a99dceea3e0f39c9a7f3576c651ac19c81d426b699108f2903044aea629e,2026-09-29
SK,holdings,vehicle_licensing,https://zakony.judikaty.info/predpis/zakon-8/2009,200,text/html,993088,66e38bfbaf4b51cedbab31ddf3f717e1137b97d82e89b370ec065b3916ee5c04,2026-09-29
SK,holdings,water_control,https://zakony.judikaty.info/predpis/zakon-7/2010,200,text/html,382590,87b6021dd48471163216456506a90a8b80982a8ab4940515e986d1256701c5a1,2026-09-29
SK,legal,gazette,https://www.slov-lex.sk/,403,text/html,0,,2026-09-11
