iso,claim,relation,url,http_status,content_type,sha256,match,archived_url,checked
AT,indicator:AT:C1,corroborates,https://www.brz.gv.at/was-wir-tun/geschaeftsfelder/trusted-data-center.html,200,text/html,1622cd0fd0a7448828ffd3a96213a541d6e7ae78735ea1ed0518955a29ad493c,exact,https://web.archive.org/web/20260613053800/https://www.brz.gv.at/was-wir-tun/geschaeftsfelder/trusted-data-center.html,2026-09-30
AT,indicator:AT:C2,corroborates,https://www.brz.gv.at/was-wir-tun/geschaeftsfelder/cloud-solutions.html,200,text/html,e7978988ccb3f2c485c3e05e533a612a949b03a96fd9b55e1767a90022c67e54,exact,https://web.archive.org/web/20260613063223/https://www.brz.gv.at/was-wir-tun/geschaeftsfelder/cloud-solutions.html,2026-09-30
AT,record:AT:beneficial_ownership:operator,fills_gap,https://www.bmf.gv.at/services/wiereg.html,200,text/html,59e479c1e53abe05b33d8b7f22a4101b08e122be1de3c9f8102b949cd392a725,exact,https://web.archive.org/web/20260723020928/https://www.bmf.gv.at/services/wiereg.html,2026-09-30
AT,record:AT:beneficial_ownership:register,fills_gap,https://www.bmf.gv.at/services/wiereg.html,200,text/html,59e479c1e53abe05b33d8b7f22a4101b08e122be1de3c9f8102b949cd392a725,exact,https://web.archive.org/web/20260723020928/https://www.bmf.gv.at/services/wiereg.html,2026-09-30
AT,record:AT:benefits_pensions:operator,fills_gap,https://www.ris.bka.gv.at/NormDokument.wxe?Abfrage=Bundesnormen&Gesetzesnummer=20003831&Paragraf=10,200,text/html,07945bbe3984bba981a07bef35c9905f421d4aad243f3873116db01642cad1f3,exact,,2026-09-30
AT,record:AT:benefits_pensions:register,fills_gap,https://www.ris.bka.gv.at/NormDokument.wxe?Abfrage=Bundesnormen&Gesetzesnummer=20003831&Paragraf=10,200,text/html,07945bbe3984bba981a07bef35c9905f421d4aad243f3873116db01642cad1f3,exact,,2026-09-30
AT,record:AT:border_control:register,fills_gap,https://www.bmi.gv.at/402/files/informationen/sektion_ii/bf_nationales_schengener_informationssystem-n-sis_ii_v2.pdf,200,application/pdf,be1708a3bbc76f7cd857bfcd3c40dd6e188b606822af1c25ee48c7a944aaf379,exact,https://web.archive.org/web/20260508105448/https://www.bmi.gv.at/402/files/informationen/sektion_ii/bf_nationales_schengener_informationssystem-n-sis_ii_v2.pdf,2026-09-30
AT,record:AT:business_registry:count,fills_gap,https://www.brz.gv.at/was-wir-tun/services-produkte/registerloesungen.html,200,text/html,9b5486ecf68209a1989273b3e3b1cb5544f6009403e25844f91c25098fd2f929,exact,https://web.archive.org/web/20260519193214/https://www.brz.gv.at/was-wir-tun/services-produkte/registerloesungen.html,2026-09-30
AT,record:AT:business_registry:operator,fills_gap,https://www.brz.gv.at/was-wir-tun/services-produkte/registerloesungen.html,200,text/html,9b5486ecf68209a1989273b3e3b1cb5544f6009403e25844f91c25098fd2f929,exact,https://web.archive.org/web/20260519193214/https://www.brz.gv.at/was-wir-tun/services-produkte/registerloesungen.html,2026-09-30
AT,record:AT:business_registry:register,fills_gap,https://www.brz.gv.at/was-wir-tun/services-produkte/registerloesungen.html,200,text/html,9b5486ecf68209a1989273b3e3b1cb5544f6009403e25844f91c25098fd2f929,exact,https://web.archive.org/web/20260519193214/https://www.brz.gv.at/was-wir-tun/services-produkte/registerloesungen.html,2026-09-30
AT,record:AT:central_bank:register,fills_gap,https://www.oenb.at/Zahlungsverkehr/target-services.html,200,text/html,6038e31a55d0e57b1d44ddb35c00af4b3c19aff61b9d2cf08d0c670035b67dc8,exact,https://web.archive.org/web/20260312220131/https://www.oenb.at/Zahlungsverkehr/target-services.html,2026-09-30
AT,record:AT:civil_registry:operator,contradicts,https://www.bmi.gv.at/413/start.html,200,text/html,893ff6e7c2f16496f4ce2ece9ccad3e8a8162465618258816ed539afacfa7b29,exact,https://web.archive.org/web/20260828130334/https://www.bmi.gv.at/413/start.html,2026-09-30
AT,record:AT:crisis_management:operator,fills_gap,https://www.ris.bka.gv.at/GeltendeFassung.wxe?Abfrage=Bundesnormen&Gesetzesnummer=20012321,200,text/html,ce4249c14c255673b6c079111fd8aa687b6dbbe1a12499b5f18eb7a9d80d07a2,exact,,2026-09-30
AT,record:AT:crisis_management:register,fills_gap,https://www.ris.bka.gv.at/GeltendeFassung.wxe?Abfrage=Bundesnormen&Gesetzesnummer=20012321,200,text/html,ce4249c14c255673b6c079111fd8aa687b6dbbe1a12499b5f18eb7a9d80d07a2,exact,,2026-09-30
AT,record:AT:customs:count,fills_gap,https://www.brz.gv.at/was-wir-tun/services-produkte/e-zoll.html,200,text/html,dfccfdbbdd55a8d74d71eccb0f6787376902ac4d4ce979c04a0c609a505a0395,exact,https://web.archive.org/web/20260519182925/https://www.brz.gv.at/was-wir-tun/services-produkte/e-zoll.html,2026-09-30
AT,record:AT:customs:register,fills_gap,https://www.brz.gv.at/was-wir-tun/services-produkte/e-zoll.html,200,text/html,dfccfdbbdd55a8d74d71eccb0f6787376902ac4d4ce979c04a0c609a505a0395,exact,https://web.archive.org/web/20260519182925/https://www.brz.gv.at/was-wir-tun/services-produkte/e-zoll.html,2026-09-30
AT,record:AT:digital_identity_credentials:register,corroborates,https://www.brz.gv.at/was-wir-tun/services-produkte/id-austria.html,200,text/html,f61ca6e765f566390f4baf0edfee441ecf062a19f58f47f95eea6fd0531c2eda,exact,https://web.archive.org/web/20260610144149/https://www.brz.gv.at/was-wir-tun/services-produkte/id-austria.html,2026-09-30
AT,record:AT:education:operator,fills_gap,https://www.ris.bka.gv.at/GeltendeFassung.wxe?Abfrage=Bundesnormen&Gesetzesnummer=20011451,200,text/html,5a2a19c6f3667646a667e740cc74da738e30c5141c36184075f78a48fb86674c,exact,https://web.archive.org/web/20260730015701/https://www.ris.bka.gv.at/GeltendeFassung.wxe?Abfrage=Bundesnormen&Gesetzesnummer=20011451,2026-09-30
AT,record:AT:education:register,fills_gap,https://www.ris.bka.gv.at/GeltendeFassung.wxe?Abfrage=Bundesnormen&Gesetzesnummer=20011451,200,text/html,5a2a19c6f3667646a667e740cc74da738e30c5141c36184075f78a48fb86674c,exact,https://web.archive.org/web/20260730015701/https://www.ris.bka.gv.at/GeltendeFassung.wxe?Abfrage=Bundesnormen&Gesetzesnummer=20011451,2026-09-30
AT,record:AT:electoral_management:operator,fills_gap,https://www.bmi.gv.at/402/files/informationen/wahlen/informationsblatt_modulares_wahlpaket_bf_20250410.pdf,200,application/pdf,ca85c6d0bbee90e4df5aa67903a7dba0450510bec46c8371568783a63e8b450a,exact,https://web.archive.org/web/20260616054805/https://www.bmi.gv.at/402/files/informationen/wahlen/informationsblatt_modulares_wahlpaket_bf_20250410.pdf,2026-09-30
AT,record:AT:electoral_management:register,fills_gap,https://www.bmi.gv.at/402/files/informationen/wahlen/informationsblatt_modulares_wahlpaket_bf_20250410.pdf,200,application/pdf,ca85c6d0bbee90e4df5aa67903a7dba0450510bec46c8371568783a63e8b450a,exact,https://web.archive.org/web/20260616054805/https://www.bmi.gv.at/402/files/informationen/wahlen/informationsblatt_modulares_wahlpaket_bf_20250410.pdf,2026-09-30
AT,record:AT:emergency_communications:register,fills_gap,https://www.bmi.gv.at/113/Sektion_IV/Gruppe_IV_DDS/CTO/Abteilung_IV_DDS_12/start.aspx,200,text/html,a96a1f837bdf9b44baede1b0c4940795ef8cf7c17916d4dc17f232eca917e91c,exact,,2026-09-30
AT,record:AT:fingerprint_biometric:register,contradicts,https://www.bmi.gv.at/402/files/informationen/sektion_ii/bf_erkennungsdienstliche_evidenz-ede_v3.pdf,200,application/pdf,eb4dc66b7a3718f72a688ea5038cae76c4d465c0705261f10ba8e0fd8af33164,exact,https://web.archive.org/web/20260508140958/https://www.bmi.gv.at/402/files/informationen/sektion_ii/bf_erkennungsdienstliche_evidenz-ede_v3.pdf,2026-09-30
AT,record:AT:fingerprint_biometric:register,corrects,https://www.ris.bka.gv.at/GeltendeFassung.wxe?Abfrage=Bundesnormen&Gesetzesnummer=10005792,200,text/html,192a0618174916431dd2cbd7799f94b129df4180ef411b8b488ead2fdbcb75df,exact,https://web.archive.org/web/20260208105744/https://www.ris.bka.gv.at/GeltendeFassung.wxe?Abfrage=Bundesnormen&Gesetzesnummer=10005792,2026-10-02
AT,record:AT:firearms_register:operator,fills_gap,https://www.polizei.gv.at/stmk/files_stmk/datenschutz/2020/BF_Zentrales%20Waffenregister_20200224.pdf,200,application/pdf,fcdff3862cd82733f664f13eb6ce857da52835d3144ded711878ef27c7510a2e,exact,https://web.archive.org/web/20260505131709/https://www.polizei.gv.at/stmk/files_stmk/datenschutz/2020/bf_zentrales%20waffenregister_20200224.pdf,2026-09-30
AT,record:AT:firearms_register:register,fills_gap,https://www.polizei.gv.at/stmk/files_stmk/datenschutz/2020/BF_Zentrales%20Waffenregister_20200224.pdf,200,application/pdf,fcdff3862cd82733f664f13eb6ce857da52835d3144ded711878ef27c7510a2e,exact,https://web.archive.org/web/20260505131709/https://www.polizei.gv.at/stmk/files_stmk/datenschutz/2020/bf_zentrales%20waffenregister_20200224.pdf,2026-09-30
AT,record:AT:government_payroll:register,fills_gap,https://rechnungshof.gv.at/rh/home/home_1/home_9/BRA_2024_Band_4.pdf,200,application/pdf,cb4191a6023c3f4b17ac7cceee383ffd0eca1640d00c8c86003a51e408020a89,exact,,2026-09-30
AT,record:AT:grid_control:operator,fills_gap,https://www.apg.at/ueber-uns/steuerzentrale/,200,text/html,2d24c650adc18b7a6460503d13cfe6380c1ceaecd9ea0ffaa577dfc5799c375a,exact,https://web.archive.org/web/20260522164325/https://www.apg.at/ueber-uns/steuerzentrale/,2026-09-30
AT,record:AT:grid_control:register,fills_gap,https://www.apg.at/ueber-uns/steuerzentrale/,200,text/html,2d24c650adc18b7a6460503d13cfe6380c1ceaecd9ea0ffaa577dfc5799c375a,exact,https://web.archive.org/web/20260522164325/https://www.apg.at/ueber-uns/steuerzentrale/,2026-09-30
AT,record:AT:health_insurance:operator,fills_gap,https://www.ris.bka.gv.at/NormDokument.wxe?Abfrage=Bundesnormen&Gesetzesnummer=10008147&Paragraf=31a,200,text/html,97c691b69824820f5999cb899263cbaa9a5b31a75000ed4a376f639a0cc1c2c8,exact,https://web.archive.org/web/20260612022848/https://www.ris.bka.gv.at/NormDokument.wxe?Abfrage=Bundesnormen&Gesetzesnummer=10008147&Paragraf=31a,2026-09-30
AT,record:AT:health_insurance:register,fills_gap,https://www.ris.bka.gv.at/NormDokument.wxe?Abfrage=Bundesnormen&Gesetzesnummer=10008147&Paragraf=31a,200,text/html,97c691b69824820f5999cb899263cbaa9a5b31a75000ed4a376f639a0cc1c2c8,exact,https://web.archive.org/web/20260612022848/https://www.ris.bka.gv.at/NormDokument.wxe?Abfrage=Bundesnormen&Gesetzesnummer=10008147&Paragraf=31a,2026-09-30
AT,record:AT:intelligence:register,fills_gap,https://www.ris.bka.gv.at/GeltendeFassung.wxe?Abfrage=Bundesnormen&Gesetzesnummer=20009486,200,text/html,19c456cd1dec662ee01c61cc19d9a5ec192858e9648373ac49743da0a5ba5105,exact,https://web.archive.org/web/20251211035839/https://www.ris.bka.gv.at/geltendefassung.wxe?abfrage=bundesnormen&gesetzesnummer=20009486,2026-09-30
AT,record:AT:issuance_history:foreign_dependency,corroborates,https://www.ris.bka.gv.at/GeltendeFassung.wxe?Abfrage=Bundesnormen&Gesetzesnummer=10005798,200,text/html,16e563d821e4afad9d0bc81f17f136065f28747b050f7b55383e43a5bf7f7766,exact,https://web.archive.org/web/20260123224358/https://www.ris.bka.gv.at/GeltendeFassung.wxe?Abfrage=Bundesnormen&Gesetzesnummer=10005798,2026-09-30
AT,record:AT:issuance_history:register,corroborates,https://www.polizei.gv.at/bgld/files_bgld/datenschutz/2023/zentrales_identitaetsdokumentenregister_idr_012023_bf.pdf,200,application/pdf,ba82e3914bef617e7b31b3aad62e90313c0084fc42e246f59591d8c3c096fafe,exact,https://web.archive.org/web/20241125081919/https://www.polizei.gv.at/BGLD/files_bgld/datenschutz/2023/Zentrales_Identitaetsdokumentenregister_IDR_012023_bf.pdf,2026-09-30
AT,record:AT:judicial_criminal:operator,fills_gap,https://www.ris.bka.gv.at/GeltendeFassung.wxe?Abfrage=Bundesnormen&Gesetzesnummer=10002116,200,text/html,1613b1a79fd5b614bb300b49830e1cedc47d5399973f22815fe2b48f959ec3e3,exact,https://web.archive.org/web/20251105105153/https://www.ris.bka.gv.at/GeltendeFassung.wxe?Abfrage=Bundesnormen&Gesetzesnummer=10002116,2026-09-30
AT,record:AT:judicial_criminal:register,fills_gap,https://www.ris.bka.gv.at/GeltendeFassung.wxe?Abfrage=Bundesnormen&Gesetzesnummer=10002116,200,text/html,1613b1a79fd5b614bb300b49830e1cedc47d5399973f22815fe2b48f959ec3e3,exact,https://web.archive.org/web/20251105105153/https://www.ris.bka.gv.at/GeltendeFassung.wxe?Abfrage=Bundesnormen&Gesetzesnummer=10002116,2026-09-30
AT,record:AT:land_property:register,fills_gap,https://www.brz.gv.at/was-wir-tun/services-produkte/registerloesungen.html,200,text/html,9b5486ecf68209a1989273b3e3b1cb5544f6009403e25844f91c25098fd2f929,exact,https://web.archive.org/web/20260519193214/https://www.brz.gv.at/was-wir-tun/services-produkte/registerloesungen.html,2026-09-30
AT,record:AT:official_gazette:operator,fills_gap,https://www.ris.bka.gv.at/GeltendeFassung.wxe?Abfrage=Bundesnormen&Gesetzesnummer=20002988,200,text/html,9fbf225ab397cf1a8c81e2c9abf571f48eb3d20fe978a959edf6c26756eb08a6,exact,https://web.archive.org/web/20230506214536/https://www.ris.bka.gv.at/GeltendeFassung.wxe?Abfrage=Bundesnormen&Gesetzesnummer=20002988,2026-09-30
AT,record:AT:official_gazette:register,fills_gap,https://www.ris.bka.gv.at/GeltendeFassung.wxe?Abfrage=Bundesnormen&Gesetzesnummer=20002988,200,text/html,9fbf225ab397cf1a8c81e2c9abf571f48eb3d20fe978a959edf6c26756eb08a6,exact,https://web.archive.org/web/20230506214536/https://www.ris.bka.gv.at/GeltendeFassung.wxe?Abfrage=Bundesnormen&Gesetzesnummer=20002988,2026-09-30
AT,record:AT:police_records:register,fills_gap,https://www.bmi.gv.at/402/files/informationen/sektion_ii/bf_pad-protkollieren_anzeigen_daten_v2.pdf,200,application/pdf,f6ce0127036e0823141224994d7f64b2bea3398e1a6bb7f5a4d4c46ed49769e5,exact,https://web.archive.org/web/20260508105548/https://www.bmi.gv.at/402/files/informationen/sektion_ii/bf_pad-protkollieren_anzeigen_daten_v2.pdf,2026-09-30
AT,record:AT:public_finance:register,fills_gap,https://rechnungshof.gv.at/rh/home/home_1/home_9/BRA_2024_Band_4.pdf,200,application/pdf,cb4191a6023c3f4b17ac7cceee383ffd0eca1640d00c8c86003a51e408020a89,exact,,2026-09-30
AT,record:AT:residence_permits:register,corroborates,https://www.bmi.gv.at/402/files/informationen/sektion_ii/bf_bmi-zentrales_fremdenregister_v2.pdf,200,application/pdf,503e2309b6b8613540b359ba3b8a96780fc59d9b3206cc1bc171fae0ad7b6362,exact,https://web.archive.org/web/20260508131524/https://www.bmi.gv.at/402/files/informationen/sektion_ii/bf_bmi-zentrales_fremdenregister_v2.pdf,2026-09-30
AT,record:AT:tax:operator,fills_gap,https://www.brz.gv.at/was-wir-tun/services-produkte/finanzonline.html,200,text/html,14727ca04e49f16ca778acbb5941dbbc525398bacff219081d2b6ce5d3daa085,exact,https://web.archive.org/web/20260516205141/https://www.brz.gv.at/was-wir-tun/services-produkte/finanzonline.html,2026-09-30
AT,record:AT:tax:register,fills_gap,https://www.brz.gv.at/was-wir-tun/services-produkte/finanzonline.html,200,text/html,14727ca04e49f16ca778acbb5941dbbc525398bacff219081d2b6ce5d3daa085,exact,https://web.archive.org/web/20260516205141/https://www.brz.gv.at/was-wir-tun/services-produkte/finanzonline.html,2026-09-30
AT,record:AT:trust_services_pki:count,upgrade,https://www.bundeskanzleramt.gv.at/bundeskanzleramt/nachrichten-der-bundesregierung/2026/09/proell-6-3-millionen-ausgestellte-id-austria-nach-erfolgreicher-id-austria-servicetour.html,200,text/html,0be2854454343767276b0dc238c2d6a6b24d417095d77190cac12fcbeb592206,exact,,2026-09-30
AT,record:AT:trust_services_pki:operator,corroborates,https://www.rtr.at/TKP/was_wir_tun/vertrauensdienste/Signatur/vertrauensliste/VertrListe.de.html,200,text/html,9ef2bbac75cf15214ba64f1d42c3cffede8baaf6f721b2c624041dc693ebda67,exact,https://web.archive.org/web/20260908033759/https://www.rtr.at/TKP/was_wir_tun/vertrauensdienste/Signatur/vertrauensliste/VertrListe.de.html,2026-09-30
AT,record:AT:vehicle_licensing:operator,fills_gap,https://www.bmi.gv.at/402/files/informationen/sektion_ii/bf_zentrale_zulassungsevidenz-kraftfahrzeugzentralregister-kzr_v2.pdf,200,application/pdf,8b8c564c1fa34fa2be8ada6d995e01c9ca7f6e95cdfab7bf06bb72f13c72c383,exact,https://web.archive.org/web/20260508152304/https://www.bmi.gv.at/402/files/informationen/sektion_ii/bf_zentrale_zulassungsevidenz-kraftfahrzeugzentralregister-kzr_v2.pdf,2026-09-30
AT,record:AT:vehicle_licensing:register,fills_gap,https://www.bmi.gv.at/402/files/informationen/sektion_ii/bf_zentrale_zulassungsevidenz-kraftfahrzeugzentralregister-kzr_v2.pdf,200,application/pdf,8b8c564c1fa34fa2be8ada6d995e01c9ca7f6e95cdfab7bf06bb72f13c72c383,exact,https://web.archive.org/web/20260508152304/https://www.bmi.gv.at/402/files/informationen/sektion_ii/bf_zentrale_zulassungsevidenz-kraftfahrzeugzentralregister-kzr_v2.pdf,2026-09-30
BE,indicator:BE:C1,fills_gap,https://www.gcloud.belgium.be/nl/service/detail/housing,200,text/html,1941d0fce2346cd114aaca98be4e94e8e9c0ec91b8ac0a2a94ea61fcd718aebf,exact,,2026-09-30
BE,indicator:BE:C2,fills_gap,https://www.gcloud.belgium.be/nl,200,text/html,126ebf8ec4f0df19570f3c84c9884b1342242e34311e6126ed6ff4538fa84122,exact,https://web.archive.org/web/20260720192938/https://www.gcloud.belgium.be/nl,2026-09-30
BE,indicator:BE:K1,supersedes,https://repository.eid.belgium.be/downloads/citizen/en/CPS_CitizenCA_BRCA34.pdf,200,application/pdf,a1115516c1e8a1d962712cb4cfa110f08f21c1ab7b5df1d4964140bb018d652d,exact,https://web.archive.org/web/20240228070218/http://repository.eid.belgium.be/downloads/citizen/en/CPS_CitizenCA_BRCA34.pdf,2026-09-30
BE,indicator:BE:K2,corroborates,https://www.ibz.rrn.fgov.be/nl/faq/wat-is-het-rijksregister-van-de-natuurlijke-personen/wie-beheert-het-rijksregister-van-de,200,text/html,81af33f88e3e25eb01e9ca375d8cc9c1d785dddf841873b6fe1d71b8a1068327,exact,,2026-09-30
BE,indicator:BE:L2,supersedes,https://www.jurion.fanc.fgov.be/jurdb-consult/plainWettekstServlet?wettekstId=1384&lang=fr,200,text/html,3e743db6287033e26009780a86526f8e5971cf0ac6592f98b7e6f72d54f6d5c8,exact,,2026-09-30
BE,record:BE:authentication_audit_log:register,fills_gap,https://sma-help.bosa.belgium.be/en/fas-privacy,200,text/html,6f1ff77874b0f967b5d56e5e03036f3338c66b9315378d61a94414a97d02aa20,exact,https://web.archive.org/web/20260928063339/https://sma-help.bosa.belgium.be/en/fas-privacy,2026-09-30
BE,record:BE:beneficial_ownership:register,fills_gap,https://www.gegevensbeschermingsautoriteit.be/publications/advies-nr.-81-2022.pdf,200,application/pdf,aeccb81bae6d251d28155557b6a60ae1637ce29601bbbbff21ff1203edc37b6d,exact,,2026-09-30
BE,record:BE:benefits_pensions:register,fills_gap,https://dwh.ksz-bcss.fgov.be/nl/sourcedetail/dwh-onp-sfp-cadastre.html,200,text/html,d874034f3862a48b7804d9a32e626c2c6343645e3a97bbf6e4768fb6f61d757b,exact,,2026-09-30
BE,record:BE:breeder_documents:operator,corroborates,https://www.ibz.rrn.fgov.be/sites/default/files/documents/nl/dabs/FAQ_DABS_NL_20200701.pdf,200,application/pdf,205e84071e5ff4f28586d445bf421846a1978844d40ef672368e41c13d226e38,exact,,2026-09-30
BE,record:BE:breeder_documents:register,corroborates,https://www.ibz.rrn.fgov.be/sites/default/files/documents/nl/dabs/FAQ_DABS_NL_20200701.pdf,200,application/pdf,205e84071e5ff4f28586d445bf421846a1978844d40ef672368e41c13d226e38,exact,,2026-09-30
BE,record:BE:business_registry:register,fills_gap,https://gegevensbeschermingsautoriteit.be/publications/advies-nr.-03-2023.pdf,200,application/pdf,6116b601f7047f3806e3c863826333ae419f82fa6dfb4afd7a9b59b880b73f14,exact,,2026-09-30
BE,record:BE:central_bank:register,fills_gap,https://www.nbb.be/nl/betalingen-en-effecten/het-securities-settlement-system-nbb-sss,200,text/html,8d435d918f4289b51c304c41cc3fba1b7ebfb952b47b1377e24b166696137be9,exact,,2026-09-30
BE,record:BE:civil_registry:operator,corroborates,https://www.ibz.rrn.fgov.be/nl/faq/wat-is-het-rijksregister-van-de-natuurlijke-personen/wie-beheert-het-rijksregister-van-de,200,text/html,81af33f88e3e25eb01e9ca375d8cc9c1d785dddf841873b6fe1d71b8a1068327,exact,,2026-09-30
BE,record:BE:civil_registry:register,corroborates,https://www.ibz.rrn.fgov.be/nl/faq/wat-is-het-rijksregister-van-de-natuurlijke-personen/wie-beheert-het-rijksregister-van-de,200,text/html,81af33f88e3e25eb01e9ca375d8cc9c1d785dddf841873b6fe1d71b8a1068327,exact,,2026-09-30
BE,record:BE:crisis_management:count,fills_gap,https://crisiscentrum.be/nl/newsroom/meer-dan-1-miljoen-geregistreerde-adressen-be-alert,200,text/html,9aa5b6bcb5f1721e4c360cca0175ba7c99f84f84f052027cc3d7bb1b2138351d,exact,,2026-09-30
BE,record:BE:crisis_management:register,fills_gap,https://crisiscentrum.be/nl/newsroom/meer-dan-1-miljoen-geregistreerde-adressen-be-alert,200,text/html,9aa5b6bcb5f1721e4c360cca0175ba7c99f84f84f052027cc3d7bb1b2138351d,exact,,2026-09-30
BE,record:BE:digital_identity_credentials:operator,fills_gap,https://sma-help.bosa.belgium.be/en/fas-privacy,200,text/html,6f1ff77874b0f967b5d56e5e03036f3338c66b9315378d61a94414a97d02aa20,exact,https://web.archive.org/web/20260928063339/https://sma-help.bosa.belgium.be/en/fas-privacy,2026-09-30
BE,record:BE:digital_identity_credentials:register,fills_gap,https://sma-help.bosa.belgium.be/en/fas-privacy,200,text/html,6f1ff77874b0f967b5d56e5e03036f3338c66b9315378d61a94414a97d02aa20,exact,https://web.archive.org/web/20260928063339/https://sma-help.bosa.belgium.be/en/fas-privacy,2026-09-30
BE,record:BE:education:operator,fills_gap,https://dwh.ksz-bcss.fgov.be/nl/sourcedetail/dwh-ahovoks-led,200,text/html,b5c563cf8f046bdc627b3544754415de0fa435e28fc14274bc222ee4c17c62db,exact,https://web.archive.org/web/20260211053943/https://dwh.ksz-bcss.fgov.be/nl/sourcedetail/dwh-ahovoks-led,2026-09-30
BE,record:BE:education:register,fills_gap,https://dwh.ksz-bcss.fgov.be/nl/sourcedetail/dwh-ahovoks-led,200,text/html,b5c563cf8f046bdc627b3544754415de0fa435e28fc14274bc222ee4c17c62db,exact,https://web.archive.org/web/20260211053943/https://dwh.ksz-bcss.fgov.be/nl/sourcedetail/dwh-ahovoks-led,2026-09-30
BE,record:BE:electoral_management:register,fills_gap,https://elections.fgov.be/informations-generales/securite-et-transparence,error,,,fetch_failed,,2026-10-06
BE,record:BE:electoral_roll:operator,fills_gap,https://elections.fgov.be/sites/default/files/documents/CodeElectoral__Kieswetboek.pdf,error,,,fetch_failed,,2026-10-06
BE,record:BE:electoral_roll:register,fills_gap,https://elections.fgov.be/sites/default/files/documents/CodeElectoral__Kieswetboek.pdf,error,,,fetch_failed,,2026-10-06
BE,record:BE:emergency_communications:count,fills_gap,https://www.astrid.be/nl/diensten/radiocommunicatie,200,text/html,757830da698c278077a7cd6b6f02bb13cd282a426165b001a22ee43c8fd312eb,exact,https://web.archive.org/web/20250403085231/https://www.astrid.be/nl/diensten/radiocommunicatie,2026-09-30
BE,record:BE:emergency_communications:operator,fills_gap,https://www.astrid.be/nl/over-astrid/organisatie,200,text/html,1f5892dae8768312b58db4e1e7a68da8b29c16c7b361237a0eaf2e31e4970de0,exact,https://web.archive.org/web/20230131192154/https://www.astrid.be/nl/over-astrid/organisatie,2026-09-30
BE,record:BE:emergency_communications:register,fills_gap,https://www.astrid.be/nl/diensten/radiocommunicatie,200,text/html,757830da698c278077a7cd6b6f02bb13cd282a426165b001a22ee43c8fd312eb,exact,https://web.archive.org/web/20250403085231/https://www.astrid.be/nl/diensten/radiocommunicatie,2026-09-30
BE,record:BE:facial_biometric:register,corroborates,https://www.ibz.rrn.fgov.be/sites/default/files/documents/nl/identiteitsdocumenten/eid/eID_en_GDPR.pdf,200,application/pdf,d96473a9350bedd99d86208ecea736ae82419428f49e63bd5a972c7cca1c64ba,exact,,2026-09-30
BE,record:BE:fingerprint_biometric:register,corroborates,https://www.ibz.rrn.fgov.be/sites/default/files/documents/nl/identiteitsdocumenten/eid/eID_en_GDPR.pdf,200,application/pdf,d96473a9350bedd99d86208ecea736ae82419428f49e63bd5a972c7cca1c64ba,exact,,2026-09-30
BE,record:BE:firearms_register:operator,fills_gap,https://www.gegevensbeschermingsautoriteit.be/publications/advies-nr.-169-2019.pdf,200,application/pdf,705ca103800f7b4dbffd7ccca1db1233205803d29d0ea7429279637225c07ebc,exact,https://web.archive.org/web/20251008074530/https://www.gegevensbeschermingsautoriteit.be/publications/advies-nr.-169-2019.pdf,2026-09-30
BE,record:BE:firearms_register:register,fills_gap,https://www.gegevensbeschermingsautoriteit.be/publications/advies-nr.-169-2019.pdf,200,application/pdf,705ca103800f7b4dbffd7ccca1db1233205803d29d0ea7429279637225c07ebc,exact,https://web.archive.org/web/20251008074530/https://www.gegevensbeschermingsautoriteit.be/publications/advies-nr.-169-2019.pdf,2026-09-30
BE,record:BE:intelligence:operator,fills_gap,https://cuta.belgium.be/who-we-are/,error,,,fetch_failed,,2026-10-06
BE,record:BE:intelligence:register,fills_gap,https://cuta.belgium.be/who-we-are/,error,,,fetch_failed,,2026-10-06
BE,record:BE:issuance_history:register,upgrade,https://www.ibz.rrn.fgov.be/nl/faq/wat-is-het-rijksregister-van-de-natuurlijke-personen/wie-beheert-het-rijksregister-van-de,200,text/html,81af33f88e3e25eb01e9ca375d8cc9c1d785dddf841873b6fe1d71b8a1068327,exact,,2026-09-30
BE,record:BE:judicial_criminal:register,fills_gap,https://gegevensbeschermingsautoriteit.be/publications/advies-nr.-73-2026.pdf,200,application/pdf,8df53eb44660969d0635286ccaece74e9e2fc6e0039aaf568815f049d0b51c82,exact,,2026-09-30
BE,record:BE:land_property:operator,fills_gap,https://www.gegevensbeschermingsautoriteit.be/publications/advies-nr.-29-2018.pdf,200,application/pdf,a5120756d5f8339a47187bd1fed4346442dc9a0a0bca38661b9ec81264033123,exact,https://web.archive.org/web/20240921144846/https://www.gegevensbeschermingsautoriteit.be/publications/advies-nr.-29-2018.pdf,2026-09-30
BE,record:BE:land_property:register,fills_gap,https://www.gegevensbeschermingsautoriteit.be/publications/advies-nr.-29-2018.pdf,200,application/pdf,a5120756d5f8339a47187bd1fed4346442dc9a0a0bca38661b9ec81264033123,exact,https://web.archive.org/web/20240921144846/https://www.gegevensbeschermingsautoriteit.be/publications/advies-nr.-29-2018.pdf,2026-09-30
BE,record:BE:trust_services_pki:operator,supersedes,https://repository.eid.belgium.be/downloads/citizen/en/CPS_CitizenCA_BRCA34.pdf,200,application/pdf,a1115516c1e8a1d962712cb4cfa110f08f21c1ab7b5df1d4964140bb018d652d,exact,https://web.archive.org/web/20240228070218/http://repository.eid.belgium.be/downloads/citizen/en/CPS_CitizenCA_BRCA34.pdf,2026-09-30
BE,record:BE:trust_services_pki:register,supersedes,https://repository.eid.belgium.be/downloads/citizen/en/CPS_CitizenCA_BRCA34.pdf,200,application/pdf,a1115516c1e8a1d962712cb4cfa110f08f21c1ab7b5df1d4964140bb018d652d,exact,https://web.archive.org/web/20240228070218/http://repository.eid.belgium.be/downloads/citizen/en/CPS_CitizenCA_BRCA34.pdf,2026-09-30
BE,record:BE:vehicle_licensing:operator,fills_gap,https://www.gegevensbeschermingsautoriteit.be/publications/beslissing-ten-gronde-nr.-56-2026.pdf,200,application/pdf,75fdeaadff641b95053f9730217cdd4b4e945faeec855213cc76dd9ad86cd428,exact,https://web.archive.org/web/20260603114950/https://www.gegevensbeschermingsautoriteit.be/publications/beslissing-ten-gronde-nr.-56-2026.pdf,2026-09-30
BE,record:BE:vehicle_licensing:register,fills_gap,https://www.gegevensbeschermingsautoriteit.be/publications/beslissing-ten-gronde-nr.-56-2026.pdf,200,application/pdf,75fdeaadff641b95053f9730217cdd4b4e945faeec855213cc76dd9ad86cd428,exact,https://web.archive.org/web/20260603114950/https://www.gegevensbeschermingsautoriteit.be/publications/beslissing-ten-gronde-nr.-56-2026.pdf,2026-09-30
BG,indicator:BG:C1,corrects,https://www.eufunds.bg/bg/opgg/node/9490,200,text/html,906d8cb55550b2128d9895869b3218c1207a06d0e3b3122b6c66a027c3cbadf4,exact,https://web.archive.org/web/20260314130013/https://www.eufunds.bg/bg/opgg/node/9490,2026-10-02
BG,indicator:BG:C1,corroborates,https://www.eufunds.bg/bg/opgg/node/9490,200,text/html,906d8cb55550b2128d9895869b3218c1207a06d0e3b3122b6c66a027c3cbadf4,exact,https://web.archive.org/web/20260314130013/https://www.eufunds.bg/bg/opgg/node/9490,2026-10-02
BG,indicator:BG:C2,fills_gap,https://www.eufunds.bg/bg/opgg/node/9490,200,text/html,906d8cb55550b2128d9895869b3218c1207a06d0e3b3122b6c66a027c3cbadf4,exact,https://web.archive.org/web/20260314130013/https://www.eufunds.bg/bg/opgg/node/9490,2026-10-02
BG,record:BG:border_control:operator,fills_gap,https://www.mfa.bg/bg/news/41822,200,text/html,8db3380848297fc20b6ea3633d8ffcc690e926b5129be3cbc393f2fc414e30e1,exact,https://web.archive.org/web/20260412085753/https://www.mfa.bg/bg/news/41822,2026-09-30
BG,record:BG:border_control:register,fills_gap,https://www.mfa.bg/bg/news/41822,200,text/html,8db3380848297fc20b6ea3633d8ffcc690e926b5129be3cbc393f2fc414e30e1,exact,https://web.archive.org/web/20260412085753/https://www.mfa.bg/bg/news/41822,2026-09-30
BG,record:BG:border_control:register,fills_gap,https://www.rta.government.bg/upload/11661/n-I45.pdf,200,application/pdf,543898859e9c1792e19a1681fc91818661942ef0c71a1e5fa93f50b5066a2a82,exact,,2026-09-30
BG,record:BG:central_bank:operator,fills_gap,https://www.bnb.bg/PaymentSystem/index.htm,200,text/html,813226d9903fcd84ca5979315bea9209b71b4bdc7e9b9fa007672a3ddbe3f927,exact,,2026-09-30
BG,record:BG:central_bank:register,fills_gap,https://www.bnb.bg/PaymentSystem/index.htm,200,text/html,813226d9903fcd84ca5979315bea9209b71b4bdc7e9b9fa007672a3ddbe3f927,exact,,2026-09-30
BG,record:BG:civil_registry:operator,fills_gap,https://www.grao.bg/esgraon.html,error,,,fetch_failed,,2026-10-06
BG,record:BG:civil_registry:register,fills_gap,https://www.grao.bg/esgraon.html,error,,,fetch_failed,,2026-10-06
BG,record:BG:crisis_management:operator,upgrade,https://www.mvr.bg/upload/8121/%D0%BC%D0%BE%D1%82%D0%B8%D0%B2%D0%B8_%D0%BD%D0%B0%D1%80%D0%B5%D0%B4%D0%B1%D0%B0_bg-alert.pdf,200,application/pdf,ef92321ffdcf2ede0b6515a530c29ee4f32ded6ebd77e2fa01f188a8c83847d1,exact,https://web.archive.org/web/20251211103031/https://www.mvr.bg/upload/8121/%D0%BC%D0%BE%D1%82%D0%B8%D0%B2%D0%B8_%D0%BD%D0%B0%D1%80%D0%B5%D0%B4%D0%B1%D0%B0_bg-alert.pdf,2026-09-30
BG,record:BG:crisis_management:register,upgrade,https://www.mvr.bg/upload/8121/%D0%BC%D0%BE%D1%82%D0%B8%D0%B2%D0%B8_%D0%BD%D0%B0%D1%80%D0%B5%D0%B4%D0%B1%D0%B0_bg-alert.pdf,200,application/pdf,ef92321ffdcf2ede0b6515a530c29ee4f32ded6ebd77e2fa01f188a8c83847d1,exact,https://web.archive.org/web/20251211103031/https://www.mvr.bg/upload/8121/%D0%BC%D0%BE%D1%82%D0%B8%D0%B2%D0%B8_%D0%BD%D0%B0%D1%80%D0%B5%D0%B4%D0%B1%D0%B0_bg-alert.pdf,2026-09-30
BG,record:BG:customs:register,corrects,https://ep.customs.bg/eportal/public/newsArchive,200,text/html,b471472256d5451edceb95966506a141ed3deb169c2537bddf77553f1e9cbe99,exact,https://web.archive.org/web/20241105154640/https://ep.customs.bg/eportal/public/newsArchive,2026-10-02
BG,record:BG:electoral_management:operator,fills_gap,https://www.cik.bg/upload/280009/%E2%84%96+821-14052026-bld.pdf,200,application/pdf,152b8b2591c64d6f7b092a4f43c0eef5fc4a3e8877c8b20853cafcf5ec59ebb3,exact,https://web.archive.org/web/20260519104206/https://www.cik.bg/upload/280009/%E2%84%96+821-14052026-bld.pdf,2026-09-30
BG,record:BG:electoral_roll:register,fills_gap,https://www.cik.bg/upload/280009/%E2%84%96+821-14052026-bld.pdf,200,application/pdf,152b8b2591c64d6f7b092a4f43c0eef5fc4a3e8877c8b20853cafcf5ec59ebb3,exact,https://web.archive.org/web/20260519104206/https://www.cik.bg/upload/280009/%E2%84%96+821-14052026-bld.pdf,2026-09-30
BG,record:BG:emergency_communications:count,fills_gap,https://www.mvr.bg/112/%D0%B4%D0%B5%D0%B9%D0%BD%D0%BE%D1%81%D1%82%D0%B8/%D0%B4%D0%B5%D0%B9%D0%BD%D0%BE%D1%81%D1%82%D0%B8-%D0%B8-%D1%84%D1%83%D0%BD%D0%BA%D1%86%D0%B8%D0%B8/112_v_bg,200,text/html,4fb7de3619a23cc2f9b92b4cb29fa51b69e069eec8b8286dba14224dc99eebac,exact,,2026-09-30
BG,record:BG:emergency_communications:register,fills_gap,https://www.mvr.bg/112/%D0%B4%D0%B5%D0%B9%D0%BD%D0%BE%D1%81%D1%82%D0%B8/%D0%B4%D0%B5%D0%B9%D0%BD%D0%BE%D1%81%D1%82%D0%B8-%D0%B8-%D1%84%D1%83%D0%BD%D0%BA%D1%86%D0%B8%D0%B8/112_v_bg,200,text/html,4fb7de3619a23cc2f9b92b4cb29fa51b69e069eec8b8286dba14224dc99eebac,exact,,2026-09-30
BG,record:BG:health_records:register,corroborates,https://www.his.bg/,200,text/html,a4600a0dd69efbbf83299191efedc1b287d25e6dfcfa7a17f22f5de04d97dd49,exact,,2026-09-30
BG,record:BG:judicial_criminal:operator,corroborates,https://www.justice.government.bg/home/normdoc/2135581532,error,,,fetch_failed,,2026-10-06
BG,record:BG:judicial_criminal:operator,supersedes,https://www.justice.government.bg/home/normdoc/2135581532,error,,,fetch_failed,,2026-10-06
BG,record:BG:police_records:register,fills_gap,https://www.rta.government.bg/upload/11661/n-I45.pdf,200,application/pdf,543898859e9c1792e19a1681fc91818661942ef0c71a1e5fa93f50b5066a2a82,exact,,2026-09-30
BG,record:BG:vehicle_licensing:operator,fills_gap,https://www.rta.government.bg/upload/11661/n-I45.pdf,200,application/pdf,543898859e9c1792e19a1681fc91818661942ef0c71a1e5fa93f50b5066a2a82,exact,,2026-09-30
BG,record:BG:vehicle_licensing:register,fills_gap,https://www.rta.government.bg/upload/11661/n-I45.pdf,200,application/pdf,543898859e9c1792e19a1681fc91818661942ef0c71a1e5fa93f50b5066a2a82,exact,,2026-09-30
CY,indicator:CY:L2,fills_gap,https://www.gov.cy/media/sites/6/2026/06/1.-%CE%9F-%CF%80%CE%B5%CF%81%CE%AF-%CE%9A%CE%B1%CE%BD%CF%8C%CE%BD%CF%89%CE%BD-%CE%91%CF%83%CF%86%CE%B1%CE%BB%CE%B5%CE%AF%CE%B1%CF%82-%CE%94%CE%B9%CE%B1%CE%B2%CE%B1%CE%B8%CE%BC%CE%B9%CF%83%CE%BC%CE%AD%CE%BD%CF%89%CE%BD-%CE%A0%CE%BB%CE%B7%CF%81%CE%BF%CF%86%CE%BF%CF%81%CE%B9%CF%8E%CE%BD-%CE%95%CE%B3%CE%B3%CF%81%CE%AC%CF%86%CF%89%CE%BD-%CE%BA%CE%B1%CE%B9-%CE%A5%CE%BB%CE%B9%CE%BA%CE%BF%CF%8D-%CE%BA%CE%B1%CE%B9-%CE%B3%CE%B9%CE%B1-%CE%A3%CF%85%CE%BD%CE%B1%CF%86%CE%AE-%CE%98%CE%AD%CE%BC%CE%B1%CF%84%CE%B1-%CE%9D%CF%8C%CE%BC%CE%BF%CF%82-%CF%84%CE%BF%CF%85-2021-%CE%9D.-84I2021.pdf,403,text/html,,fetch_failed,,2026-10-06
CY,record:CY:beneficial_ownership:operator,fills_gap,https://www.companies.gov.cy/en/21-eservices/1-registration-of-beneficial-owner-particulars/2-registration-of-beneficial-owner-particulars,200,text/html,5e3f6d7fa6ce34430db1b9d5fbe66eb5cbf40fd28ce1bf197fc38f077a3456b3,exact,https://web.archive.org/web/20260829094445/https://www.companies.gov.cy/en/21-eservices/1-registration-of-beneficial-owner-particulars/2-registration-of-beneficial-owner-particulars,2026-09-30
CY,record:CY:beneficial_ownership:register,fills_gap,https://www.companies.gov.cy/en/21-eservices/1-registration-of-beneficial-owner-particulars/2-registration-of-beneficial-owner-particulars,200,text/html,5e3f6d7fa6ce34430db1b9d5fbe66eb5cbf40fd28ce1bf197fc38f077a3456b3,exact,https://web.archive.org/web/20260829094445/https://www.companies.gov.cy/en/21-eservices/1-registration-of-beneficial-owner-particulars/2-registration-of-beneficial-owner-particulars,2026-09-30
CY,record:CY:benefits_pensions:operator,fills_gap,https://interoperable-europe.ec.europa.eu/sites/default/files/custom-page/attachment/2026-06/iopeu-monitoring_2025-supporting-document_cyprus_final.pdf,200,application/pdf,8e62e168a4b13d0c04119a40b13b0b1eee7dfd918a9ff346b380abf5460b3c1e,exact,,2026-09-30
CY,record:CY:benefits_pensions:register,fills_gap,https://interoperable-europe.ec.europa.eu/sites/default/files/custom-page/attachment/2026-06/iopeu-monitoring_2025-supporting-document_cyprus_final.pdf,200,application/pdf,8e62e168a4b13d0c04119a40b13b0b1eee7dfd918a9ff346b380abf5460b3c1e,exact,,2026-09-30
CY,record:CY:border_control:operator,fills_gap,https://interoperable-europe.ec.europa.eu/sites/default/files/custom-page/attachment/2026-06/iopeu-monitoring_2025-supporting-document_cyprus_final.pdf,200,application/pdf,8e62e168a4b13d0c04119a40b13b0b1eee7dfd918a9ff346b380abf5460b3c1e,exact,,2026-09-30
CY,record:CY:business_registry:register,fills_gap,https://www.companies.gov.cy/en/about/modernisation-of-the-department,200,text/html,9e8a751689b9024bc4b75f741f42fd2d35afa31f3b221d992e44d9a902c66e52,exact,https://web.archive.org/web/20260609215558/https://www.companies.gov.cy/en/about/modernisation-of-the-department,2026-09-30
CY,record:CY:civil_registry:register,fills_gap,https://interoperable-europe.ec.europa.eu/sites/default/files/custom-page/attachment/2026-06/iopeu-monitoring_2025-supporting-document_cyprus_final.pdf,200,application/pdf,8e62e168a4b13d0c04119a40b13b0b1eee7dfd918a9ff346b380abf5460b3c1e,exact,,2026-09-30
CY,record:CY:customs:register,corroborates,https://www.mof.gov.cy/mof/ce/theseas/theseas.nsf/introduction_en/introduction_en,robots-denied,,,fetch_failed,,2026-10-06
CY,record:CY:digital_identity_credentials:register,fills_gap,https://interoperable-europe.ec.europa.eu/sites/default/files/custom-page/attachment/2026-06/iopeu-monitoring_2025-supporting-document_cyprus_final.pdf,200,application/pdf,8e62e168a4b13d0c04119a40b13b0b1eee7dfd918a9ff346b380abf5460b3c1e,exact,,2026-09-30
CY,record:CY:education:register,fills_gap,https://interoperable-europe.ec.europa.eu/sites/default/files/custom-page/attachment/2026-06/iopeu-monitoring_2025-supporting-document_cyprus_final.pdf,200,application/pdf,8e62e168a4b13d0c04119a40b13b0b1eee7dfd918a9ff346b380abf5460b3c1e,exact,,2026-09-30
CY,record:CY:electoral_management:register,fills_gap,https://interoperable-europe.ec.europa.eu/sites/default/files/custom-page/attachment/2026-06/iopeu-monitoring_2025-supporting-document_cyprus_final.pdf,200,application/pdf,8e62e168a4b13d0c04119a40b13b0b1eee7dfd918a9ff346b380abf5460b3c1e,exact,,2026-09-30
CY,record:CY:electoral_roll:register,fills_gap,https://interoperable-europe.ec.europa.eu/sites/default/files/custom-page/attachment/2026-06/iopeu-monitoring_2025-supporting-document_cyprus_final.pdf,200,application/pdf,8e62e168a4b13d0c04119a40b13b0b1eee7dfd918a9ff346b380abf5460b3c1e,exact,,2026-09-30
CY,record:CY:health_insurance:operator,fills_gap,https://www.gesy.org.cy/en-us/hioinformationtechnologysys,200,text/html,1c9de43454d6b39548c4f76264d14beb0574ea346bf542a61b63f26abefd9e55,exact,,2026-09-30
CY,record:CY:health_insurance:register,fills_gap,https://www.gesy.org.cy/en-us/hioinformationtechnologysys,200,text/html,1c9de43454d6b39548c4f76264d14beb0574ea346bf542a61b63f26abefd9e55,exact,,2026-09-30
CY,record:CY:issuance_history:register,fills_gap,https://interoperable-europe.ec.europa.eu/sites/default/files/custom-page/attachment/2026-06/iopeu-monitoring_2025-supporting-document_cyprus_final.pdf,200,application/pdf,8e62e168a4b13d0c04119a40b13b0b1eee7dfd918a9ff346b380abf5460b3c1e,exact,,2026-09-30
CY,record:CY:judicial_criminal:register,fills_gap,https://interoperable-europe.ec.europa.eu/sites/default/files/custom-page/attachment/2026-06/iopeu-monitoring_2025-supporting-document_cyprus_final.pdf,200,application/pdf,8e62e168a4b13d0c04119a40b13b0b1eee7dfd918a9ff346b380abf5460b3c1e,exact,,2026-09-30
CY,record:CY:land_property:operator,fills_gap,https://interoperable-europe.ec.europa.eu/sites/default/files/custom-page/attachment/2026-06/iopeu-monitoring_2025-supporting-document_cyprus_final.pdf,200,application/pdf,8e62e168a4b13d0c04119a40b13b0b1eee7dfd918a9ff346b380abf5460b3c1e,exact,,2026-09-30
CY,record:CY:land_property:register,fills_gap,https://interoperable-europe.ec.europa.eu/sites/default/files/custom-page/attachment/2026-06/iopeu-monitoring_2025-supporting-document_cyprus_final.pdf,200,application/pdf,8e62e168a4b13d0c04119a40b13b0b1eee7dfd918a9ff346b380abf5460b3c1e,exact,,2026-09-30
CY,record:CY:official_gazette:register,fills_gap,https://interoperable-europe.ec.europa.eu/sites/default/files/custom-page/attachment/2026-06/iopeu-monitoring_2025-supporting-document_cyprus_final.pdf,200,application/pdf,8e62e168a4b13d0c04119a40b13b0b1eee7dfd918a9ff346b380abf5460b3c1e,exact,,2026-09-30
CY,record:CY:public_finance:operator,fills_gap,https://library.cystat.gov.cy/NEW/EDP_Inventory(Sources&Methods)_ESA2010-EN-290626.pdf,200,application/pdf,96cfa917a8b1866d6f4229b07f817b79eab414cd344f457cd3f4feb381f2298b,exact,,2026-09-30
CY,record:CY:public_finance:register,fills_gap,https://library.cystat.gov.cy/NEW/EDP_Inventory(Sources&Methods)_ESA2010-EN-290626.pdf,200,application/pdf,96cfa917a8b1866d6f4229b07f817b79eab414cd344f457cd3f4feb381f2298b,exact,,2026-09-30
CY,record:CY:residence_permits:register,fills_gap,https://interoperable-europe.ec.europa.eu/sites/default/files/custom-page/attachment/2026-06/iopeu-monitoring_2025-supporting-document_cyprus_final.pdf,200,application/pdf,8e62e168a4b13d0c04119a40b13b0b1eee7dfd918a9ff346b380abf5460b3c1e,exact,,2026-09-30
CY,record:CY:tax:operator,fills_gap,https://interoperable-europe.ec.europa.eu/sites/default/files/custom-page/attachment/2026-06/iopeu-monitoring_2025-supporting-document_cyprus_final.pdf,200,application/pdf,8e62e168a4b13d0c04119a40b13b0b1eee7dfd918a9ff346b380abf5460b3c1e,exact,,2026-09-30
CY,record:CY:tax:register,fills_gap,https://interoperable-europe.ec.europa.eu/sites/default/files/custom-page/attachment/2026-06/iopeu-monitoring_2025-supporting-document_cyprus_final.pdf,200,application/pdf,8e62e168a4b13d0c04119a40b13b0b1eee7dfd918a9ff346b380abf5460b3c1e,exact,,2026-09-30
CY,record:CY:trust_services_pki:operator,fills_gap,https://interoperable-europe.ec.europa.eu/sites/default/files/custom-page/attachment/2026-06/iopeu-monitoring_2025-supporting-document_cyprus_final.pdf,200,application/pdf,8e62e168a4b13d0c04119a40b13b0b1eee7dfd918a9ff346b380abf5460b3c1e,exact,,2026-09-30
CY,record:CY:vehicle_licensing:operator,fills_gap,https://interoperable-europe.ec.europa.eu/sites/default/files/custom-page/attachment/2026-06/iopeu-monitoring_2025-supporting-document_cyprus_final.pdf,200,application/pdf,8e62e168a4b13d0c04119a40b13b0b1eee7dfd918a9ff346b380abf5460b3c1e,exact,,2026-09-30
CY,record:CY:vehicle_licensing:register,fills_gap,https://interoperable-europe.ec.europa.eu/sites/default/files/custom-page/attachment/2026-06/iopeu-monitoring_2025-supporting-document_cyprus_final.pdf,200,application/pdf,8e62e168a4b13d0c04119a40b13b0b1eee7dfd918a9ff346b380abf5460b3c1e,exact,,2026-09-30
CZ,indicator:CZ:K1,corroborates,https://www.e-sbirka.cz/sbr-cache/dokumenty-sbirky/%2Fsb%2F2016%2F297%2F2023-04-01/fragmenty?cisloStranky=0,200,application/json,d3afdf5b9555347bb2eba247c9ddfa8a2e98abcdd76c8ecbc0a49d4faa00bf84,exact,,2026-09-30
CZ,indicator:CZ:K2,corroborates,https://www.e-sbirka.cz/sbr-cache/dokumenty-sbirky/%2Fsb%2F2017%2F250%2F2023-04-01/fragmenty?cisloStranky=0,200,application/json,c27a19ce72f9ca61d05f2546b48e268403266dcb669ea2e05cfb0c59256596aa,exact,,2026-09-30
CZ,indicator:CZ:L1,upgrade,https://www.e-sbirka.cz/sbr-cache/dokumenty-sbirky/%2Fsb%2F2025%2F505%2F2026-01-01/fragmenty?cisloStranky=0,200,application/json,7f35a1584a5d433610ae7b5019272705df2128f65812ba5301b6059f9963af82,exact,,2026-09-30
CZ,indicator:CZ:L2,upgrade,https://www.e-sbirka.cz/sbr-cache/dokumenty-sbirky/%2Fsb%2F2005%2F412%2F2026-07-01/fragmenty?cisloStranky=0,200,application/json,41f82c2bcabd4aa2ac4da58e6876892068e9b9b421a77758652091f27b721aff,exact,,2026-09-30
CZ,indicator:CZ:L3,fills_gap,https://www.e-sbirka.cz/sbr-cache/dokumenty-sbirky/%2Fsb%2F2025%2F505%2F2026-01-01/fragmenty?cisloStranky=0,200,application/json,7f35a1584a5d433610ae7b5019272705df2128f65812ba5301b6059f9963af82,exact,,2026-09-30
CZ,record:CZ:authentication_audit_log:register,upgrade,https://www.e-sbirka.cz/sbr-cache/dokumenty-sbirky/%2Fsb%2F2017%2F250%2F2023-04-01/fragmenty?cisloStranky=0,200,application/json,c27a19ce72f9ca61d05f2546b48e268403266dcb669ea2e05cfb0c59256596aa,exact,,2026-09-30
CZ,record:CZ:benefits_pensions:operator,upgrade,https://www.e-sbirka.cz/sbr-cache/dokumenty-sbirky/%2Fsb%2F1991%2F582%2F2026-07-01/fragmenty?cisloStranky=0,200,application/json,fac794bb2090205e22b701d4dd3c4fed9156c60b64682e6ab5666601a1437943,exact,,2026-09-30
CZ,record:CZ:benefits_pensions:register,upgrade,https://www.e-sbirka.cz/sbr-cache/dokumenty-sbirky/%2Fsb%2F1991%2F582%2F2026-07-01/fragmenty?cisloStranky=0,200,application/json,fac794bb2090205e22b701d4dd3c4fed9156c60b64682e6ab5666601a1437943,exact,,2026-09-30
CZ,record:CZ:border_control:operator,upgrade,https://www.e-sbirka.cz/sbr-cache/dokumenty-sbirky/%2Fsb%2F2008%2F273%2F2026-06-12/fragmenty?cisloStranky=0,200,application/json,673f9490e95a1cd3ce1af7e5fe2f68c58d8c071e1bb2ce9e91d6a285a02cea47,exact,,2026-09-30
CZ,record:CZ:breeder_documents:operator,corrects,https://e-sbirka.gov.cz/sbr-cache/dokumenty-sbirky/%2Fsb%2F2000%2F301%2F2026-10-01/fragmenty?cisloStranky=0,200,application/json,c3fc712a899075157ae32ae1c16ac233677d7ceaa25bd9919c347dec9bd01c87,exact,,2026-10-02
CZ,record:CZ:breeder_documents:operator,supersedes,https://www.e-sbirka.cz/sbr-cache/dokumenty-sbirky/%2Fsb%2F2000%2F301%2F2027-01-01/fragmenty?cisloStranky=0,200,application/json,bbcea99b18ac4acdc095b628ec8d5f147208d0195a1350f4dd32830b81719fb1,exact,,2026-09-30
CZ,record:CZ:breeder_documents:register,upgrade,https://www.e-sbirka.cz/sbr-cache/dokumenty-sbirky/%2Fsb%2F2000%2F301%2F2025-01-01/fragmenty?cisloStranky=0,200,application/json,c3fc712a899075157ae32ae1c16ac233677d7ceaa25bd9919c347dec9bd01c87,exact,,2026-09-30
CZ,record:CZ:business_registry:operator,corrects,https://e-sbirka.gov.cz/sbr-cache/dokumenty-sbirky/%2Fsb%2F2009%2F111%2F2026-01-01/fragmenty?cisloStranky=0,200,application/json,bb75aaf9f2425fa865416717a83bdfa5d4f3201db70bc1e23313cf5fd6de1d22,not_found,,2026-10-06
CZ,record:CZ:business_registry:register,upgrade,https://www.e-sbirka.cz/sbr-cache/dokumenty-sbirky/%2Fsb%2F2013%2F304%2F2024-07-19/fragmenty?cisloStranky=0,200,application/json,85cb63e0b24dd7e7c02a0b35e415568300f4b92336b8822d25f8932c8b45690e,exact,,2026-09-30
CZ,record:CZ:central_bank:count,fills_gap,https://www.cnb.cz/cs/cnb-news/tiskove-zpravy/System-CERTIS-rocne-zpracuje-temer-miliardu-mezibankovnich-platebnich-transakci.-CNB-jej-nove-zpristupni-inbspnebankovnim-subjektum/,200,text/html,4736cf29a5c26ff5d4f571a306b40a6c4103dc650829a638554dacaa4c8856df,exact,,2026-09-30
CZ,record:CZ:central_bank:operator,fills_gap,https://www.cnb.cz/cs/cnb-news/tiskove-zpravy/System-CERTIS-rocne-zpracuje-temer-miliardu-mezibankovnich-platebnich-transakci.-CNB-jej-nove-zpristupni-inbspnebankovnim-subjektum/,200,text/html,4736cf29a5c26ff5d4f571a306b40a6c4103dc650829a638554dacaa4c8856df,exact,,2026-09-30
CZ,record:CZ:central_bank:register,fills_gap,https://www.cnb.cz/cs/platebni-styk/certis/popis-systemu-certis/,200,text/html,f98c87e004c447cd14e82680d867e8ee74af5230886431a8603502104cc73723,exact,,2026-09-30
CZ,record:CZ:civil_registry:register,fills_gap,https://www.e-sbirka.cz/sbr-cache/dokumenty-sbirky/%2Fsb%2F2000%2F133%2F2025-01-01/fragmenty?cisloStranky=0,200,application/json,857c2425e7a7b795d2c08437288e64dd8759578b025344ee573e0c05e02a7f90,exact,,2026-09-30
CZ,record:CZ:crisis_management:operator,upgrade,https://www.e-sbirka.cz/sbr-cache/dokumenty-sbirky/%2Fsb%2F2000%2F240%2F2025-08-19/fragmenty?cisloStranky=0,200,application/json,c9caf22a400d5536f2c4993cfd1edd3d239313904567da7f04a2a35b0e574b22,exact,,2026-09-30
CZ,record:CZ:customs:operator,corrects,https://e-sbirka.gov.cz/sbr-cache/dokumenty-sbirky/%2Fsb%2F2012%2F17%2F2026-01-01/fragmenty?cisloStranky=0,200,application/json,e16154ac903f838ffb1e11b7fbc878758446e575072024c1d854c06c5ac9c642,not_found,,2026-10-06
CZ,record:CZ:digital_identity_credentials:register,upgrade,https://www.e-sbirka.cz/sbr-cache/dokumenty-sbirky/%2Fsb%2F2017%2F250%2F2023-04-01/fragmenty?cisloStranky=0,200,application/json,c27a19ce72f9ca61d05f2546b48e268403266dcb669ea2e05cfb0c59256596aa,exact,,2026-09-30
CZ,record:CZ:education:register,fills_gap,https://www.e-sbirka.cz/sbr-cache/dokumenty-sbirky/%2Fsb%2F1998%2F111%2F2026-01-01/fragmenty?cisloStranky=1,200,application/json,ddaefba7782a12b1405af8739af4eb1ccd74f296a046a1b6dfbf28aa08e8f4a0,exact,,2026-09-30
CZ,record:CZ:electoral_management:register,upgrade,https://www.e-sbirka.cz/sbr-cache/dokumenty-sbirky/%2Fsb%2F2024%2F88%2F2026-06-26/fragmenty?cisloStranky=0,200,application/json,36bb22ef88faa7b06ba6bbd87068d8f5bdf3b480830bd7501adf4d7a8cdb54ba,exact,,2026-09-30
CZ,record:CZ:electoral_roll:operator,upgrade,https://www.e-sbirka.cz/sbr-cache/dokumenty-sbirky/%2Fsb%2F2024%2F88%2F2026-06-26/fragmenty?cisloStranky=0,200,application/json,36bb22ef88faa7b06ba6bbd87068d8f5bdf3b480830bd7501adf4d7a8cdb54ba,exact,,2026-09-30
CZ,record:CZ:electoral_roll:register,upgrade,https://www.e-sbirka.cz/sbr-cache/dokumenty-sbirky/%2Fsb%2F2024%2F88%2F2026-06-26/fragmenty?cisloStranky=0,200,application/json,36bb22ef88faa7b06ba6bbd87068d8f5bdf3b480830bd7501adf4d7a8cdb54ba,exact,,2026-09-30
CZ,record:CZ:emergency_communications:count,corroborates,https://hzscr.gov.cz/clanek/organizacni-slozky-zachranny-utvar-hzs-cr-menu-informacni-servis-zpravodajstvi-tisnova-linka-112-funguje-uz-22-let.aspx,200,text/html,c20c8915c9e484419d69824e398797c1c7e4b02c84d7be7bb1633ef28825eec4,exact,https://web.archive.org/web/20260616095518/https://hzscr.gov.cz/clanek/organizacni-slozky-zachranny-utvar-hzs-cr-menu-informacni-servis-zpravodajstvi-tisnova-linka-112-funguje-uz-22-let.aspx,2026-09-30
CZ,record:CZ:emergency_communications:operator,corroborates,https://hzscr.gov.cz/clanek/hzs-jihomoravskeho-kraje-menu-informacni-servis-zpravodajstvi-2026-dnes-je-evropsky-den-linky-112.aspx,200,text/html,16ff4a2b4b639ff330b34d6d68f26bebc525f16c5eab73ebd241a049f58eadb4,exact,https://web.archive.org/web/20260308233354/https://hzscr.gov.cz/clanek/hzs-jihomoravskeho-kraje-menu-informacni-servis-zpravodajstvi-2026-dnes-je-evropsky-den-linky-112.aspx,2026-09-30
CZ,record:CZ:facial_biometric:register,upgrade,https://www.e-sbirka.cz/sbr-cache/dokumenty-sbirky/%2Fsb%2F2021%2F269%2F2026-01-01/fragmenty?cisloStranky=0,200,application/json,b0896cfbf0d2e95a0fefd5c47ba1662de7136d2d35dab2dad477b77ec5ed7084,exact,,2026-09-30
CZ,record:CZ:geospatial:operator,upgrade,https://www.e-sbirka.cz/sbr-cache/dokumenty-sbirky/%2Fsb%2F2009%2F111%2F2026-01-01/fragmenty?cisloStranky=0,200,application/json,bb75aaf9f2425fa865416717a83bdfa5d4f3201db70bc1e23313cf5fd6de1d22,exact,,2026-09-30
CZ,record:CZ:government_payroll:operator,upgrade,https://www.e-sbirka.cz/sbr-cache/dokumenty-sbirky/%2Fsb%2F2014%2F234%2F2026-01-01/fragmenty?cisloStranky=1,200,application/json,57af78f3ceeb6d8c3a7c8564c95ad178570f667f40bb7f80934fbb4ee14f6654,exact,,2026-09-30
CZ,record:CZ:government_payroll:register,upgrade,https://www.e-sbirka.cz/sbr-cache/dokumenty-sbirky/%2Fsb%2F2014%2F234%2F2026-01-01/fragmenty?cisloStranky=1,200,application/json,57af78f3ceeb6d8c3a7c8564c95ad178570f667f40bb7f80934fbb4ee14f6654,exact,,2026-09-30
CZ,record:CZ:health_insurance:register,upgrade,https://www.e-sbirka.cz/sbr-cache/dokumenty-sbirky/%2Fsb%2F1992%2F592%2F2026-05-27/fragmenty?cisloStranky=0,200,application/json,2396750240d6bc8780af5dd43b9df917b34c8b834b14215a886d6dacef9642c6,exact,,2026-09-30
CZ,record:CZ:health_records:register,upgrade,https://www.e-sbirka.cz/sbr-cache/dokumenty-sbirky/%2Fsb%2F2007%2F378%2F2026-01-01/fragmenty?cisloStranky=0,200,application/json,d14659ce21f9f653d2333f98bb9fc0c5f73d0fee5b48479d6ff5b29c9aee8454,exact,,2026-09-30
CZ,record:CZ:issuance_history:register,upgrade,https://www.e-sbirka.cz/sbr-cache/dokumenty-sbirky/%2Fsb%2F2021%2F269%2F2026-01-01/fragmenty?cisloStranky=0,200,application/json,b0896cfbf0d2e95a0fefd5c47ba1662de7136d2d35dab2dad477b77ec5ed7084,exact,,2026-09-30
CZ,record:CZ:judicial_criminal:operator,upgrade,https://www.e-sbirka.cz/sbr-cache/dokumenty-sbirky/%2Fsb%2F1994%2F269%2F2026-07-01/fragmenty?cisloStranky=0,200,application/json,349b72493f09cb8a0c629dd051b24aa8708c8b427b0a0681fea80791ca62c84c,exact,,2026-09-30
CZ,record:CZ:judicial_criminal:register,upgrade,https://www.e-sbirka.cz/sbr-cache/dokumenty-sbirky/%2Fsb%2F1994%2F269%2F2026-07-01/fragmenty?cisloStranky=0,200,application/json,349b72493f09cb8a0c629dd051b24aa8708c8b427b0a0681fea80791ca62c84c,exact,,2026-09-30
CZ,record:CZ:land_property:operator,upgrade,https://www.e-sbirka.cz/sbr-cache/dokumenty-sbirky/%2Fsb%2F1992%2F359%2F2024-01-01/fragmenty?cisloStranky=0,200,application/json,676899cd00f01b200fafef014cc5caf5453abfbfe952540c9926cabe01ec8db6,exact,,2026-09-30
CZ,record:CZ:official_gazette:operator,fills_gap,https://www.e-sbirka.cz/sbr-cache/dokumenty-sbirky/%2Fsb%2F2016%2F222%2F2026-08-29/fragmenty?cisloStranky=0,200,application/json,149862383af3b4c3b6094a8ae0b3aef6b4338fc48becc01941ceee4ef6cccb68,exact,,2026-09-30
CZ,record:CZ:official_gazette:register,fills_gap,https://www.e-sbirka.cz/sbr-cache/dokumenty-sbirky/%2Fsb%2F2016%2F222%2F2026-08-29/fragmenty?cisloStranky=0,200,application/json,149862383af3b4c3b6094a8ae0b3aef6b4338fc48becc01941ceee4ef6cccb68,exact,,2026-09-30
CZ,record:CZ:public_finance:register,fills_gap,https://mf.gov.cz/cs/ministerstvo/informacni-systemy/iissp--monitor,200,text/html,9bcb04446388e8df598a762f704a6d84a24d9bb98584a0798b499654f6fb7d21,exact,https://web.archive.org/web/20260926100113/https://mf.gov.cz/cs/ministerstvo/informacni-systemy/iissp--monitor,2026-09-30
CZ,record:CZ:public_health_surveillance:operator,upgrade,https://www.e-sbirka.cz/sbr-cache/dokumenty-sbirky/%2Fsb%2F2000%2F258%2F2026-06-12/fragmenty?cisloStranky=0,200,application/json,ec1295e8626f1b7f09e02278f4500ee38dae5e4dfb2a2796fbacf46977a27699,exact,,2026-09-30
CZ,record:CZ:public_health_surveillance:register,upgrade,https://www.e-sbirka.cz/sbr-cache/dokumenty-sbirky/%2Fsb%2F2000%2F258%2F2026-06-12/fragmenty?cisloStranky=0,200,application/json,ec1295e8626f1b7f09e02278f4500ee38dae5e4dfb2a2796fbacf46977a27699,exact,,2026-09-30
CZ,record:CZ:residence_permits:register,upgrade,https://www.e-sbirka.cz/sbr-cache/dokumenty-sbirky/%2Fsb%2F1999%2F326%2F2026-06-12/fragmenty?cisloStranky=2,200,application/json,6e00bf82864af8d682d0cb923c2f8972722cf7b0bdee092885d4ada18adec618,exact,,2026-09-30
CZ,record:CZ:tax:register,supersedes,https://financnisprava.gov.cz/assets/cs/prilohy/fs-financni-sprava-cr/OR_FS_UZ_D15.pdf,200,application/pdf,cb8465e4a419097f55522af6d951ac90a2b444b9594be75141670d2ab559fb48,exact,,2026-09-30
CZ,record:CZ:trust_services_pki:operator,upgrade,https://www.e-sbirka.cz/sbr-cache/dokumenty-sbirky/%2Fsb%2F2016%2F297%2F2023-04-01/fragmenty?cisloStranky=0,200,application/json,d3afdf5b9555347bb2eba247c9ddfa8a2e98abcdd76c8ecbc0a49d4faa00bf84,exact,,2026-09-30
CZ,record:CZ:vehicle_licensing:operator,upgrade,https://www.e-sbirka.cz/sbr-cache/dokumenty-sbirky/%2Fsb%2F2000%2F361%2F2026-01-01/fragmenty?cisloStranky=1,200,application/json,7177478f5d444054ec0f2e972274d4684fe4c55ff4cfecf2225532ba2e27dbc9,exact,,2026-09-30
DE,indicator:DE:C1,corroborates,https://www.itzbund.de/Webs/GB2024/DE/home/home_node.html?__site=GB2024,200,text/html,fedc99e335ae1d5465f4d5bcff394f15bde4a1ce21b0e56efccd640c027c9d9f,exact,https://web.archive.org/web/20251029102820/https://www.itzbund.de/Webs/GB2024/DE/home/home_node.html?__site=GB2024,2026-09-30
DE,indicator:DE:C2,corroborates,https://www.it-planungsrat.de/aktuelles/details/digitalisierung-der-verwaltung-deutsche-verwaltungscloud-startet-in-den-produktivbetrieb,200,text/html,b236ba03cba43f572f9f5816c937efdf51a41ae42135ebee156ae31bf0fc098c,exact,,2026-09-30
DE,indicator:DE:C2,supersedes,https://www.itzbund.de/Webs/GB2024/DE/home/home_node.html?__site=GB2024,200,text/html,fedc99e335ae1d5465f4d5bcff394f15bde4a1ce21b0e56efccd640c027c9d9f,exact,https://web.archive.org/web/20251029102820/https://www.itzbund.de/Webs/GB2024/DE/home/home_node.html?__site=GB2024,2026-09-30
DE,indicator:DE:K2,corrects,https://www.bva.bund.de/DE/Das-BVA/Aufgaben/P/Personalausweis/PA_Allgemein/PA_Allgemein_node.html,200,text/html,4c44b5860dea9242b2c7ca2797752ece8a000783ca6d0f7fd1f08e931c073fa6,exact,https://web.archive.org/web/20240530193953/https://www.bva.bund.de/DE/Das-BVA/Aufgaben/P/Personalausweis/PA_Allgemein/PA_Allgemein_node.html,2026-10-02
DE,indicator:DE:L2,corroborates,https://www.verwaltungsvorschriften-im-internet.de/bsvwvbund_13032023_SII554001405.htm,200,text/html,afc7c4c606be2c0e6ab71d41d8da3a6afa9fb0e483d13c72b1b8da6ec3ba0894,exact,https://web.archive.org/web/20260928140800/https://www.verwaltungsvorschriften-im-internet.de/bsvwvbund_13032023_SII554001405.htm,2026-09-30
DE,record:DE:beneficial_ownership:register,fills_gap,https://www.gesetze-im-internet.de/gwg_2017/__18.html,200,text/html,7f75f2f2972384614d6b8008c74a02793791513051638fb727b836042b2c498a,exact,https://web.archive.org/web/20241226225736/https://www.gesetze-im-internet.de/gwg_2017/__18.html,2026-09-30
DE,record:DE:business_registry:operator,fills_gap,https://www.gesetze-im-internet.de/hgb/__8.html,200,text/html,cf624105a2662ebf2d7c48fe57f40e84d6a6118485f88a50d654266150f32503,exact,https://web.archive.org/web/20260128064431/https://www.gesetze-im-internet.de/hgb/__8.html,2026-09-30
DE,record:DE:business_registry:register,fills_gap,https://www.gesetze-im-internet.de/hgb/__8.html,200,text/html,cf624105a2662ebf2d7c48fe57f40e84d6a6118485f88a50d654266150f32503,exact,https://web.archive.org/web/20260128064431/https://www.gesetze-im-internet.de/hgb/__8.html,2026-09-30
DE,record:DE:central_bank:operator,fills_gap,https://www.gesetze-im-internet.de/bbankg/__3.html,200,text/html,1a252a86772ac17cbeafa07c0fc9b7ff6008fc88b906cf966d454308221ee7a9,exact,https://web.archive.org/web/20241206140449/https://www.gesetze-im-internet.de/bbankg/__3.html,2026-09-30
DE,record:DE:central_bank:register,fills_gap,https://www.bundesbank.de/de/aufgaben/unbarer-zahlungsverkehr/target/target-603342,200,text/html,7144a5c26296b28652f3eb817694528c940b57f3399321332fd9cca8f5ab009d,exact,https://web.archive.org/web/20260724075900/https://www.bundesbank.de/de/aufgaben/unbarer-zahlungsverkehr/target/target-603342,2026-09-30
DE,record:DE:civil_registry:operator,corrects,https://www.bzst.de/DE/Privatpersonen/SteuerlicheIdentifikationsnummer/steuerlicheidentifikationsnummer_node.html,200,text/html,10039861e05301534e5909451fd40d88193e2bf82d6daef9080a9c1bf69921db,exact,https://web.archive.org/web/20260909163733/https://www.bzst.de/DE/Privatpersonen/SteuerlicheIdentifikationsnummer/steuerlicheidentifikationsnummer_node.html,2026-10-02
DE,record:DE:digital_identity_credentials:register,corroborates,https://www.gesetze-im-internet.de/ozg/__3.html,200,text/html,be25f8307e42869129b55843615b12ede162fab218515daf154efbc6b989f445,exact,https://web.archive.org/web/20260213222849/https://www.gesetze-im-internet.de/ozg/__3.html,2026-09-30
DE,record:DE:electoral_roll:operator,fills_gap,https://www.gesetze-im-internet.de/bwahlg/__17.html,200,text/html,95f558b9c7569baeba026cedbb7ea4389c825647e77d0a59581542e6a2b7a99b,exact,https://web.archive.org/web/20260113161029/https://www.gesetze-im-internet.de/bwahlg/__17.html,2026-09-30
DE,record:DE:electoral_roll:register,fills_gap,https://www.gesetze-im-internet.de/bwahlg/__17.html,200,text/html,95f558b9c7569baeba026cedbb7ea4389c825647e77d0a59581542e6a2b7a99b,exact,https://web.archive.org/web/20260113161029/https://www.gesetze-im-internet.de/bwahlg/__17.html,2026-09-30
DE,record:DE:emergency_communications:operator,fills_gap,https://www.gesetze-im-internet.de/bdbosg/__1.html,200,text/html,e3ac35f00c6b6031d30263107b5e430219f39c7e6731adc2cc48a0bf23ad12d1,exact,https://web.archive.org/web/20211207215735/https://www.gesetze-im-internet.de/bdbosg/__1.html,2026-09-30
DE,record:DE:emergency_communications:register,fills_gap,https://www.gesetze-im-internet.de/bdbosg/__1.html,200,text/html,e3ac35f00c6b6031d30263107b5e430219f39c7e6731adc2cc48a0bf23ad12d1,exact,https://web.archive.org/web/20211207215735/https://www.gesetze-im-internet.de/bdbosg/__1.html,2026-09-30
DE,record:DE:firearms_register:operator,fills_gap,https://www.gesetze-im-internet.de/waffrg/__3.html,200,text/html,db3a2e282fde0ebfb78984c2b2a2bba0ccf5787ea360c8aab821ac30155fb8ae,exact,https://web.archive.org/web/20240806134530/https://www.gesetze-im-internet.de/waffrg/__3.html,2026-09-30
DE,record:DE:firearms_register:register,fills_gap,https://www.gesetze-im-internet.de/waffrg/__1.html,200,text/html,0075c08a5e65b3945284169ab7064be74690d03a11bff2dad0d83fa4cd68b5bd,exact,https://web.archive.org/web/20240806132426/https://www.gesetze-im-internet.de/waffrg/__1.html,2026-09-30
DE,record:DE:health_insurance:operator,fills_gap,https://www.gesetze-im-internet.de/sgb_5/__288.html,200,text/html,e3a74e6be6692de13ad61d30c23c996b7cc56548df67b227f72d87278f86a5e3,exact,https://web.archive.org/web/20260329171945/https://www.gesetze-im-internet.de/sgb_5/__288.html,2026-09-30
DE,record:DE:health_insurance:register,fills_gap,https://www.gesetze-im-internet.de/sgb_5/__288.html,200,text/html,e3a74e6be6692de13ad61d30c23c996b7cc56548df67b227f72d87278f86a5e3,exact,https://web.archive.org/web/20260329171945/https://www.gesetze-im-internet.de/sgb_5/__288.html,2026-09-30
DE,record:DE:judicial_criminal:operator,fills_gap,https://www.gesetze-im-internet.de/bzrg/__1.html,200,text/html,4095fc9b95a0880eec45e688b06dbd1abe4bdc4d32b2f719dcc84ba8dfea7402,exact,https://web.archive.org/web/20251225083011/https://www.gesetze-im-internet.de/bzrg/__1.html,2026-09-30
DE,record:DE:judicial_criminal:register,fills_gap,https://www.gesetze-im-internet.de/bzrg/__1.html,200,text/html,4095fc9b95a0880eec45e688b06dbd1abe4bdc4d32b2f719dcc84ba8dfea7402,exact,https://web.archive.org/web/20251225083011/https://www.gesetze-im-internet.de/bzrg/__1.html,2026-09-30
DE,record:DE:land_property:operator,fills_gap,https://www.gesetze-im-internet.de/gbo/__1.html,200,text/html,ab3e529dc7c7ae35c6bdd90759e7226a1467fb3aafbfe083a5f0d7a1f8e77571,exact,https://web.archive.org/web/20241223191656/https://www.gesetze-im-internet.de/gbo/__1.html,2026-09-30
DE,record:DE:official_gazette:operator,fills_gap,https://www.gesetze-im-internet.de/vkbkmg/__2.html,200,text/html,b0dfe6b7da35ccbbf03052218dd4361506857c6bbff8969797cd3b578fd217bb,exact,https://web.archive.org/web/20260113175356/https://www.gesetze-im-internet.de/vkbkmg/__2.html,2026-09-30
DE,record:DE:official_gazette:register,fills_gap,https://www.gesetze-im-internet.de/vkbkmg/__1.html,200,text/html,12336027830e2e680e4151a679df15f4d7116a21c70c1a07fb2371ccd024c64a,exact,,2026-09-30
DE,record:DE:police_records:operator,fills_gap,https://www.gesetze-im-internet.de/bkag_2018/__29.html,200,text/html,667c01da8df39b953cdee190e3a11c9b5ce80e1a440239fd1331e39c9345d1aa,exact,https://web.archive.org/web/20260908002421/https://www.gesetze-im-internet.de/bkag_2018/__29.html,2026-09-30
DE,record:DE:police_records:register,fills_gap,https://www.gesetze-im-internet.de/bkag_2018/__29.html,200,text/html,667c01da8df39b953cdee190e3a11c9b5ce80e1a440239fd1331e39c9345d1aa,exact,https://web.archive.org/web/20260908002421/https://www.gesetze-im-internet.de/bkag_2018/__29.html,2026-09-30
DE,record:DE:public_finance:register,fills_gap,https://zrb.bund.de/vorschriften/hkr-verfahren,200,text/html,566d6ca5dc3723b5848c47f52e7f794c1d3e50f13fbd775a8062c6770c04618c,exact,,2026-09-30
DE,record:DE:tax:register,fills_gap,https://www.lfst.bayern.de/elster,200,text/html,2b219e3606c0151674ded405039b5e0863dd4d9728b41c9b6d0cb921686c0773,exact,https://web.archive.org/web/20260725175431/https://www.lfst.bayern.de/elster,2026-09-30
DE,record:DE:vehicle_licensing:operator,fills_gap,https://www.gesetze-im-internet.de/stvg/__48.html,200,text/html,690077e9ad06df69a1a7a00b3921ea76a00f0b6a685a7f4b876094f12ff72dd4,exact,https://web.archive.org/web/20250219144555/https://www.gesetze-im-internet.de/stvg/__48.html,2026-09-30
DE,record:DE:vehicle_licensing:register,fills_gap,https://www.gesetze-im-internet.de/stvg/__31.html,200,text/html,fadb5337fd75ed0aba4bbf15eb3b66d2bda010ccaea4725de8536dee5d44d42d,exact,https://web.archive.org/web/20251117061329/https://www.gesetze-im-internet.de/stvg/__31.html,2026-09-30
DE,record:DE:vehicle_licensing:register,fills_gap,https://www.gesetze-im-internet.de/stvg/__48.html,200,text/html,690077e9ad06df69a1a7a00b3921ea76a00f0b6a685a7f4b876094f12ff72dd4,exact,https://web.archive.org/web/20250219144555/https://www.gesetze-im-internet.de/stvg/__48.html,2026-09-30
DK,indicator:DK:C1,corroborates,https://govcloud.dk/om-govcloud/,200,text/html,c950027268ee1824992c85c5b107c9b32967a247a28851d34950af07ec68d984,exact,https://web.archive.org/web/20260121215411/https://govcloud.dk/om-govcloud/,2026-09-30
DK,indicator:DK:C2,corroborates,https://govcloud.dk/,200,text/html,ef49bbb6f12d67be8864f144ebafa4804fb8c282ae792074e10c92759f26b71e,exact,https://web.archive.org/web/20260520192843/https://govcloud.dk/,2026-09-30
DK,indicator:DK:K1,corroborates,https://cms.nemlog-in.dk/media/jqebfp5j/vilka-r-kvalificerede-personsignaturer-1-2.pdf,200,application/pdf,7aa7ec3cf376e4f93070f1625e031bef2b23f6e82c5c571c4be7405c904c2859,exact,https://web.archive.org/web/20240630032003/https://cms.nemlog-in.dk/media/jqebfp5j/vilka-r-kvalificerede-personsignaturer-1-2.pdf,2026-09-30
DK,indicator:DK:L1,fills_gap,https://www.retsinformation.dk/eli/lta/2025/291/xml,200,application/xml,5ecb54149b3d0ca491e693ea1a49d2a9d962af798d34f7f8ea44b60069021365,exact,,2026-09-30
DK,record:DK:authentication_audit_log:foreign_dependency,fills_gap,https://www.retsinformation.dk/eli/lta/2025/291/xml,200,application/xml,5ecb54149b3d0ca491e693ea1a49d2a9d962af798d34f7f8ea44b60069021365,not_found,,2026-10-06
DK,record:DK:authentication_audit_log:operator,corroborates,https://digst.dk/it-loesninger/nemlog-in/om-loesningen/persondata/,200,text/html,ae17e481ee9b1b8d52d7317e3a2c6728b5a5fc1dd82dcfbd133c41ca37d49c80,exact,https://web.archive.org/web/20260514133820/https://digst.dk/it-loesninger/nemlog-in/om-loesningen/persondata/,2026-09-30
DK,record:DK:authentication_audit_log:register,corroborates,https://en.digst.dk/systems/nemlog-in/,200,text/html,ad3b941f973fd896938c45faf4b4a2079da68efa1b8d227274ec51a16ae98587,exact,https://web.archive.org/web/20260910172930/https://en.digst.dk/systems/nemlog-in/,2026-09-30
DK,record:DK:benefits_pensions:operator,fills_gap,https://www.retsinformation.dk/eli/lta/2024/1034/xml,200,application/xml,a320c4f73f642ea77a701a7beebf3d874ac339f40cba7e869ef8a8e56c51d0d5,exact,,2026-09-30
DK,record:DK:benefits_pensions:register,fills_gap,https://www.retsinformation.dk/eli/lta/2024/1034/xml,200,application/xml,a320c4f73f642ea77a701a7beebf3d874ac339f40cba7e869ef8a8e56c51d0d5,not_found,,2026-10-06
DK,record:DK:border_control:operator,fills_gap,https://www.retsinformation.dk/eli/lta/2025/1201/xml,200,application/xml,b40f682b3e2d68f0b2c8ecd8d40a9968d926f61295bfc8fc0ed222092d3e9cd1,exact,,2026-09-30
DK,record:DK:border_control:register,fills_gap,https://www.retsinformation.dk/eli/lta/2025/1201/xml,200,application/xml,b40f682b3e2d68f0b2c8ecd8d40a9968d926f61295bfc8fc0ed222092d3e9cd1,exact,,2026-09-30
DK,record:DK:central_bank:foreign_dependency,corroborates,https://www.ecb.europa.eu/press/pr/date/2025/html/ecb.pr250423~096ce05219.en.html,200,text/html,5c7d48b147431191d7c3139a1557fb884ee754d39eb921f7eff0e158bc915218,exact,,2026-09-30
DK,record:DK:central_bank:register,corroborates,https://www.ecb.europa.eu/press/pr/date/2025/html/ecb.pr250423~096ce05219.en.html,200,text/html,5c7d48b147431191d7c3139a1557fb884ee754d39eb921f7eff0e158bc915218,exact,,2026-09-30
DK,record:DK:civil_registry:foreign_dependency,fills_gap,https://www.retsinformation.dk/eli/lta/2025/291/xml,200,application/xml,5ecb54149b3d0ca491e693ea1a49d2a9d962af798d34f7f8ea44b60069021365,not_found,,2026-10-06
DK,record:DK:civil_registry:operator,contradicts,https://www.retsinformation.dk/eli/lta/2023/1010/xml,200,application/xml,002ea9211948a102081c9402ffec0ec795fa212182cc1bb4505a88ad82367d7c,exact,,2026-09-30
DK,record:DK:crisis_management:register,fills_gap,https://www.brs.dk/da/borger/var-klar-nar-krisen-rammer/det-skal-du-gore-nar-du-horer-sirenerne/,200,text/html,9301c650cd82208d39880c8e0d8e4757767f4326ee673307c7c373d6a0e78285,exact,https://web.archive.org/web/20260617225444/https://www.brs.dk/da/borger/var-klar-nar-krisen-rammer/det-skal-du-gore-nar-du-horer-sirenerne/,2026-09-30
DK,record:DK:digital_identity_credentials:count,fills_gap,https://digst.dk/tal-og-statistik/,200,text/html,822ca450a67a3c80c0c89e9c9f25415c8ffdf15c194cda533c82c41c2eb3e61b,exact,https://web.archive.org/web/20260922033822/https://digst.dk/tal-og-statistik/,2026-09-30
DK,record:DK:digital_identity_credentials:foreign_dependency,fills_gap,https://www.retsinformation.dk/eli/lta/2025/291/xml,200,application/xml,5ecb54149b3d0ca491e693ea1a49d2a9d962af798d34f7f8ea44b60069021365,not_found,,2026-10-06
DK,record:DK:digital_identity_credentials:operator,fills_gap,https://www.retsinformation.dk/eli/lta/2025/333/xml,200,application/xml,2323fd3517f75f5761a072c05bbeb20c4ade6ab0b4529406c025dd4c38da9786,not_found,,2026-10-06
DK,record:DK:digital_identity_credentials:register,fills_gap,https://www.retsinformation.dk/eli/lta/2025/333/xml,200,application/xml,2323fd3517f75f5761a072c05bbeb20c4ade6ab0b4529406c025dd4c38da9786,not_found,,2026-10-06
DK,record:DK:education:count,fills_gap,https://ufsn.dk/institutioner-og-drift/studieadministrative-systemer/stads/,200,text/html,3d72c53d433ec4a9c95620d20f3b29e8379ab67d40dc3bdece6681e74c59ce3a,exact,https://web.archive.org/web/20260519213542/https://ufsn.dk/institutioner-og-drift/studieadministrative-systemer/stads/,2026-09-30
DK,record:DK:education:register,fills_gap,https://ufsn.dk/institutioner-og-drift/studieadministrative-systemer/stads/,200,text/html,3d72c53d433ec4a9c95620d20f3b29e8379ab67d40dc3bdece6681e74c59ce3a,exact,https://web.archive.org/web/20260519213542/https://ufsn.dk/institutioner-og-drift/studieadministrative-systemer/stads/,2026-09-30
DK,record:DK:electoral_roll:register,fills_gap,https://www.retsinformation.dk/eli/lta/2026/805/xml,200,application/xml,9b1ff8192f8b91da7c21691575567a458be59aada15b66e53c2b031319b25ef6,not_found,,2026-10-06
DK,record:DK:emergency_communications:operator,corrects,https://sikkerhedsnet.dk/leverandoer,200,text/html,9cc82a0ec6152c8f1ef4a412c2bd64e1b9ae6ce9a1ecbb9f0256f4b81a093ecb,exact,https://web.archive.org/web/20260710202945/https://sikkerhedsnet.dk/leverandoer,2026-10-02
DK,record:DK:facial_biometric:operator,upgrade,https://www.retsinformation.dk/eli/lta/2025/1183/xml,200,application/xml,e92bc51943873b60d97f83bb4afec9766be53414b3c636c9a8fa4796f72c5188,exact,,2026-09-30
DK,record:DK:fingerprint_biometric:operator,upgrade,https://www.retsinformation.dk/eli/lta/2025/1183/xml,200,application/xml,e92bc51943873b60d97f83bb4afec9766be53414b3c636c9a8fa4796f72c5188,exact,,2026-09-30
DK,record:DK:firearms_register:operator,corroborates,https://www.retsinformation.dk/eli/retsinfo/2025/10066/xml,200,application/xml,01e9cfe55adee998eb7dc57c499726839124754ca6c68fbc4b635c19e5289e6a,exact,,2026-09-30
DK,record:DK:firearms_register:register,corroborates,https://www.retsinformation.dk/eli/retsinfo/2025/10066/xml,200,application/xml,01e9cfe55adee998eb7dc57c499726839124754ca6c68fbc4b635c19e5289e6a,exact,,2026-09-30
DK,record:DK:government_payroll:count,fills_gap,https://oes.dk/digitale-loesninger/statens-loenloesning/,200,text/html,0285bdf60410eceecbf5134eb4d4ace265110cbcaace39568abd963e9149f7cd,exact,https://web.archive.org/web/20260629120521/https://oes.dk/digitale-loesninger/statens-loenloesning/,2026-09-30
DK,record:DK:government_payroll:operator,fills_gap,https://oes.dk/digitale-loesninger/udvikling-og-udbud/statens-nye-loensystem-under-udvikling/,200,text/html,ca1b41b365b04af70873fdc39face589133de0d6844b16b436cef7217058f1df,exact,,2026-09-30
DK,record:DK:government_payroll:register,fills_gap,https://oes.dk/digitale-loesninger/statens-loenloesning/,200,text/html,0285bdf60410eceecbf5134eb4d4ace265110cbcaace39568abd963e9149f7cd,exact,https://web.archive.org/web/20260629120521/https://oes.dk/digitale-loesninger/statens-loenloesning/,2026-09-30
DK,record:DK:health_insurance:register,fills_gap,https://www.retsinformation.dk/eli/lta/2025/529/xml,200,application/xml,a64bd05461ca9f952d791a9589597a12f8aec4db12bb446638e97f77eb29b287,exact,,2026-09-30
DK,record:DK:health_records:foreign_dependency,fills_gap,https://www.retsinformation.dk/eli/lta/2025/291/xml,200,application/xml,5ecb54149b3d0ca491e693ea1a49d2a9d962af798d34f7f8ea44b60069021365,not_found,,2026-10-06
DK,record:DK:health_records:register,corroborates,https://sundhedsdatastyrelsen.dk/digitale-loesninger/faelles-medicinkort,200,text/html,0edf8c0bee9ec602cb3c74be36bac40ddc4f0cd642b94bad01cfdeb05a969cbe,exact,https://web.archive.org/web/20260616035826/https://sundhedsdatastyrelsen.dk/digitale-loesninger/faelles-medicinkort,2026-09-30
DK,record:DK:issuance_history:register,corroborates,https://www.retsinformation.dk/eli/lta/2021/2693/xml,200,application/xml,e646759353c84f43670d398567e91fa5f5518bb27eab9866a0ca3ff67e0b85c9,exact,,2026-09-30
DK,record:DK:judicial_criminal:operator,supersedes,https://www.retsinformation.dk/eli/lta/2026/589/xml,200,application/xml,cd2c0f9a7c096ff93267f5774307de401cce1a92f0b2fb57be24fb8b2471a4bb,not_found,,2026-10-06
DK,record:DK:judicial_criminal:register,upgrade,https://www.retsinformation.dk/eli/lta/2026/589/xml,200,application/xml,cd2c0f9a7c096ff93267f5774307de401cce1a92f0b2fb57be24fb8b2471a4bb,exact,,2026-09-30
DK,record:DK:land_property:register,fills_gap,https://www.retsinformation.dk/eli/lta/2026/285/xml,200,application/xml,b474ff867220a1c34b4cf7be06d6ac5666adc8ec1b7de0bbf7072ab0d103fb73,not_found,,2026-10-06
DK,record:DK:police_records:register,corroborates,https://www.retsinformation.dk/eli/lta/2025/291/xml,200,application/xml,5ecb54149b3d0ca491e693ea1a49d2a9d962af798d34f7f8ea44b60069021365,exact,,2026-09-30
DK,record:DK:tax:operator,fills_gap,https://www.retsinformation.dk/eli/lta/2025/1054/xml,200,application/xml,8ec7d68631c99b4512dccad700927e13c2d326a8266db58d1086743e75a6993e,exact,,2026-09-30
DK,record:DK:tax:register,fills_gap,https://www.retsinformation.dk/eli/lta/2025/1054/xml,200,application/xml,8ec7d68631c99b4512dccad700927e13c2d326a8266db58d1086743e75a6993e,not_found,,2026-10-06
EE,indicator:EE:C1,corroborates,https://www.rit.ee/serverteenused,200,text/html,c5b3a6190472033b5ef737ebe6e2124ceeb1ba2bf1f85206b7b4266aa126e245,loose,https://web.archive.org/web/20260612050140/https://www.rit.ee/serverteenused,2026-09-30
EE,indicator:EE:C2,corroborates,https://www.riigipilv.ee/riigipilvest/riigipilvest-kkk/riigipilv-mis-see-on,200,text/html,825e89c1a948ad303dc64af5679b218ad27896cfa1deee14260f7e10170ca8a6,loose,https://web.archive.org/web/20260414213340/https://www.riigipilv.ee/riigipilvest/riigipilvest-kkk/riigipilv-mis-see-on,2026-09-30
EE,indicator:EE:C2,supersedes,https://www.rit.ee/uudised/uuendatud-riigipilv-eesti-avaliku-sektori-pilvteenus-senisest-voimsam-ja-turvalisem,200,text/html,533be16396f47d8e99148b61f74904c3e33bde910ad5f5d9b9a98f0945243bf7,exact,,2026-09-30
EE,indicator:EE:K1,fills_gap,https://www.ria.ee/en/state-information-system/electronic-identity-eid-and-trust-services/electronic-identity-eid,200,text/html,20c9d487e65815d6baa9c0d03bf993b759779893d86abde0dc3c651d6628a8a6,exact,https://web.archive.org/web/20260915103115/https://www.ria.ee/en/state-information-system/electronic-identity-eid-and-trust-services/electronic-identity-eid,2026-09-30
EE,indicator:EE:K2,fills_gap,https://www.ria.ee/sites/default/files/documents/2025-10/Estonian-eID-ecosystem.pdf,200,application/pdf,c87f2cd197499fac2e7507148169a63cdb4db849ba8ad58719f46ad0a22430ca,exact,https://web.archive.org/web/20251023190958/https://www.ria.ee/sites/default/files/documents/2025-10/Estonian-eID-ecosystem.pdf,2026-09-30
EE,indicator:EE:L2,upgrade,https://web.archive.org/web/20260117004320/https://www.riigiteataja.ee/akt/RSVS,200,text/html,a336efb0a2c9fb66ccc793d21b8aaa00c6f42b7b3c6b3a1e002ba2cd5ae65311,exact,,2026-09-30
EE,record:EE:authentication_audit_log:operator,fills_gap,https://www.ria.ee/sites/default/files/documents/2025-02/TARA-SLA-Riigi-autentimisteenus-1-3-2025.pdf,200,application/pdf,0ade7690d2ce0deb0941192f3270d0e67974a38aca8161936d776631883c377e,exact,,2026-09-30
EE,record:EE:authentication_audit_log:register,fills_gap,https://www.ria.ee/sites/default/files/documents/2025-02/TARA-SLA-Riigi-autentimisteenus-1-3-2025.pdf,200,application/pdf,0ade7690d2ce0deb0941192f3270d0e67974a38aca8161936d776631883c377e,exact,,2026-09-30
EE,record:EE:beneficial_ownership:operator,fills_gap,https://web.archive.org/web/20260306092107/https://www.riigiteataja.ee/akt/RahaPTS,200,text/html,e62255dec66fd1fcd4651c43f8570753db471f0254c1008497e21cb071eba007,exact,,2026-09-30
EE,record:EE:beneficial_ownership:register,fills_gap,https://web.archive.org/web/20260306092107/https://www.riigiteataja.ee/akt/RahaPTS,200,text/html,e62255dec66fd1fcd4651c43f8570753db471f0254c1008497e21cb071eba007,exact,,2026-09-30
EE,record:EE:benefits_pensions:operator,fills_gap,https://web.archive.org/web/20221024144600/https://www.riigiteataja.ee/akt/108052020012,200,text/html,33df70156ffef17df14a62f2782874d3d8fafaf8756b778d418b72c8a0a45536,loose,,2026-09-30
EE,record:EE:benefits_pensions:register,fills_gap,https://web.archive.org/web/20221024144600/https://www.riigiteataja.ee/akt/108052020012,200,text/html,33df70156ffef17df14a62f2782874d3d8fafaf8756b778d418b72c8a0a45536,loose,,2026-09-30
EE,record:EE:border_control:operator,fills_gap,https://web.archive.org/web/20251022021813/https://www.riigiteataja.ee/akt/118042013027,200,text/html,274eb10012d9895af52b1f8d856b8f7bef7cc87225674f999f87e47708833c2f,exact,,2026-09-30
EE,record:EE:border_control:register,fills_gap,https://web.archive.org/web/20251022021813/https://www.riigiteataja.ee/akt/118042013027,200,text/html,274eb10012d9895af52b1f8d856b8f7bef7cc87225674f999f87e47708833c2f,loose,,2026-09-30
EE,record:EE:business_registry:operator,fills_gap,https://www.rik.ee/et/e-ariregister/e-ariregistri-portaal,200,text/html,c0d3f703e3fffd0226e8f057c4e307ee99742d2f8805e1742ddf2e8b89f07291,exact,https://web.archive.org/web/20260829032113/https://www.rik.ee/et/e-ariregister/e-ariregistri-portaal,2026-09-30
EE,record:EE:business_registry:register,fills_gap,https://www.rik.ee/et/e-ariregister/e-ariregistri-portaal,200,text/html,c0d3f703e3fffd0226e8f057c4e307ee99742d2f8805e1742ddf2e8b89f07291,exact,https://web.archive.org/web/20260829032113/https://www.rik.ee/et/e-ariregister/e-ariregistri-portaal,2026-09-30
EE,record:EE:civil_registry:operator,fills_gap,https://www.siseministeerium.ee/tegevusvaldkonnad/rahvastikutoimingud/rahvastikuregister,200,text/html,9eb178def75e87eeabd8988057595aea4c5b7b248de935ffaee1c37122c12a69,exact,,2026-09-30
EE,record:EE:civil_registry:register,fills_gap,https://www.siseministeerium.ee/tegevusvaldkonnad/rahvastikutoimingud/rahvastikuregister,200,text/html,9eb178def75e87eeabd8988057595aea4c5b7b248de935ffaee1c37122c12a69,exact,,2026-09-30
EE,record:EE:crisis_management:register,fills_gap,https://www.siseministeerium.ee/sites/default/files/documents/2024-02/EE-ALARM_ylevaade_avalik_07022024.pdf,200,application/pdf,9a0561c074d296e6192a21001297c08307435c038380960d8730d275bdd29e5e,exact,,2026-09-30
EE,record:EE:customs:register,fills_gap,https://www.emta.ee/uudised/mta-votab-kasutusele-uue-impordi-tollivormistuse-infosusteemi,200,text/html,f81a4a1d0c92fbd6b3bb2ecd3a54bacc228274b52cd280e61448e2e36c81b539,exact,,2026-09-30
EE,record:EE:digital_identity_credentials:operator,fills_gap,https://www.ria.ee/en/state-information-system/electronic-identity-eid-and-trust-services/electronic-identity-eid,200,text/html,20c9d487e65815d6baa9c0d03bf993b759779893d86abde0dc3c651d6628a8a6,exact,https://web.archive.org/web/20260915103115/https://www.ria.ee/en/state-information-system/electronic-identity-eid-and-trust-services/electronic-identity-eid,2026-09-30
EE,record:EE:education:operator,fills_gap,https://www.hm.ee/sites/default/files/documents/2024-07/Eesti%20keele%20tasemeeksamiks%20ettevalmistava%20t%C3%A4ienduskoolituse%20tegevusloa%20taotlemise%20kirjeldus.pdf,200,application/pdf,38e2cf8c5b69cbb280a6c16e29de1b73e09d49953e89f2aed240d26cc1b88239,exact,,2026-09-30
EE,record:EE:education:register,fills_gap,https://www.ehis.ee/,200,text/html,9230cccdfc9519b4c2eebe4260fb3105ecd202843ce36681b7b344077979516a,loose,https://web.archive.org/web/20260824092833/https://www.ehis.ee/,2026-09-30
EE,record:EE:electoral_management:operator,fills_gap,https://web.archive.org/web/20260218005759/https://www.riigiteataja.ee/akt/RKVS,200,text/html,316b7736b1c8a9ca3326a83b9abe44054823e4d6b93d3532e2dad6c255d6ad89,exact,,2026-09-30
EE,record:EE:electoral_management:register,fills_gap,https://web.archive.org/web/20260218005759/https://www.riigiteataja.ee/akt/RKVS,200,text/html,316b7736b1c8a9ca3326a83b9abe44054823e4d6b93d3532e2dad6c255d6ad89,exact,,2026-09-30
EE,record:EE:electoral_roll:register,fills_gap,https://web.archive.org/web/20260218005759/https://www.riigiteataja.ee/akt/RKVS,200,text/html,316b7736b1c8a9ca3326a83b9abe44054823e4d6b93d3532e2dad6c255d6ad89,exact,,2026-09-30
EE,record:EE:emergency_communications:operator,corrects,https://www.112.ee/et/uudised/haeirekeskus-liigub-uele-uuele-domeeninimele-ja-e-posti-aadressidele-170,200,text/html,0567013c6979f7577987613bce36ec91f44c6e51d2b11cd0522d895ae44d254c,exact,https://web.archive.org/web/20260514065117/https://www.112.ee/et/uudised/haeirekeskus-liigub-uele-uuele-domeeninimele-ja-e-posti-aadressidele-170,2026-10-02
EE,record:EE:emergency_communications:operator,fills_gap,https://www.siseministeerium.ee/sites/default/files/documents/2024-02/EE-ALARM_ylevaade_avalik_07022024.pdf,200,application/pdf,9a0561c074d296e6192a21001297c08307435c038380960d8730d275bdd29e5e,exact,,2026-09-30
EE,record:EE:emergency_communications:register,fills_gap,https://www.siseministeerium.ee/sites/default/files/documents/2024-02/EE-ALARM_ylevaade_avalik_07022024.pdf,200,application/pdf,9a0561c074d296e6192a21001297c08307435c038380960d8730d275bdd29e5e,exact,,2026-09-30
EE,record:EE:facial_biometric:operator,corroborates,https://web.archive.org/web/20260418112026/https://www.riigiteataja.ee/akt/131122021018,200,text/html,4a8d5533c3a3ea61a799632fdc7f0d612b7054e4f8928a05c90c3ad5f39ff5d2,exact,,2026-09-30
EE,record:EE:facial_biometric:register,contradicts,https://www.siseministeerium.ee/abis,200,text/html,28efac70cb3971392c1b1747b5e854e8f02b20bb0f4313b53f5a7f3790048952,exact,https://web.archive.org/web/20260811150453/https://www.siseministeerium.ee/abis,2026-09-30
EE,record:EE:facial_biometric:register,corrects,https://web.archive.org/web/20260313205329/https://www.riigiteataja.ee/akt/itds,200,text/html,55f76b63102b20a4aa2abe4c376673ae515501a1d1a327b425ec47c78043f881,exact,,2026-10-06
EE,record:EE:fingerprint_biometric:operator,corrects,https://web.archive.org/web/20260313205329/https://www.riigiteataja.ee/akt/itds,200,text/html,55f76b63102b20a4aa2abe4c376673ae515501a1d1a327b425ec47c78043f881,exact,,2026-10-06
EE,record:EE:fingerprint_biometric:operator,fills_gap,https://web.archive.org/web/20260418112026/https://www.riigiteataja.ee/akt/131122021018,200,text/html,4a8d5533c3a3ea61a799632fdc7f0d612b7054e4f8928a05c90c3ad5f39ff5d2,exact,,2026-09-30
EE,record:EE:fingerprint_biometric:register,fills_gap,https://www.siseministeerium.ee/abis,200,text/html,28efac70cb3971392c1b1747b5e854e8f02b20bb0f4313b53f5a7f3790048952,exact,https://web.archive.org/web/20260811150453/https://www.siseministeerium.ee/abis,2026-09-30
EE,record:EE:firearms_register:register,fills_gap,https://www.politsei.ee/files/Anal%C3%BC%C3%BCs%20ja%20statistika/ppa-avaandmete-seletuskiri-relvaregister-05.06.20.pdf,200,application/pdf,d17bacbd08e777613fe410c505dd19453bb547da5ee43de60d146b17e05ef227,exact,,2026-09-30
EE,record:EE:government_payroll:register,fills_gap,https://www.rtk.ee/riigitootaja-iseteenindusportaal,200,text/html,3365596d0e22d9265253e4674458554f46015ded364dc15e0ed90af8b5a35ff1,exact,https://web.archive.org/web/20260829052208/https://www.rtk.ee/riigitootaja-iseteenindusportaal,2026-09-30
EE,record:EE:grid_control:register,fills_gap,https://www.elering.ee/juhtimiskeskus,200,text/html,7339e35c4340e5d1c41b44a2af3a0fa76108249851a83225c0bff7b138dcab3d,exact,,2026-09-30
EE,record:EE:health_insurance:operator,fills_gap,https://web.archive.org/web/20241124195714/https://www.riigiteataja.ee/akt/107052024007,200,text/html,c5f26c0cbd8573b2922a4b7e0538bd128d3e8deef3f97a6b3c9169dc9778171a,exact,,2026-09-30
EE,record:EE:health_insurance:register,fills_gap,https://web.archive.org/web/20241124195714/https://www.riigiteataja.ee/akt/107052024007,200,text/html,c5f26c0cbd8573b2922a4b7e0538bd128d3e8deef3f97a6b3c9169dc9778171a,loose,,2026-09-30
EE,record:EE:issuance_history:count,fills_gap,https://www.siseministeerium.ee/tegevusvaldkonnad/tohus-rahvastikuhaldus/isikut-toendavad-dokumendid-ja-identiteedihaldus,200,text/html,e4bb7fb53e095ce6a98fb5cd54e9503fc68f95b25ad9de78b2fc8eff42cb268f,exact,https://web.archive.org/web/20260703201829/https://www.siseministeerium.ee/tegevusvaldkonnad/tohus-rahvastikuhaldus/isikut-toendavad-dokumendid-ja-identiteedihaldus,2026-09-30
EE,record:EE:issuance_history:operator,fills_gap,https://web.archive.org/web/20260309063502/https://www.riigiteataja.ee/akt/ITDS,200,text/html,2a4c7d3d68f3495bd4bfcb45834b32b9bdf1b38c945eb919dfb8a044b62270c9,exact,,2026-09-30
EE,record:EE:issuance_history:register,fills_gap,https://web.archive.org/web/20260309063502/https://www.riigiteataja.ee/akt/ITDS,200,text/html,2a4c7d3d68f3495bd4bfcb45834b32b9bdf1b38c945eb919dfb8a044b62270c9,loose,,2026-09-30
EE,record:EE:judicial_criminal:operator,corrects,https://web.archive.org/web/20260824074134/https://www.justdigi.ee/isikuandmete-tootlemine,200,text/html,c5fe86acbc87f5f63bd483b01e2216e2cca66443291f659f9fef01233b83bf29,exact,,2026-10-02
EE,record:EE:judicial_criminal:operator,fills_gap,https://web.archive.org/web/20250803214052/https://www.riigiteataja.ee/akt/KarRS,200,text/html,b14b90149d114dbeb8b5c301544cc29dbca0c8e53a98b123f01460772e7afc11,loose,,2026-09-30
EE,record:EE:judicial_criminal:register,fills_gap,https://www.rik.ee/et/karistusregister/paring-karistusregistrist,200,text/html,9ee51322734150b6a3e096e25bec3aa9b42c2a705d4b6bcc49be6a079d6ddfaa,exact,https://web.archive.org/web/20260902232345/https://www.rik.ee/et/karistusregister/paring-karistusregistrist,2026-09-30
EE,record:EE:land_property:register,fills_gap,https://www.rik.ee/et/e-kinnistusraamat/e-kinnistusraamat,200,text/html,7e5aefc90508336e6b31a0f50320266a6190e97004f0aaa35eb9a4937d580909,exact,https://web.archive.org/web/20260829055311/https://www.rik.ee/et/e-kinnistusraamat/e-kinnistusraamat,2026-09-30
EE,record:EE:official_gazette:operator,fills_gap,https://www.rik.ee/et/muud-teenused/riigi-teataja,200,text/html,fa0aa8ba3c0950faee1ac82940f8313ec890f7d6e2c9a22499b964d2f25817e1,exact,https://web.archive.org/web/20260312042839/https://www.rik.ee/et/muud-teenused/riigi-teataja,2026-09-30
EE,record:EE:official_gazette:register,fills_gap,https://www.rik.ee/et/muud-teenused/riigi-teataja,200,text/html,fa0aa8ba3c0950faee1ac82940f8313ec890f7d6e2c9a22499b964d2f25817e1,exact,https://web.archive.org/web/20260312042839/https://www.rik.ee/et/muud-teenused/riigi-teataja,2026-09-30
EE,record:EE:police_records:operator,fills_gap,https://web.archive.org/web/20251212223739/https://www.riigiteataja.ee/akt/113012017004,200,text/html,417c5d97dacda598ad405925d6662decfc278d39357bbf3de15631bdc949a593,loose,,2026-09-30
EE,record:EE:police_records:register,fills_gap,https://web.archive.org/web/20251212223739/https://www.riigiteataja.ee/akt/113012017004,200,text/html,417c5d97dacda598ad405925d6662decfc278d39357bbf3de15631bdc949a593,loose,,2026-09-30
EE,record:EE:public_finance:register,fills_gap,https://www.rtk.ee/riigitootaja-iseteenindusportaal,200,text/html,3365596d0e22d9265253e4674458554f46015ded364dc15e0ed90af8b5a35ff1,exact,https://web.archive.org/web/20260829052208/https://www.rtk.ee/riigitootaja-iseteenindusportaal,2026-09-30
EE,record:EE:residence_permits:operator,fills_gap,https://web.archive.org/web/20250514142132/https://www.riigiteataja.ee/akt/114012017018,200,text/html,784b2839bfdb4769e22d918ce9e2423727bb2a1ccae33a1e364d1f94b0a5ac05,loose,,2026-09-30
EE,record:EE:residence_permits:register,fills_gap,https://web.archive.org/web/20250514142132/https://www.riigiteataja.ee/akt/114012017018,200,text/html,784b2839bfdb4769e22d918ce9e2423727bb2a1ccae33a1e364d1f94b0a5ac05,loose,,2026-09-30
EE,record:EE:tax:operator,fills_gap,https://web.archive.org/web/20260207063839/https://www.riigiteataja.ee/akt/MKS,200,text/html,b9f731ff5fc8bbaa0ffe22f8acc8e0d7fc0556c038f93376304423833be31cbb,exact,,2026-09-30
EE,record:EE:tax:register,fills_gap,https://web.archive.org/web/20260207063839/https://www.riigiteataja.ee/akt/MKS,200,text/html,b9f731ff5fc8bbaa0ffe22f8acc8e0d7fc0556c038f93376304423833be31cbb,loose,,2026-09-30
EE,record:EE:trust_services_pki:operator,fills_gap,https://www.ria.ee/sites/default/files/documents/2025-10/Estonian-eID-ecosystem.pdf,200,application/pdf,c87f2cd197499fac2e7507148169a63cdb4db849ba8ad58719f46ad0a22430ca,exact,https://web.archive.org/web/20251023190958/https://www.ria.ee/sites/default/files/documents/2025-10/Estonian-eID-ecosystem.pdf,2026-09-30
EE,record:EE:vehicle_licensing:operator,fills_gap,https://web.archive.org/web/20260228065122/https://www.riigiteataja.ee/akt/129012025006,200,text/html,c9633522bc4ed58a766582fb9547903e4ffe662bf1d22758249259dfffcbe389,loose,,2026-09-30
EL,indicator:EL:C1,corroborates,https://digitalstrategy.gov.gr/project/tier-4_datacenter,200,text/html,abd483d3871db5fbeda87c036f4c7738d80932e4624e3f580db29cbb209dc6a3,exact,https://web.archive.org/web/20260125084953/https://digitalstrategy.gov.gr/project/tier-4_datacenter,2026-09-30
EL,indicator:EL:C2,corroborates,https://digitalstrategy.gov.gr/project/g-cloud,200,text/html,c895b03a06f52ded169f52e8ef71f5696625ce73ec6c7990e500a0382c27e760,exact,https://web.archive.org/web/20260413104922/https://digitalstrategy.gov.gr/project/g-cloud,2026-09-30
EL,indicator:EL:C2,upgrade,https://api.et.gr/apiLAW/1/2020/4727/pdf,200,application/pdf,59bf8a3910cc9288d287e45d6e6d92daed5b19af13398ea042a90b59c84327a6,exact,,2026-09-30
EL,indicator:EL:K1,corroborates,https://api.et.gr/apiLAW/1/2020/4727/pdf,200,application/pdf,59bf8a3910cc9288d287e45d6e6d92daed5b19af13398ea042a90b59c84327a6,exact,,2026-09-30
EL,indicator:EL:K2,upgrade,https://api.et.gr/apiLAW/1/2020/4727/pdf,200,application/pdf,59bf8a3910cc9288d287e45d6e6d92daed5b19af13398ea042a90b59c84327a6,exact,,2026-09-30
EL,record:EL:beneficial_ownership:register,corroborates,https://mitos.gov.gr/index.php/%CE%94%CE%94:%CE%9A%CE%B5%CE%BD%CF%84%CF%81%CE%B9%CE%BA%CF%8C_%CE%9C%CE%B7%CF%84%CF%81%CF%8E%CE%BF_%CE%A0%CF%81%CE%B1%CE%B3%CE%BC%CE%B1%CF%84%CE%B9%CE%BA%CF%8E%CE%BD_%CE%94%CE%B9%CE%BA%CE%B1%CE%B9%CE%BF%CF%8D%CF%87%CF%89%CE%BD,200,text/html,2e1f4fc759ce6aef75f28acb8855522639742fe9b9154c1c6f65be5516198c39,exact,https://web.archive.org/web/20260418223455/https://mitos.gov.gr/index.php/%CE%94%CE%94:%CE%9A%CE%B5%CE%BD%CF%84%CF%81%CE%B9%CE%BA%CF%8C_%CE%9C%CE%B7%CF%84%CF%81%CF%8E%CE%BF_%CE%A0%CF%81%CE%B1%CE%B3%CE%BC%CE%B1%CF%84%CE%B9%CE%BA%CF%8E%CE%BD_%CE%94%CE%B9%CE%BA%CE%B1%CE%B9%CE%BF%CF%8D%CF%87%CF%89%CE%BD,2026-09-30
EL,record:EL:beneficial_ownership:register,upgrade,https://api.et.gr/apiLAW/1/2018/4557/pdf,200,application/pdf,de1d8f368f2427bfe854f94ace362623bd093193f95b0380af8c4448dcd04528,exact,,2026-09-30
EL,record:EL:border_control:register,upgrade,https://api.et.gr/apiLAW/1/2014/4249/pdf,200,application/pdf,934a0efefffc4a6e69fcd9d0f7d4e93ff370578229a676a8cc43a00f1024a92a,exact,,2026-09-30
EL,record:EL:breeder_documents:register,upgrade,https://api.et.gr/apiLAW/1/2017/4483/pdf,200,application/pdf,66cd1f7d590744315e253bfa939cc5a6eaef00bba8e27fe01c7b6918ff147c71,exact,,2026-09-30
EL,record:EL:business_registry:register,fills_gap,https://mitos.gov.gr/index.php/ΔΔ:Γενικό_Πιστοποιητικό_(εταιρικών_μεταβολών),error,,,fetch_failed,,2026-10-06
EL,record:EL:civil_registry:register,upgrade,https://api.et.gr/apiLAW/1/2017/4483/pdf,200,application/pdf,66cd1f7d590744315e253bfa939cc5a6eaef00bba8e27fe01c7b6918ff147c71,exact,,2026-09-30
EL,record:EL:digital_identity_credentials:operator,upgrade,https://api.et.gr/apiLAW/1/2020/4727/pdf,200,application/pdf,59bf8a3910cc9288d287e45d6e6d92daed5b19af13398ea042a90b59c84327a6,exact,,2026-09-30
EL,record:EL:education:operator,fills_gap,https://mitos.gov.gr/index.php/ΔΔ:Βεβαίωση_Φοίτησης_Μαθητή_/_Μαθήτριας,error,,,fetch_failed,,2026-10-06
EL,record:EL:education:register,fills_gap,https://digitalstrategy.gov.gr/project/myschool,200,text/html,e2f5e95f94481ebaa5a0f49b18fac4f334eff6e91485c87e22c256d05c8fe75f,exact,https://web.archive.org/web/20240416211029/https://digitalstrategy.gov.gr/project/myschool,2026-09-30
EL,record:EL:firearms_register:operator,fills_gap,https://api.et.gr/apiLAW/1/2020/4678/pdf,200,application/pdf,ae2c3a23b62051e7e5bcfbd86e9d8869cf94d42ac8add861dc1d364183be81f0,exact,,2026-09-30
EL,record:EL:firearms_register:register,fills_gap,https://api.et.gr/apiLAW/1/2020/4678/pdf,200,application/pdf,ae2c3a23b62051e7e5bcfbd86e9d8869cf94d42ac8add861dc1d364183be81f0,exact,,2026-09-30
EL,record:EL:grid_control:register,fills_gap,https://www.admie.gr/anakoinoseis/enimerosi/metagogi-systimatos-ems,200,text/html,c44321cfe16e026e5e432a0f285a02147583d52c1c358ecdde98237342d14959,exact,,2026-09-30
EL,record:EL:grid_control:register,fills_gap,https://www.admie.gr/en/nea/ekdiloseis/egkainia-psifiakoy-kentroy-eleghoy-sto-kryoneri,200,text/html,e154ec633afe9b6cd166a70f79d03fa18e00b2ceb3432dca0d6b0ea8c4ee8b6f,exact,,2026-09-30
EL,record:EL:judicial_criminal:register,corroborates,https://mitos.gov.gr/index.php/ΔΔ:Αντίγραφο_Ποινικού_Μητρώου,error,,,fetch_failed,,2026-10-06
EL,record:EL:judicial_criminal:register,upgrade,https://api.et.gr/apiLAW/1/2019/4620/pdf,200,application/pdf,0cfe765223ad1b36bb16805d28707176f064512d1c9f6cf2e82d85c5a80a5f26,exact,,2026-09-30
EL,record:EL:land_property:operator,contradicts,https://mitos.gov.gr/index.php/ΔΔ:Αντίγραφο_Κτηματολογικού_Φύλλου_(ΚΦ),error,,,fetch_failed,,2026-10-06
EL,record:EL:land_property:operator,upgrade,https://api.et.gr/apiLAW/1/2018/4512/pdf,200,application/pdf,a348af346e0569f35bf051c6df444406b29afaffae1013ac848ec8bc5ec2b4cf,exact,,2026-09-30
EL,record:EL:police_records:register,upgrade,https://api.et.gr/apiLAW/1/2014/4249/pdf,200,application/pdf,934a0efefffc4a6e69fcd9d0f7d4e93ff370578229a676a8cc43a00f1024a92a,exact,,2026-09-30
EL,record:EL:trust_services_pki:register,upgrade,https://api.et.gr/apiLAW/1/2020/4727/pdf,200,application/pdf,59bf8a3910cc9288d287e45d6e6d92daed5b19af13398ea042a90b59c84327a6,exact,,2026-09-30
ES,indicator:ES:C1,corroborates,https://www.boe.es/diario_boe/txt.php?id=BOE-A-2025-131,200,text/html,57fcb36137cdff6be10fa59376fafc8a6302b487fc1f54e6f8a7af5f89753577,exact,https://web.archive.org/web/20260422231005/https://www.boe.es/diario_boe/txt.php?id=BOE-A-2025-131,2026-09-30
ES,indicator:ES:C2,corroborates,https://www.boe.es/diario_boe/txt.php?id=BOE-A-2025-131,200,text/html,57fcb36137cdff6be10fa59376fafc8a6302b487fc1f54e6f8a7af5f89753577,exact,https://web.archive.org/web/20260422231005/https://www.boe.es/diario_boe/txt.php?id=BOE-A-2025-131,2026-09-30
ES,indicator:ES:L1,fills_gap,https://www.boe.es/buscar/act.php?id=BOE-A-2015-10566,200,text/html,594c6ca48b530434119e8ae05b165ac1eb1253544ce02de9dbb97e1c25ceb96a,exact,https://web.archive.org/web/20260924022258/https://www.boe.es/buscar/act.php?id=BOE-A-2015-10566,2026-09-30
ES,record:ES:benefits_pensions:operator,fills_gap,https://www.boe.es/buscar/act.php?id=BOE-A-2015-11724,200,text/html,d0ddba250ec4dda32ce781bcab1e5e76db03104a6ab39d8e5daea3a7894ba68f,exact,https://web.archive.org/web/20260926075037/https://www.boe.es/buscar/act.php?id=BOE-A-2015-11724,2026-09-30
ES,record:ES:benefits_pensions:register,fills_gap,https://www.boe.es/buscar/act.php?id=BOE-A-2015-11724,200,text/html,d0ddba250ec4dda32ce781bcab1e5e76db03104a6ab39d8e5daea3a7894ba68f,exact,https://web.archive.org/web/20260926075037/https://www.boe.es/buscar/act.php?id=BOE-A-2015-11724,2026-09-30
ES,record:ES:border_control:register,fills_gap,https://www.boe.es/buscar/act.php?id=BOE-A-2011-8382,200,text/html,205136c304eb273a1cc1ca5f91900fc69dfdc9c654c4530ff352558af04765f2,exact,https://web.archive.org/web/20260413120016/https://www.boe.es/buscar/act.php?id=BOE-A-2011-8382,2026-09-30
ES,record:ES:business_registry:operator,fills_gap,https://www.boe.es/buscar/act.php?id=BOE-A-1996-17533,200,text/html,683c0fa2af934e25eb6ab2790d2a7c17eea1e3d5992c494264f8ec426cde299f,exact,https://web.archive.org/web/20260924114427/https://www.boe.es/buscar/act.php?id=BOE-A-1996-17533,2026-09-30
ES,record:ES:business_registry:register,fills_gap,https://www.boe.es/buscar/act.php?id=BOE-A-1996-17533,200,text/html,683c0fa2af934e25eb6ab2790d2a7c17eea1e3d5992c494264f8ec426cde299f,exact,https://web.archive.org/web/20260924114427/https://www.boe.es/buscar/act.php?id=BOE-A-1996-17533,2026-09-30
ES,record:ES:central_bank:register,fills_gap,https://clientebancario.bde.es/pcb/es/blog/La_Central_de_I_122c89639bbb061.html,200,text/html,8004a6b810054525add6decfe3c31b139be724a0136cb5ae8430dc5eff7c457f,exact,https://web.archive.org/web/20260508164747/https://clientebancario.bde.es/pcb/es/blog/La_Central_de_I_122c89639bbb061.html,2026-09-30
ES,record:ES:crisis_management:register,fills_gap,https://www.boe.es/buscar/act.php?id=BOE-A-2015-7730,200,text/html,23f8cf0c410d05489761d27b152b8e55c2f0837ec23405dd69a475c6930eb38c,exact,https://web.archive.org/web/20260923215549/https://www.boe.es/buscar/act.php?id=BOE-A-2015-7730,2026-09-30
ES,record:ES:education:operator,corrects,https://www.boe.es/buscar/act.php?id=BOE-A-2024-9155,200,text/html,23a520eddf383c690ffa8b80f19244e2d215a6bda318025574675fcf14e670a8,exact,https://web.archive.org/web/20241202213601/https://www.boe.es/buscar/act.php?id=BOE-A-2024-9155,2026-10-02
ES,record:ES:education:operator,fills_gap,https://www.boe.es/buscar/act.php?id=BOE-A-2010-12621,200,text/html,b9c585a1a05b7a2e1496b7a96962c440cbe8bc5ebf58b507cc2024394a1f6984,exact,,2026-09-30
ES,record:ES:education:register,fills_gap,https://www.ciencia.gob.es/Universidades/ConsultaTitulos.html,200,text/html,7308e5cc083cc902676ba2f13c88e48b3187db25dc4e0da6bf9602badcbb02fe,exact,https://web.archive.org/web/20260722151315/https://www.ciencia.gob.es/Universidades/ConsultaTitulos.html,2026-09-30
ES,record:ES:electoral_management:operator,fills_gap,https://www.boe.es/diario_boe/txt.php?id=BOE-B-2024-11865,200,text/html,6c7a9316da7c099876167cb5fee79eb47384c97ea50a32a116ee5339f98d6e29,exact,https://web.archive.org/web/20251201110905/https://www.boe.es/diario_boe/txt.php?id=BOE-B-2024-11865,2026-09-30
ES,record:ES:electoral_management:register,fills_gap,https://www.boe.es/diario_boe/txt.php?id=BOE-B-2024-11865,200,text/html,6c7a9316da7c099876167cb5fee79eb47384c97ea50a32a116ee5339f98d6e29,exact,https://web.archive.org/web/20251201110905/https://www.boe.es/diario_boe/txt.php?id=BOE-B-2024-11865,2026-09-30
ES,record:ES:electoral_roll:operator,fills_gap,https://www.boe.es/buscar/act.php?id=BOE-A-1985-11672,200,text/html,3bf570fb59a7e5eb3942a8a64fd58d62e593339dd51d381e63dbc9d28704db61,exact,https://web.archive.org/web/20260921205319/https://www.boe.es/buscar/act.php?id=BOE-A-1985-11672,2026-09-30
ES,record:ES:electoral_roll:register,fills_gap,https://www.boe.es/buscar/act.php?id=BOE-A-1985-11672,200,text/html,3bf570fb59a7e5eb3942a8a64fd58d62e593339dd51d381e63dbc9d28704db61,exact,https://web.archive.org/web/20260921205319/https://www.boe.es/buscar/act.php?id=BOE-A-1985-11672,2026-09-30
ES,record:ES:facial_biometric:register,fills_gap,https://www.boe.es/buscar/act.php?id=BOE-A-2011-8382,200,text/html,205136c304eb273a1cc1ca5f91900fc69dfdc9c654c4530ff352558af04765f2,exact,https://web.archive.org/web/20260413120016/https://www.boe.es/buscar/act.php?id=BOE-A-2011-8382,2026-09-30
ES,record:ES:fingerprint_biometric:register,corroborates,https://www.boe.es/buscar/act.php?id=BOE-A-2011-8382,200,text/html,205136c304eb273a1cc1ca5f91900fc69dfdc9c654c4530ff352558af04765f2,exact,https://web.archive.org/web/20260413120016/https://www.boe.es/buscar/act.php?id=BOE-A-2011-8382,2026-09-30
ES,record:ES:firearms_register:operator,fills_gap,https://www.boe.es/buscar/act.php?id=BOE-A-1993-6202,200,text/html,c504c36b802d9ace2581c912462047c480bedba225ea64ad7030c7be77c4a25d,exact,https://web.archive.org/web/20260928025859/https://www.boe.es/buscar/act.php?id=BOE-A-1993-6202,2026-09-30
ES,record:ES:firearms_register:register,fills_gap,https://www.boe.es/buscar/act.php?id=BOE-A-1993-6202,200,text/html,c504c36b802d9ace2581c912462047c480bedba225ea64ad7030c7be77c4a25d,exact,https://web.archive.org/web/20260928025859/https://www.boe.es/buscar/act.php?id=BOE-A-1993-6202,2026-09-30
ES,record:ES:grid_control:operator,fills_gap,https://www.boe.es/buscar/act.php?id=BOE-A-2013-13645,200,text/html,fa91648a4b4a73bea9cfe1d753ee8fe18fd5fa277421b3224e431563f1b6aa43,exact,https://web.archive.org/web/20260928104552/https://www.boe.es/buscar/act.php?id=BOE-A-2013-13645,2026-09-30
ES,record:ES:grid_control:register,fills_gap,https://www.ree.es/es/publicaciones/educacion/centro-de-control-electrico-cecoel,200,text/html,2fa803ffb58fca0600cb2578df65a35eaddc2c7f63e65a87803e99bc4e0efcbd,exact,https://web.archive.org/web/20251109040325/https://www.ree.es/es/publicaciones/educacion/centro-de-control-electrico-cecoel,2026-09-30
ES,record:ES:health_insurance:operator,corroborates,https://www.sanidad.gob.es/areas/saludDigital/tarjetaSanitariaSNS/home.htm,200,text/html,f27b50d662dce429cb95dca702b231e6a11a524d515c500ee86ea2dda683e61b,exact,https://web.archive.org/web/20260903035910/https://www.sanidad.gob.es/areas/saludDigital/tarjetaSanitariaSNS/home.htm,2026-09-30
ES,record:ES:health_insurance:register,corroborates,https://www.sanidad.gob.es/areas/saludDigital/tarjetaSanitariaSNS/home.htm,200,text/html,f27b50d662dce429cb95dca702b231e6a11a524d515c500ee86ea2dda683e61b,exact,https://web.archive.org/web/20260903035910/https://www.sanidad.gob.es/areas/saludDigital/tarjetaSanitariaSNS/home.htm,2026-09-30
ES,record:ES:intelligence:operator,fills_gap,https://www.boe.es/buscar/act.php?id=BOE-A-2002-8628,200,text/html,c82caf0a46f3d7a2e3d328cc3169f8d21911e6ab3e3c52cda3d8debb7db58625,exact,https://web.archive.org/web/20260718103759/https://www.boe.es/buscar/act.php?id=BOE-A-2002-8628,2026-09-30
ES,record:ES:issuance_history:operator,fills_gap,https://www.boe.es/buscar/act.php?id=BOE-A-2003-13978,200,text/html,afb72e02be02aa1af0e5d2e4face8601bca1a841eb6fee6cc3dca8b26c5a0290,exact,,2026-09-30
ES,record:ES:issuance_history:register,fills_gap,https://www.boe.es/buscar/act.php?id=BOE-A-2011-8382,200,text/html,205136c304eb273a1cc1ca5f91900fc69dfdc9c654c4530ff352558af04765f2,exact,https://web.archive.org/web/20260413120016/https://www.boe.es/buscar/act.php?id=BOE-A-2011-8382,2026-09-30
ES,record:ES:judicial_criminal:register,corroborates,https://www.administraciondejusticia.gob.es/-/soluciones-siraj-2,200,text/html,be2ced5815d5c0bee99f74283ca0b8cfd10585fdacd693e4ca6d0179a97737c0,exact,https://web.archive.org/web/20260218102306/https://www.administraciondejusticia.gob.es/-/soluciones-siraj-2,2026-09-30
ES,record:ES:land_property:operator,fills_gap,https://www.boe.es/buscar/act.php?id=BOE-A-2004-4163,200,text/html,af3abb1ed61419fa390486537abbe9f48e783c1fbf4d33261c3c2a542edcc82f,exact,https://web.archive.org/web/20260902100910/https://www.boe.es/buscar/act.php?id=BOE-A-2004-4163,2026-09-30
ES,record:ES:land_property:register,fills_gap,https://www.boe.es/buscar/act.php?id=BOE-A-1946-2453,200,text/html,4a081b9f6f0a6e9ae952ba299ac11c7493479f663de8120292c1a57877489993,exact,https://web.archive.org/web/20260921184150/https://www.boe.es/buscar/act.php?id=BOE-A-1946-2453,2026-09-30
ES,record:ES:land_property:register,fills_gap,https://www.boe.es/buscar/act.php?id=BOE-A-2004-4163,200,text/html,af3abb1ed61419fa390486537abbe9f48e783c1fbf4d33261c3c2a542edcc82f,exact,https://web.archive.org/web/20260902100910/https://www.boe.es/buscar/act.php?id=BOE-A-2004-4163,2026-09-30
ES,record:ES:police_records:operator,fills_gap,https://www.boe.es/buscar/act.php?id=BOE-A-1995-16259,200,text/html,d3924110fea2dd77e40c963ab9b89f3ba2e5aee473ab7569ea79d2e1fa7c84fe,exact,,2026-09-30
ES,record:ES:police_records:register,fills_gap,https://www.boe.es/buscar/act.php?id=BOE-A-2011-8382,200,text/html,205136c304eb273a1cc1ca5f91900fc69dfdc9c654c4530ff352558af04765f2,exact,https://web.archive.org/web/20260413120016/https://www.boe.es/buscar/act.php?id=BOE-A-2011-8382,2026-09-30
ES,record:ES:public_finance:operator,fills_gap,https://www.boe.es/buscar/act.php?id=BOE-A-2003-21614,200,text/html,6088c1a38e600ffe907372e31654d0091390f22d21e078c39af51aed7ed674ae,exact,https://web.archive.org/web/20260915045909/https://www.boe.es/buscar/act.php?id=BOE-A-2003-21614,2026-09-30
ES,record:ES:tax:operator,supersedes,https://sede.agenciatributaria.gob.es/Sede/gobierno-abierto/transparencia/organigrama/departamento-informatica-tributaria.html,200,text/html,42388cef22a394d2c55e07218cd9bfa50439c8cdeb4d0695dddbb80338c3927b,exact,https://web.archive.org/web/20250215200406/https://sede.agenciatributaria.gob.es/Sede/gobierno-abierto/transparencia/organigrama/departamento-informatica-tributaria.html,2026-09-30
ES,record:ES:trust_services_pki:operator,fills_gap,https://www.fnmt.es/institucion/informacion-institucional,200,text/html,8bd2eccb97b4441ae90fcfb0924f3989f342cce5baf7feed466adfc8e0049e94,exact,https://web.archive.org/web/20260410193006/https://www.fnmt.es/institucion/informacion-institucional,2026-09-30
ES,record:ES:trust_services_pki:register,fills_gap,https://www.sede.fnmt.gob.es/descargas/certificados-raiz-de-la-fnmt,200,text/html,6bf7d55d9f2a0c5091368a6871cd12432ceaafd6edccd0f2934b1d4019f6052e,exact,https://web.archive.org/web/20260811165335/https://www.sede.fnmt.gob.es/descargas/certificados-raiz-de-la-fnmt,2026-09-30
ES,record:ES:vehicle_licensing:operator,corroborates,https://sede.dgt.gob.es/es/permisos-de-conducir/informe-de-conductor/,200,text/html,1c7569e5c695acfc5c31ca0cfcdbd30127c360189260d13dad8ff8af15b6e58b,exact,https://web.archive.org/web/20260620073449/https://sede.dgt.gob.es/es/permisos-de-conducir/informe-de-conductor/,2026-09-30
ES,record:ES:water_control:register,fills_gap,https://www.miteco.gob.es/es/agua/temas/evaluacion-de-los-recursos-hidricos/saih.html,200,text/html,1f020b4352033ea16652c4de3abe8b11b0fa1cb5b89a6fbe6bae931054ee04d1,exact,https://web.archive.org/web/20260726180059/https://www.miteco.gob.es/es/agua/temas/evaluacion-de-los-recursos-hidricos/saih.html,2026-09-30
FI,indicator:FI:C1,corroborates,https://www.erillisverkot.fi/suomalainen-data-turvaan-suomeen/,200,text/html,3fb49722e77f34e4d9b0f753089b5cca3f1dadb9c81b01a144327faf8feb3ea0,exact,https://web.archive.org/web/20260510201952/https://www.erillisverkot.fi/suomalainen-data-turvaan-suomeen/,2026-09-30
FI,indicator:FI:C1,supersedes,https://www.erillisverkot.fi/vuosikertomus-2025/,200,text/html,911140a8e3e95b1430ca2c543272955055635737ba1782422a82fc3ee15d6480,exact,https://web.archive.org/web/20260727163800/https://www.erillisverkot.fi/vuosikertomus-2025/,2026-09-30
FI,indicator:FI:C2,corroborates,https://www.erillisverkot.fi/turvapilvipalvelu-taysin-kotimainen-pilvipalvelu-ja-tiedon-turvasatama/,200,text/html,1164700ead252076ba30fe9aab95da42fed0e308fce133fac4333fbd01ed0fb4,exact,https://web.archive.org/web/20260419203958/https://www.erillisverkot.fi/turvapilvipalvelu-taysin-kotimainen-pilvipalvelu-ja-tiedon-turvasatama/,2026-09-30
FI,indicator:FI:K1,corroborates,https://dvv.fi/en/ca-certificates,200,text/html,aa6dcb67f9a45e0632a745e5d7e52207878b40f309c1a5c6bd54e0bc0337cf0b,exact,https://web.archive.org/web/20260202204257/https://dvv.fi/en/ca-certificates,2026-09-30
FI,indicator:FI:K2,corroborates,https://www.suomi.fi/sivu/suomifi-tunnistuksen-tietosuojaseloste,403,text/html,,fetch_failed,,2026-10-06
FI,indicator:FI:L2,corroborates,https://opendata.finlex.fi/finlex/avoindata/v1/akn/fi/act/statute-consolidated/2019/906/fin@,200,application/xml,f0e8eb07ca6b846e1df84036a2b3817fbe78f814300d990858ac47d3b9f48e88,exact,,2026-09-30
FI,record:FI:authentication_audit_log:operator,fills_gap,https://www.suomi.fi/sivu/suomifi-tunnistuksen-tietosuojaseloste,403,text/html,,fetch_failed,,2026-10-06
FI,record:FI:authentication_audit_log:register,fills_gap,https://www.suomi.fi/sivu/suomifi-tunnistuksen-tietosuojaseloste,403,text/html,,fetch_failed,,2026-10-06
FI,record:FI:border_control:operator,fills_gap,https://poliisi.fi/documents/25235045/26823782/Tietosuojaseloste;+Schengenin+tietoj%C3%A4rjestelm%C3%A4n+kansallinen+j%C3%A4rjestelm%C3%A4.pdf/af420890-0a67-b39b-da12-314557f59f7e/Tietosuojaseloste;+Schengenin+tietoj%C3%A4rjestelm%C3%A4n+kansallinen+j%C3%A4rjestelm%C3%A4.pdf?t=1615875272104,200,application/pdf,1d379a04e91fb3d1e065a7b5d110b0310afcd712d947ccac0ebc8ab0ff4fcdde,exact,https://web.archive.org/web/20211130210642/https://poliisi.fi/documents/25235045/26823782/Tietosuojaseloste;+Schengenin+tietoj%C3%A4rjestelm%C3%A4n+kansallinen+j%C3%A4rjestelm%C3%A4.pdf/af420890-0a67-b39b-da12-314557f59f7e/Tietosuojaseloste;+Schengenin+tietoj%C3%A4rjestelm%C3%A4n+kansallinen+j%C3%A4rjestelm%C3%A4.pdf?t=1615875272104,2026-09-30
FI,record:FI:business_registry:operator,fills_gap,https://opendata.finlex.fi/finlex/avoindata/v1/akn/fi/act/statute-consolidated/2023/564/fin@,200,application/xml,b3c7e76672f28e5fc13613332631716005e52b5742c253c9d9f75931a0fe2d0e,exact,,2026-09-30
FI,record:FI:civil_registry:operator,fills_gap,https://dvv.fi/vtj-tietosuoja,200,text/html,e637e82fb4f5abbdb2278d2623ae3f7e744cd566a5abe580c1bbb829b4fd1355,exact,https://web.archive.org/web/20260831170900/https://dvv.fi/vtj-tietosuoja,2026-09-30
FI,record:FI:civil_registry:register,fills_gap,https://dvv.fi/en/population-information-system,200,text/html,c2327f7f094f46cc3d53e71b00a11faeab5fafc300e37cc5a115b6dd7d985b2f,exact,https://web.archive.org/web/20260512125439/https://dvv.fi/en/population-information-system,2026-09-30
FI,record:FI:digital_identity_credentials:operator,fills_gap,https://dvv.fi/varmennetietojarjestelman-tietosuoja,200,text/html,894c6ba255c9afab213e8c984d0a7700f8bd716ca21cf1bee667fb4093cc7e50,exact,https://web.archive.org/web/20251229202228/https://dvv.fi/varmennetietojarjestelman-tietosuoja,2026-09-30
FI,record:FI:education:operator,fills_gap,https://opendata.finlex.fi/finlex/avoindata/v1/akn/fi/act/statute-consolidated/2017/884/fin@,200,application/xml,9e72e213ab506461596e00438d388742dcb3395e151f439d74bc283ba3187c92,exact,,2026-09-30
FI,record:FI:education:register,fills_gap,https://opendata.finlex.fi/finlex/avoindata/v1/akn/fi/act/statute-consolidated/2017/884/fin@,200,application/xml,9e72e213ab506461596e00438d388742dcb3395e151f439d74bc283ba3187c92,not_found,,2026-10-06
FI,record:FI:electoral_management:operator,fills_gap,https://dvv.fi/aanioikeusrekisterin-tietosuoja,200,text/html,8fd1bf75089ba3fe8781adb8ede3d123046fd418ca807137aedf448bcaa1c3f2,exact,https://web.archive.org/web/20260529172204/https://dvv.fi/aanioikeusrekisterin-tietosuoja,2026-09-30
FI,record:FI:electoral_roll:operator,corrects,https://www.oikeusrekisterikeskus.fi/ajankohtaista/tiedote-ja-uutisarkisto/uusi-vaalitietojarjestelma-testissa-kayttajien-nakemykset-tarkeita-vaalitietojarjestelman-kehityksessa/,200,text/html,50bca03d771d8b4f11104942f139336b93d84429713da30c3944e1317c65537a,exact,https://web.archive.org/web/20260617125057/https://www.oikeusrekisterikeskus.fi/ajankohtaista/tiedote-ja-uutisarkisto/uusi-vaalitietojarjestelma-testissa-kayttajien-nakemykset-tarkeita-vaalitietojarjestelman-kehityksessa/,2026-10-02
FI,record:FI:electoral_roll:operator,fills_gap,https://dvv.fi/aanioikeusrekisterin-tietosuoja,200,text/html,8fd1bf75089ba3fe8781adb8ede3d123046fd418ca807137aedf448bcaa1c3f2,exact,https://web.archive.org/web/20260529172204/https://dvv.fi/aanioikeusrekisterin-tietosuoja,2026-09-30
FI,record:FI:electoral_roll:register,fills_gap,https://dvv.fi/aanioikeusrekisterin-tietosuoja,200,text/html,8fd1bf75089ba3fe8781adb8ede3d123046fd418ca807137aedf448bcaa1c3f2,exact,https://web.archive.org/web/20260529172204/https://dvv.fi/aanioikeusrekisterin-tietosuoja,2026-09-30
FI,record:FI:emergency_communications:operator,fills_gap,https://opendata.finlex.fi/finlex/avoindata/v1/akn/fi/act/statute-consolidated/2010/692/fin@20230438,200,application/xml,fd46c5795471c03b8434967c473dbd8726b515178e771f3565af979312d461ce,not_found,,2026-10-06
FI,record:FI:emergency_communications:register,fills_gap,https://opendata.finlex.fi/finlex/avoindata/v1/akn/fi/act/statute-consolidated/2010/692/fin@20230438,200,application/xml,fd46c5795471c03b8434967c473dbd8726b515178e771f3565af979312d461ce,not_found,,2026-10-06
FI,record:FI:facial_biometric:register,fills_gap,https://poliisi.fi/documents/25235045/26823782/Poliisin+asiakirjajulkisuuskuvaus.pdf/0bc008c3-7106-fa8b-89a1-fb01b8088e8d?t=1630301434861,200,application/pdf,1297d2dc05f2998cc197a297d4357cce242cb64b3fc598ffdf488cbe5685a810,exact,,2026-09-30
FI,record:FI:fingerprint_biometric:register,fills_gap,https://poliisi.fi/documents/25235045/26823782/Poliisin+asiakirjajulkisuuskuvaus.pdf/0bc008c3-7106-fa8b-89a1-fb01b8088e8d?t=1630301434861,200,application/pdf,1297d2dc05f2998cc197a297d4357cce242cb64b3fc598ffdf488cbe5685a810,exact,,2026-09-30
FI,record:FI:fingerprint_biometric:register,fills_gap,https://poliisi.fi/neuvontapalvelu/-/asset_publisher/ZtAEeHB39Lxr/content/sormenjaljet-matkustusoikeudelliselle-henkilokortille,200,text/html,60ac36abd28ee920d380238248eb9259633b4d972ea2889bbb60d780bf3f5b92,exact,,2026-09-30
FI,record:FI:firearms_register:register,fills_gap,https://poliisi.fi/documents/25235045/26823782/Poliisin+asiakirjajulkisuuskuvaus.pdf/0bc008c3-7106-fa8b-89a1-fb01b8088e8d?t=1630301434861,200,application/pdf,1297d2dc05f2998cc197a297d4357cce242cb64b3fc598ffdf488cbe5685a810,exact,,2026-09-30
FI,record:FI:health_insurance:operator,fills_gap,https://opendata.finlex.fi/finlex/avoindata/v1/akn/fi/act/statute-consolidated/2004/1224/fin@20260055,200,application/xml,01114966e4d2318bb6562f55a55d55d896410fa804108bbe4bee73e06ccd5cfb,exact,,2026-09-30
FI,record:FI:issuance_history:register,fills_gap,https://poliisi.fi/documents/25235045/26823782/Poliisin+asiakirjajulkisuuskuvaus.pdf/0bc008c3-7106-fa8b-89a1-fb01b8088e8d?t=1630301434861,200,application/pdf,1297d2dc05f2998cc197a297d4357cce242cb64b3fc598ffdf488cbe5685a810,exact,,2026-09-30
FI,record:FI:judicial_criminal:operator,fills_gap,https://opendata.finlex.fi/finlex/avoindata/v1/akn/fi/act/statute-consolidated/1993/770/fin@20250172,200,application/xml,7b6bc11bab3bf9b2fdfc7783eaf437ac2b37940ecb5c21af676605d21f0a0fad,exact,,2026-09-30
FI,record:FI:judicial_criminal:register,fills_gap,https://opendata.finlex.fi/finlex/avoindata/v1/akn/fi/act/statute-consolidated/1993/770/fin@20250172,200,application/xml,7b6bc11bab3bf9b2fdfc7783eaf437ac2b37940ecb5c21af676605d21f0a0fad,not_found,,2026-10-06
FI,record:FI:land_property:operator,fills_gap,https://opendata.finlex.fi/finlex/avoindata/v1/akn/fi/act/statute-consolidated/2002/453/fin@20190103,200,application/xml,5541c30f14595fc5406c9fc5a3462f9e0b0cc723d7a71a862e56b58efaf755b3,exact,,2026-09-30
FI,record:FI:land_property:register,fills_gap,https://opendata.finlex.fi/finlex/avoindata/v1/akn/fi/act/statute-consolidated/2002/453/fin@20190103,200,application/xml,5541c30f14595fc5406c9fc5a3462f9e0b0cc723d7a71a862e56b58efaf755b3,not_found,,2026-10-06
FI,record:FI:official_gazette:register,fills_gap,https://opendata.finlex.fi/finlex/avoindata/v1/akn/fi/act/statute-consolidated/2000/188/fin@20241033,200,application/xml,4eb4465e3c6be7b93f60ab62b5f3ab64b7d4ca56dd896395531715bebdfc972b,not_found,,2026-10-06
FI,record:FI:police_records:register,fills_gap,https://poliisi.fi/documents/25235045/26823782/Poliisin+asiakirjajulkisuuskuvaus.pdf/0bc008c3-7106-fa8b-89a1-fb01b8088e8d?t=1630301434861,200,application/pdf,1297d2dc05f2998cc197a297d4357cce242cb64b3fc598ffdf488cbe5685a810,exact,,2026-09-30
FI,record:FI:residence_permits:operator,fills_gap,https://opendata.finlex.fi/finlex/avoindata/v1/akn/fi/act/statute-consolidated/2020/615/fin@,200,application/xml,a1f07fceaa7d3de08dc14b6a95ce800cb9bd17e4ec2209b7ce143272c02ab792,not_found,,2026-10-06
FI,record:FI:vehicle_licensing:operator,fills_gap,https://opendata.finlex.fi/finlex/avoindata/v1/akn/fi/act/statute-consolidated/2017/320/fin@20251001,200,application/xml,a9fd12e2dc21622a4856331e271dbfb05ced853e2f21ac86bb9315b53e43c17a,exact,,2026-09-30
FR,indicator:FR:K1,corroborates,https://www.legifrance.gouv.fr/jorf/id/JORFSCTA000025635365,403,text/html,,fetch_failed,,2026-10-06
FR,indicator:FR:K2,corroborates,https://www.franceconnect.gouv.fr/cgu/,200,text/html,d238e9aed4edcec15ae99393263cdcd87eef7769cc56e943a225db7452529132,exact,https://web.archive.org/web/20260907155638/https://www.franceconnect.gouv.fr/cgu/,2026-09-30
FR,indicator:FR:L1,fills_gap,https://www.legifrance.gouv.fr/loda/article_lc/LEGIARTI000049565888/2024-05-23,403,text/html,,fetch_failed,,2026-10-06
FR,indicator:FR:L3,corroborates,https://www.legifrance.gouv.fr/jorf/id/JORFTEXT000053900789,403,text/html,,fetch_failed,,2026-10-06
FR,record:FR:border_control:register,fills_gap,https://www.cnil.fr/fr/systeme-dinformation-sur-les-visas-visa-information-system-vis,200,text/html,e1d2a58def357ccdbc1d66ec0443658cf8a66f9857980d694e1a1121e3559675,exact,,2026-09-30
FR,record:FR:central_bank:operator,fills_gap,https://www.banque-france.fr/en/financial-stability/institutional-framework/systems-operated-banque-de-france,200,text/html,47cdfbfdcfd0c5d728d18271802e9bb1a4c5d7ef0bc0f532500eaa7323aeb5b5,exact,https://web.archive.org/web/20260905155101/https://www.banque-france.fr/en/financial-stability/institutional-framework/systems-operated-banque-de-france,2026-09-30
FR,record:FR:central_bank:register,fills_gap,https://www.banque-france.fr/en/financial-stability/institutional-framework/systems-operated-banque-de-france,200,text/html,47cdfbfdcfd0c5d728d18271802e9bb1a4c5d7ef0bc0f532500eaa7323aeb5b5,exact,https://web.archive.org/web/20260905155101/https://www.banque-france.fr/en/financial-stability/institutional-framework/systems-operated-banque-de-france,2026-09-30
FR,record:FR:civil_registry:operator,corroborates,https://www.insee.fr/fr/metadonnees/definition/c1602,200,text/html,03403caf6db06f3e2180cf70366e2c74b48478948d158c996cd03ab3cb92808a,exact,https://web.archive.org/web/20260703065105/https://www.insee.fr/fr/metadonnees/definition/c1602,2026-09-30
FR,record:FR:civil_registry:register,corroborates,https://www.insee.fr/fr/metadonnees/definition/c1602,200,text/html,03403caf6db06f3e2180cf70366e2c74b48478948d158c996cd03ab3cb92808a,exact,https://web.archive.org/web/20260703065105/https://www.insee.fr/fr/metadonnees/definition/c1602,2026-09-30
FR,record:FR:crisis_management:register,corroborates,https://fr-alert.gouv.fr/propos,error,,,fetch_failed,,2026-10-06
FR,record:FR:defence_command:foreign_dependency,corrects,https://www.defense.gouv.fr/dirisi/actualites/data-center-dimensionne-aux-enjeux-nos-armees,timeout,,,fetch_failed,,2026-10-06
FR,record:FR:digital_identity_credentials:operator,fills_gap,https://docs.partenaires.franceconnect.gouv.fr/fi/general/fi-general-presentation/,200,text/html,ac47bb7a94746906ee7fd205801c3ee00e3d5f929951b3953f970f49e0433843,exact,https://web.archive.org/web/20260609080237/https://docs.partenaires.franceconnect.gouv.fr/fi/general/fi-general-presentation/,2026-09-30
FR,record:FR:digital_identity_credentials:register,fills_gap,https://www.franceconnect.gouv.fr/cgu/,200,text/html,d238e9aed4edcec15ae99393263cdcd87eef7769cc56e943a225db7452529132,exact,https://web.archive.org/web/20260907155638/https://www.franceconnect.gouv.fr/cgu/,2026-09-30
FR,record:FR:education:register,fills_gap,https://www.legifrance.gouv.fr/jorf/id/JORFTEXT000046891661,403,text/html,,fetch_failed,,2026-10-06
FR,record:FR:electoral_roll:operator,fills_gap,https://www.insee.fr/fr/information/3539086,200,text/html,e16185be75d69fc8c6de1c147c1a10964d91ec720bacc1b0f5565d6f64cfb35a,exact,https://web.archive.org/web/20260910152019/https://www.insee.fr/fr/information/3539086,2026-09-30
FR,record:FR:electoral_roll:register,fills_gap,https://www.insee.fr/fr/information/3539086,200,text/html,e16185be75d69fc8c6de1c147c1a10964d91ec720bacc1b0f5565d6f64cfb35a,exact,https://web.archive.org/web/20260910152019/https://www.insee.fr/fr/information/3539086,2026-09-30
FR,record:FR:facial_biometric:operator,corroborates,https://www.legifrance.gouv.fr/loda/id/JORFTEXT000033318345,403,text/html,,fetch_failed,,2026-10-06
FR,record:FR:fingerprint_biometric:operator,corroborates,https://www.legifrance.gouv.fr/loda/id/JORFTEXT000033318345,403,text/html,,fetch_failed,,2026-10-06
FR,record:FR:issuance_history:operator,corroborates,https://www.legifrance.gouv.fr/loda/id/JORFTEXT000033318345,403,text/html,,fetch_failed,,2026-10-06
FR,record:FR:land_property:count,fills_gap,https://www.cadastre.gouv.fr/scpc/accueil.do,200,text/html,b1ccf348c8787ed19c4a4a1d6d12db4b513549550e1e53f29babde8b4d066711,exact,,2026-09-30
FR,record:FR:land_property:register,fills_gap,https://www.cadastre.gouv.fr/scpc/accueil.do,200,text/html,b1ccf348c8787ed19c4a4a1d6d12db4b513549550e1e53f29babde8b4d066711,exact,,2026-09-30
FR,record:FR:public_finance:register,fills_gap,https://aife.economie.gouv.fr/nos-applications/chorus-et-chorus-formulaire/,200,text/html,0bc4ac99923f6fff652b361e9ab142c8fbd14141cc4605486dc5993a7c42430b,exact,https://web.archive.org/web/20260607062032/https://aife.economie.gouv.fr/nos-applications/chorus-et-chorus-formulaire/,2026-09-30
FR,record:FR:tax:register,fills_gap,https://www.legifrance.gouv.fr/cnil/id/CNILTEXT000017653944,403,text/html,,fetch_failed,,2026-10-06
FR,record:FR:trust_services_pki:operator,fills_gap,https://www.legifrance.gouv.fr/jorf/id/JORFSCTA000025635365,403,text/html,,fetch_failed,,2026-10-06
FR,record:FR:trust_services_pki:register,corroborates,https://www.legifrance.gouv.fr/jorf/id/JORFSCTA000025635365,403,text/html,,fetch_failed,,2026-10-06
FR,record:FR:water_control:operator,fills_gap,https://lannuaire.service-public.gouv.fr/gouvernement/7e9f75fc-5862-4a33-8015-da82e7edfafd,200,text/html,5570149671566a71bff43b27a5ffb832843d8866bb1620d0854ae4bfe7bc583d,exact,https://web.archive.org/web/20251202100405/https://lannuaire.service-public.gouv.fr/gouvernement/7e9f75fc-5862-4a33-8015-da82e7edfafd,2026-09-30
FR,record:FR:water_control:register,fills_gap,https://www.vigicrues.gouv.fr/,200,text/html,31e3f25e407ab08af6381aeebc391856b3ff0dd1d77394c06ea317853c496cb7,exact,https://web.archive.org/web/20260930055744/https://www.vigicrues.gouv.fr/,2026-09-30
HR,indicator:HR:K2,corroborates,https://nias.gov.hr/Home/TermsOfUse,200,text/html,09ec39c394b76397216a834715be39cdab5bb559f5310a067ad03ed00ee26a7a,exact,https://web.archive.org/web/20250914232256/https://nias.gov.hr/Home/TermsOfUse,2026-09-30
HR,indicator:HR:L2,upgrade,https://narodne-novine.nn.hr/clanci/sluzbeni/2007_07_79_2483.html,200,text/html,11c1e1c808a8ece69c11e8f9e8e05c0837d9a5d7df1fd8559fc36765761082a3,exact,https://web.archive.org/web/20260511212235/https://narodne-novine.nn.hr/clanci/sluzbeni/2007_07_79_2483.html,2026-09-30
HR,record:HR:benefits_pensions:register,fills_gap,https://narodne-novine.nn.hr/clanci/sluzbeni/2013_12_157_3290.html,200,text/html,ef260118ad54778891593b512858f1f38b51196ed592f99eec7d1b4371ca09e0,exact,https://web.archive.org/web/20260710205648/https://narodne-novine.nn.hr/clanci/sluzbeni/2013_12_157_3290.html,2026-09-30
HR,record:HR:border_control:register,upgrade,https://narodne-novine.nn.hr/clanci/sluzbeni/2013_07_83_1738.html,200,text/html,686b01ec159515e874ba47ec9be3c74aec7e5f773e0f7e83dc1812e1aa667c7f,exact,https://web.archive.org/web/20260511211909/https://narodne-novine.nn.hr/clanci/sluzbeni/2013_07_83_1738.html,2026-09-30
HR,record:HR:business_registry:operator,upgrade,https://narodne-novine.nn.hr/clanci/sluzbeni/1995_01_1_1.html,200,text/html,71a11956d8e7c358b56e149d7d982129ac0122d95f29973d2cfecd6e1f175822,exact,https://web.archive.org/web/20260616093421/https://narodne-novine.nn.hr/clanci/sluzbeni/1995_01_1_1.html,2026-09-30
HR,record:HR:civil_registry:register,upgrade,https://narodne-novine.nn.hr/clanci/sluzbeni/1993_10_96_1878.html,200,text/html,f979b46211ffcde851902daa07b031e360f7dd25ee977bd707472ae23675d879,exact,https://web.archive.org/web/20260420162921/https://narodne-novine.nn.hr/clanci/sluzbeni/1993_10_96_1878.html,2026-09-30
HR,record:HR:digital_identity_credentials:operator,fills_gap,https://nias.gov.hr/Home/TermsOfUse,200,text/html,09ec39c394b76397216a834715be39cdab5bb559f5310a067ad03ed00ee26a7a,exact,https://web.archive.org/web/20250914232256/https://nias.gov.hr/Home/TermsOfUse,2026-09-30
HR,record:HR:digital_identity_credentials:register,fills_gap,https://nias.gov.hr/Home/TermsOfUse,200,text/html,09ec39c394b76397216a834715be39cdab5bb559f5310a067ad03ed00ee26a7a,exact,https://web.archive.org/web/20250914232256/https://nias.gov.hr/Home/TermsOfUse,2026-09-30
HR,record:HR:electoral_roll:operator,fills_gap,https://narodne-novine.nn.hr/clanci/sluzbeni/2012_12_144_3073.html,200,text/html,4c11f28775fd2720d9fae8320d055f9619e31668479ba45dff1035cc7bca0c91,exact,https://web.archive.org/web/20260518065722/https://narodne-novine.nn.hr/clanci/sluzbeni/2012_12_144_3073.html,2026-09-30
HR,record:HR:electoral_roll:register,fills_gap,https://narodne-novine.nn.hr/clanci/sluzbeni/2012_12_144_3073.html,200,text/html,4c11f28775fd2720d9fae8320d055f9619e31668479ba45dff1035cc7bca0c91,exact,https://web.archive.org/web/20260518065722/https://narodne-novine.nn.hr/clanci/sluzbeni/2012_12_144_3073.html,2026-09-30
HR,record:HR:facial_biometric:operator,upgrade,https://narodne-novine.nn.hr/clanci/sluzbeni/2019_12_127_2551.html,200,text/html,0247ad2a7714a916631e2a039020a17f7eaccd11d7ffc3d3cbba1b10c2fe4f19,exact,https://web.archive.org/web/20260612053149/https://narodne-novine.nn.hr/clanci/sluzbeni/2019_12_127_2551.html,2026-09-30
HR,record:HR:fingerprint_biometric:register,corrects,https://forenzika.gov.hr/abis/96,200,text/html,b04b1ad76324fb96b8bf40069aac09efc979e33d2655d5cfdf25be95b359a335,exact,,2026-10-02
HR,record:HR:firearms_register:register,fills_gap,https://narodne-novine.nn.hr/clanci/sluzbeni/2018_10_94_1816.html,200,text/html,bf419c44edd5e4ba7a460ad399d44912631387d88d2b296ec6f469bbb05e2b3b,exact,,2026-09-30
HR,record:HR:geospatial:operator,upgrade,https://narodne-novine.nn.hr/clanci/sluzbeni/2018_12_112_2167.html,200,text/html,594bcacd79a018ba3ff83c2e7befc1dfaf854e599b84a7c595de6b4812fcc1fe,exact,,2026-09-30
HR,record:HR:geospatial:register,upgrade,https://narodne-novine.nn.hr/clanci/sluzbeni/2018_12_112_2167.html,200,text/html,594bcacd79a018ba3ff83c2e7befc1dfaf854e599b84a7c595de6b4812fcc1fe,exact,,2026-09-30
HR,record:HR:health_records:operator,upgrade,https://narodne-novine.nn.hr/clanci/sluzbeni/2019_02_14_269.html,200,text/html,f117ec3f2d268975be2a44555af645ab73009fe837e168c935bfe2b43878b50a,exact,https://web.archive.org/web/20260514042307/https://narodne-novine.nn.hr/clanci/sluzbeni/2019_02_14_269.html,2026-09-30
HR,record:HR:health_records:register,upgrade,https://narodne-novine.nn.hr/clanci/sluzbeni/2019_02_14_269.html,200,text/html,f117ec3f2d268975be2a44555af645ab73009fe837e168c935bfe2b43878b50a,exact,https://web.archive.org/web/20260514042307/https://narodne-novine.nn.hr/clanci/sluzbeni/2019_02_14_269.html,2026-09-30
HR,record:HR:intelligence:register,fills_gap,https://narodne-novine.nn.hr/clanci/sluzbeni/2006_07_79_1912.html,200,text/html,a7763c4d1685c1199c53f67fd6758067be88b7ffcb9e19f1e8811636a62ecf14,exact,,2026-09-30
HR,record:HR:judicial_criminal:operator,fills_gap,https://narodne-novine.nn.hr/clanci/sluzbeni/2012_12_143_3030.html,200,text/html,b2e11e08207a866f4bda81338cff4f1782cc6b2a2dc33885c5ef7ff5c5cc056c,exact,https://web.archive.org/web/20260519010034/https://narodne-novine.nn.hr/clanci/sluzbeni/2012_12_143_3030.html,2026-09-30
HR,record:HR:land_property:register,upgrade,https://narodne-novine.nn.hr/clanci/sluzbeni/2019_06_63_1234.html,200,text/html,ff7342843427107ad56f630b4a5281c82b8d337160117b03e80e94ff972f2e8e,exact,https://web.archive.org/web/20260612120931/https://narodne-novine.nn.hr/clanci/sluzbeni/2019_06_63_1234.html,2026-09-30
HR,record:HR:police_records:register,upgrade,https://narodne-novine.nn.hr/clanci/sluzbeni/2009_07_76_1835.html,200,text/html,9dd9320bfd70c46aa7c211b222637d314f22e9bedf1c601d7e72cb9fb953c47f,exact,https://web.archive.org/web/20260617104913/https://narodne-novine.nn.hr/clanci/sluzbeni/2009_07_76_1835.html,2026-09-30
HR,record:HR:public_health_surveillance:operator,upgrade,https://narodne-novine.nn.hr/clanci/sluzbeni/2019_02_14_269.html,200,text/html,f117ec3f2d268975be2a44555af645ab73009fe837e168c935bfe2b43878b50a,exact,https://web.archive.org/web/20260514042307/https://narodne-novine.nn.hr/clanci/sluzbeni/2019_02_14_269.html,2026-09-30
HR,record:HR:public_health_surveillance:register,upgrade,https://narodne-novine.nn.hr/clanci/sluzbeni/2019_02_14_269.html,200,text/html,f117ec3f2d268975be2a44555af645ab73009fe837e168c935bfe2b43878b50a,exact,https://web.archive.org/web/20260514042307/https://narodne-novine.nn.hr/clanci/sluzbeni/2019_02_14_269.html,2026-09-30
HU,indicator:HU:C1,corrects,https://nisz.hu/sajtoszoba/uj-szintre-lep-az-allami-digitalizacio-indul-a-biz-d225,error,,,fetch_failed,,2026-10-06
HU,indicator:HU:C2,corrects,https://nisz.hu/sajtoszoba/uj-szintre-lep-az-allami-digitalizacio-indul-a-biz-d225,error,,,fetch_failed,,2026-10-06
HU,indicator:HU:L1,upgrade,https://nki.gov.hu/hatosag/tartalom/felho/,200,text/html,631ea1eaea7b073b2854aee082c82f75cb3b70ae1e557e31dd9efa95da4b381d,loose,https://web.archive.org/web/20250628235716/https://nki.gov.hu/hatosag/tartalom/felho/,2026-09-30
HU,indicator:HU:L2,corroborates,https://nki.gov.hu/hatosag/tartalom/felho/,200,text/html,631ea1eaea7b073b2854aee082c82f75cb3b70ae1e557e31dd9efa95da4b381d,exact,https://web.archive.org/web/20250628235716/https://nki.gov.hu/hatosag/tartalom/felho/,2026-09-30
HU,record:HU:authentication_audit_log:foreign_dependency,corrects,https://app.dap.gov.hu/mobilapp-adatkezelesi/20251110.pdf,200,application/pdf,dd747dcbe920d9b91ec3de08baf1282c9781ecdea9a2cb9101e2fa8e969f0f3b,exact,,2026-10-02
HU,record:HU:benefits_pensions:operator,upgrade,https://www.allamkincstar.gov.hu/header-tartalmak/rolunk/a-kincstar-szervezete/magyar-allamkincstar-szervezeti-egysegei/nyugdijfolyosito-igazgatosag,200,text/html,e8df602f47919d85c8086c84e84a9c9f8c7dad6fb3f89c2186b803581fa21700,exact,https://web.archive.org/web/20260917090433/https://www.allamkincstar.gov.hu/header-tartalmak/rolunk/a-kincstar-szervezete/magyar-allamkincstar-szervezeti-egysegei/nyugdijfolyosito-igazgatosag,2026-09-30
HU,record:HU:benefits_pensions:register,upgrade,https://www.allamkincstar.gov.hu/header-tartalmak/rolunk/a-kincstar-tevekenysege/a-kincstar-tevekenysege1,200,text/html,ef5f33de459e2d56097f3f68393dba63100cdfb421914501eda915cba62925c6,exact,https://web.archive.org/web/20260616063952/https://www.allamkincstar.gov.hu/header-tartalmak/rolunk/a-kincstar-tevekenysege/a-kincstar-tevekenysege1,2026-09-30
HU,record:HU:civil_registry:register,upgrade,https://www.idomsoft.hu/termekek,200,text/html,1e5b0cd5a781bafe4c3d2b10bd7abc3a742cca8bba3858f59d47e467e935360c,exact,https://web.archive.org/web/20260512054003/https://www.idomsoft.hu/termekek/,2026-09-30
HU,record:HU:crisis_management:register,upgrade,https://www.katasztrofavedelem.hu/49/molari-rendszer,200,text/html,b74ff2aaa6c8d07a09a2edc58e9dc75f2b0469897a680a84df6182a1f100ff3a,loose,,2026-09-30
HU,record:HU:customs:count,fills_gap,https://nav.gov.hu/pfile/file?path=/kiadvanyok/evkonyvek/nav-evkonyv-2025,200,application/pdf,1ebfa17ea6f836dff7b1f15e7f2f08c34a316cc56680063de9b1e4020ff72bff,exact,,2026-09-30
HU,record:HU:customs:register,fills_gap,https://nav.gov.hu/pfile/file?path=/kiadvanyok/evkonyvek/nav-evkonyv-2025,200,application/pdf,1ebfa17ea6f836dff7b1f15e7f2f08c34a316cc56680063de9b1e4020ff72bff,exact,,2026-09-30
HU,record:HU:digital_identity_credentials:operator,corroborates,https://dap.gov.hu/impresszum,200,text/html,be097628381ef20ec9b9949547b033bba182d4172d59add778a032df99c8c885,exact,https://web.archive.org/web/20260519223451/https://dap.gov.hu/impresszum,2026-09-30
HU,record:HU:digital_identity_credentials:operator,upgrade,https://www.idomsoft.hu/rolunk/tortenetunk,200,text/html,9275fcdb6fa2e05637d474783f7e62656325da031d24604923ecc2f3dcdd0b7b,exact,https://web.archive.org/web/20260422201158/https://www.idomsoft.hu/rolunk/tortenetunk/,2026-09-30
HU,record:HU:electoral_management:operator,fills_gap,https://www.valasztas.hu/nemzeti-valasztasi-iroda,robots-denied,,,fetch_failed,,2026-10-06
HU,record:HU:electoral_management:register,fills_gap,https://www.idomsoft.hu/termekek,200,text/html,1e5b0cd5a781bafe4c3d2b10bd7abc3a742cca8bba3858f59d47e467e935360c,exact,https://web.archive.org/web/20260512054003/https://www.idomsoft.hu/termekek/,2026-09-30
HU,record:HU:emergency_communications:register,upgrade,https://pro-m.hu/vezetek-nelkuli-halozat-edr/,200,text/html,635c6b73eaa33d5d741db242cb714cca934a94bec7afac561c53a2892beb0bd1,exact,https://web.archive.org/web/20260916150440/https://pro-m.hu/vezetek-nelkuli-halozat-edr/,2026-09-30
HU,record:HU:geospatial:operator,upgrade,https://lechnerkozpont.hu/oldal/bemutatkozas,200,text/html,dd5973fe0c63ee828cab19a510000453957e2f889163d1c071314a66351d56b3,exact,https://web.archive.org/web/20260615083845/https://lechnerkozpont.hu/oldal/bemutatkozas,2026-09-30
HU,record:HU:geospatial:register,upgrade,https://lechnerkozpont.hu/oldal/cimregiszter,200,text/html,25a2226c854a04b96c5b0d35d680e9d5fff8c18d56ea4ccdc54ffcb3dec387ff,exact,https://web.archive.org/web/20260512221840/https://lechnerkozpont.hu/oldal/cimregiszter,2026-09-30
HU,record:HU:government_payroll:register,upgrade,https://www.allamkincstar.gov.hu/header-tartalmak/rolunk/a-kincstar-tevekenysege/a-kincstar-tevekenysege1,200,text/html,ef5f33de459e2d56097f3f68393dba63100cdfb421914501eda915cba62925c6,exact,https://web.archive.org/web/20260616063952/https://www.allamkincstar.gov.hu/header-tartalmak/rolunk/a-kincstar-tevekenysege/a-kincstar-tevekenysege1,2026-09-30
HU,record:HU:grid_control:operator,fills_gap,https://mavir.hu/web/mavir/rendszeriranyitas,robots-denied,,,fetch_failed,,2026-10-06
HU,record:HU:health_insurance:operator,upgrade,https://www.neak.gov.hu/felso_menu/rolunk/kozerdeku_adatok/tevekenysegre_mukodesre_vonatkozo_adatok/a_szerv_feladata_alaptevekenysege_es_hatarkore/en_a_szerv_alaptevekenyege_feladata_es_hatarkore/a_neak_feladata_alaptevekenysege_hataskore_angol,200,text/html,7f85ec2ca47884959ef3faf35fbb4a02c165c61ed17b22c07e1dad5390f4cf88,exact,https://web.archive.org/web/20260609092111/https://www.neak.gov.hu/felso_menu/rolunk/kozerdeku_adatok/tevekenysegre_mukodesre_vonatkozo_adatok/a_szerv_feladata_alaptevekenysege_es_hatarkore/en_a_szerv_alaptevekenyege_feladata_es_hatarkore/a_neak_feladata_alaptevekenysege_hataskore_angol,2026-09-30
HU,record:HU:health_insurance:register,upgrade,https://www.neak.gov.hu/felso_menu/rolunk/kozerdeku_adatok/tevekenysegre_mukodesre_vonatkozo_adatok/a_szerv_nyilvantartasai/bejelentett_szemelyek_jogviszonyadatainak_nyilvant/bejelentett_szemeleyek_jogviszonyadatainak_nyilvan,200,text/html,d3633ec112d108928522d47ecd951e6a9fbcdd780308f7934e05127d878c7c93,exact,https://web.archive.org/web/20260520013907/https://www.neak.gov.hu/felso_menu/rolunk/kozerdeku_adatok/tevekenysegre_mukodesre_vonatkozo_adatok/a_szerv_nyilvantartasai/bejelentett_szemelyek_jogviszonyadatainak_nyilvant/bejelentett_szemeleyek_jogviszonyadatainak_nyilvan,2026-09-30
HU,record:HU:issuance_history:foreign_dependency,corrects,https://nisz.hu/sajtoszoba/uj-kormanyzati-adatkozponttal-folytatodik-a-koziga-d193,error,,,fetch_failed,,2026-10-06
HU,record:HU:issuance_history:operator,contradicts,https://kormany.hu/nyilvantartasok/biometrikus-utlevel/biometrikus-utlevel,200,text/html,5551ee3bff6726ba83b7305434bc7fc169a1e8dee96d16afc6b9030b7a67bac0,exact,https://web.archive.org/web/20260928081611/https://kormany.hu/nyilvantartasok/biometrikus-utlevel/biometrikus-utlevel,2026-09-30
HU,record:HU:issuance_history:register,upgrade,https://www.idomsoft.hu/termekek,200,text/html,1e5b0cd5a781bafe4c3d2b10bd7abc3a742cca8bba3858f59d47e467e935360c,exact,https://web.archive.org/web/20260512054003/https://www.idomsoft.hu/termekek/,2026-09-30
HU,record:HU:land_property:operator,upgrade,https://lechnerkozpont.hu/oldal/ingatlan-nyilvantartas-attekintes,200,text/html,995fe2ac5802c454254c2e0e66f1f9a3288a7fc6f9c22e0a211976c3d97df7a5,exact,https://web.archive.org/web/20260615084146/https://lechnerkozpont.hu/oldal/ingatlan-nyilvantartas-attekintes,2026-09-30
HU,record:HU:land_property:register,supersedes,https://kormany.hu/hirek/buntetofeljelentest-tesz-a-kormany-a-felkesz-ingatlan-nyilvantartasi-rendszer-miatt,200,text/html,87cb15cd50310f7a9f09427a29489379113e98436260f818a9a7005ba4422242,exact,,2026-09-30
HU,record:HU:land_property:register,upgrade,https://lechnerkozpont.hu/oldal/ingatlan-nyilvantartas-attekintes,200,text/html,995fe2ac5802c454254c2e0e66f1f9a3288a7fc6f9c22e0a211976c3d97df7a5,exact,https://web.archive.org/web/20260615084146/https://lechnerkozpont.hu/oldal/ingatlan-nyilvantartas-attekintes,2026-09-30
HU,record:HU:official_gazette:register,fills_gap,https://magyarkozlony.hu/,200,text/html,b0d770a94aaf408f0fa3ab3b00a12eab30acd4855218503e5ba87628e70b5436,exact,,2026-09-30
HU,record:HU:public_finance:operator,fills_gap,https://www.allamkincstar.gov.hu/header-tartalmak/rolunk/a-kincstar-tevekenysege/a-kincstar-tevekenysege1,200,text/html,ef5f33de459e2d56097f3f68393dba63100cdfb421914501eda915cba62925c6,exact,https://web.archive.org/web/20260616063952/https://www.allamkincstar.gov.hu/header-tartalmak/rolunk/a-kincstar-tevekenysege/a-kincstar-tevekenysege1,2026-09-30
HU,record:HU:public_finance:register,fills_gap,https://www.allamkincstar.gov.hu/nem-lakossagi-ugyek/kozponti-koltsegvetes-vegrehajtasat-tamogato-rendszer-kkvtr--ifmis1,200,text/html,30e2f987418ced92fc7d4b0dc2c5598aaabbad122bd9e4df6882cefcb115b7fe,exact,https://web.archive.org/web/20260422044324/https://www.allamkincstar.gov.hu/nem-lakossagi-ugyek/kozponti-koltsegvetes-vegrehajtasat-tamogato-rendszer-kkvtr--ifmis1,2026-09-30
HU,record:HU:public_health_surveillance:register,corroborates,https://nngyk.gov.hu/hu/szakrendszerek/uzemszunetek.html,200,text/html,105ad07bf0961cfccd374ac16c2f274283f33b5e43e807aa133e95cf2333c82a,exact,https://web.archive.org/web/20260906104753/https://nngyk.gov.hu/hu/szakrendszerek/uzemszunetek.html,2026-09-30
HU,record:HU:residence_permits:count,fills_gap,https://oif.gov.hu/storage/media/K%C3%B6z%C3%A9rdek%C5%B1%20adatok/Gazd%C3%A1lkod%C3%A1si%20adatok/kiadv%C3%A1nyf%C3%BCzetek/2025%20statisztik%C3%A1k.pdf,200,application/pdf,d3521f523981f503580a9ce7bde7dfa4858688c917aa8dba19558c133c878290,not_found,,2026-10-06
HU,record:HU:tax:count,fills_gap,https://nav.gov.hu/pfile/file?path=/kiadvanyok/evkonyvek/nav-evkonyv-2025,200,application/pdf,1ebfa17ea6f836dff7b1f15e7f2f08c34a316cc56680063de9b1e4020ff72bff,exact,,2026-09-30
HU,record:HU:tax:register,fills_gap,https://nav.gov.hu/pfile/file?path=/kiadvanyok/evkonyvek/nav-evkonyv-2025,200,application/pdf,1ebfa17ea6f836dff7b1f15e7f2f08c34a316cc56680063de9b1e4020ff72bff,exact,,2026-09-30
HU,record:HU:trust_services_pki:operator,upgrade,https://hiteles.gov.hu/cikk/185/kormanyzati_hitelesites_szolgaltato,200,text/html,f14b99e17bf65ee29986c5c54749d1bbe506ebcff563c401b37d8003b7c13466,exact,https://web.archive.org/web/20260708154825/https://hiteles.gov.hu/cikk/185/kormanyzati_hitelesites_szolgaltato,2026-09-30
HU,record:HU:trust_services_pki:register,corroborates,https://kormany.hu/nyilvantartasok/biometrikus-utlevel/biometrikus-utlevel,200,text/html,5551ee3bff6726ba83b7305434bc7fc169a1e8dee96d16afc6b9030b7a67bac0,exact,https://web.archive.org/web/20260928081611/https://kormany.hu/nyilvantartasok/biometrikus-utlevel/biometrikus-utlevel,2026-09-30
HU,record:HU:vehicle_licensing:register,corroborates,https://kormany.hu/nyilvantartasok/ugyleirasok/adatszolgaltatas-a-kozuti-kozlekedesi-nyilvantartasbol,200,text/html,e45f964725c1f9d1eb99d4cadafe652a4abe852ab4aa17c582b78b1a8ab07f1b,exact,,2026-09-30
HU,record:HU:water_control:operator,fills_gap,https://www.ovf.hu/rolunk/bemutatkozas/bemutatkozas,error,,,fetch_failed,,2026-10-06
IE,indicator:IE:C1,corroborates,https://www.revenue.ie/en/corporate/press-office/annual-report/2025/ar-2025.pdf,200,application/pdf,bddcfa9ebed8cd0881d508da291e41c3df4139dc21097f63755d125b26519846,exact,https://web.archive.org/web/20260507225147/https://www.revenue.ie/en/corporate/press-office/annual-report/2025/ar-2025.pdf,2026-09-30
IE,indicator:IE:C2,corroborates,https://www.ogcio.gov.ie/en/corporate-pages/services/infrastructure/,200,text/html,ab27be5987f2b0dd18f9a3ad6ba7ce219e2bf08421b92698c22f0a6e1afd5735,exact,https://web.archive.org/web/20260618083911/https://www.ogcio.gov.ie/en/corporate-pages/services/infrastructure/,2026-09-30
IE,indicator:IE:K1,fills_gap,https://www.revenue.ie/en/tax-professionals/tdm-wm/income-tax-capital-gains-tax-corporation-tax/part-38/38-06-01.pdf,200,application/pdf,c565b9892f0b598f91ca73e52ee8dbfe7b6f6a588d1697c507cce9b0497d6bff,exact,https://web.archive.org/web/20260520131022/https://www.revenue.ie/en/tax-professionals/tdm-wm/income-tax-capital-gains-tax-corporation-tax/part-38/38-06-01.pdf,2026-09-30
IE,indicator:IE:K2,fills_gap,https://assets.gov.ie/static/documents/d05bae0e/20260915_-_DepartmentSocialProtection_AnnualReport_2025_EN_web.pdf,200,application/pdf,b65ff12721331dd6beb39c3fc9aadfb7b8779607dea78506552db0fdc498f6c8,exact,,2026-09-30
IE,record:IE:beneficial_ownership:operator,fills_gap,https://www.irishstatutebook.ie/eli/2019/si/110/made/en/print,200,text/html,45ca1e0b79cbac111220685f75cf00da8e01f2f301d7177349629d396eff952b,exact,https://web.archive.org/web/20260613064358/https://www.irishstatutebook.ie/eli/2019/si/110/made/en/print,2026-09-30
IE,record:IE:beneficial_ownership:register,fills_gap,https://www.irishstatutebook.ie/eli/2019/si/110/made/en/print,200,text/html,45ca1e0b79cbac111220685f75cf00da8e01f2f301d7177349629d396eff952b,exact,https://web.archive.org/web/20260613064358/https://www.irishstatutebook.ie/eli/2019/si/110/made/en/print,2026-09-30
IE,record:IE:breeder_documents:register,fills_gap,https://www.irishstatutebook.ie/eli/2008/act/4/enacted/en/print,200,text/html,6eb39e4b3dfafe71ff04d45cf134cd1eff76791ffb0820f51a584cc590b781d3,exact,https://web.archive.org/web/20260607170551/https://www.irishstatutebook.ie/eli/2008/act/4/enacted/en/print,2026-09-30
IE,record:IE:central_bank:operator,corroborates,https://www.centralbank.ie/financial-system/payments-and-securities-settlements/target-services/t2,200,text/html,b19f6a9e07e7ede70fe3d3b570945503c772ec02fc6a28010e1ab579e70651fb,exact,https://web.archive.org/web/20260315043823/https://www.centralbank.ie/financial-system/payments-and-securities-settlements/target-services/t2,2026-09-30
IE,record:IE:civil_registry:operator,fills_gap,https://www.irishstatutebook.ie/eli/2004/act/3/section/13/enacted/en/html,200,text/html,f5e2d8345fca712c5ad75260d3d84cfad602e1222512fa38643aadf73d5d0665,exact,https://web.archive.org/web/20260615114456/https://www.irishstatutebook.ie/eli/2004/act/3/section/13/enacted/en/html,2026-09-30
IE,record:IE:civil_registry:register,fills_gap,https://www.irishstatutebook.ie/eli/2004/act/3/section/13/enacted/en/html,200,text/html,f5e2d8345fca712c5ad75260d3d84cfad602e1222512fa38643aadf73d5d0665,exact,https://web.archive.org/web/20260615114456/https://www.irishstatutebook.ie/eli/2004/act/3/section/13/enacted/en/html,2026-09-30
IE,record:IE:crisis_management:operator,fills_gap,https://www.emergencyplanning.ie/,403,text/html,,fetch_failed,,2026-10-06
IE,record:IE:crisis_management:register,fills_gap,https://www.emergencyplanning.ie/,403,text/html,,fetch_failed,,2026-10-06
IE,record:IE:customs:count,fills_gap,https://www.revenue.ie/en/corporate/press-office/annual-report/2025/ar-2025.pdf,200,application/pdf,bddcfa9ebed8cd0881d508da291e41c3df4139dc21097f63755d125b26519846,exact,https://web.archive.org/web/20260507225147/https://www.revenue.ie/en/corporate/press-office/annual-report/2025/ar-2025.pdf,2026-09-30
IE,record:IE:defence_command:foreign_dependency,corrects,https://assets.gov.ie/309800/2b584813-bbbb-4c12-be67-7489bc5c5a8b.pdf,200,application/pdf,d43137f2a9b080a57789859b0fd797fd4327002e96a8585bc2b66f8c3af3ec22,exact,https://web.archive.org/web/20250126183302/https://assets.gov.ie/309800/2b584813-bbbb-4c12-be67-7489bc5c5a8b.pdf,2026-10-02
IE,record:IE:digital_identity_credentials:count,fills_gap,https://assets.gov.ie/static/documents/d05bae0e/20260915_-_DepartmentSocialProtection_AnnualReport_2025_EN_web.pdf,200,application/pdf,b65ff12721331dd6beb39c3fc9aadfb7b8779607dea78506552db0fdc498f6c8,exact,,2026-09-30
IE,record:IE:digital_identity_credentials:operator,fills_gap,https://www.mygovid.ie/en-IE/Privacy,robots-denied,,,fetch_failed,,2026-10-06
IE,record:IE:digital_identity_credentials:register,fills_gap,https://assets.gov.ie/static/documents/d05bae0e/20260915_-_DepartmentSocialProtection_AnnualReport_2025_EN_web.pdf,200,application/pdf,b65ff12721331dd6beb39c3fc9aadfb7b8779607dea78506552db0fdc498f6c8,exact,,2026-09-30
IE,record:IE:education:register,fills_gap,https://www.gov.ie/en/department-of-education/services/primary-online-database-pod/,403,text/html,,fetch_failed,,2026-10-06
IE,record:IE:electoral_roll:register,fills_gap,https://cdn.electoralcommission.ie/app/uploads/2025/04/30104313/Oversight-Report-on-the-Electoral-Registers_online_english_tagged.pdf,200,application/pdf,2af1fd3c7093b3834deaa4fd6aeb115022c21abe37e62e898612b892cc218f8f,exact,https://web.archive.org/web/20251026075202/https://cdn.electoralcommission.ie/app/uploads/2025/04/30104313/Oversight-Report-on-the-Electoral-Registers_online_english_tagged.pdf,2026-09-30
IE,record:IE:emergency_communications:register,corroborates,https://www.gov.ie/en/department-of-public-expenditure-infrastructure-public-service-reform-and-digitalisation/press-releases/minister-chambers-and-minister-of-state-feighan-welcome-national-roaming-enhancement-for-first-responders/,403,text/html,,fetch_failed,,2026-10-06
IE,record:IE:government_payroll:count,fills_gap,https://www.nsso.gov.ie/1025/NSSO_Annual_Report_2024_1102.pdf,403,text/html,,fetch_failed,,2026-10-06
IE,record:IE:government_payroll:operator,fills_gap,https://www.nsso.gov.ie/en/publications/annual-report-2024/,403,text/html,,fetch_failed,,2026-10-06
IE,record:IE:government_payroll:register,fills_gap,https://www.nsso.gov.ie/1025/NSSO_Annual_Report_2024_1102.pdf,403,text/html,,fetch_failed,,2026-10-06
IE,record:IE:grid_control:operator,corrects,https://www.eirgrid.ie/did-you-know,200,text/html,69b1a90331254506fb6b14c1558f95a26d0556e0e416cbb2a1502b8798ab6da8,exact,https://web.archive.org/web/20260305052734/https://www.eirgrid.ie/did-you-know,2026-10-02
IE,record:IE:grid_control:register,corrects,https://cms.eirgrid.ie/sites/default/files/publications/GridCodeVersion14.3.pdf,200,application/pdf,dd619749ea445b36b9cc296eb669cced2722528423e379010e154e2eb56beb2f,exact,https://web.archive.org/web/20260828073337/https://cms.eirgrid.ie/sites/default/files/publications/GridCodeVersion14.3.pdf,2026-10-02
IE,record:IE:health_insurance:count,upgrade,https://about.hse.ie/api/v2/download-file/file_based_publications/PCRS_Statistical_Analysis_of_Claims_and_Payments_2025.pdf,robots-denied,,,fetch_failed,,2026-10-06
IE,record:IE:intelligence:operator,corrects,https://assets.gov.ie/309800/2b584813-bbbb-4c12-be67-7489bc5c5a8b.pdf,200,application/pdf,d43137f2a9b080a57789859b0fd797fd4327002e96a8585bc2b66f8c3af3ec22,exact,https://web.archive.org/web/20250126183302/https://assets.gov.ie/309800/2b584813-bbbb-4c12-be67-7489bc5c5a8b.pdf,2026-10-02
IE,record:IE:land_property:count,supersedes,https://tailte.ie/wp-content/uploads/2026/09/Annual-Report-2025-Final-EN-GA-1.pdf,200,application/pdf,8d79393fadf81dfc9fd49ed51fef162f5173b75e80aa73e0d33df348fe05555b,exact,,2026-09-30
IE,record:IE:land_property:register,supersedes,https://tailte.ie/wp-content/uploads/2026/09/Annual-Report-2025-Final-EN-GA-1.pdf,200,application/pdf,8d79393fadf81dfc9fd49ed51fef162f5173b75e80aa73e0d33df348fe05555b,exact,,2026-09-30
IE,record:IE:official_gazette:register,fills_gap,https://www.irisoifigiuil.ie/,robots-denied,,,fetch_failed,,2026-10-06
IE,record:IE:police_records:register,corrects,https://www.cso.ie/en/methods/surveybackgroundnotes/gardarecordedcrimestatistics/,200,text/html,d81fcc22ed8121cdbecb4722c928d8e9ef135c5ea93de5f86c790d0a02487b75,exact,https://web.archive.org/web/20251012082227/https://www.cso.ie/en/methods/surveybackgroundnotes/gardarecordedcrimestatistics/,2026-10-02
IE,record:IE:public_finance:operator,corroborates,https://www.nsso.gov.ie/en/services/finance-services/,403,text/html,,fetch_failed,,2026-10-06
IE,record:IE:public_finance:register,supersedes,https://www.nsso.gov.ie/en/services/finance-services/,403,text/html,,fetch_failed,,2026-10-06
IE,record:IE:tax:count,fills_gap,https://www.revenue.ie/en/corporate/press-office/annual-report/2025/ar-2025.pdf,200,application/pdf,bddcfa9ebed8cd0881d508da291e41c3df4139dc21097f63755d125b26519846,exact,https://web.archive.org/web/20260507225147/https://www.revenue.ie/en/corporate/press-office/annual-report/2025/ar-2025.pdf,2026-09-30
IE,record:IE:tax:operator,fills_gap,https://www.revenue.ie/en/corporate/press-office/annual-report/2025/ar-2025.pdf,200,application/pdf,bddcfa9ebed8cd0881d508da291e41c3df4139dc21097f63755d125b26519846,exact,https://web.archive.org/web/20260507225147/https://www.revenue.ie/en/corporate/press-office/annual-report/2025/ar-2025.pdf,2026-09-30
IE,record:IE:tax:register,fills_gap,https://www.revenue.ie/en/corporate/press-office/annual-report/2025/ar-2025.pdf,200,application/pdf,bddcfa9ebed8cd0881d508da291e41c3df4139dc21097f63755d125b26519846,exact,https://web.archive.org/web/20260507225147/https://www.revenue.ie/en/corporate/press-office/annual-report/2025/ar-2025.pdf,2026-09-30
IT,indicator:IT:C2,fills_gap,https://www.polostrategiconazionale.it/,403,text/html,,fetch_failed,,2026-10-06
IT,indicator:IT:K2,corroborates,https://www.cartaidentita.interno.gov.it/info-utili/entra-con-cie/,200,text/html,e97c2e7e55e2b63af138c54ae341ee2e268bde9c7f124a4445479d3bf0aa11a8,loose,https://web.archive.org/web/20260822165458/https://www.cartaidentita.interno.gov.it/info-utili/entra-con-cie/,2026-10-06
IT,indicator:IT:L2,corroborates,https://www.acn.gov.it/portale/strategia-cloud-italia,200,text/html,1b1d8e3eb4626cd55616324ef268eb670b0a5a187f6b07c75e2734087a7865b9,loose,https://web.archive.org/web/20240918060056/https://www.acn.gov.it/portale/strategia-cloud-italia,2026-09-30
IT,record:IT:beneficial_ownership:register,fills_gap,https://www.normattiva.it/uri-res/N2Ls?urn:nir:stato:decreto.legislativo:2007-11-21;231~art21,200,text/html,eb70d50c77ec750b95e797ae8ea98f6b57218046b21dfb4a4d2be9e1c84b11bc,exact,https://web.archive.org/web/20260106152255/https://www.normattiva.it/uri-res/N2Ls?urn:nir:stato:decreto.legislativo:2007-11-21;231~art21,2026-09-30
IT,record:IT:benefits_pensions:operator,fills_gap,https://www.normattiva.it/uri-res/N2Ls?urn:nir:stato:decreto.del.presidente.della.repubblica:1971-12-31;1388~art1,200,text/html,443f5ab99669b02d77a47d8bf96cf39eced496e6739442d713c225db999ece66,exact,,2026-09-30
IT,record:IT:benefits_pensions:register,fills_gap,https://www.normattiva.it/uri-res/N2Ls?urn:nir:stato:decreto.del.presidente.della.repubblica:1971-12-31;1388~art1,200,text/html,443f5ab99669b02d77a47d8bf96cf39eced496e6739442d713c225db999ece66,exact,,2026-09-30
IT,record:IT:breeder_documents:register,upgrade,https://www.normattiva.it/uri-res/N2Ls?urn:nir:stato:decreto.legislativo:2005-03-07;82~art62,200,text/html,e8d38f314462bff849c2497f01a74c30ce8e2af35bf0ed9ea39b514e35b0e0a8,exact,https://web.archive.org/web/20260125120137/https://www.normattiva.it/uri-res/N2Ls?urn:nir:stato:decreto.legislativo:2005-03-07;82~art62,2026-09-30
IT,record:IT:business_registry:operator,fills_gap,https://www.normattiva.it/uri-res/N2Ls?urn:nir:stato:legge:1993-12-29;580~art8,200,text/html,84b50139ca3260547916a6b0077523a5a43ba4c195be934a41804a3d6ec44f51,loose,,2026-09-30
IT,record:IT:business_registry:register,fills_gap,https://www.normattiva.it/uri-res/N2Ls?urn:nir:stato:legge:1993-12-29;580~art8,200,text/html,84b50139ca3260547916a6b0077523a5a43ba4c195be934a41804a3d6ec44f51,loose,,2026-09-30
IT,record:IT:central_bank:operator,fills_gap,https://www.bancaditalia.it/compiti/sistema-pagamenti/index.html,200,text/html,b7070aa6560648dbb63f60a046201005d5c9552fbb8a5643d0db23000c47f097,loose,,2026-09-30
IT,record:IT:central_bank:register,fills_gap,https://www.bancaditalia.it/compiti/sistema-pagamenti/index.html,200,text/html,b7070aa6560648dbb63f60a046201005d5c9552fbb8a5643d0db23000c47f097,loose,,2026-09-30
IT,record:IT:civil_registry:operator,corroborates,https://www.anagrafenazionale.interno.it/anpr/missione/,200,text/html,4476542e4fbc9865e2de685fb62c76200e5b6d9908c786cf57433bdb44b9b24d,exact,https://web.archive.org/web/20260906012128/https://www.anagrafenazionale.interno.it/anpr/missione/,2026-09-30
IT,record:IT:civil_registry:register,upgrade,https://www.normattiva.it/uri-res/N2Ls?urn:nir:stato:decreto.legislativo:2005-03-07;82~art62,200,text/html,e8d38f314462bff849c2497f01a74c30ce8e2af35bf0ed9ea39b514e35b0e0a8,exact,https://web.archive.org/web/20260125120137/https://www.normattiva.it/uri-res/N2Ls?urn:nir:stato:decreto.legislativo:2005-03-07;82~art62,2026-09-30
IT,record:IT:crisis_management:register,corroborates,https://www.it-alert.it/it/cose/,200,text/html,522ecdaae6d12ca78e7a8b274258a9177a398e27646c1914631237092002b486,exact,https://web.archive.org/web/20260629070727/https://www.it-alert.it/it/cose/,2026-09-30
IT,record:IT:digital_identity_credentials:operator,fills_gap,https://www.normattiva.it/uri-res/N2Ls?urn:nir:stato:decreto.legislativo:2005-03-07;82~art64,200,text/html,1e09885443dac2bc499debdcecaceb5230ba1b1a649a7536621a7559ce43ebad,exact,https://web.archive.org/web/20251111011946/https://www.normattiva.it/uri-res/N2Ls?urn:nir:stato:decreto.legislativo:2005-03-07;82~art64,2026-09-30
IT,record:IT:digital_identity_credentials:register,fills_gap,https://www.normattiva.it/uri-res/N2Ls?urn:nir:stato:decreto.legislativo:2005-03-07;82~art64,200,text/html,1e09885443dac2bc499debdcecaceb5230ba1b1a649a7536621a7559ce43ebad,exact,https://web.archive.org/web/20251111011946/https://www.normattiva.it/uri-res/N2Ls?urn:nir:stato:decreto.legislativo:2005-03-07;82~art64,2026-09-30
IT,record:IT:education:operator,fills_gap,https://www.normattiva.it/uri-res/N2Ls?urn:nir:stato:decreto.legislativo:2005-03-07;82~art62quater,200,text/html,e0389e310fc4402c5eb4e4daa1a4d25fcb0f871203e6d5852a13ba32e59ab60e,exact,https://web.archive.org/web/20250713135628/https://www.normattiva.it/uri-res/N2Ls?urn:nir:stato:decreto.legislativo:2005-03-07;82~art62quater,2026-09-30
IT,record:IT:education:register,fills_gap,https://www.normattiva.it/uri-res/N2Ls?urn:nir:stato:decreto.legislativo:2005-03-07;82~art62quater,200,text/html,e0389e310fc4402c5eb4e4daa1a4d25fcb0f871203e6d5852a13ba32e59ab60e,exact,https://web.archive.org/web/20250713135628/https://www.normattiva.it/uri-res/N2Ls?urn:nir:stato:decreto.legislativo:2005-03-07;82~art62quater,2026-09-30
IT,record:IT:electoral_management:operator,corroborates,https://elezionistorico.interno.gov.it/,200,text/html,1d5311e634fe7ae1bb5f28b0e5c61a77011699c6e87e6023a794de27e588654e,exact,https://web.archive.org/web/20260924110557/https://elezionistorico.interno.gov.it/,2026-09-30
IT,record:IT:electoral_management:register,corroborates,https://elezionistorico.interno.gov.it/,200,text/html,1d5311e634fe7ae1bb5f28b0e5c61a77011699c6e87e6023a794de27e588654e,not_found,,2026-10-06
IT,record:IT:government_payroll:operator,fills_gap,https://noipa.mef.gov.it/cl/chi-siamo,200,text/html,7f297f52fc37a27ae6f0559cda097aacbfa5a9c6cd920ffa50375aeee1ac5e12,exact,https://web.archive.org/web/20250413225956/https://noipa.mef.gov.it/cl/chi-siamo,2026-09-30
IT,record:IT:government_payroll:register,fills_gap,https://noipa.mef.gov.it/cl/chi-siamo,200,text/html,7f297f52fc37a27ae6f0559cda097aacbfa5a9c6cd920ffa50375aeee1ac5e12,exact,https://web.archive.org/web/20250413225956/https://noipa.mef.gov.it/cl/chi-siamo,2026-09-30
IT,record:IT:health_insurance:register,upgrade,https://www.normattiva.it/uri-res/N2Ls?urn:nir:stato:decreto.legislativo:2005-03-07;82~art62ter,200,text/html,6ffe4e28c0fdc48b4784a5532fb5d1c6f3fdb20b93719c3dd88cb54153e967ae,loose,,2026-09-30
IT,record:IT:health_records:operator,corroborates,https://www.fascicolosanitario.gov.it/,200,text/html,ca54485079a46192d6d0972c1e96e46389b1d774ac723c0315213fff7fa63178,exact,,2026-09-30
IT,record:IT:health_records:register,corroborates,https://www.fascicolosanitario.gov.it/,200,text/html,ca54485079a46192d6d0972c1e96e46389b1d774ac723c0315213fff7fa63178,exact,,2026-09-30
IT,record:IT:issuance_history:operator,corroborates,https://www.cartaidentita.interno.gov.it/la-carta/,200,text/html,a7197bd781c9381a742afc51ef7c1f5c9b275acb0198332d3b004218994f8e65,loose,https://web.archive.org/web/20260515172529/https://www.cartaidentita.interno.gov.it/la-carta/,2026-10-06
IT,record:IT:judicial_criminal:register,fills_gap,https://www.normattiva.it/uri-res/N2Ls?urn:nir:stato:decreto.del.presidente.della.repubblica:2002-11-14;313~art2,200,text/html,2a12c7e0fbdbb83dae0746528c5e84ac5a485822f0878cab23535c3a2e06b49d,loose,,2026-09-30
IT,record:IT:land_property:operator,fills_gap,https://www.normattiva.it/uri-res/N2Ls?urn:nir:stato:decreto.legge:2010-05-31;78~art19,200,text/html,79c85140005476f6e112716039b1626df43bd14f9719654e5c25429a6e50ceaf,exact,https://web.archive.org/web/20251116145932/https://www.normattiva.it/uri-res/N2Ls?urn:nir:stato:decreto.legge:2010-05-31;78~art19,2026-09-30
IT,record:IT:land_property:register,fills_gap,https://www.normattiva.it/uri-res/N2Ls?urn:nir:stato:decreto.legge:2010-05-31;78~art19,200,text/html,79c85140005476f6e112716039b1626df43bd14f9719654e5c25429a6e50ceaf,exact,https://web.archive.org/web/20251116145932/https://www.normattiva.it/uri-res/N2Ls?urn:nir:stato:decreto.legge:2010-05-31;78~art19,2026-09-30
IT,record:IT:police_records:operator,fills_gap,https://www.normattiva.it/uri-res/N2Ls?urn:nir:stato:legge:1981-04-01;121~art8,200,text/html,1b6be7138eca8695640e72bfeb99f227875f8546385f9f51cdddf240bad03cc0,exact,https://web.archive.org/web/20250709093424/https://www.normattiva.it/uri-res/N2Ls?urn:nir:stato:legge:1981-04-01;121~art8,2026-09-30
IT,record:IT:police_records:register,fills_gap,https://www.normattiva.it/uri-res/N2Ls?urn:nir:stato:legge:1981-04-01;121~art8,200,text/html,1b6be7138eca8695640e72bfeb99f227875f8546385f9f51cdddf240bad03cc0,exact,https://web.archive.org/web/20250709093424/https://www.normattiva.it/uri-res/N2Ls?urn:nir:stato:legge:1981-04-01;121~art8,2026-09-30
IT,record:IT:public_finance:operator,corroborates,https://www.rgs.mef.gov.it/VERSIONE-I/e_government/amministrazioni_pubbliche/siope/siope_/,200,text/html,9d78813a74bedfdcae1217d87e78fdbe01f61c4a815825e6986e8e11b552f40a,exact,https://web.archive.org/web/20260921013404/https://www.rgs.mef.gov.it/VERSIONE-I/e_government/amministrazioni_pubbliche/siope/siope_/,2026-09-30
IT,record:IT:public_finance:register,corroborates,https://www.rgs.mef.gov.it/VERSIONE-I/e_government/amministrazioni_pubbliche/siope/siope_/,200,text/html,9d78813a74bedfdcae1217d87e78fdbe01f61c4a815825e6986e8e11b552f40a,exact,https://web.archive.org/web/20260921013404/https://www.rgs.mef.gov.it/VERSIONE-I/e_government/amministrazioni_pubbliche/siope/siope_/,2026-09-30
IT,record:IT:statistics_microdata:operator,corroborates,https://www.normattiva.it/uri-res/N2Ls?urn:nir:stato:decreto.legislativo:1989-09-06;322~art15,200,text/html,1b033debe92235ed7bf7bbd76084e4acd38a6b8538efa37c3d82cb4df8e08acd,exact,https://web.archive.org/web/20250906141609/https://www.normattiva.it/uri-res/N2Ls?urn:nir:stato:decreto.legislativo:1989-09-06;322~art15,2026-09-30
IT,record:IT:tax:register,fills_gap,https://www.normattiva.it/uri-res/N2Ls?urn:nir:stato:decreto.del.presidente.della.repubblica:1973-09-29;605~art1!vig=2026-09-30,200,text/html,dc8b0ae1b4058d964bd3adf4b25a30bcf114d971279ed233812622160b4c834b,exact,,2026-09-30
IT,record:IT:vehicle_licensing:register,fills_gap,https://www.normattiva.it/uri-res/N2Ls?urn:nir:stato:decreto.legislativo:1992-04-30;285~art226,200,text/html,89aadaf154aa096cd9794a79eac29dde2465d5027c8c1f8b2c87c56ab7880ef4,exact,https://web.archive.org/web/20251011185708/https://www.normattiva.it/uri-res/N2Ls?urn:nir:stato:decreto.legislativo:1992-04-30;285~art226,2026-09-30
LT,indicator:LT:C1,upgrade,https://telecentras.lt/projektai/vdc/,200,text/html,3d282b26b95ed8f915bcc6c8ffcb7e291f2eff2d895a0c234ecda1f6cbc57c8d,exact,,2026-09-30
LT,indicator:LT:C2,upgrade,https://telecentras.lt/paslaugos/debesijos-paslaugos/,200,text/html,991a39a9c893a57af7ab9971debdbd9a778024fda911dd79ac979d66149bc3f9,exact,,2026-09-30
LT,indicator:LT:K1,corroborates,https://rrt.lt/veiklos-sritys/skaitmenine-erdve/patikimumo-uztikrinimo-paslaugos/kvalifikuoti-sertifikatai,200,text/html,b7a5375dbe71f5c230df37ee87482869f322d65635f12d512394505739c52445,exact,https://web.archive.org/web/20260514165426/https://rrt.lt/veiklos-sritys/skaitmenine-erdve/patikimumo-uztikrinimo-paslaugos/kvalifikuoti-sertifikatai,2026-09-30
LT,indicator:LT:K2,corroborates,https://eid.vrm.lt/lt/apie-tapatybes-kortele,200,text/html,d77574a352bfc5e7aad4d7190b039c85420e191f6c8273df411cb1bacbd5ca07,exact,https://web.archive.org/web/20260519102905/https://eid.vrm.lt/lt/apie-tapatybes-kortele,2026-09-30
LT,record:LT:digital_identity_credentials:register,fills_gap,https://eid.vrm.lt/lt/apie-tapatybes-kortele,200,text/html,d77574a352bfc5e7aad4d7190b039c85420e191f6c8273df411cb1bacbd5ca07,exact,https://web.archive.org/web/20260519102905/https://eid.vrm.lt/lt/apie-tapatybes-kortele,2026-09-30
LT,record:LT:education:operator,fills_gap,https://www.nsa.smsm.lt/informaciniu-istekliu-departamentas/registrai/diplomu-atestatu-ir-kvalifikacijos-pazymejimu-registras,200,text/html,6f94ac95f1ca53a0199bec73236eea8eef293181e8fc3e2cf49164c006c5a387,exact,https://web.archive.org/web/20260831051634/https://www.nsa.smsm.lt/informaciniu-istekliu-departamentas/registrai/diplomu-atestatu-ir-kvalifikacijos-pazymejimu-registras/,2026-09-30
LT,record:LT:education:register,fills_gap,https://www.nsa.smsm.lt/informaciniu-istekliu-departamentas/registrai/diplomu-atestatu-ir-kvalifikacijos-pazymejimu-registras,200,text/html,6f94ac95f1ca53a0199bec73236eea8eef293181e8fc3e2cf49164c006c5a387,exact,https://web.archive.org/web/20260831051634/https://www.nsa.smsm.lt/informaciniu-istekliu-departamentas/registrai/diplomu-atestatu-ir-kvalifikacijos-pazymejimu-registras/,2026-09-30
LT,record:LT:emergency_communications:operator,fills_gap,https://112.lt/apie-numeri-112/,200,text/html,4cbb038583f7f557696f3fa9c789a41fea6e8ab7c0437cd72a39ca358597b5b0,exact,https://web.archive.org/web/20260513151828/https://112.lt/apie-numeri-112/,2026-09-30
LT,record:LT:firearms_register:operator,fills_gap,https://www.ird.lt/lt/tvarkomu-valdomu-registru-ir-informaciniu-sistemu-paslaugos-3/ginklu-registro-paslaugos-2/ginklu-registro-pazymos-ar-israso-uzsakymas-2,200,text/html,9405127c86dc9dc8bb9a61b61f793c672423608394a9d3d46e39fa0ec266e9a9,exact,https://web.archive.org/web/20260606171118/https://www.ird.lt/lt/tvarkomu-valdomu-registru-ir-informaciniu-sistemu-paslaugos-3/ginklu-registro-paslaugos-2/ginklu-registro-pazymos-ar-israso-uzsakymas-2,2026-09-30
LT,record:LT:firearms_register:register,fills_gap,https://www.ird.lt/lt/tvarkomu-valdomu-registru-ir-informaciniu-sistemu-paslaugos-3/ginklu-registro-paslaugos-2/ginklu-registro-pazymos-ar-israso-uzsakymas-2,200,text/html,9405127c86dc9dc8bb9a61b61f793c672423608394a9d3d46e39fa0ec266e9a9,exact,https://web.archive.org/web/20260606171118/https://www.ird.lt/lt/tvarkomu-valdomu-registru-ir-informaciniu-sistemu-paslaugos-3/ginklu-registro-paslaugos-2/ginklu-registro-pazymos-ar-israso-uzsakymas-2,2026-09-30
LT,record:LT:grid_control:operator,fills_gap,https://www.litgrid.eu/apie-litgrid,200,text/html,06c9b99bb67b77c7e5a79066bf41901588378eb7f3ec5923c5445186816332d8,exact,,2026-09-30
LT,record:LT:issuance_history:operator,fills_gap,https://www.ird.lt/lt/tvarkomu-valdomu-registru-ir-informaciniu-sistemu-paslaugos-3/asmens-dokumentu-isdavimo-informacine-sistema-adis-2,200,text/html,341a4088430f4a83c9f6cb56d5d0d5ab3705f1f19e5a9db422f25e14331c046a,exact,https://web.archive.org/web/20250719212715/https://www.ird.lt/lt/tvarkomu-valdomu-registru-ir-informaciniu-sistemu-paslaugos-3/asmens-dokumentu-isdavimo-informacine-sistema-adis-2,2026-09-30
LT,record:LT:issuance_history:register,fills_gap,https://www.ird.lt/lt/tvarkomu-valdomu-registru-ir-informaciniu-sistemu-paslaugos-3/asmens-dokumentu-isdavimo-informacine-sistema-adis-2,200,text/html,341a4088430f4a83c9f6cb56d5d0d5ab3705f1f19e5a9db422f25e14331c046a,exact,https://web.archive.org/web/20250719212715/https://www.ird.lt/lt/tvarkomu-valdomu-registru-ir-informaciniu-sistemu-paslaugos-3/asmens-dokumentu-isdavimo-informacine-sistema-adis-2,2026-09-30
LT,record:LT:judicial_criminal:operator,fills_gap,https://www.ird.lt/lt/tvarkomu-valdomu-registru-ir-informaciniu-sistemu-paslaugos-3/itariamuju-kaltinamuju-ir-nuteistuju-registro-iknr-paslaugos-2,200,text/html,eeee08f0eb515b0138803731cd3bd4cea798f53d123fa305373f8545eee96bc9,exact,https://web.archive.org/web/20260606162800/https://www.ird.lt/lt/tvarkomu-valdomu-registru-ir-informaciniu-sistemu-paslaugos-3/itariamuju-kaltinamuju-ir-nuteistuju-registro-iknr-paslaugos-2,2026-09-30
LT,record:LT:judicial_criminal:register,fills_gap,https://www.ird.lt/lt/tvarkomu-valdomu-registru-ir-informaciniu-sistemu-paslaugos-3/itariamuju-kaltinamuju-ir-nuteistuju-registro-iknr-paslaugos-2,200,text/html,eeee08f0eb515b0138803731cd3bd4cea798f53d123fa305373f8545eee96bc9,exact,https://web.archive.org/web/20260606162800/https://www.ird.lt/lt/tvarkomu-valdomu-registru-ir-informaciniu-sistemu-paslaugos-3/itariamuju-kaltinamuju-ir-nuteistuju-registro-iknr-paslaugos-2,2026-09-30
LT,record:LT:police_records:register,fills_gap,https://www.ird.lt/lt/tvarkomu-valdomu-registru-ir-informaciniu-sistemu-paslaugos-3/ieskomu-asmenu-zinybinio-registro-iazr-paslaugos-2,200,text/html,aff61f0f2a00d70a698b86f9a2b49a484931777ce38bf7e83d59c42885365402,exact,https://web.archive.org/web/20260606163203/https://www.ird.lt/lt/tvarkomu-valdomu-registru-ir-informaciniu-sistemu-paslaugos-3/ieskomu-asmenu-zinybinio-registro-iazr-paslaugos-2,2026-09-30
LT,record:LT:trust_services_pki:operator,fills_gap,https://rrt.lt/veiklos-sritys/skaitmenine-erdve/patikimumo-uztikrinimo-paslaugos/kvalifikuoti-sertifikatai,200,text/html,b7a5375dbe71f5c230df37ee87482869f322d65635f12d512394505739c52445,exact,https://web.archive.org/web/20260514165426/https://rrt.lt/veiklos-sritys/skaitmenine-erdve/patikimumo-uztikrinimo-paslaugos/kvalifikuoti-sertifikatai,2026-09-30
LT,record:LT:vehicle_licensing:operator,fills_gap,https://www.regitra.lt/imone/veiklos-sritys/,200,text/html,bc81265e61d854690b595039c8dcf4fdcb1adec4c7879e9e1203a11bf497a253,not_found,,2026-10-06
LT,record:LT:vehicle_licensing:register,fills_gap,https://www.regitra.lt/imone/veiklos-sritys/,200,text/html,bc81265e61d854690b595039c8dcf4fdcb1adec4c7879e9e1203a11bf497a253,not_found,,2026-10-06
LU,indicator:LU:C1,corrects,https://gouvernement.lu/dam-assets/images-documents/actualites/2025/01/23-obertin-clarence-proximus/factsheet-ctie.pdf,200,application/pdf,bbe1d66b06f8c8ab2dfe3743cfe7de63bc438c202555306fb70775fa4dfb750e,exact,https://web.archive.org/web/20251205005314/https://gouvernement.lu/dam-assets/images-documents/actualites/2025/01/23-obertin-clarence-proximus/factsheet-ctie.pdf,2026-10-02
LU,indicator:LU:C2,fills_gap,https://ctie.gouvernement.lu/fr/l-administration.html,200,text/html,b8ae2ca886116db1d1e04730ee452761881a75078ddd880d60c0eeb4514edba9,exact,https://web.archive.org/web/20260720122929/https://ctie.gouvernement.lu/fr/l-administration.html,2026-09-30
LU,indicator:LU:L2,fills_gap,https://data.legilux.public.lu/eli/etat/leg/loi/2004/06/15/n5/jo/fr/html,robots-denied,,,fetch_failed,,2026-10-06
LU,record:LU:beneficial_ownership:operator,fills_gap,https://data.legilux.public.lu/eli/etat/leg/loi/2019/01/13/a15/jo/fr/html,robots-denied,,,fetch_failed,,2026-10-06
LU,record:LU:beneficial_ownership:register,fills_gap,https://data.legilux.public.lu/eli/etat/leg/loi/2019/01/13/a15/jo/fr/html,robots-denied,,,fetch_failed,,2026-10-06
LU,record:LU:benefits_pensions:operator,fills_gap,https://data.legilux.public.lu/eli/etat/leg/loi/2016/07/05/n8/jo/fr/html,robots-denied,,,fetch_failed,,2026-10-06
LU,record:LU:benefits_pensions:register,fills_gap,https://data.legilux.public.lu/eli/etat/leg/loi/2016/07/05/n8/jo/fr/html,robots-denied,,,fetch_failed,,2026-10-06
LU,record:LU:border_control:register,fills_gap,https://data.legilux.public.lu/eli/etat/leg/loi/2016/07/05/n8/jo/fr/html,robots-denied,,,fetch_failed,,2026-10-06
LU,record:LU:business_registry:operator,fills_gap,https://data.legilux.public.lu/eli/etat/leg/loi/2002/12/19/n1/jo/fr/html,robots-denied,,,fetch_failed,,2026-10-06
LU,record:LU:business_registry:register,fills_gap,https://data.legilux.public.lu/eli/etat/leg/loi/2002/12/19/n1/jo/fr/html,robots-denied,,,fetch_failed,,2026-10-06
LU,record:LU:civil_registry:operator,fills_gap,https://data.legilux.public.lu/eli/etat/leg/loi/2013/06/19/n3/jo/fr/html,robots-denied,,,fetch_failed,,2026-10-06
LU,record:LU:civil_registry:register,fills_gap,https://data.legilux.public.lu/eli/etat/leg/loi/2013/06/19/n3/jo/fr/html,robots-denied,,,fetch_failed,,2026-10-06
LU,record:LU:crisis_management:register,fills_gap,https://data.legilux.public.lu/eli/etat/leg/loi/2016/07/23/n1/jo/fr/html,robots-denied,,,fetch_failed,,2026-10-06
LU,record:LU:electoral_roll:register,fills_gap,https://data.legilux.public.lu/eli/etat/leg/loi/2003/02/18/n2/jo/fr/html,robots-denied,,,fetch_failed,,2026-10-06
LU,record:LU:firearms_register:register,fills_gap,https://data.legilux.public.lu/eli/etat/leg/loi/2016/07/05/n8/jo/fr/html,robots-denied,,,fetch_failed,,2026-10-06
LU,record:LU:issuance_history:register,fills_gap,https://data.legilux.public.lu/eli/etat/leg/loi/2013/06/19/n3/jo/fr/html,robots-denied,,,fetch_failed,,2026-10-06
LU,record:LU:judicial_criminal:operator,fills_gap,https://data.legilux.public.lu/eli/etat/leg/loi/2013/03/29/n10/jo/fr/html,robots-denied,,,fetch_failed,,2026-10-06
LU,record:LU:judicial_criminal:register,fills_gap,https://data.legilux.public.lu/eli/etat/leg/loi/2013/03/29/n10/jo/fr/html,robots-denied,,,fetch_failed,,2026-10-06
LU,record:LU:land_property:register,fills_gap,https://data.legilux.public.lu/eli/etat/leg/loi/2002/07/25/n8/jo/fr/html,robots-denied,,,fetch_failed,,2026-10-06
LU,record:LU:official_gazette:register,fills_gap,https://data.legilux.public.lu/eli/etat/leg/loi/2016/12/23/n25/jo/fr/html,robots-denied,,,fetch_failed,,2026-10-06
LU,record:LU:police_records:register,fills_gap,https://data.legilux.public.lu/eli/etat/leg/loi/2016/07/05/n8/jo/fr/html,robots-denied,,,fetch_failed,,2026-10-06
LU,record:LU:public_finance:register,fills_gap,https://data.legilux.public.lu/eli/etat/leg/loi/1999/06/08/n2/jo/fr/html,robots-denied,,,fetch_failed,,2026-10-06
LU,record:LU:residence_permits:register,fills_gap,https://data.legilux.public.lu/eli/etat/leg/loi/2016/07/05/n8/jo/fr/html,robots-denied,,,fetch_failed,,2026-10-06
LU,record:LU:vehicle_licensing:register,corroborates,https://data.legilux.public.lu/eli/etat/leg/loi/2016/07/05/n8/jo/fr/html,robots-denied,,,fetch_failed,,2026-10-06
LV,indicator:LV:C1,corroborates,https://www.ic.iem.gov.lv/lv/jaunums/iekslietu-ministrijas-informacijas-centra-makondatosanas-pakalpojumu-attistiba-valsts-federeta-makona-ietvaros,error,,,fetch_failed,,2026-10-06
LV,indicator:LV:L2,corroborates,https://likumi.lv/ta/id/50601,200,text/html,a5eb5b8191b334f83a8cb9cf187bd3a69f2f7ebe38e016f39783b7e5930db57f,exact,https://web.archive.org/web/20260802002246/https://likumi.lv/ta/id/50601,2026-09-30
LV,record:LV:beneficial_ownership:operator,fills_gap,https://likumi.lv/ta/id/178987,200,text/html,36dcb48edd2c899e557c82a88abbc6592262ceb704a36cfeeac2897a4370e24f,exact,https://web.archive.org/web/20251114030209/https://likumi.lv/ta/id/178987,2026-09-30
LV,record:LV:beneficial_ownership:register,fills_gap,https://likumi.lv/ta/id/178987,200,text/html,36dcb48edd2c899e557c82a88abbc6592262ceb704a36cfeeac2897a4370e24f,exact,https://web.archive.org/web/20251114030209/https://likumi.lv/ta/id/178987,2026-09-30
LV,record:LV:border_control:operator,fills_gap,https://www.ic.iem.gov.lv/lv/jaunums/iekslietu-digitalais-centrs-turpina-istenot-projektu-nr-icrpvp20249-valsts-robezsardzes-elektroniskas-informacijas-sistemas-izstrade-un-ieviesana,error,,,fetch_failed,,2026-10-06
LV,record:LV:border_control:register,fills_gap,https://www.ic.iem.gov.lv/lv/jaunums/iekslietu-digitalais-centrs-turpina-istenot-projektu-nr-icrpvp20249-valsts-robezsardzes-elektroniskas-informacijas-sistemas-izstrade-un-ieviesana,error,,,fetch_failed,,2026-10-06
LV,record:LV:border_control:register,fills_gap,https://www.pmlp.gov.lv/lv/projekts/nacionalas-vizu-informacijas-sistemas-nvis-lietosana-un-attistisana,error,,,fetch_failed,,2026-10-06
LV,record:LV:business_registry:operator,fills_gap,https://likumi.lv/ta/id/72847,200,text/html,2a27fe6346902f05700966de02d349c0bcc4cb28f79ac2e807af76fe23491b4f,exact,https://web.archive.org/web/20260114002018/https://likumi.lv/ta/id/72847,2026-09-30
LV,record:LV:business_registry:register,fills_gap,https://likumi.lv/ta/id/72847,200,text/html,2a27fe6346902f05700966de02d349c0bcc4cb28f79ac2e807af76fe23491b4f,exact,https://web.archive.org/web/20260114002018/https://likumi.lv/ta/id/72847,2026-09-30
LV,record:LV:central_bank:register,fills_gap,https://www.bank.lv/darbibas-jomas/maksajumu-sistemas-uzdevumi,error,,,fetch_failed,,2026-10-06
LV,record:LV:crisis_management:register,fills_gap,https://www.vugd.gov.lv/lv/valsts-civilas-aizsardzibas-plans,error,,,fetch_failed,,2026-10-06
LV,record:LV:customs:register,corroborates,https://www.vid.gov.lv/lv/elektroniska-muitas-datu-apstrades-sistema-emdas,error,,,fetch_failed,,2026-10-06
LV,record:LV:digital_identity_credentials:register,corroborates,https://www.vdaa.gov.lv/lv/vienotas-pieteiksanas-modulis,error,,,fetch_failed,,2026-10-06
LV,record:LV:education:register,corroborates,https://www.izm.gov.lv/lv/valsts-izglitibas-informacijas-sistema,error,,,fetch_failed,,2026-10-06
LV,record:LV:electoral_management:operator,fills_gap,https://www.vdaa.gov.lv/lv/jaunums/velesanu-platforma-ir-gatava-2026-gada-saeimas-velesanam,error,,,fetch_failed,,2026-10-06
LV,record:LV:electoral_management:register,fills_gap,https://www.vdaa.gov.lv/lv/velesanu-platforma,error,,,fetch_failed,,2026-10-06
LV,record:LV:electoral_roll:register,corroborates,https://www.vdaa.gov.lv/lv/velesanu-platforma,error,,,fetch_failed,,2026-10-06
LV,record:LV:emergency_communications:register,fills_gap,https://www.vugd.gov.lv/lv/vienotais-arkartas-palidzibas-izsaukumu-numurs-112-latvija,timeout,,,fetch_failed,,2026-10-06
LV,record:LV:facial_biometric:operator,fills_gap,https://likumi.lv/ta/id/193111,200,text/html,5bd15bbe3c53d5fc99da9de36fd0d726cc5d6b95021d885fbc6c1abe3e7dd245,exact,https://web.archive.org/web/20260615194705/https://likumi.lv/ta/id/193111,2026-09-30
LV,record:LV:fingerprint_biometric:operator,fills_gap,https://likumi.lv/ta/id/193111,200,text/html,5bd15bbe3c53d5fc99da9de36fd0d726cc5d6b95021d885fbc6c1abe3e7dd245,exact,https://web.archive.org/web/20260615194705/https://likumi.lv/ta/id/193111,2026-09-30
LV,record:LV:firearms_register:operator,fills_gap,https://likumi.lv/ta/id/305818,200,text/html,190bdc0317b705c1d24299f479450b5a6a4bb7ae6e6f8b79fa6461cfbc3fb0fa,exact,https://web.archive.org/web/20260907182052/https://likumi.lv/ta/id/305818,2026-09-30
LV,record:LV:geospatial:operator,corroborates,https://www.lgia.gov.lv/lv/par-mums,200,text/html,16e91b301c98f00eb32b6d2628a772439c8a59023863d9307661daf5f94edabb,exact,https://web.archive.org/web/20260422142445/https://www.lgia.gov.lv/lv/par-mums,2026-09-30
LV,record:LV:health_insurance:register,fills_gap,https://www.vmnvd.gov.lv/lv/pakalpojumu-sanemeju-registrs,error,,,fetch_failed,,2026-10-06
LV,record:LV:issuance_history:register,corroborates,https://www.ic.iem.gov.lv/lv/nederigo-dokumentu-registrs,error,,,fetch_failed,,2026-10-06
LV,record:LV:land_property:operator,fills_gap,https://likumi.lv/ta/id/60460,200,text/html,054ac742f7ec26ed4967c52bb5ff3db592d2e45e389430ab3dbed773e1443e52,exact,https://web.archive.org/web/20260415062613/https://likumi.lv/ta/id/60460,2026-09-30
LV,record:LV:land_property:register,fills_gap,https://likumi.lv/ta/id/60460,200,text/html,054ac742f7ec26ed4967c52bb5ff3db592d2e45e389430ab3dbed773e1443e52,exact,https://web.archive.org/web/20260415062613/https://likumi.lv/ta/id/60460,2026-09-30
LV,record:LV:official_gazette:register,fills_gap,https://www.vestnesis.lv/oficialais-izdevums,200,text/html,df6f5a7959ac927c364fba62bab4517fc77d4454e12b196ba6de221b2dbfd3aa,exact,https://web.archive.org/web/20260818235707/https://www.vestnesis.lv/oficialais-izdevums,2026-09-30
LV,record:LV:public_finance:operator,fills_gap,https://www.kase.gov.lv/valsts-kase/par-mums,200,text/html,0b304a8f7935c187e7932616324378d1807fc8b1235c5c6e2f4c4990e9590ad9,exact,https://web.archive.org/web/20260612014819/https://www.kase.gov.lv/valsts-kase/par-mums,2026-09-30
LV,record:LV:public_finance:register,fills_gap,https://www.kase.gov.lv/pakalpojumi/norekini,200,text/html,ff113e0144d4a143438b4692c71f0031959111d7721b7a322764938f8b3f8dfe,exact,,2026-09-30
LV,record:LV:tax:register,corroborates,https://www.vid.gov.lv/lv/elektroniskas-deklaresanas-sistema,error,,,fetch_failed,,2026-10-06
LV,record:LV:vehicle_licensing:operator,fills_gap,https://likumi.lv/ta/id/45467,200,text/html,e3040b14150996a1f80218d61ab0c7343f6e00673f9f1579a18505a21af856a1,exact,https://web.archive.org/web/20260608045334/https://likumi.lv/ta/id/45467,2026-09-30
LV,record:LV:vehicle_licensing:register,fills_gap,https://likumi.lv/ta/id/45467,200,text/html,e3040b14150996a1f80218d61ab0c7343f6e00673f9f1579a18505a21af856a1,exact,https://web.archive.org/web/20260608045334/https://likumi.lv/ta/id/45467,2026-09-30
MT,indicator:MT:K2,corroborates,https://identita.gov.mt/get-to-know-identita/,200,text/html,e6228d52d660e8accea225e96fb703d74c2e81d544623bc555f96da28ab87871,exact,https://web.archive.org/web/20260415233523/https://identita.gov.mt/get-to-know-identita/,2026-09-30
MT,indicator:MT:K2,corroborates,https://legislation.mt/getpdf/689061f044ed663ec0f22f07,200,application/pdf,5409fce8b8137388e5d25be26b43b65010a1975eb8abcc33e9a220a32ceb71dc,exact,,2026-09-30
MT,record:MT:beneficial_ownership:register,fills_gap,https://mbr.mt/,200,text/html,c8fbc3a4aee86d27bcaca78c87ef9f41a541ed6c33137dcd2b6b049b8d089f2e,exact,,2026-09-30
MT,record:MT:border_control:operator,corrects,https://identita.gov.mt/frequently-asked-questions/visa/,200,text/html,bf06f22ce7d20c1ac12945333ff3cc6e3534219cb4ddbcf88026591a743816e3,exact,https://web.archive.org/web/20260415214751/https://identita.gov.mt/frequently-asked-questions/visa/,2026-10-02
MT,record:MT:border_control:operator,fills_gap,https://identita.gov.mt/central-visa-unit-main-page/,200,text/html,73e5bbde7872313b0a7967e4b557107070c380389b2f8814378fce0cad0b4ef2,exact,https://web.archive.org/web/20260811143611/https://identita.gov.mt/central-visa-unit-main-page/,2026-09-30
MT,record:MT:border_control:register,fills_gap,https://identita.gov.mt/expatriates-unit-main-page/noneu-nationals/entry-exit-system/,200,text/html,e4ca3ca5c6177816dc5bf5093e1332456f4283caf77b1623d4ffdb2f37c265e9,exact,https://web.archive.org/web/20260302171515/https://identita.gov.mt/expatriates-unit-main-page/noneu-nationals/entry-exit-system/,2026-09-30
MT,record:MT:breeder_documents:register,fills_gap,https://identita.gov.mt/public-registry-main-page/,200,text/html,32ff76f5b9864ba9809d98a71b4887b8f2c6ca1dc65777b324ce3b194057c410,exact,https://web.archive.org/web/20260928102340/https://identita.gov.mt/public-registry-main-page/,2026-09-30
MT,record:MT:business_registry:operator,fills_gap,https://mbr.mt/,200,text/html,c8fbc3a4aee86d27bcaca78c87ef9f41a541ed6c33137dcd2b6b049b8d089f2e,exact,,2026-09-30
MT,record:MT:business_registry:register,fills_gap,https://mbr.mt/,200,text/html,c8fbc3a4aee86d27bcaca78c87ef9f41a541ed6c33137dcd2b6b049b8d089f2e,exact,,2026-09-30
MT,record:MT:civil_registry:register,corrects,https://identita.gov.mt/public-registry-main-page/,200,text/html,75e6e6af10d1de29ec7aaeece3a90a2d6f5588ff76494431a5d6ced436d8706f,exact,https://web.archive.org/web/20260928102340/https://identita.gov.mt/public-registry-main-page/,2026-10-02
MT,record:MT:civil_registry:register,corroborates,https://legislation.mt/getpdf/6a7c3f2652fe431ca8f9b4f1,200,application/pdf,9e97bc904820d9fa90cc5fd70ba5cdc267d19d87cacd45d88fe7b4b47de97503,exact,https://web.archive.org/web/20260813100609/https://legislation.mt/getpdf/6a7c3f2652fe431ca8f9b4f1,2026-09-30
MT,record:MT:crisis_management:operator,fills_gap,https://legislation.mt/getpdf/637747aebae36218f810d89e,200,application/pdf,b52e32d2401dd83c5f6e02f6715ea9642544ff3a898ae3d700d2a50cb372495a,exact,,2026-10-02
MT,record:MT:digital_identity_credentials:operator,corroborates,https://identita.gov.mt/get-to-know-identita/,200,text/html,e6228d52d660e8accea225e96fb703d74c2e81d544623bc555f96da28ab87871,exact,https://web.archive.org/web/20260415233523/https://identita.gov.mt/get-to-know-identita/,2026-09-30
MT,record:MT:digital_identity_credentials:register,corroborates,https://identita.gov.mt/get-to-know-identita/,200,text/html,e6228d52d660e8accea225e96fb703d74c2e81d544623bc555f96da28ab87871,exact,https://web.archive.org/web/20260415233523/https://identita.gov.mt/get-to-know-identita/,2026-09-30
MT,record:MT:electoral_management:register,fills_gap,https://legislation.mt/getpdf/661645c07403ed16fcf9eb8e,200,application/pdf,9ba89552de6124a8d28867138ed55859d70c8f33585b81efe987a5f68f455ced,exact,,2026-10-02
MT,record:MT:land_property:operator,fills_gap,https://lra.mt/,200,text/html,d79a0815f82f8b78fb579f9dbe8048f31d264320774ae5f6e74c3f07138070db,exact,https://web.archive.org/web/20260729135459/https://lra.mt/,2026-09-30
MT,record:MT:land_property:register,fills_gap,https://legislation.mt/getpdf/60efe5f532d0f719d442f08c,200,application/pdf,e8ec1e2145ee72af8480f655d22f8f53f574bdb0ab318034b981e91b5b462bec,exact,,2026-09-30
MT,record:MT:land_property:register,fills_gap,https://lra.mt/news/a-leap-forward-in-digital-transformation-launch-of-the-new-digital-platform-lrs/,200,text/html,9b47d8b17ac3d53d7ccf4b16a332860386c6ab9e079252a52787f960e2155e10,exact,,2026-09-30
MT,record:MT:police_records:operator,fills_gap,https://legislation.mt/getpdf/67a3249e8ea55623141e9a56,200,application/pdf,edf92fee0576e14d388b535527b32abd87835b35c1ed12cde01ebbea92691bed,exact,,2026-10-02
MT,record:MT:public_finance:operator,fills_gap,https://legislation.mt/getpdf/661f8cd37403ed2b30a8e0e2,200,application/pdf,69169bc7b3d045ab88484c46e1db9a8c99ab82671d1442887e0e377d17a07573,exact,https://web.archive.org/web/20250626093853/https://legislation.mt/getpdf/661f8cd37403ed2b30a8e0e2,2026-10-02
MT,record:MT:residence_permits:operator,corroborates,https://identita.gov.mt/get-to-know-identita/,200,text/html,e6228d52d660e8accea225e96fb703d74c2e81d544623bc555f96da28ab87871,exact,https://web.archive.org/web/20260415233523/https://identita.gov.mt/get-to-know-identita/,2026-09-30
MT,record:MT:water_control:operator,fills_gap,https://www.wsc.com.mt/about-us/water-production-distribution/,403,text/html,,fetch_failed,,2026-10-06
MT,record:MT:water_control:register,fills_gap,https://www.wsc.com.mt/about-us/water-production-distribution/,403,text/html,,fetch_failed,,2026-10-06
NL,indicator:NL:C1,corroborates,https://zoek.officielebekendmakingen.nl/blg-1249197.pdf,200,application/pdf,c21657c5d87867f315ffaed878258a661b900d07bc0af16d4cc24e6e5c9bb800,exact,,2026-09-30
NL,indicator:NL:C1,corroborates,https://zoek.officielebekendmakingen.nl/blg-1263102.pdf,200,application/pdf,39ffd4fbdb63f7ca9b1b693d246f1b05b8ad4ad9856b3989c4393341deeaed9b,exact,,2026-09-30
NL,indicator:NL:C2,contradicts,https://zoek.officielebekendmakingen.nl/blg-1263102.pdf,200,application/pdf,39ffd4fbdb63f7ca9b1b693d246f1b05b8ad4ad9856b3989c4393341deeaed9b,exact,,2026-09-30
NL,indicator:NL:K1,corroborates,https://www.logius.nl/onze-dienstverlening/toegang/pkioverheid/wat-pkioverheid,200,text/html,1b002a81e3bcd6368179b3210f627bbb0fb41913f3a96aa6f398adce26a0da47,exact,https://web.archive.org/web/20260618011710/https://www.logius.nl/onze-dienstverlening/toegang/pkioverheid/wat-pkioverheid,2026-09-30
NL,indicator:NL:K2,corroborates,https://wetten.overheid.nl/BWBR0048156,200,text/html,b1e4c4e6bfabd97b96bf2748ae3b341c2389ab46b2cc5ae0b3100dfb14df7869,exact,,2026-09-30
NL,indicator:NL:L3,corroborates,https://zoek.officielebekendmakingen.nl/blg-1263102.pdf,200,application/pdf,39ffd4fbdb63f7ca9b1b693d246f1b05b8ad4ad9856b3989c4393341deeaed9b,exact,,2026-09-30
NL,record:NL:authentication_audit_log:hosting,fills_gap,https://www.logius.nl/onze-dienstverlening/toegang/digid/documentatie/gegevensverwerkingen-digid,200,text/html,4523c995b5660bffe738eb720032b9c7fc51a918e9e5658671bfbe78886e082a,exact,https://web.archive.org/web/20261002113720/https://www.logius.nl/onze-dienstverlening/toegang/digid/documentatie/gegevensverwerkingen-digid,2026-10-06
NL,record:NL:authentication_audit_log:hosting,fills_gap,https://zoek.officielebekendmakingen.nl/ah-tk-20252026-2359.html,200,text/html,a1373dcd4cf44958e2166eda8eb1cc85edf014881619e864b503aad9f4fbedf8,exact,,2026-10-06
NL,record:NL:authentication_audit_log:operator,fills_gap,https://www.digid.nl/over-digid/privacy,200,text/html,480ca7f466d25b6e9d125ecfd3346a27da09027e222672279694812f0ea23ce0,exact,https://web.archive.org/web/20260927120423/https://www.digid.nl/over-digid/privacy,2026-09-30
NL,record:NL:authentication_audit_log:register,fills_gap,https://www.digid.nl/over-digid/privacy,200,text/html,480ca7f466d25b6e9d125ecfd3346a27da09027e222672279694812f0ea23ce0,exact,https://web.archive.org/web/20260927120423/https://www.digid.nl/over-digid/privacy,2026-09-30
NL,record:NL:beneficial_ownership:operator,fills_gap,https://wetten.overheid.nl/BWBR0021777,200,text/html,8cf1ea9fd9aba23b1ddf7ffafd0e2066567cc33654357e110c419c3187279812,exact,,2026-09-30
NL,record:NL:beneficial_ownership:register,fills_gap,https://www.kvk.nl/ubo/,200,text/html,0f868528acf98b93e39ad26de5db29596a3b7180c518ecc5bd4d325c16b0fe26,exact,https://web.archive.org/web/20260925130737/https://www.kvk.nl/ubo/,2026-09-30
NL,record:NL:benefits_pensions:operator,fills_gap,https://wetten.overheid.nl/BWBR0013060,200,text/html,5f78c8fa70181ed66352b59261a07ffb8ec08e3e8136c67b0df78a379a291032,exact,,2026-09-30
NL,record:NL:benefits_pensions:register,fills_gap,https://wetten.overheid.nl/BWBR0013060,200,text/html,5f78c8fa70181ed66352b59261a07ffb8ec08e3e8136c67b0df78a379a291032,exact,,2026-09-30
NL,record:NL:crisis_management:register,fills_gap,https://www.nl-alert.nl/,200,text/html,65e244f4864ae8666dee99b80be0e4c70118b0683fd1f346be8bfcb1d9b69897,exact,https://web.archive.org/web/20260919232645/https://www.nl-alert.nl/,2026-09-30
NL,record:NL:customs:hosting,fills_gap,https://www.tweedekamer.nl/downloads/document?id=2025D49022,200,application/pdf,3ed8b4a66aa6dcee6ffb383402a907547943e54f01e9fe6591079ffdf9fae75f,exact,,2026-10-06
NL,record:NL:customs:register,supersedes,https://zoek.officielebekendmakingen.nl/blg-1205324.pdf,200,application/pdf,138da84c03803dffedf9f6da93b08bc025d2779060d72e51dc5f454643762c0d,exact,,2026-09-30
NL,record:NL:digital_identity_credentials:operator,corroborates,https://www.logius.nl/onze-dienstverlening/toegang/digid/wie-doet-wat,200,text/html,31c2049e192f50528fbcdad022049e54d15afe1ffd948fec49953f4104623524,exact,https://web.archive.org/web/20260413115624/https://www.logius.nl/onze-dienstverlening/toegang/digid/wie-doet-wat,2026-09-30
NL,record:NL:digital_identity_credentials:register,corroborates,https://www.logius.nl/over-ons/onze-organisatie,200,text/html,da9a13ef811552a2e6c5da11c2f728b004db10ef68f31613c20991b911712b41,exact,https://web.archive.org/web/20260519142506/https://www.logius.nl/over-ons/onze-organisatie,2026-09-30
NL,record:NL:education:operator,fills_gap,https://wetten.overheid.nl/BWBR0042012,200,text/html,1472387150779b302b87ba69947334347694e7e32a4e2a2ad760bb685c5381ce,exact,,2026-09-30
NL,record:NL:education:register,fills_gap,https://wetten.overheid.nl/BWBR0042012,200,text/html,1472387150779b302b87ba69947334347694e7e32a4e2a2ad760bb685c5381ce,exact,,2026-09-30
NL,record:NL:electoral_management:foreign_dependency,fills_gap,https://open.overheid.nl/documenten/35d30e9b-10eb-4932-8008-714e09b9dc4c/file,robots-denied,,,fetch_failed,,2026-10-06
NL,record:NL:electoral_management:hosting,fills_gap,https://open.overheid.nl/documenten/35d30e9b-10eb-4932-8008-714e09b9dc4c/file,robots-denied,,,fetch_failed,,2026-10-06
NL,record:NL:electoral_management:operator,fills_gap,https://zoek.officielebekendmakingen.nl/blg-1261396.pdf,200,application/pdf,f448a303207531ece645dd8bfdb26162669b213e8fa19e408429e80c55bb0120,exact,,2026-09-30
NL,record:NL:electoral_management:register,fills_gap,https://zoek.officielebekendmakingen.nl/blg-1261396.pdf,200,application/pdf,f448a303207531ece645dd8bfdb26162669b213e8fa19e408429e80c55bb0120,exact,,2026-09-30
NL,record:NL:electoral_roll:operator,fills_gap,https://wetten.overheid.nl/BWBR0004627,200,text/html,b37fbf7232bd9dd6d9d511f1dd8710a81a697c7505adf4d1b655d2298da89fa3,exact,,2026-09-30
NL,record:NL:electoral_roll:register,fills_gap,https://wetten.overheid.nl/BWBR0004627,200,text/html,b37fbf7232bd9dd6d9d511f1dd8710a81a697c7505adf4d1b655d2298da89fa3,exact,,2026-09-30
NL,record:NL:emergency_communications:count,fills_gap,https://wetten.overheid.nl/BWBR0031788,200,text/html,145b6faed81ed4d04c0ceb7b124d16c2d827a4d3d9b783b1e011dec4766b8089,exact,,2026-09-30
NL,record:NL:emergency_communications:hosting,fills_gap,https://www.meldkamersamenwerking.nl/over-lms/,200,text/html,db347bd394f8046d9ed09cdf6379cf9ef5d910e2007fc4281997efa6f77d4ee8,exact,https://web.archive.org/web/20260513041639/https://www.meldkamersamenwerking.nl/over-lms/,2026-10-06
NL,record:NL:emergency_communications:operator,fills_gap,https://wetten.overheid.nl/BWBR0031788,200,text/html,145b6faed81ed4d04c0ceb7b124d16c2d827a4d3d9b783b1e011dec4766b8089,exact,,2026-09-30
NL,record:NL:emergency_communications:register,fills_gap,https://wetten.overheid.nl/BWBR0031788,200,text/html,145b6faed81ed4d04c0ceb7b124d16c2d827a4d3d9b783b1e011dec4766b8089,exact,,2026-09-30
NL,record:NL:fingerprint_biometric:register,corrects,https://www.rvig.nl/afname-kwalitatief-goede-vingerafdruk-luistert-nauw,200,text/html,c55ec136a6653c20b87dfd1309d5a27af8ef31db70488888d957c9fd835d3002,exact,https://web.archive.org/web/20260608174816/https://www.rvig.nl/afname-kwalitatief-goede-vingerafdruk-luistert-nauw,2026-10-02
NL,record:NL:government_payroll:foreign_dependency,fills_gap,https://zoek.officielebekendmakingen.nl/kst-34950-XVIII-1.html,200,text/html,25af6dd0070039dd11d79b9df3e8e12feb31c6d3831f0b60afe38295787ca248,exact,https://web.archive.org/web/20240617083409/https://zoek.officielebekendmakingen.nl/kst-34950-XVIII-1.html,2026-10-06
NL,record:NL:government_payroll:hosting,fills_gap,https://zoek.officielebekendmakingen.nl/kst-34950-XVIII-1.html,200,text/html,25af6dd0070039dd11d79b9df3e8e12feb31c6d3831f0b60afe38295787ca248,exact,https://web.archive.org/web/20240617083409/https://zoek.officielebekendmakingen.nl/kst-34950-XVIII-1.html,2026-10-06
NL,record:NL:government_payroll:register,fills_gap,https://zoek.officielebekendmakingen.nl/blg-1249197.pdf,200,application/pdf,c21657c5d87867f315ffaed878258a661b900d07bc0af16d4cc24e6e5c9bb800,exact,,2026-09-30
NL,record:NL:health_records:operator,corroborates,https://zoek.officielebekendmakingen.nl/kst-27529-170.html,200,text/html,2f30329ca5d175cc0bbd207880317486b3e6e16ef0645d112c60dfeeb2815ea1,exact,https://web.archive.org/web/20240220054303/https://zoek.officielebekendmakingen.nl/kst-27529-170.html,2026-10-06
NL,record:NL:health_records:operator,upgrade,https://zoek.officielebekendmakingen.nl/ah-tk-20192020-2652.html,200,text/html,4205e57ea8cd12eaa9d20342e875e750e5e3dcc3e32047b4eb703992ac02a313,exact,,2026-10-06
NL,record:NL:health_records:register,upgrade,https://zoek.officielebekendmakingen.nl/kst-27529-170.html,200,text/html,2f30329ca5d175cc0bbd207880317486b3e6e16ef0645d112c60dfeeb2815ea1,exact,https://web.archive.org/web/20240220054303/https://zoek.officielebekendmakingen.nl/kst-27529-170.html,2026-10-06
NL,record:NL:issuance_history:operator,fills_gap,https://www.rvig.nl/basisregister-reisdocumenten,200,text/html,596445d408dba7131ec74c10b12b201bf9c2639db69443c096af91191fad711a,exact,https://web.archive.org/web/20260901014608/https://www.rvig.nl/basisregister-reisdocumenten,2026-09-30
NL,record:NL:issuance_history:register,fills_gap,https://www.rvig.nl/basisregister-reisdocumenten,200,text/html,596445d408dba7131ec74c10b12b201bf9c2639db69443c096af91191fad711a,exact,https://web.archive.org/web/20260901014608/https://www.rvig.nl/basisregister-reisdocumenten,2026-09-30
NL,record:NL:judicial_criminal:hosting,fills_gap,https://www.justid.nl/producten-en-dienstencatalogus/nieuwbouw-en-onderhoud-systemen/informatiesystemen/justitieel-documentatie-systeem-jds,200,text/html,875cd1d6e8fcc388a1a3025f505c3f8c73e562f31c955f887233a088cfa59a70,exact,,2026-10-06
NL,record:NL:judicial_criminal:operator,fills_gap,https://www.justid.nl/onderwerpen/s/strafblad-en-het-justitieel-documentatie-systeem,200,text/html,f12dad337673429dc4b9fd2c02eb89ab349259b3027e5aa8a0c61ad86de73f2d,exact,https://web.archive.org/web/20260910021135/https://www.justid.nl/onderwerpen/s/strafblad-en-het-justitieel-documentatie-systeem,2026-09-30
NL,record:NL:judicial_criminal:register,fills_gap,https://www.justid.nl/onderwerpen/s/strafblad-en-het-justitieel-documentatie-systeem,200,text/html,f12dad337673429dc4b9fd2c02eb89ab349259b3027e5aa8a0c61ad86de73f2d,exact,https://web.archive.org/web/20260910021135/https://www.justid.nl/onderwerpen/s/strafblad-en-het-justitieel-documentatie-systeem,2026-09-30
NL,record:NL:land_property:hosting,fills_gap,https://www.eerstekamer.nl/behandeling/20260414/jaarverslag_kadaster_2025_bijlage/document3/f=/vmxgpusqksww.pdf,200,application/pdf,36f216f2bfa525ef27c52f160f73695579f51729fc88d10f1a535c6b3f83e932,exact,,2026-10-06
NL,record:NL:official_gazette:operator,fills_gap,https://wetten.overheid.nl/BWBR0004287,200,text/html,45b523c104bb539a3d07e9e4ff9faf51675d2f5cb247bc9933be2f88ab98bf9c,exact,,2026-09-30
NL,record:NL:official_gazette:register,fills_gap,https://wetten.overheid.nl/BWBR0004287,200,text/html,45b523c104bb539a3d07e9e4ff9faf51675d2f5cb247bc9933be2f88ab98bf9c,exact,,2026-09-30
NL,record:NL:public_health_surveillance:hosting,fills_gap,https://www.adviescollegeicttoetsing.nl/site/binaries/site-content/collections/documents/2025/06/23/advies-doorontwikkeling-praeventis/advies-programma-doorontwikkeling-praeventis.pdf,200,application/pdf,819b0003b0b6f283d098bfe7f25c51e0a2d01c9d651cae2a2fcf0ef341b16102,exact,https://web.archive.org/web/20250909012810/https://www.adviescollegeicttoetsing.nl/site/binaries/site-content/collections/documents/2025/06/23/advies-doorontwikkeling-praeventis/advies-programma-doorontwikkeling-praeventis.pdf,2026-10-06
NL,record:NL:public_health_surveillance:register,corroborates,https://zoek.officielebekendmakingen.nl/blg-1258843.pdf,200,application/pdf,43baedcf4996afd7bc90b4606b767aa1f6faca098e320837472757e4695a4c2f,exact,,2026-09-30
NL,record:NL:residence_permits:register,fills_gap,https://wetten.overheid.nl/BWBR0011823,200,text/html,47e7c141b6d6ee76010a9f64f8e64f3a208c85aa59dc652a1a89ae5029d93976,exact,,2026-09-30
NL,record:NL:statistics_microdata:foreign_dependency,fills_gap,https://www.cbs.nl/nl-nl/corporate/2017/04/toegang-tot-microdata-cbs-flexibeler-voor-onderzoekers,200,text/html,957107e327ade1865f5a14a4fea3519732b917e1793f660f6b7979dd634f9534,exact,https://web.archive.org/web/20260413144015/https://www.cbs.nl/nl-nl/corporate/2017/04/toegang-tot-microdata-cbs-flexibeler-voor-onderzoekers,2026-10-06
NL,record:NL:trust_services_pki:hosting,fills_gap,https://cps.pkioverheid.nl/pkioverheid-cps-unified-v5.6.html,200,text/html,bf52fe9682700d642963ebfa02cd17f9b2fd47faa38675ccc77f0640ce647880,exact,https://web.archive.org/web/20260712001717/https://cps.pkioverheid.nl/pkioverheid-cps-unified-v5.6.html,2026-10-06
NL,record:NL:vehicle_licensing:foreign_dependency,fills_gap,https://www.rdw.nl/-/media/rdwnl/overrdw/documenten/publicaties/jaarverslagen/rdw-wettelijk-jaarverslag-2025-sdt-def.pdf,200,application/pdf,6070d7bf369aa315bf245c69257efcabee0d91bd0a78c1fd6bc456b68af30834,exact,,2026-10-06
NL,record:NL:vehicle_licensing:hosting,fills_gap,https://www.rdw.nl/-/media/rdwnl/overrdw/documenten/publicaties/jaarverslagen/rdw-wettelijk-jaarverslag-2025-sdt-def.pdf,200,application/pdf,6070d7bf369aa315bf245c69257efcabee0d91bd0a78c1fd6bc456b68af30834,exact,,2026-10-06
PL,indicator:PL:K1,supersedes,https://api.sejm.gov.pl/eli/acts/DU/2024/1725/text.pdf,200,application/pdf,1d07b0ba0fa195999cbeff55c592e0e662c27b75ca5425e8f071e19f2861428e,exact,,2026-09-30
PL,indicator:PL:K2,corroborates,https://api.sejm.gov.pl/eli/acts/DU/2026/1241/text.pdf,200,application/pdf,d57ff9c488b88b26a9b2841bf6f71ca684848a845c7c82bb1ae4512ea232f54d,exact,,2026-09-30
PL,indicator:PL:L2,supersedes,https://api.sejm.gov.pl/eli/acts/DU/2025/1209/text.pdf,200,application/pdf,c39681f37e62eed33599a9576e273ae179657b95956e4d1b6154221d0d5c5c80,exact,,2026-09-30
PL,record:PL:authentication_audit_log:operator,fills_gap,https://api.sejm.gov.pl/eli/acts/DU/2026/1241/text.pdf,200,application/pdf,d57ff9c488b88b26a9b2841bf6f71ca684848a845c7c82bb1ae4512ea232f54d,exact,,2026-09-30
PL,record:PL:border_control:operator,fills_gap,https://api.sejm.gov.pl/eli/acts/DU/2026/1061/text.pdf,200,application/pdf,0fd0d80871c4e553541a7638cd111f494767e4e157575153163e18f82bfe363f,exact,,2026-09-30
PL,record:PL:border_control:register,fills_gap,https://api.sejm.gov.pl/eli/acts/DU/2026/1061/text.pdf,200,application/pdf,0fd0d80871c4e553541a7638cd111f494767e4e157575153163e18f82bfe363f,exact,,2026-09-30
PL,record:PL:central_bank:operator,fills_gap,https://api.sejm.gov.pl/eli/acts/DU/2022/2025/text.pdf,200,application/pdf,f89762686d048ff03fb29d48d12e2ec58a64e02bc7dc8f15805c9096d2eb4b60,exact,,2026-09-30
PL,record:PL:civil_registry:operator,fills_gap,https://api.sejm.gov.pl/eli/acts/DU/2026/384/text.pdf,200,application/pdf,16ad0c30f3a26aa1e91f4e2b46e3a71146bbf2da755af030c58cd67dec39abfb,exact,,2026-09-30
PL,record:PL:civil_registry:register,fills_gap,https://api.sejm.gov.pl/eli/acts/DU/2026/384/text.pdf,200,application/pdf,16ad0c30f3a26aa1e91f4e2b46e3a71146bbf2da755af030c58cd67dec39abfb,exact,,2026-09-30
PL,record:PL:customs:register,upgrade,https://api.sejm.gov.pl/eli/acts/DU/2024/1373/text.pdf,200,application/pdf,dc38c3e0b0c5c2aeebe456040decf6c6ac3cca6568967eb86ad7fcf4e1405b03,exact,,2026-09-30
PL,record:PL:digital_identity_credentials:register,corroborates,https://api.sejm.gov.pl/eli/acts/DU/2026/1241/text.pdf,200,application/pdf,d57ff9c488b88b26a9b2841bf6f71ca684848a845c7c82bb1ae4512ea232f54d,exact,,2026-09-30
PL,record:PL:electoral_management:operator,fills_gap,https://api.sejm.gov.pl/eli/acts/DU/2026/1261/text.pdf,200,application/pdf,6d38ef42e121d1e0209b068828c1545e6363a4515861c4476a2fb29dbebd48b6,exact,,2026-09-30
PL,record:PL:electoral_management:register,fills_gap,https://api.sejm.gov.pl/eli/acts/DU/2026/1261/text.pdf,200,application/pdf,6d38ef42e121d1e0209b068828c1545e6363a4515861c4476a2fb29dbebd48b6,exact,,2026-09-30
PL,record:PL:emergency_communications:operator,fills_gap,https://api.sejm.gov.pl/eli/acts/DU/2025/1354/text.pdf,200,application/pdf,f368cd040a21480b5f1befef38f2ea93c46f79c2399f2fac958e5872c5d72471,exact,,2026-09-30
PL,record:PL:emergency_communications:register,fills_gap,https://api.sejm.gov.pl/eli/acts/DU/2025/1354/text.pdf,200,application/pdf,f368cd040a21480b5f1befef38f2ea93c46f79c2399f2fac958e5872c5d72471,exact,,2026-09-30
PL,record:PL:grid_control:operator,fills_gap,https://api.sejm.gov.pl/eli/acts/DU/2026/43/text.pdf,200,application/pdf,457491bcede2fe775fd32ac7e68054074ad36eb89be8b92ac8b009afa3ebfd12,exact,,2026-09-30
PL,record:PL:grid_control:register,fills_gap,https://api.sejm.gov.pl/eli/acts/DU/2026/43/text.pdf,200,application/pdf,457491bcede2fe775fd32ac7e68054074ad36eb89be8b92ac8b009afa3ebfd12,exact,,2026-09-30
PL,record:PL:health_insurance:register,fills_gap,https://api.sejm.gov.pl/eli/acts/DU/2025/1461/text.pdf,200,application/pdf,6b1219883e69636dd4c7c7d1a864297af574db11c9a1ea1adc58f6b330b652d3,exact,,2026-09-30
PL,record:PL:health_records:operator,corroborates,https://cez.gov.pl/,200,text/html,927e237be425685e1495e0c3cd98e87d124b171c3329221f21f8eadff34f9b1d,exact,https://web.archive.org/web/20240619174818/https://cez.gov.pl/,2026-09-30
PL,record:PL:judicial_criminal:operator,fills_gap,https://api.sejm.gov.pl/eli/acts/DU/2024/276/text.pdf,200,application/pdf,e2c08b0fe87c640ef8d650cb483d216188760a1562d115eba98fb46fa5234e73,exact,https://web.archive.org/web/20260118051851/https://api.sejm.gov.pl/eli/acts/DU/2024/276/text.pdf,2026-09-30
PL,record:PL:judicial_criminal:register,fills_gap,https://api.sejm.gov.pl/eli/acts/DU/2024/276/text.pdf,200,application/pdf,e2c08b0fe87c640ef8d650cb483d216188760a1562d115eba98fb46fa5234e73,exact,https://web.archive.org/web/20260118051851/https://api.sejm.gov.pl/eli/acts/DU/2024/276/text.pdf,2026-09-30
PL,record:PL:land_property:register,fills_gap,https://api.sejm.gov.pl/eli/acts/DU/2026/1066/text.pdf,200,application/pdf,cbc2d187735e06130003a3139580f7a9a5f3f421a37d6c8d8a6943b47f3e9a0f,exact,,2026-09-30
PL,record:PL:official_gazette:operator,fills_gap,https://api.sejm.gov.pl/eli/acts/DU/2019/1461/text.pdf,200,application/pdf,71fba8745b393b8e0904ccb6188344ee7b9f08217c9c246ddc4dea5ee1d7e2bf,exact,https://web.archive.org/web/20260110071005/https://api.sejm.gov.pl/eli/acts/DU/2019/1461/text.pdf,2026-09-30
PL,record:PL:official_gazette:register,fills_gap,https://api.sejm.gov.pl/eli/acts/DU/2019/1461/text.pdf,200,application/pdf,71fba8745b393b8e0904ccb6188344ee7b9f08217c9c246ddc4dea5ee1d7e2bf,exact,https://web.archive.org/web/20260110071005/https://api.sejm.gov.pl/eli/acts/DU/2019/1461/text.pdf,2026-09-30
PL,record:PL:police_records:operator,fills_gap,https://api.sejm.gov.pl/eli/acts/DU/2025/636/text.pdf,200,application/pdf,14eab91f164df0f8afce9cb5bf91d8377a6ec1ea8fcbf5e80de0d9ec1184557b,exact,https://web.archive.org/web/20260119013525/https://api.sejm.gov.pl/eli/acts/DU/2025/636/text.pdf,2026-09-30
PL,record:PL:police_records:register,fills_gap,https://api.sejm.gov.pl/eli/acts/DU/2025/636/text.pdf,200,application/pdf,14eab91f164df0f8afce9cb5bf91d8377a6ec1ea8fcbf5e80de0d9ec1184557b,exact,https://web.archive.org/web/20260119013525/https://api.sejm.gov.pl/eli/acts/DU/2025/636/text.pdf,2026-09-30
PL,record:PL:residence_permits:operator,fills_gap,https://api.sejm.gov.pl/eli/acts/DU/2025/1079/text.pdf,200,application/pdf,2d3492f82ae1a1ab936667bf4fac1a8544adf4d166db0d6904145bc6d74ad4e0,exact,,2026-09-30
PL,record:PL:residence_permits:register,fills_gap,https://api.sejm.gov.pl/eli/acts/DU/2025/1079/text.pdf,200,application/pdf,2d3492f82ae1a1ab936667bf4fac1a8544adf4d166db0d6904145bc6d74ad4e0,exact,,2026-09-30
PL,record:PL:trust_services_pki:operator,fills_gap,https://api.sejm.gov.pl/eli/acts/DU/2024/1725/text.pdf,200,application/pdf,1d07b0ba0fa195999cbeff55c592e0e662c27b75ca5425e8f071e19f2861428e,exact,,2026-09-30
PL,record:PL:trust_services_pki:register,fills_gap,https://api.sejm.gov.pl/eli/acts/DU/2024/1725/text.pdf,200,application/pdf,1d07b0ba0fa195999cbeff55c592e0e662c27b75ca5425e8f071e19f2861428e,exact,,2026-09-30
PL,record:PL:vehicle_licensing:register,corroborates,https://api.sejm.gov.pl/eli/acts/DU/2024/1251/text.pdf,200,application/pdf,de6c1f33e4c8cc9079f6307ea5c559d07013539a9985e6f8d63a792d2371fccb,exact,https://web.archive.org/web/20251222005510/https://api.sejm.gov.pl/eli/acts/DU/2024/1251/text.pdf,2026-09-30
PL,record:PL:water_control:operator,fills_gap,https://api.sejm.gov.pl/eli/acts/DU/2025/960/text.pdf,200,application/pdf,53520c04de261b4daef59eed9bbe8dbae2bda2aa8bf22d17ecf8817259b7c93d,exact,,2026-09-30
PL,record:PL:water_control:register,fills_gap,https://api.sejm.gov.pl/eli/acts/DU/2025/960/text.pdf,200,application/pdf,53520c04de261b4daef59eed9bbe8dbae2bda2aa8bf22d17ecf8817259b7c93d,exact,,2026-09-30
PT,indicator:PT:C1,corroborates,https://sirp.pt/organizacao-do-sirp/,200,text/html,c068228181a377f7904626c46fa71e76a780d8f1931c05b97b46be7fc1147018,exact,https://web.archive.org/web/20260608091525/https://sirp.pt/organizacao-do-sirp/,2026-09-30
PT,indicator:PT:K1,fills_gap,https://www.scee.gov.pt/,error,,,fetch_failed,,2026-10-06
PT,record:PT:beneficial_ownership:register,fills_gap,https://rcbe.justica.gov.pt/,200,text/html,bbdfd0fc26c0834b50a3d8dd3030593891c8a6dcee57fb4c6c9171588000cdb9,exact,https://web.archive.org/web/20260724173200/https://rcbe.justica.gov.pt/,2026-09-30
PT,record:PT:business_registry:register,fills_gap,https://irn.justica.gov.pt/Portals/33/Relatorio/Relat%C3%B3rio%20de%20Atividades%202024.pdf,502,text/html,,fetch_failed,,2026-10-06
PT,record:PT:civil_registry:register,fills_gap,https://irn.justica.gov.pt/Portals/33/Relatorio/Relat%C3%B3rio%20de%20Atividades%202024.pdf,502,text/html,,fetch_failed,,2026-10-06
PT,record:PT:crisis_management:operator,fills_gap,https://prociv.gov.pt/pt/prevencao-e-preparacao/alerta-e-aviso/aviso/,200,text/html,42cb48dff1996f3bed571a0aadecd0365ac607c9733c1c60ba8a8057e6d9b80a,not_found,,2026-10-06
PT,record:PT:crisis_management:register,fills_gap,https://prociv.gov.pt/pt/prevencao-e-preparacao/alerta-e-aviso/aviso/,200,text/html,42cb48dff1996f3bed571a0aadecd0365ac607c9733c1c60ba8a8057e6d9b80a,not_found,,2026-10-06
PT,record:PT:customs:operator,fills_gap,https://info.portaldasfinancas.gov.pt/pt/at/Instrumentos_Gestao/Relatorio_atividades/Documents/Relatorio_de_Atividades_AT_2024.pdf,200,application/pdf,2f25086dfe49086039a3e6d58f801f78e8f47179e81f3f9c132e8ebe16fce1e1,exact,https://web.archive.org/web/20260509164626/https://info.portaldasfinancas.gov.pt/pt/at/Instrumentos_Gestao/Relatorio_atividades/Documents/Relatorio_de_Atividades_AT_2024.pdf,2026-09-30
PT,record:PT:customs:register,fills_gap,https://info.portaldasfinancas.gov.pt/pt/at/Instrumentos_Gestao/Relatorio_atividades/Documents/Relatorio_de_Atividades_AT_2024.pdf,200,application/pdf,2f25086dfe49086039a3e6d58f801f78e8f47179e81f3f9c132e8ebe16fce1e1,exact,https://web.archive.org/web/20260509164626/https://info.portaldasfinancas.gov.pt/pt/at/Instrumentos_Gestao/Relatorio_atividades/Documents/Relatorio_de_Atividades_AT_2024.pdf,2026-09-30
PT,record:PT:digital_identity_credentials:operator,corrects,https://www.autenticacao.gov.pt/termos-e-condicoes,200,text/html,147c0335dc42908c5f8b6644e8c0984e7b56789ea02f4d2dbec2299f11941cd0,exact,,2026-10-02
PT,record:PT:digital_identity_credentials:register,fills_gap,https://www.autenticacao.gov.pt/web/guest/chave-movel-digital,200,text/html,080827691ea0703746306dd2f8f9ccd67308064e1a6392391fc0b060f007b1d7,exact,,2026-09-30
PT,record:PT:education:register,corrects,https://www.dge.mec.pt/noticias/modelos-de-diplomas-e-de-certificados-em-formato-eletronico,200,text/html,d20503357255fdbc5653599fcfa1385d9e97bd94fe11f4cb37cc5189bedfcaa3,exact,https://web.archive.org/web/20260214042656/https://www.dge.mec.pt/noticias/modelos-de-diplomas-e-de-certificados-em-formato-eletronico,2026-10-02
PT,record:PT:electoral_management:operator,fills_gap,https://www.sg.mai.gov.pt/pt/AdministracaoEleitoral/,200,text/html,1037cd54fbd101cd22de6ed145a7e7d0531b4405a737942c4ffc0c3828d38243,exact,,2026-09-30
PT,record:PT:electoral_roll:count,fills_gap,https://www.sg.mai.gov.pt/,200,text/html,3430f4464b0a116d68ab0794bc26aa45b560b03095906c0873fe19b75a942e35,exact,https://web.archive.org/web/20141227112353/http://www.sg.mai.gov.pt:80/?,2026-09-30
PT,record:PT:electoral_roll:register,fills_gap,https://www.sg.mai.gov.pt/pt/AdministracaoEleitoral/,200,text/html,1037cd54fbd101cd22de6ed145a7e7d0531b4405a737942c4ffc0c3828d38243,exact,,2026-09-30
PT,record:PT:emergency_communications:count,fills_gap,https://www.siresp.pt/,200,text/html,c0e3d215a9718ef24ce13aaee15d174b68ffd3ff90876f465ca465f687e866cd,exact,https://web.archive.org/web/20260608175758/https://www.siresp.pt/,2026-09-30
PT,record:PT:emergency_communications:operator,fills_gap,https://www.siresp.pt/,200,text/html,c0e3d215a9718ef24ce13aaee15d174b68ffd3ff90876f465ca465f687e866cd,exact,https://web.archive.org/web/20260608175758/https://www.siresp.pt/,2026-09-30
PT,record:PT:emergency_communications:register,fills_gap,https://www.siresp.pt/,200,text/html,c0e3d215a9718ef24ce13aaee15d174b68ffd3ff90876f465ca465f687e866cd,exact,https://web.archive.org/web/20260608175758/https://www.siresp.pt/,2026-09-30
PT,record:PT:grid_control:operator,fills_gap,https://www.ren.pt/pt-pt/atividade/eletricidade,200,text/html,2d127ada5bf3b213d2c93ef45638dfde98434ae42e54331adde041d58a762a46,exact,,2026-09-30
PT,record:PT:grid_control:register,fills_gap,https://www.ren.pt/pt-pt/atividade/eletricidade,200,text/html,2d127ada5bf3b213d2c93ef45638dfde98434ae42e54331adde041d58a762a46,exact,,2026-09-30
PT,record:PT:health_insurance:register,corrects,https://www.ers.pt/pt/utentes/perguntas-frequentes/faq/o-registo-nacional-de-utentes-rnu-e-a-inscricao-nos-cuidados-de-saude-primarios/,200,text/html,83853f1f060bcac506d50fc7157481831541b35ac6dfc365807643770012d378,exact,,2026-10-02
PT,record:PT:intelligence:register,fills_gap,https://sirp.pt/fiscalizacao/,200,text/html,6addcdef25475940085d69f8c272daab89d00cf2a6fbffcbefab5d03ff363260,exact,https://web.archive.org/web/20260608080258/https://sirp.pt/fiscalizacao/,2026-09-30
PT,record:PT:issuance_history:register,fills_gap,https://irn.justica.gov.pt/Portals/33/Relatorio/Relat%C3%B3rio%20de%20Atividades%202024.pdf,502,text/html,,fetch_failed,,2026-10-06
PT,record:PT:judicial_criminal:operator,fills_gap,https://registocriminal.justica.gov.pt/,200,text/html,a7f127437c1db7afa8b6ab6ed1b464e18f588b6aff8f465735ad84fd8196f6e8,exact,https://web.archive.org/web/20260731123603/https://registocriminal.justica.gov.pt/,2026-09-30
PT,record:PT:land_property:register,fills_gap,https://irn.justica.gov.pt/Portals/33/Relatorio/Relat%C3%B3rio%20de%20Atividades%202024.pdf,502,text/html,,fetch_failed,,2026-10-06
PT,record:PT:public_finance:operator,corrects,https://www.igcp.pt/pt/igcp,200,text/html,79299dd57bc3064a3815f9252cd611dc6e2ea38227b74742b3418a8d678d25ea,exact,https://web.archive.org/web/20260902103031/https://www.igcp.pt/pt/igcp,2026-10-02
PT,record:PT:public_finance:operator,fills_gap,https://www.igcp.pt/,200,text/html,85ba0cbc93f8100b0ab3467e7b6cb89fcd7bd1b2990746942cee24b28de9cae6,exact,,2026-09-30
PT,record:PT:residence_permits:operator,fills_gap,https://aima.gov.pt/pt/a-aima,error,,,fetch_failed,,2026-10-06
PT,record:PT:tax:operator,fills_gap,https://info.portaldasfinancas.gov.pt/pt/at/Instrumentos_Gestao/Relatorio_atividades/Documents/Relatorio_de_Atividades_AT_2024.pdf,200,application/pdf,2f25086dfe49086039a3e6d58f801f78e8f47179e81f3f9c132e8ebe16fce1e1,exact,https://web.archive.org/web/20260509164626/https://info.portaldasfinancas.gov.pt/pt/at/Instrumentos_Gestao/Relatorio_atividades/Documents/Relatorio_de_Atividades_AT_2024.pdf,2026-09-30
PT,record:PT:trust_services_pki:operator,fills_gap,https://www.arte.gov.pt/certificacao-eletronica/,200,text/html,92ef8514a63f165e93c6fd530a304a476171c2e685d0922cd59e3bdd56bee97e,exact,https://web.archive.org/web/20260928140610/https://www.arte.gov.pt/certificacao-eletronica/,2026-09-30
PT,record:PT:trust_services_pki:register,fills_gap,https://www.scee.gov.pt/,error,,,fetch_failed,,2026-10-06
PT,record:PT:vehicle_licensing:register,fills_gap,https://irn.justica.gov.pt/Portals/33/Relatorio/Relat%C3%B3rio%20de%20Atividades%202024.pdf,502,text/html,,fetch_failed,,2026-10-06
PT,record:PT:water_control:register,fills_gap,https://apambiente.pt/agua/sistema-nacional-de-informacao-de-recursos-hidricos-snirh,200,text/html,aac89ca33bfad663587aa585a42137963e67e53ac1d61a62a0fdfcbe215ccbe7,exact,https://web.archive.org/web/20260617184912/https://apambiente.pt/agua/sistema-nacional-de-informacao-de-recursos-hidricos-snirh,2026-09-30
RO,indicator:RO:C1,fills_gap,https://www.research.gov.ro/ministrul-bogdan-ivan-anunta-finalizarea-instalarii-tuturor-echipamentelor-pentru-cloudul-dedicat-in-centrul-de-date-sts-de-la-brasov-22761/,error,,,fetch_failed,,2026-10-06
RO,record:RO:breeder_documents:register,fills_gap,https://depabd.mai.gov.ro/,403,text/html,,fetch_failed,,2026-10-06
RO,record:RO:civil_registry:operator,fills_gap,https://depabd.mai.gov.ro/atributii.html,403,text/html,,fetch_failed,,2026-10-06
RO,record:RO:civil_registry:register,fills_gap,https://depabd.mai.gov.ro/atributii.html,403,text/html,,fetch_failed,,2026-10-06
RO,record:RO:health_insurance:register,corrects,https://portal.cnas.ro/cnas/pias/specificatii,200,text/html,0026582b60d4c8ea783ff17ff379ee0640c9c451198c8a264ab4bf9480baf72c,exact,,2026-10-02
RO,record:RO:issuance_history:operator,fills_gap,https://pasapoarte.mai.gov.ro/furnizarea-datelor-din-r-n-e-p-s/,403,text/html,,fetch_failed,,2026-10-06
RO,record:RO:issuance_history:register,fills_gap,https://pasapoarte.mai.gov.ro/furnizarea-datelor-din-r-n-e-p-s/,403,text/html,,fetch_failed,,2026-10-06
RO,record:RO:judicial_criminal:register,fills_gap,https://www.politiaromana.ro/ro/stiri-si-media/comunicate/aproape-un-milion-de-certificate-de-cazier-judiciar-obtinute-online,error,,,fetch_failed,,2026-10-06
RO,record:RO:police_records:register,supersedes,https://igi.mai.gov.ro/protectia-datelor/,403,text/html,,fetch_failed,,2026-10-06
RO,record:RO:public_finance:operator,fills_gap,https://mfinante.gov.ro/web/forexepublic,error,,,fetch_failed,,2026-10-06
RO,record:RO:public_finance:register,fills_gap,https://mfinante.gov.ro/web/forexepublic,error,,,fetch_failed,,2026-10-06
RO,record:RO:tax:register,corrects,https://static.anaf.ro/static/10/Anaf/Informatii_R/Raportperformanta2024.pdf,200,application/pdf,8ffa42b10f22e2eb65a40c1c9fff94a2f4b4076bb2422c7aaf4ae5c36b09091c,exact,https://web.archive.org/web/20260523213236/https://static.anaf.ro/static/10/Anaf/Informatii_R/Raportperformanta2024.pdf,2026-10-02
SE,indicator:SE:L2,corroborates,https://data.riksdagen.se/dokument/sfs-2021-955.html,200,text/html,93fabb232993ea95f55de97d564c950869d3ce4bf16794f2fd19488960ae1a25,exact,https://web.archive.org/web/20260519033902/https://data.riksdagen.se/dokument/sfs-2021-955.html,2026-09-30
SE,record:SE:beneficial_ownership:register,supersedes,https://data.riksdagen.se/dokument/sfs-2017-631.html,200,text/html,b815e5810b7d7bab01526eaae3720a3b12b1be46c28f4bf195ee1d1f386617dc,exact,,2026-09-30
SE,record:SE:benefits_pensions:operator,fills_gap,https://data.riksdagen.se/dokument/sfs-2010-110.html,200,text/html,11dfe69a7c80c3df60c63d2cecba6829ccf032bbdc2633758ede86cfd7520f64,exact,https://web.archive.org/web/20231130013547/https://data.riksdagen.se/dokument/sfs-2010-110.html,2026-09-30
SE,record:SE:breeder_documents:register,fills_gap,https://data.riksdagen.se/dokument/sfs-1991-481.html,200,text/html,e78c3579758c220336c45bbf08a391a940af4181be41584a8bd71202c3f60908,exact,https://web.archive.org/web/20251208011308/https://data.riksdagen.se/dokument/sfs-1991-481.html,2026-09-30
SE,record:SE:business_registry:register,corroborates,https://data.riksdagen.se/dokument/sfs-2005-551.html,200,text/html,662f6748f0d2719583516b2ce6bded3eac0b4a99911a00b76956146251d8772e,exact,https://web.archive.org/web/20230328035707/https://data.riksdagen.se/dokument/sfs-2005-551.html,2026-09-30
SE,record:SE:central_bank:register,fills_gap,https://www.riksbank.se/sv/betalningar--kontanter/betalningssystemet-rix/,200,text/html,aef796c6c411d6c1e93bc2468b4ff3b45e63ba6969c78d1b67578244849e2186,exact,,2026-09-30
SE,record:SE:civil_registry:count,supersedes,https://www.scb.se/hitta-statistik/statistik-efter-amne/befolkning-och-levnadsforhallanden/befolkningens-sammansattning-och-utveckling/befolkningsstatistik/,200,text/html,72580c64765691643dad239420597ee4f788e76535d03d912277808caebe8b45,exact,https://web.archive.org/web/20260914063708/https://www.scb.se/hitta-statistik/statistik-efter-amne/befolkning-och-levnadsforhallanden/befolkningens-sammansattning-och-utveckling/befolkningsstatistik/,2026-09-30
SE,record:SE:civil_registry:operator,corroborates,https://data.riksdagen.se/dokument/sfs-2026-126.html,200,text/html,c32cf1e628f3faf9ae26207f284084ebb23bf5d3af3ea2f9c71f5b37772d7b4e,exact,,2026-09-30
SE,record:SE:crisis_management:register,fills_gap,https://data.riksdagen.se/dokument/sfs-2008-1002.html,200,text/html,c6951def891aa43ac28ae7ac48469ab744045814e4fb3a4efd0deca96c5cef39,exact,https://web.archive.org/web/20230228040108/https://data.riksdagen.se/dokument/sfs-2008-1002.html,2026-09-30
SE,record:SE:customs:operator,fills_gap,https://data.riksdagen.se/dokument/sfs-2026-127.html,200,text/html,e6f4377f94fa624c1a1cd586d0c4de7d9b9181f6e880d6ec299a8fdd60db3d4b,exact,,2026-09-30
SE,record:SE:digital_identity_credentials:operator,fills_gap,https://data.riksdagen.se/dokument/sfs-2026-1358.html,200,text/html,c2ccdf1918b8313c178b7e283f747528ba1dd07f1a65cb846927be864da00071,exact,,2026-09-30
SE,record:SE:digital_identity_credentials:register,fills_gap,https://data.riksdagen.se/dokument/sfs-2026-1358.html,200,text/html,c2ccdf1918b8313c178b7e283f747528ba1dd07f1a65cb846927be864da00071,exact,,2026-09-30
SE,record:SE:education:register,corroborates,https://ladokkonsortiet.se/om-oss/om-ladokkonsortiet,403,text/html,,fetch_failed,,2026-10-06
SE,record:SE:emergency_communications:operator,fills_gap,https://www.mcf.se/sv/amnesomraden/samhallsviktiga-kommunikationstjanster/rakel/,200,text/html,58490c1b51a932c5098260a1775f2bc520d7ebe39cba5bd4b532091b5365f81a,exact,https://web.archive.org/web/20260915155037/https://www.mcf.se/sv/amnesomraden/samhallsviktiga-kommunikationstjanster/rakel/,2026-09-30
SE,record:SE:emergency_communications:register,fills_gap,https://www.mcf.se/sv/amnesomraden/samhallsviktiga-kommunikationstjanster/rakel/,200,text/html,58490c1b51a932c5098260a1775f2bc520d7ebe39cba5bd4b532091b5365f81a,exact,https://web.archive.org/web/20260915155037/https://www.mcf.se/sv/amnesomraden/samhallsviktiga-kommunikationstjanster/rakel/,2026-09-30
SE,record:SE:facial_biometric:register,supersedes,https://data.riksdagen.se/dokument/sfs-1979-664.html,200,text/html,41635feb1b49104e258c179044fa262ac7519ac4607d311c06c3752acdc0e57c,exact,,2026-09-30
SE,record:SE:fingerprint_biometric:register,contradicts,https://data.riksdagen.se/dokument/sfs-2016-27.html,200,text/html,c1c4d6c2698055e50ec078fe4d925f938d718a02ddc484675a274f2b34024fff,exact,,2026-09-30
SE,record:SE:fingerprint_biometric:register,contradicts,https://data.riksdagen.se/dokument/sfs-2018-1693.html,200,text/html,bb1578c4d13a9db9e040745e0aa9cfd49f42855df563ae2efad84a59dfcbf639,exact,,2026-09-30
SE,record:SE:government_payroll:count,fills_gap,https://data.riksdagen.se/dokument/HDB313.html,200,text/html,9391e8eddcc0bbea090d020f5a5c4940e63666e84fb692f1c6fd69d9eb21330b,exact,,2026-09-30
SE,record:SE:government_payroll:operator,fills_gap,https://data.riksdagen.se/dokument/HDB313.html,200,text/html,9391e8eddcc0bbea090d020f5a5c4940e63666e84fb692f1c6fd69d9eb21330b,exact,,2026-09-30
SE,record:SE:government_payroll:register,fills_gap,https://data.riksdagen.se/dokument/HDB313.html,200,text/html,9391e8eddcc0bbea090d020f5a5c4940e63666e84fb692f1c6fd69d9eb21330b,exact,,2026-09-30
SE,record:SE:issuance_history:register,supersedes,https://data.riksdagen.se/dokument/sfs-1979-664.html,200,text/html,41635feb1b49104e258c179044fa262ac7519ac4607d311c06c3752acdc0e57c,exact,,2026-09-30
SE,record:SE:judicial_criminal:register,corroborates,https://polisen.se/tjanster-tillstand/belastningsregistret/,200,text/html,654ce7a5e8840ef75a37ed279331999eadb8682bde8751966a704c047a79c212,exact,https://web.archive.org/web/20260912120459/https://polisen.se/tjanster-tillstand/belastningsregistret/,2026-09-30
SE,record:SE:land_property:operator,corroborates,https://data.riksdagen.se/dokument/sfs-2000-308.html,200,text/html,308102893bb9cbfbc23ef3df45047c18e8fb6846320aa1c5e814e29a580f57c1,exact,,2026-09-30
SE,record:SE:land_property:register,corroborates,https://data.riksdagen.se/dokument/sfs-2000-308.html,200,text/html,308102893bb9cbfbc23ef3df45047c18e8fb6846320aa1c5e814e29a580f57c1,exact,,2026-09-30
SE,record:SE:official_gazette:register,fills_gap,https://data.riksdagen.se/dokument/sfs-1976-633.html,200,text/html,cab407648c15af6464f1f281f551b269602eb5919238879ff0b156ab7ebe0e5e,exact,,2026-09-30
SE,record:SE:police_records:register,fills_gap,https://data.riksdagen.se/dokument/sfs-1998-621.html,200,text/html,c9525f397464994e3d7c91effcff7966e81a310703eba810762e482c52d82199,exact,,2026-09-30
SE,record:SE:public_health_surveillance:operator,corroborates,https://data.riksdagen.se/dokument/sfs-2021-248.html,200,text/html,dbf7db9ac9622f9de46bf2f20ce40d13811c9902d1e67acfcfe2cd0db918ae8a,exact,,2026-09-30
SE,record:SE:public_health_surveillance:register,corroborates,https://www.folkhalsomyndigheten.se/vara-amnesomraden/vaccinationer/nationella-vaccinationsregistret/,200,text/html,aeed98100ea29d40791a21bb9112292b6dcf2a9959a15b3778ab7189fe6d8b73,exact,https://web.archive.org/web/20260907024120/https://www.folkhalsomyndigheten.se/vara-amnesomraden/vaccinationer/nationella-vaccinationsregistret/,2026-09-30
SE,record:SE:residence_permits:operator,fills_gap,https://data.riksdagen.se/dokument/sfs-2016-27.html,200,text/html,c1c4d6c2698055e50ec078fe4d925f938d718a02ddc484675a274f2b34024fff,exact,,2026-09-30
SE,record:SE:tax:operator,fills_gap,https://data.riksdagen.se/dokument/sfs-2026-125.html,200,text/html,f42beb9a8d2976188516497e95e340c52f36dd9505cfc59f2d63a696475ee1ba,exact,,2026-09-30
SE,record:SE:vehicle_licensing:register,corroborates,https://www.transportstyrelsen.se/sv/vagtrafik/fordon/fordons-agaruppgift/uttag-av-fordonsdata-pa-fil/fordonsdata-fran-vagtrafikregistret/,200,text/html,3e48459b23fdbe63de4ee032d922b07d14feea8ca9ad23d6ad584ebfc5934437,exact,https://web.archive.org/web/20260930160034/https://www.transportstyrelsen.se/sv/vagtrafik/fordon/fordons-agaruppgift/uttag-av-fordonsdata-pa-fil/fordonsdata-fran-vagtrafikregistret/,2026-09-30
SI,indicator:SI:C2,corroborates,https://www.gov.si/teme/informatika-v-drzavni-upravi/,200,text/html,88ba4056bce04ffe6ec0c113ea131f2621ff282cabb25644870e585b5f4b63d2,exact,https://web.archive.org/web/20260710105740/https://www.gov.si/teme/informatika-v-drzavni-upravi/,2026-09-30
SI,indicator:SI:C2,corroborates,https://www.gov.si/zbirke/javne-objave/vzdrzevanje-drzavnega-racunalniskega-oblaka-dro-vmware-260317002023/,200,text/html,535cb9788363ddb6661307965a78739a398d6617c157767fb35312abf958ced1,exact,,2026-09-30
SI,indicator:SI:K1,corroborates,https://www.gov.si/drzavni-organi/ministrstva/ministrstvo-za-notranje-zadeve-in-javno-upravo/o-ministrstvu/direktorat-za-informatiko/urad-za-razvoj-digitalnih-resitev/sektor-za-storitve-zaupanja/,200,text/html,35e8aafdd50dc4b6d46b2fbd007653d8eeaf8bc9f15904bcb26c0df69bec762a,exact,,2026-09-30
SI,indicator:SI:K2,corroborates,https://www.gov.si/drzavni-organi/ministrstva/ministrstvo-za-notranje-zadeve-in-javno-upravo/o-ministrstvu/direktorat-za-informatiko/urad-za-razvoj-digitalnih-resitev/sektor-za-storitve-zaupanja/,200,text/html,35e8aafdd50dc4b6d46b2fbd007653d8eeaf8bc9f15904bcb26c0df69bec762a,exact,,2026-09-30
SI,indicator:SI:L2,corroborates,https://www.gov.si/teme/tajni-podatki/,200,text/html,38e3493115b2328f5c0e9c90e7ab239102eb545b42f94e4e73e9823c957f6305,exact,https://web.archive.org/web/20260518182748/https://www.gov.si/teme/tajni-podatki/,2026-09-30
SI,record:SI:beneficial_ownership:register,corroborates,https://www.gov.si/novice/2026-09-24-preverite-vpis-v-register-dejanskih-lastnikov/,200,text/html,50f039ae2949d5c05df0f45037fe075a046b2a92ac7c89d1eef49ec6bce5c730,exact,,2026-09-30
SI,record:SI:benefits_pensions:register,fills_gap,https://www.zpiz.si/cms/?ids=content2019&inf=1191,200,text/html,b86193f76251da3b85a2da029ae6d23f19550a3798fb2efbc82e7b900d605bfc,exact,https://web.archive.org/web/20260710194720/https://www.zpiz.si/cms/?ids=content2019&inf=1191,2026-09-30
SI,record:SI:business_registry:operator,fills_gap,https://www.ajpes.si/registri/poslovni_register/splosno,200,text/html,99c992455afc36f0dded5ead9e9c07384ba9ac3676dc87f6096fbfa12e15caf1,exact,https://web.archive.org/web/20260912024435/https://www.ajpes.si/registri/poslovni_register/splosno,2026-09-30
SI,record:SI:business_registry:register,fills_gap,https://www.ajpes.si/registri/poslovni_register/splosno,200,text/html,99c992455afc36f0dded5ead9e9c07384ba9ac3676dc87f6096fbfa12e15caf1,exact,https://web.archive.org/web/20260912024435/https://www.ajpes.si/registri/poslovni_register/splosno,2026-09-30
SI,record:SI:central_bank:foreign_dependency,corroborates,https://www.ecb.europa.eu/paym/target/html/index.en.html,200,text/html,5f4666f7f8d83ca15bf64b284f0b31e64528199fa5cf4dcfaa5dea6845bcac8e,exact,https://web.archive.org/web/20260917182025/https://www.ecb.europa.eu/paym/target/html/index.en.html,2026-09-30
SI,record:SI:central_bank:register,corroborates,https://www.ecb.europa.eu/paym/target/html/index.en.html,200,text/html,5f4666f7f8d83ca15bf64b284f0b31e64528199fa5cf4dcfaa5dea6845bcac8e,exact,https://web.archive.org/web/20260917182025/https://www.ecb.europa.eu/paym/target/html/index.en.html,2026-09-30
SI,record:SI:civil_registry:operator,supersedes,https://www.gov.si/teme/registri-in-evidence-prebivalstva/,200,text/html,bccf12fbd24e23d19538952c1d5352ead9e862c411fdcb9ee1d58e6920d9f9b6,exact,https://web.archive.org/web/20260314092109/https://www.gov.si/teme/registri-in-evidence-prebivalstva/,2026-09-30
SI,record:SI:civil_registry:register,corroborates,https://www.gov.si/teme/registri-in-evidence-prebivalstva/,200,text/html,bccf12fbd24e23d19538952c1d5352ead9e862c411fdcb9ee1d58e6920d9f9b6,exact,https://web.archive.org/web/20260314092109/https://www.gov.si/teme/registri-in-evidence-prebivalstva/,2026-09-30
SI,record:SI:customs:count,fills_gap,https://www.gov.si/assets/organi-v-sestavi/FURS/Strateski-dokumenti/2026/Letno-porocilo-Financne-uprave-za-leto-2025.pdf,200,application/pdf,8bf5ad9f6a607d083acedbdb05b940ddf676aabe892950fd3b948cb9a990461d,exact,,2026-09-30
SI,record:SI:defence_command:operator,fills_gap,https://www.gov.si/drzavni-organi/organi-v-sestavi/generalstab-slovenske-vojske/o-generalstabu/poveljstvo-sil/enota-za-komunikacijske-in-informacijske-sisteme-ekis/,200,text/html,9866d5dd6d6c71349846b1d850faadae450fbb208a9165d99789f802888d2a0b,exact,https://web.archive.org/web/20260419171123/https://www.gov.si/drzavni-organi/organi-v-sestavi/generalstab-slovenske-vojske/o-generalstabu/poveljstvo-sil/enota-za-komunikacijske-in-informacijske-sisteme-ekis/,2026-09-30
SI,record:SI:digital_identity_credentials:register,corroborates,https://www.gov.si/drzavni-organi/ministrstva/ministrstvo-za-notranje-zadeve-in-javno-upravo/o-ministrstvu/direktorat-za-informatiko/urad-za-razvoj-digitalnih-resitev/sektor-za-storitve-zaupanja/,200,text/html,35e8aafdd50dc4b6d46b2fbd007653d8eeaf8bc9f15904bcb26c0df69bec762a,exact,,2026-09-30
SI,record:SI:electoral_management:operator,fills_gap,https://www.dvk-rs.si/o-komisiji/sestava-in-pristojnosti/,200,text/html,2efb63e880b8a6ca5aee93fd66a41b49409e9328d624400ab616b94cdd89cc07,exact,https://web.archive.org/web/20260831022110/https://www.dvk-rs.si/o-komisiji/sestava-in-pristojnosti/,2026-09-30
SI,record:SI:electoral_roll:count,fills_gap,https://www.dvk-rs.si/volitve-in-referendumi/drzavni-zbor-rs/volitve-drzavnega-zbora-rs/volitve-v-drzavni-zbor/,200,text/html,b20be77147cab2c422d5010e793ab21a49416180c4dbc74da7ca0b75f1c9e6d0,exact,https://web.archive.org/web/20260728104354/https://www.dvk-rs.si/volitve-in-referendumi/drzavni-zbor-rs/volitve-drzavnega-zbora-rs/volitve-v-drzavni-zbor/,2026-09-30
SI,record:SI:electoral_roll:register,corroborates,https://www.gov.si/teme/registri-in-evidence-prebivalstva/,200,text/html,bccf12fbd24e23d19538952c1d5352ead9e862c411fdcb9ee1d58e6920d9f9b6,exact,https://web.archive.org/web/20260314092109/https://www.gov.si/teme/registri-in-evidence-prebivalstva/,2026-09-30
SI,record:SI:government_payroll:foreign_dependency,fills_gap,https://www.gov.si/zbirke/projekti-in-programi/prenova-mferac/,200,text/html,1a2eca9dffafe5df87d8a67f8fd6b3ca113eacf91283aa5a43672bca68b44238,exact,https://web.archive.org/web/20260216201728/https://www.gov.si/zbirke/projekti-in-programi/prenova-mferac/,2026-09-30
SI,record:SI:government_payroll:register,corroborates,https://www.gov.si/zbirke/projekti-in-programi/prenova-mferac/,200,text/html,1a2eca9dffafe5df87d8a67f8fd6b3ca113eacf91283aa5a43672bca68b44238,exact,https://web.archive.org/web/20260216201728/https://www.gov.si/zbirke/projekti-in-programi/prenova-mferac/,2026-09-30
SI,record:SI:grid_control:operator,corroborates,https://www.eles.si/,200,text/html,cfc91366baae47c8636986915b37a0aea77c2573146f79868fccb5af28f62963,exact,,2026-09-30
SI,record:SI:judicial_criminal:operator,fills_gap,https://www.gov.si/teme/kazenskopravne-evidence/,200,text/html,5f793ee259a6cdc02f5a04529c7b44a2f8657165437cefdb3bfb240e934bcaa4,exact,https://web.archive.org/web/20260519042322/https://www.gov.si/teme/kazenskopravne-evidence/,2026-09-30
SI,record:SI:official_gazette:operator,fills_gap,https://www.uradni-list.si/glasilo-uradni-list-rs/glasilo-uradni-list-rs/o-glasilu,200,text/html,bd2a81b878726a76676a9c3096bc1f94b3df184febeedc9314c6b31568b78afd,exact,https://web.archive.org/web/20260608175302/https://www.uradni-list.si/glasilo-uradni-list-rs/glasilo-uradni-list-rs/o-glasilu,2026-09-30
SI,record:SI:official_gazette:register,fills_gap,https://www.uradni-list.si/glasilo-uradni-list-rs/glasilo-uradni-list-rs/o-glasilu,200,text/html,bd2a81b878726a76676a9c3096bc1f94b3df184febeedc9314c6b31568b78afd,exact,https://web.archive.org/web/20260608175302/https://www.uradni-list.si/glasilo-uradni-list-rs/glasilo-uradni-list-rs/o-glasilu,2026-09-30
SI,record:SI:public_finance:register,corroborates,https://www.gov.si/teme/register-proracunskih-uporabnikov/,200,text/html,bcf0fe11456ab9aa2b13a2bdf94fafa6d7a49119ae609b43eb5aeb02f1652077,exact,https://web.archive.org/web/20251208071415/https://www.gov.si/teme/register-proracunskih-uporabnikov/,2026-09-30
SI,record:SI:residence_permits:register,corroborates,https://www.gov.si/teme/registri-in-evidence-prebivalstva/,200,text/html,bccf12fbd24e23d19538952c1d5352ead9e862c411fdcb9ee1d58e6920d9f9b6,exact,https://web.archive.org/web/20260314092109/https://www.gov.si/teme/registri-in-evidence-prebivalstva/,2026-09-30
SI,record:SI:trust_services_pki:foreign_dependency,corrects,https://www.si-trust.gov.si/assets/Politike/si-trust-krovna/verzija-1-7/SI-TRUST-krovna-v1.7-2025p.pdf,200,application/pdf,e2fbb6f74664fc97ca8a01e312a08b6a35bbc5d74b61369fe6d17822428a7371,exact,https://web.archive.org/web/20260609141651/https://www.si-trust.gov.si/assets/Politike/si-trust-krovna/verzija-1-7/SI-TRUST-krovna-v1.7-2025p.pdf,2026-10-02
SI,record:SI:trust_services_pki:operator,corroborates,https://www.gov.si/drzavni-organi/ministrstva/ministrstvo-za-notranje-zadeve-in-javno-upravo/o-ministrstvu/direktorat-za-informatiko/urad-za-razvoj-digitalnih-resitev/sektor-za-storitve-zaupanja/,200,text/html,35e8aafdd50dc4b6d46b2fbd007653d8eeaf8bc9f15904bcb26c0df69bec762a,exact,,2026-09-30
SI,record:SI:trust_services_pki:register,corroborates,https://www.gov.si/drzavni-organi/ministrstva/ministrstvo-za-notranje-zadeve-in-javno-upravo/o-ministrstvu/direktorat-za-informatiko/urad-za-razvoj-digitalnih-resitev/sektor-za-storitve-zaupanja/,200,text/html,35e8aafdd50dc4b6d46b2fbd007653d8eeaf8bc9f15904bcb26c0df69bec762a,loose,,2026-09-30
SI,record:SI:vehicle_licensing:operator,fills_gap,https://www.gov.si/teme/tehnicni-pregled-in-registracija-vozil/,200,text/html,71227e511be2afd72767f0a55d28e912c8a0cb99e0675e7cda1a354b43c47d54,exact,https://web.archive.org/web/20260518213157/https://www.gov.si/teme/tehnicni-pregled-in-registracija-vozil/,2026-09-30
SI,record:SI:water_control:operator,fills_gap,https://www.gov.si/drzavni-organi/organi-v-sestavi/agencija-za-okolje/o-agenciji/drzavna-hidroloska-sluzba/,200,text/html,f389ff1aee3c53020accddd130fa283b23ae0c70ebb40606c4049400dcf0e7eb,exact,https://web.archive.org/web/20260420182427/https://www.gov.si/drzavni-organi/organi-v-sestavi/agencija-za-okolje/o-agenciji/drzavna-hidroloska-sluzba/,2026-09-30
SK,indicator:SK:C1,corroborates,https://static.slov-lex.sk/static/SK/ZZ/2019/95/20260430.html,403,text/html,,fetch_failed,,2026-10-06
SK,indicator:SK:K1,corroborates,https://snca.gov.sk/o-nas/certifikacna-autorita,200,text/html,cc9ffe7186cc67a212f2f69fb5bce3616ee28e182964dd51d804d4cebe33990b,exact,,2026-09-30
SK,indicator:SK:K2,corroborates,https://static.slov-lex.sk/static/SK/ZZ/2013/305/20260430.html,403,text/html,,fetch_failed,,2026-10-06
SK,indicator:SK:L2,fills_gap,https://static.slov-lex.sk/static/SK/ZZ/2004/215/20250501.html,403,text/html,,fetch_failed,,2026-10-06
SK,record:SK:beneficial_ownership:register,upgrade,https://static.slov-lex.sk/static/SK/ZZ/2016/315/20191101.html,403,text/html,,fetch_failed,,2026-10-06
SK,record:SK:benefits_pensions:register,upgrade,https://static.slov-lex.sk/static/SK/ZZ/2003/461/20260901.html,403,text/html,,fetch_failed,,2026-10-06
SK,record:SK:breeder_documents:register,upgrade,https://static.slov-lex.sk/static/SK/ZZ/1994/154/20260801.html,403,text/html,,fetch_failed,,2026-10-06
SK,record:SK:business_registry:register,upgrade,https://static.slov-lex.sk/static/SK/ZZ/2003/530/20260601.html,403,text/html,,fetch_failed,,2026-10-06
SK,record:SK:civil_registry:operator,upgrade,https://static.slov-lex.sk/static/SK/ZZ/1998/253/20260901.html,403,text/html,,fetch_failed,,2026-10-06
SK,record:SK:civil_registry:register,upgrade,https://static.slov-lex.sk/static/SK/ZZ/1998/253/20260901.html,403,text/html,,fetch_failed,,2026-10-06
SK,record:SK:crisis_management:register,upgrade,https://static.slov-lex.sk/static/SK/ZZ/2002/387/20210119.html,403,text/html,,fetch_failed,,2026-10-06
SK,record:SK:digital_identity_credentials:operator,upgrade,https://static.slov-lex.sk/static/SK/ZZ/2013/305/20260430.html,403,text/html,,fetch_failed,,2026-10-06
SK,record:SK:digital_identity_credentials:register,corroborates,https://static.slov-lex.sk/static/SK/ZZ/2019/395/20260515.html,403,text/html,,fetch_failed,,2026-10-06
SK,record:SK:digital_identity_credentials:register,supersedes,https://static.slov-lex.sk/static/SK/ZZ/2019/395/20260515.html,403,text/html,,fetch_failed,,2026-10-06
SK,record:SK:education:register,supersedes,https://static.slov-lex.sk/static/SK/ZZ/2008/245/20260901.html,403,text/html,,fetch_failed,,2026-10-06
SK,record:SK:education:register,upgrade,https://static.slov-lex.sk/static/SK/ZZ/2008/245/20260901.html,403,text/html,,fetch_failed,,2026-10-06
SK,record:SK:electoral_management:operator,upgrade,https://static.slov-lex.sk/static/SK/ZZ/2014/180/20260601.html,403,text/html,,fetch_failed,,2026-10-06
SK,record:SK:electoral_management:register,upgrade,https://static.slov-lex.sk/static/SK/ZZ/2014/180/20260601.html,403,text/html,,fetch_failed,,2026-10-06
SK,record:SK:electoral_roll:register,upgrade,https://static.slov-lex.sk/static/SK/ZZ/2014/180/20260601.html,403,text/html,,fetch_failed,,2026-10-06
SK,record:SK:facial_biometric:operator,upgrade,https://static.slov-lex.sk/static/SK/ZZ/2007/647/20260612.html,403,text/html,,fetch_failed,,2026-10-06
SK,record:SK:facial_biometric:register,supersedes,https://static.slov-lex.sk/static/SK/ZZ/2019/395/20260515.html,403,text/html,,fetch_failed,,2026-10-06
SK,record:SK:geospatial:operator,corroborates,https://static.slov-lex.sk/static/SK/ZZ/1995/215/20250401.html,403,text/html,,fetch_failed,,2026-10-06
SK,record:SK:geospatial:register,upgrade,https://static.slov-lex.sk/static/SK/ZZ/2015/125/20240401.html,403,text/html,,fetch_failed,,2026-10-06
SK,record:SK:government_payroll:register,supersedes,https://static.slov-lex.sk/static/SK/ZZ/2024/99/20260101.html,403,text/html,,fetch_failed,,2026-10-06
SK,record:SK:health_insurance:register,upgrade,https://static.slov-lex.sk/static/SK/ZZ/2004/581/20260701.html,403,text/html,,fetch_failed,,2026-10-06
SK,record:SK:health_records:register,upgrade,https://static.slov-lex.sk/static/SK/ZZ/2013/153/20260801.html,403,text/html,,fetch_failed,,2026-10-06
SK,record:SK:intelligence:register,fills_gap,https://static.slov-lex.sk/static/SK/ZZ/1993/46/20240715.html,403,text/html,,fetch_failed,,2026-10-06
SK,record:SK:issuance_history:operator,supersedes,https://static.slov-lex.sk/static/SK/ZZ/2019/395/20260515.html,403,text/html,,fetch_failed,,2026-10-06
SK,record:SK:issuance_history:register,supersedes,https://static.slov-lex.sk/static/SK/ZZ/2019/395/20260515.html,403,text/html,,fetch_failed,,2026-10-06
SK,record:SK:judicial_criminal:register,upgrade,https://static.slov-lex.sk/static/SK/ZZ/2007/330/20221201.html,403,text/html,,fetch_failed,,2026-10-06
SK,record:SK:land_property:operator,upgrade,https://static.slov-lex.sk/static/SK/ZZ/1995/162/20250401.html,403,text/html,,fetch_failed,,2026-10-06
SK,record:SK:land_property:register,upgrade,https://static.slov-lex.sk/static/SK/ZZ/1995/162/20250401.html,403,text/html,,fetch_failed,,2026-10-06
SK,record:SK:national_archives:operator,corroborates,https://static.slov-lex.sk/static/SK/ZZ/2002/395/20251015.html,403,text/html,,fetch_failed,,2026-10-06
SK,record:SK:official_gazette:operator,upgrade,https://static.slov-lex.sk/static/SK/ZZ/2015/400/20240306.html,403,text/html,,fetch_failed,,2026-10-06
SK,record:SK:official_gazette:register,upgrade,https://static.slov-lex.sk/static/SK/ZZ/2015/400/20240306.html,403,text/html,,fetch_failed,,2026-10-06
SK,record:SK:public_finance:register,fills_gap,https://static.slov-lex.sk/static/SK/ZZ/2002/291/20251201.html,403,text/html,,fetch_failed,,2026-10-06
SK,record:SK:tax:register,fills_gap,https://static.slov-lex.sk/static/SK/ZZ/2019/35/20260701.html,403,text/html,,fetch_failed,,2026-10-06
SK,record:SK:trust_services_pki:operator,corroborates,https://www.nases.gov.sk/sluzby/sluzby-pre-po-a-ovm/doveryhodne-sluzby-snca,200,text/html,6ae0d86e51244607b20470c7c0fedee121ef7aab84313c44f85bdc41e95d1945,exact,https://web.archive.org/web/20260928114903/https://www.nases.gov.sk/sluzby/sluzby-pre-po-a-ovm/doveryhodne-sluzby-snca,2026-09-30
SK,record:SK:trust_services_pki:register,corroborates,https://snca.gov.sk/o-nas/certifikacna-autorita,200,text/html,cc9ffe7186cc67a212f2f69fb5bce3616ee28e182964dd51d804d4cebe33990b,exact,,2026-09-30
SK,record:SK:vehicle_licensing:register,upgrade,https://static.slov-lex.sk/static/SK/ZZ/2009/8/20260901.html,403,text/html,,fetch_failed,,2026-10-06
