source_id,url,checked,http_status,sha256_before,sha256_now,outcome,quotes_checked,quotes_missing,claims_missing
112-ie:ea88ea8328,https://112.ie/service-providers/,2026-09-30,200,a04d9dbe1a7a0b1d36ab13f1b93224466019421c703cd45bfa167bc91e207d4d,4b9d180344f4cf090087103eebf3c12475aa402c8d0ce675e4007dd803656bec,changed_quotes_present,2,0,
a-trust-at:1f3b1dfe0f,https://www.a-trust.at/de/produkte/qualifizierte_signaturservices/id_austria/,2026-09-30,200,43d37660a9377609e55fbd6039a4405828eedc98b509072b7b40fb85c073c69c,43d37660a9377609e55fbd6039a4405828eedc98b509072b7b40fb85c073c69c,unchanged,1,0,
acn-gov-it:75df96d0d5,https://www.acn.gov.it/portale/documents/d/guest/regolamentocloud,2026-09-30,200,577ec23b928ece976db4f91a6ca7fadbae7d06033df3406f895ab59d90b43ae8,577ec23b928ece976db4f91a6ca7fadbae7d06033df3406f895ab59d90b43ae8,unchanged,3,0,
acs-cultura-gov-it:ebb9072864,https://acs.cultura.gov.it/piano-nazionale-di-ripresa-e-resilienza-del-ministero-della-cultura/polo-di-conservazione-digitale/,2026-09-30,error,40e76eb4684698e909a1419f7e3d476efaa21c27679a9e8daa51936d617491bd,,unreachable,2,,
adm-gov-it:ad0abd198a,https://www.adm.gov.it/portale/documents/20182/261920520/Libro+blu+2024+-+Relazione.pdf/e46989ce-b39f-a404-3b4b-2af3196cba43?t=1784560697678,2026-09-30,200,8d5ba87bd82cd8ce5fe0c45f78dada55d73240e4998c2ea80008edc9197a6486,8d5ba87bd82cd8ce5fe0c45f78dada55d73240e4998c2ea80008edc9197a6486,unchanged,1,0,
adr-gov-ro:706cfede54,https://www.adr.gov.ro/proiecte-in-implementare,2026-09-30,200,1dcdb166fba922f698e0723577751a8cffe9cf0f32333f75c8f5c0bf9b0d5301,1dcdb166fba922f698e0723577751a8cffe9cf0f32333f75c8f5c0bf9b0d5301,unchanged,1,0,
adr-gov-ro:75f2d54b6f,https://www.adr.gov.ro/semnatura-electronica-trusted-list,2026-09-30,200,1925fca69324e4ed1ec454415eafc769319e98446db21f4a6c522e10f03a5462,ecaf7f3d52fdb37c651f0277b72da59dc5e8ad9d331eb294fe08fdbc30b7fefe,changed_quotes_present,2,0,
adr-gov-ro:9c0e1ee03b,https://www.adr.gov.ro/articole/comisia-europeana-recunoaste-roeid-ca-fiind-sistemul-de-identificare-electronica-al-statului-roman,2026-09-30,200,77cce91ba1893a425dd3e409559781de557839963a17b973dc9375c41a31c879,77cce91ba1893a425dd3e409559781de557839963a17b973dc9375c41a31c879,unchanged,1,0,
adr-gov-ro:c1e6c89b48,https://www.adr.gov.ro/articole/adr-a-organizat-conferinta-de-status-a-proiectului-implementarea-infrastructurii-de-cloud-guvernamental,2026-09-30,200,653a9187f42432f8f7d7fdb81727396e5dda67e67231d55420032e7f2dbade04,653a9187f42432f8f7d7fdb81727396e5dda67e67231d55420032e7f2dbade04,unchanged,1,0,
adresse-data-gouv-fr:d21907c545,https://adresse.data.gouv.fr/decouvrir-la-BAN,2026-09-30,200,4048273fd401c4945bf6e6ced3ac6167bd3752f276c3cba931e96ac8e22250a6,565b91457b21a9b8e7bfea77a65a01acc7b4ea60d9757276418c2d4129f90618,quote_vanished,3,1,record:FR:geospatial:count
agid-gov-it:0ee49b73ca,https://www.agid.gov.it/it/piattaforme/siope,2026-09-30,200,112ea78d8005a1a13341e402462906a429c2df81d6310cc0e1dcb98e6c37d373,df1afed0b011df5f23ea0556712e6259d59636499f0f670aa9d1f720c898ebbc,changed_quotes_present,3,0,
agid-gov-it:bc8e7b6af7,https://www.agid.gov.it/it/piattaforme/firma-elettronica-qualificata,2026-09-30,200,86c202c760570e8c9085daac9ed6ff8eaf2523ae4d74d0d0ee762b0bee991ae3,a63d007b88e83ecca0c45a8de72fdab0ac80099becc94be77c31938723ff4f0a,changed_quotes_present,1,0,
ajpes-si:90d09e07b8,https://www.ajpes.si/registri/drugi_registri/register_dejanskih_lastnikov/splosno,2026-09-30,200,5a18a864a458a7245a4a1ee23ee5bddfb2b622b9eaa6537827da0a9fcadcf7e1,74937c68863b2db0dfb893e517b10e6dac3dd6ee2ba0a2ef4a3ad76a26a4d258,changed_quotes_present,1,0,
akd-hr:def3eaefa0,https://www.akd.hr/hr/o-nama/tvrtka-osnovni-podaci,2026-09-30,200,475a77d4d661ccea86c51872b41632fde584b4e6d981b8b7f7cd282e17945af4,475a77d4d661ccea86c51872b41632fde584b4e6d981b8b7f7cd282e17945af4,unchanged,2,0,
anagrafenazionale-interno-it:0ccfa7e7df,https://www.anagrafenazionale.interno.it/anpr/,2026-09-30,200,c2ee1d045a818af3a2b60010d6d8a9fa2a85aa29ba3c0649efcc70dc24f61bfb,c2ee1d045a818af3a2b60010d6d8a9fa2a85aa29ba3c0649efcc70dc24f61bfb,unchanged,2,0,
anagrafenazionale-interno-it:58adaaee64,https://www.anagrafenazionale.interno.it/area-tecnica/guida-ansc/,2026-09-30,200,a888818e85ff90f1173e13ce22b5cb6d0af1bc26cfb83d905a7a3f65f260c562,a888818e85ff90f1173e13ce22b5cb6d0af1bc26cfb83d905a7a3f65f260c562,unchanged,1,0,
anagrafenazionale-interno-it:604791f8f6,https://www.anagrafenazionale.interno.it/,2026-09-30,200,d1101e28aaaedfe65aa39d564c4880410c4ab08f1492ed3f3074748945f26c49,4d9e1c4195f3a87f8e8af3a0e6fecf6719cc3e0774a24538d6d31f7f88d9dacc,quote_vanished,1,1,record:IT:civil_registry:count
ancpi-ro:e6619fae5b,https://www.ancpi.ro/,2026-09-30,200,cb064ad69593fdbc119877dca910c93e8c355706040883b7f44c040ea372ea73,cb064ad69593fdbc119877dca910c93e8c355706040883b7f44c040ea372ea73,unchanged,2,0,
anfp-gov-ro:658ccb6f27,https://www.anfp.gov.ro/media/fepnqk44/raport-activitate-anfp_2025_final.pdf,2026-09-30,200,843372557e7a4c89b9ec496b971c9d70869a54aa8f3d2841e3662283ec1a967e,843372557e7a4c89b9ec496b971c9d70869a54aa8f3d2841e3662283ec1a967e,unchanged,1,0,
aorta-lsp-nl:a3bc7f4cfe,https://www.aorta-lsp.nl/over-aorta-lsp/hoe-werkt-het-landelijk-schakelpunt,2026-09-30,200,7f8d258bccbc78320a7cb497262c72daa8f0cc5bfad3d337e29eb06972272bac,bcf7e75defadfc7c3020846cfd6df1d1194e3cde980134eb2b784165526007b6,changed_quotes_present,1,0,
aorta-lsp-nl:ad10d4680e,https://www.aorta-lsp.nl/,2026-09-30,200,f91f63198e8416a3b5a27889bdc2cc3d8df9b18244f148e1c558e54c9f805c29,1a9df65427579aab7d5b69eaf3176b9805d877b9a65cdc656b4864d75111bd49,changed_quotes_present,1,0,
aorta-lsp-nl:b5dd9e1e0f,https://www.aorta-lsp.nl/over-aorta-lsp,2026-09-30,200,7dc35dd0aeec7cc259b6875320dc09fc08c47478f0c66b3536e527fdc5714df3,620b3b6913dc3334370cf7891d358dc45c2940e016ff91ccb00dddc1ae9190ec,changed_quotes_present,1,0,
aped-gov-gr:94e26b80ab,https://aped.gov.gr/,2026-09-30,200,dfdf7b2e3f4df2e2c92befb63ba9b3a4905a0472155429d2b8a88a2745dc0de8,dfdf7b2e3f4df2e2c92befb63ba9b3a4905a0472155429d2b8a88a2745dc0de8,unchanged,1,0,
aped-gov-gr:f3a88e6ae7,https://aped.gov.gr/about-aped/,2026-09-30,200,043292f3fad214bf24e2ccc6206b1e560e3553dc2ab71f02c76e16b0cf5d9bc3,043292f3fad214bf24e2ccc6206b1e560e3553dc2ab71f02c76e16b0cf5d9bc3,unchanged,1,0,
api-sejm-gov-pl:15cf3d374d,https://api.sejm.gov.pl/eli/acts/DU/2020/164/text.html,2026-09-30,200,4063800b92ed2ad72477440e541b6c42601213903be95c0d81fbf675af58770b,4063800b92ed2ad72477440e541b6c42601213903be95c0d81fbf675af58770b,unchanged,3,0,
api-sejm-gov-pl:24a5d01ac3,https://api.sejm.gov.pl/eli/acts/DU/2010/1228/text.html,2026-09-30,200,83226be7117c4c72e5dd258591261b54aa8034f119c8cbb0a409b3d0860843ba,83226be7117c4c72e5dd258591261b54aa8034f119c8cbb0a409b3d0860843ba,unchanged,1,0,
api-sejm-gov-pl:36abc3dd17,https://api.sejm.gov.pl/eli/acts/DU/2026/1261/text.pdf,2026-09-30,200,9961f607b133532b373bf0332955caeaad0039a3feb0798a08073d1a2e1e082e,6d38ef42e121d1e0209b068828c1545e6363a4515861c4476a2fb29dbebd48b6,changed_quotes_present,2,0,
api-sejm-gov-pl:4590342121,https://api.sejm.gov.pl/eli/acts/DU/2026/199/text.pdf,2026-09-30,200,b009d5bc5749dba7bab8c391c56f6241f8c6cf53dc0870c5a5200003de6466e9,b009d5bc5749dba7bab8c391c56f6241f8c6cf53dc0870c5a5200003de6466e9,unchanged,2,0,
api-sejm-gov-pl:7b1f79b6ae,https://api.sejm.gov.pl/eli/acts/DU/2020/1527/text.pdf,2026-09-30,200,260d9a4fc76f3f6889257b74dc835f76f11c2d59b836520675c8d620634664ea,260d9a4fc76f3f6889257b74dc835f76f11c2d59b836520675c8d620634664ea,unchanged,1,0,
api-sejm-gov-pl:7f8018ff29,https://api.sejm.gov.pl/eli/acts/DU/2016/1579/text.html,2026-09-30,200,7683814d832c6a1325de15485c1a22eceaf5c0a63d5a203e22cd565847e158ea,7683814d832c6a1325de15485c1a22eceaf5c0a63d5a203e22cd565847e158ea,unchanged,1,0,
api-sejm-gov-pl:9606c9dde2,https://api.sejm.gov.pl/eli/acts/DU/2026/196/text.pdf,2026-09-30,200,cb621e4a10fc33a7e13988995c4b870abbe59da4a76a1a5596df72543d626ab2,cb621e4a10fc33a7e13988995c4b870abbe59da4a76a1a5596df72543d626ab2,unchanged,2,0,
api-sejm-gov-pl:a19bebcdc3,https://api.sejm.gov.pl/eli/acts/DU/2026/1241/text.pdf,2026-09-30,200,d57ff9c488b88b26a9b2841bf6f71ca684848a845c7c82bb1ae4512ea232f54d,d57ff9c488b88b26a9b2841bf6f71ca684848a845c7c82bb1ae4512ea232f54d,unchanged,1,0,
api-sejm-gov-pl:a381458969,https://api.sejm.gov.pl/eli/acts/DU/2025/644/text.pdf,2026-09-30,200,a5f4d645f345e89e820c62a90c3723666b202fff945d1cfc04b5c22899bff2ea,a5f4d645f345e89e820c62a90c3723666b202fff945d1cfc04b5c22899bff2ea,unchanged,2,0,
api-sejm-gov-pl:b0baa097d1,https://api.sejm.gov.pl/eli/acts/DU/2026/30/text.pdf,2026-09-30,200,6c713744a8c2a3e9f4b1a10c1bb6030f829ab5e0de8186a9263a4c88ffc11ff4,6c713744a8c2a3e9f4b1a10c1bb6030f829ab5e0de8186a9263a4c88ffc11ff4,unchanged,1,0,
api-sejm-gov-pl:b1d1f78bc5,https://api.sejm.gov.pl/eli/acts/DU/2026/803/text.pdf,2026-09-30,200,6374b48f0b7304af263b39bdba84390dedbf3da4a3315dd96823b6d4c7547824,6374b48f0b7304af263b39bdba84390dedbf3da4a3315dd96823b6d4c7547824,unchanged,1,0,
api-sejm-gov-pl:b1f79a15d4,https://api.sejm.gov.pl/eli/acts/DU/2025/1483/text.pdf,2026-09-30,200,e8222871a2b10844ba3b38625c0bffaaec5bccf348b3a1ed4868230762900a0f,e8222871a2b10844ba3b38625c0bffaaec5bccf348b3a1ed4868230762900a0f,unchanged,2,0,
api-sejm-gov-pl:bb175fdd7b,https://api.sejm.gov.pl/eli/acts/DU/2024/1373/text.html,2026-09-30,200,4e4c03d2b025abb86d3567c626ea14c2d0e929af8d8c44a663f9ac0e00c2e60f,4e4c03d2b025abb86d3567c626ea14c2d0e929af8d8c44a663f9ac0e00c2e60f,unchanged,1,0,
api-sejm-gov-pl:bd018c5f12,https://api.sejm.gov.pl/eli/acts/DU/2026/574/text.pdf,2026-09-30,200,e613861a2c6e763112b9c441b9fcdaedb3eec9b788d29caefb2516b9b0b46b9f,e613861a2c6e763112b9c441b9fcdaedb3eec9b788d29caefb2516b9b0b46b9f,unchanged,1,0,
api-sejm-gov-pl:c334b38b00,https://api.sejm.gov.pl/eli/acts/DU/2025/1675/text.pdf,2026-09-30,200,58b25d35da93b2b1b5b6a6a12633c3584a800ce80e5c675460be33e59392babc,58b25d35da93b2b1b5b6a6a12633c3584a800ce80e5c675460be33e59392babc,unchanged,2,0,
api-sejm-gov-pl:c57bd286fa,https://api.sejm.gov.pl/eli/acts/DU/2025/869/text.pdf,2026-09-30,200,f80d16e124382489b6b60d943905ee22bca8751578f77c5f848d4260159833b7,f80d16e124382489b6b60d943905ee22bca8751578f77c5f848d4260159833b7,unchanged,2,0,
api-sejm-gov-pl:c91643f3e5,https://api.sejm.gov.pl/eli/acts/DU/2024/1251/text.html,2026-09-30,200,bacd222edf487df64ca544108fc1511c412d34bf58d71ca01064e926266b5c2c,bacd222edf487df64ca544108fc1511c412d34bf58d71ca01064e926266b5c2c,unchanged,1,0,
api-sejm-gov-pl:cb8726d3b3,https://api.sejm.gov.pl/eli/acts/DU/2026/393/text.pdf,2026-09-30,200,a9e5469bd32bc2d89c2c2294dd5001f09455193ead2ed04a8866377424c45d51,a9e5469bd32bc2d89c2c2294dd5001f09455193ead2ed04a8866377424c45d51,unchanged,2,0,
api-sejm-gov-pl:dbb2eb1699,https://api.sejm.gov.pl/eli/acts/DU/2026/208/text.pdf,2026-09-30,200,a5346c5162338260e6ac7d0d16940e6837d49fce238b0878c3fa02b6dd73cc11,a5346c5162338260e6ac7d0d16940e6837d49fce238b0878c3fa02b6dd73cc11,unchanged,2,0,
api-sejm-gov-pl:dbbb074556,https://api.sejm.gov.pl/eli/acts/DU/2024/1151/text.html,2026-09-30,200,5c11ec1c6088fdfe3a85ea0bf5b4db41db1760f08427c67e3c4f28fd395d533f,5c11ec1c6088fdfe3a85ea0bf5b4db41db1760f08427c67e3c4f28fd395d533f,unchanged,2,0,
api-sejm-gov-pl:e6fbf3e6b0,https://api.sejm.gov.pl/eli/acts/DU/2025/1753/text.pdf,2026-09-30,200,b53fa36033ad18ef7363eb178f34d78a1e929c67a0bf826b149ccd19980972fa,b53fa36033ad18ef7363eb178f34d78a1e929c67a0bf826b149ccd19980972fa,unchanged,3,0,
api-sejm-gov-pl:ed185045ba,https://api.sejm.gov.pl/eli/acts/DU/2026/151/text.pdf,2026-09-30,200,d4cc62eb9682e01999098996e639b7bb78264860ec0c2160674313e35e1c1a7a,d4cc62eb9682e01999098996e639b7bb78264860ec0c2160674313e35e1c1a7a,unchanged,2,0,
arch-be:44d4621965,https://www.arch.be/index.php?l=nl&m=nieuws&r=alle-nieuwsberichten&a=2023-06-14-het-rijksarchief-is-vertegenwoordigd-in-het-beheerscomite-van-de-databank-voor-akten-van-de-burgerlijke-stand,2026-09-30,200,1c5116f9be96c16a305fe28d97eaaeaca48ef753d48e4de46f619eea4e7f2211,1c5116f9be96c16a305fe28d97eaaeaca48ef753d48e4de46f619eea4e7f2211,unchanged,2,0,
aref-government-bg:e0e9f32faa,https://aref.government.bg/sites/default/files/2024-04/%D0%97%D0%B0%D0%BA%D0%BE%D0%BD%20%D0%B7%D0%B0%20%D0%B1%D1%8A%D0%BB%D0%B3%D0%B0%D1%80%D1%81%D0%BA%D0%B8%D1%82%D0%B5%20%D0%BB%D0%B8%D1%87%D0%BD%D0%B8%20%D0%B4%D0%BE%D0%BA%D1%83%D0%BC%D0%B5%D0%BD%D1%82%D0%B8.pdf,2026-09-30,200,06ba05ca3b7f113595fe2f5accf923a82ef04f3a12959bd052ac4fd63b13abf1,06ba05ca3b7f113595fe2f5accf923a82ef04f3a12959bd052ac4fd63b13abf1,unchanged,9,0,
arte-gov-pt:cf0d386079,https://www.arte.gov.pt/wp-content/uploads/2026/05/Plano-de-Acao-2026-2027_EDN.pdf,2026-09-30,200,39d798ea5db9a6f66f12df77ca34ee0a68bc543ebcf4a9d36f3295bd692cc5ea,39d798ea5db9a6f66f12df77ca34ee0a68bc543ebcf4a9d36f3295bd692cc5ea,unchanged,1,0,
arte-gov-pt:de9b2cb20b,https://www.arte.gov.pt/arte-coordena-elaboracao-do-plano-nacional-de-nuvem-soberana/,2026-09-30,200,1ccf9eace9d429a17fa5080334596649d8e170796c9d2d638fcb5671d20aaafc,1ccf9eace9d429a17fa5080334596649d8e170796c9d2d638fcb5671d20aaafc,unchanged,1,0,
arte-gov-pt:f6b30d291b,https://www.arte.gov.pt/wp-content/uploads/2026/05/Plano-Nacional-de-Nuvem-Soberana.pdf,2026-09-30,200,fb8cf5fa06e6ef4d041deac24ea78d0bd085b5108a38248ba6c964f2f1113cf7,fb8cf5fa06e6ef4d041deac24ea78d0bd085b5108a38248ba6c964f2f1113cf7,unchanged,2,0,
asp-government-bg:ddac6f9091,https://asp.government.bg/uploaded/files/4390-Zakon-za-grazhdanskata-registratsiya.pdf,2026-09-30,200,f7cb70842f09890d469e568cbf1874ff9daa190dbe7e49368c71e3e97a0002d0,f7cb70842f09890d469e568cbf1874ff9daa190dbe7e49368c71e3e97a0002d0,unchanged,2,0,
assets-gov-ie:44adfd2bcf,https://assets.gov.ie/312963/3e85cb42-027b-4ede-8249-20112f9f652c.pdf,2026-09-30,200,4af99c1c5a478d9c594ec572b4128821ec0ae453f12374bf20b7b4a37d7f67ac,4af99c1c5a478d9c594ec572b4128821ec0ae453f12374bf20b7b4a37d7f67ac,unchanged,2,0,
assets-gov-ie:f9640c4de5,https://assets.gov.ie/static/documents/54a1dec6/Department_of_Defence_and_Defence_Forces_Annual_Report_2024_English_DNet.pdf,2026-09-30,200,956f944f688f161e7e23ac3445ee3cd3e24105a8658e459dd3ab26e75315b5c3,956f944f688f161e7e23ac3445ee3cd3e24105a8658e459dd3ab26e75315b5c3,unchanged,6,0,
assets-per-gov-ie:1072f00483,https://assets.per.gov.ie/documents/4468be59812f40dda7003116cf05f196_1.pdf,2026-09-30,200,ab90f93805b151006cbc4850a687b4ea0549bfb22263b7ce75b4a43bae70cb7a,ab90f93805b151006cbc4850a687b4ea0549bfb22263b7ce75b4a43bae70cb7a,unchanged,2,0,
audit-gov-ie:33979d8093,https://www.audit.gov.ie/media/jqinw3i5/6-financial-management-shared-services-implementation-progress.pdf,2026-09-30,200,1df2128182bb2d14697bf490cba451b4e572aae3456f672e307af9b2fcb24427,1df2128182bb2d14697bf490cba451b4e572aae3456f672e307af9b2fcb24427,unchanged,2,0,
autenticacao-gov-pt:133175d62d,https://www.autenticacao.gov.pt/web/guest/termos-e-condicoes,2026-09-30,200,154c7d572427ba4d3c79579c9170a8e662dd60e8fcf65253137578dafd4dd5e5,ab38fe5f323ffcd14ec66b6c80716991ee9621db147accbcc0a68c457cea8a87,changed_quotes_present,3,0,
autenticacao-gov-pt:4cb6bc5565,https://www.autenticacao.gov.pt/web/guest/a-chave-movel-digital,2026-09-30,200,3c04c608f6b72862fb0663a4be7914371ab31efb4cdbe21084cd43224951c4a8,d5548effade5154fe0b8aa2adb9b0db56666f16b6424f674e2cadcac867cb8d3,changed_quotes_present,1,0,
autenticacao-gov-pt:c33c5d245c,https://www.autenticacao.gov.pt/web/guest/estatisticas,2026-09-30,200,b023dd76550fd87ba965977fe806ba5ab2d997ec0c4387b33ec771c7cdead7c7,1ace1c2f57216eb8c3ca00285ed13b005d638b3f3133fb6af3c58240f894b175,changed_quotes_present,1,0,
bbk-bund-de:f2c744301d,https://www.bbk.bund.de/DE/Warnung-Vorsorge/Warnung-in-Deutschland/MoWaS/mowas_node.html,2026-09-30,200,5a8abbcb59bb1c7ad43dec073ec0b7edc98b33c58c8653eabd23131513dcbc58,842a2c9d38f301ff02fcd1a2899e6029578026f11a1138d9f40eba81a0ca8c31,changed_quotes_present,1,0,
bg-wikisource-org:fe8304bcb2,https://bg.wikisource.org/wiki/%D0%97%D0%B0%D0%BA%D0%BE%D0%BD_%D0%B7%D0%B0_%E2%80%9E%D0%94%D1%8A%D1%80%D0%B6%D0%B0%D0%B2%D0%B5%D0%BD_%D0%B2%D0%B5%D1%81%D1%82%D0%BD%D0%B8%D0%BA%E2%80%9C,2026-09-30,200,a00324561f4ff423bd9b4388c55449cec75244ef864ba6d861c5da89899fbcd2,60aa285d563664e24cd5900b9e452a6fc77c53915e6af48eac92424c861ea9db,changed_quotes_present,1,0,
bmi-gv-at:00cef6f156,https://www.bmi.gv.at/412/nationalratswahlen/nationalratswahl_2024/start.html,2026-09-30,200,a5f1ec1ba423368ccedf4e1d548358245c0ba148c1ae70013c679eb38dba87ad,a5f1ec1ba423368ccedf4e1d548358245c0ba148c1ae70013c679eb38dba87ad,unchanged,1,0,
bmi-gv-at:fdbace9b54,https://www.bmi.gv.at/downloads/csca.html,2026-09-30,200,b82dcffa1559b550e138a1a5ca69d74c39edb8880ff859ca80d485a2fce31ec5,b82dcffa1559b550e138a1a5ca69d74c39edb8880ff859ca80d485a2fce31ec5,unchanged,2,0,
bnb-bg:dec1629802,https://www.bnb.bg/bnbweb/groups/public/documents/bnb_law/instructions_bnb_51681_bg.pdf,2026-09-30,200,45b72a5590ec65fca38ffd3e7888f274c7c5fa3b3396370141c7b9d0ddfddac7,45b72a5590ec65fca38ffd3e7888f274c7c5fa3b3396370141c7b9d0ddfddac7,unchanged,3,0,
bnr-ro:bb5f46ce62,https://www.bnr.ro/2152-sisteme-operate-de-bnr,2026-09-30,200,650c192a12a14bab1623efcd49455a48bed6b1da1acea1b59c5dbb4d8845973a,650c192a12a14bab1623efcd49455a48bed6b1da1acea1b59c5dbb4d8845973a,unchanged,1,0,
bo-digital-gov-pt:17741bbeeb,https://bo.digital.gov.pt/api/assets/etic/2fecc6f4-b424-41c6-b2a8-722b17b1914f/,2026-09-30,200,a4673ee49132198442179c7dfaa33629641d953d7a40f37babf5986388809656,a4673ee49132198442179c7dfaa33629641d953d7a40f37babf5986388809656,unchanged,2,0,
boe-es:1242dc1af6,https://www.boe.es/buscar/act.php?id=BOE-A-2011-12628,2026-09-30,200,7e08644a948de608fdaef1fc49f79cd4fd476fe2151b0ffa00c6042009f4215c,6056f1498abf0851883e8fc148accdb33932c7a47427146315c759b548fd1087,changed_quotes_present,5,0,
boe-es:18a4ff3b36,https://www.boe.es/buscar/act.php?id=BOE-A-2008-2389,2026-09-30,200,4f039c6aadefe28ac7ba1d47f87f57c834e7f226451c7b9a9494809f716e21c2,aafd8ad5aaec846fdf57b4df9e9464db4b258b3dd63116ed52a4e1244e9b6198,changed_quotes_present,3,0,
boe-es:1c59d3287e,https://www.boe.es/buscar/act.php?id=BOE-A-1997-28053,2026-09-30,200,32b0517e265f9361c6e69450676d9a9feb3044def967d99f3cb1ea4005436396,0b3923c7264c3e1fb9451d7492b54c8cd503ad47ad4deaa9e85ad71fc118226b,changed_quotes_present,1,0,
boe-es:1f4d088076,https://www.boe.es/buscar/act.php?id=BOE-A-2025-6601,2026-09-30,200,2662284cc398347998104b792dda394ab14df3acdc23898258fcac7dbc51101d,82bb2a3c9586e64564ae34eb987bddc72a46f7f4aca64481f9f1f4def7987145,changed_quotes_present,4,0,
boe-es:24f4fc4900,https://www.boe.es/buscar/act.php?id=BOE-A-2004-2591,2026-09-30,200,3ce1ad7e25c2fdd556a7e874fde3dc9c1248e0770a9b6371c3ea8d2144fffb7f,eec667fd2591f6fa67654779b6e237da75ad650309ee2913bd90a633cdc230f5,changed_quotes_present,2,0,
boe-es:2dd2eff833,https://www.boe.es/buscar/act.php?id=BOE-A-1997-14058,2026-09-30,200,b33e9a95c2e6c4e28768862118210659efcbd7843897ed6765ec4d7b27d280e8,b33e9a95c2e6c4e28768862118210659efcbd7843897ed6765ec4d7b27d280e8,unchanged,1,0,
boe-es:389d7ca27c,https://www.boe.es/buscar/act.php?id=BOE-A-2015-11722,2026-09-30,200,4944016eb3fd8ebc97fb9087e60078e36f733bcf7da74c0831daa62f3792daa8,c5c5e7c3514afd9efa74720bd6a9fb788edc1f5076a667f6b2e84098ca77886b,changed_quotes_present,3,0,
boe-es:4524b1da96,https://www.boe.es/buscar/act.php?id=BOE-A-1989-10767,2026-09-30,200,47ed2a14a0891c3aab61d2488905a0483c1b4fc9da03fcc0e8b969c8046332bd,9f9aa2b2b58d8abf120f9bd1df735bd7b22b9014b7d3d207ec74ecf6ddbf0cad,changed_quotes_present,2,0,
boe-es:4c363a0682,https://www.boe.es/buscar/act.php?id=BOE-A-2010-10707,2026-09-30,200,9902d785da1c9ef52c2597dfe86463da178632ffb860c5a3f8812a0716ca0796,2da801b30482e7ab85649357c1e869908850593e42db471a417fbce5ee8d4c23,changed_quotes_present,2,0,
boe-es:66991ad2c6,https://www.boe.es/buscar/act.php?id=BOE-A-2023-16159,2026-09-30,200,70d7963c8ef8254c188cce9633f4887aab182d5faee03fc21b67d2750c3bddc2,ac565f17b5b8102c0146fc552b6ac4ee5e23cd4b0ff5b7cbd59414d72d2fe08c,changed_quotes_present,2,0,
boe-es:794a6fb20f,https://www.boe.es/buscar/act.php?id=BOE-A-2024-22929,2026-09-30,200,8a68255aab8a73d263f7dc7e75089ed069403fae63795950c16e9bb2d4819c13,59a160fab375fd58098bd66c5888b834f980c3a8adfee491f093499c9b05579e,changed_quotes_present,2,0,
boe-es:8707a4fde0,https://www.boe.es/buscar/act.php?id=BOE-A-2024-24099,2026-09-30,200,0d0182044ca92769033c6f71d9ce1533015912a724a82b91fd5659c9ead1d01a,e20d710fb12f70028d89e3a423d32ff37e0219806877cfc65b67c89c506a1041,changed_quotes_present,1,0,
boe-es:8d388b64fd,https://www.boe.es/buscar/act.php?id=BOE-A-1990-31180,2026-09-30,200,45e35b4613f5d6f3711e3fddd02dfe5e8858445ad91b7b700b709c720ba9a165,86cd4e013cdd2f328d76a2ea70d928a51ac158a82e8a2de2db772b6af61be47f,changed_quotes_present,1,0,
boe-es:9982c3b5a8,https://www.boe.es/buscar/act.php?id=BOE-A-2009-2073,2026-09-30,200,23a4700483239185221ca14860b4207b2bf4fd63209539e68299c8b551683075,2f634a1d0cf08de823c14f2314ebf16a62dc7b256811a05d68ae73b76b631878,changed_quotes_present,2,0,
boe-es:cd0b5c3530,https://www.boe.es/buscar/act.php?id=BOE-A-2000-544,2026-09-30,200,e446950ddeafe2835e6426c2ff0747c29d3dfb40b290c3456e039dc93e29ff73,d86e0dc272051774f2d8bfbe6667efeb89e2a2ee7c2a360fea3f4e1db1de615b,changed_quotes_present,1,0,
boe-es:d6a2c49c95,https://www.boe.es/buscar/act.php?id=BOE-A-2003-23186,2026-09-30,200,b14e9b7c222e99d5103a5d50b17716431e47dc1b1966d02010d4c57c6c330b23,3fb08216fc67fc47b56b036e1bdb3c1f887745c82517d8e93d7dc7f4eeb21b0b,changed_quotes_present,1,0,
boe-es:d89fdafcaa,https://www.boe.es/buscar/act.php?id=BOE-A-2000-1007,2026-09-30,200,d8aff8c1a17b5841868c31c5bd14c2b0e55a1fa4f66a303f0c95f9d51f4c69fe,8d4caa6936d61733348d80f1a0c178615beb4d5b4ec74ab042d5f5c0fbac4be8,changed_quotes_present,2,0,
boe-es:e34810d9a5,https://www.boe.es/buscar/act.php?id=BOE-A-2024-3793,2026-09-30,200,a23ea8e959fa1138d686fcf002bafd25ce7a1fcb2c12f650c4b921562c0e1dec,be1ca8c72ec4242b1d441d8933dc3c7848eda0ac7bea44c87e8d5a2a7e247212,changed_quotes_present,1,0,
boe-es:ebc6183af4,https://www.boe.es/buscar/act.php?id=BOE-A-1985-5392,2026-09-30,200,60617f95b27387d2938550ea6073c203ead7c03bb21a94796c0501fc60d07c82,5d429dda3e3880e01d6974e9a88dc4e354343328fd0106e0a7727fadaf7cf1b4,changed_quotes_present,1,0,
boe-es:f258cd5f31,https://www.boe.es/eli/es/rd/1999/06/25/1114/con,2026-09-30,200,6690ca20f7d17ac795fa7ba6d4c3901f9755b63c01257b4d3b1400ab5c472854,c03031474114ed85cf72ac13c61ba4765ee435c2d97a9d735dca63dce99903e2,changed_quotes_present,1,0,
boe-es:f7248f5be0,https://www.boe.es/buscar/act.php?id=BOE-A-1994-12973,2026-09-30,200,dbc4f2e5a71e5a771979c30d6c86842ea6304f9c7711e40d3ef7c2955282c4b3,3ec8c55a0210fd3db5abe3a8e59940bedea26af567f723cc62f8fc820398e1aa,changed_quotes_present,1,0,
boe-es:ff149accef,https://www.boe.es/buscar/act.php?id=BOE-A-1968-444,2026-09-30,200,9bbee5a9adeba75352f802b49e167b3833fd0dfa880ed55ebe4e9b65414ffbd7,a682fd9462a4410a45c42f930f3f30eaa18d601305435fc721b6a6ef482ac581,changed_quotes_present,1,0,
brz-gv-at:79f90b28d7,https://www.brz.gv.at/was-wir-tun.html,2026-09-30,200,f214f0cb0fd864eea78dfa2dcb2324227e70c42935afed34410a87900f36cc8e,12cd805483f7badc33906a5c03abc2c47cedb611eb7aa075ce750f029b091f85,changed_quotes_present,1,0,
brz-gv-at:bbd9ff2cbb,https://www.brz.gv.at/was-wir-tun/geschaeftsfelder.html,2026-09-30,200,7ea577ba9b05407c6a90fd6cdf0efaf73a3fd548bb0e1ef6176218401e1dfe7d,7ea577ba9b05407c6a90fd6cdf0efaf73a3fd548bb0e1ef6176218401e1dfe7d,unchanged,1,0,
brz-gv-at:d5ebbcabe9,https://www.brz.gv.at/was-wir-tun/services-produkte/cloud-storage_brz_goverdrive.html,2026-09-30,200,3da702401556f8ac560723bdd42dbf437074e7000a283a7b280e3737471ee2fc,3da702401556f8ac560723bdd42dbf437074e7000a283a7b280e3737471ee2fc,unchanged,1,0,
bsi-bund-de:a38e3a49a7,https://www.bsi.bund.de/SharedDocs/Downloads/DE/BSI/Mindeststandards/Mindeststandard_Nutzung_externer_Cloud-Dienste_Version_2_1.pdf?__blob=publicationFile&v=4,2026-09-30,200,5665e22bd1feac42cbcfc69898ae78c2971a8810beca5b14639b1910297d5a2d,5665e22bd1feac42cbcfc69898ae78c2971a8810beca5b14639b1910297d5a2d,unchanged,1,0,
bsi-bund-de:db18328d00,https://www.bsi.bund.de/DE/Themen/Oeffentliche-Verwaltung/Moderner-Staat/Verwaltungs-PKI/verwaltungs-pki_node.html,2026-09-30,200,4981c0e9e867704a95b59b0118cd3d4065fab029b7789cc5527bdc41c6193d42,d6c492cd568205f36674681d6f0e68c1537ab05d2eab5ee23134542c266cc223,changed_quotes_present,4,0,
bsi-si:5adf4f7d23,https://www.bsi.si/sl/placilni-sistemi/placilna-infrastruktura,2026-09-30,200,4167846d09baa7192d175e5bd2bd418c5cc6b38eec6239815505f6757906fad2,0254e22d22e7ba29bfc049446c53dba1cb018140de256924ea862f7b6b53bc6f,changed_quotes_present,2,0,
bulnao-government-bg:2b62662464,https://www.bulnao.government.bg/media/documents/OD_AV_230821.pdf,2026-09-30,200,1a0d908c24f621e3031ac84d9234f0085881f7b2de58595f6f3d7d7376d4cce7,1a0d908c24f621e3031ac84d9234f0085881f7b2de58595f6f3d7d7376d4cce7,unchanged,10,0,
bundesarchiv-de:0032bf77af,https://www.bundesarchiv.de/unterlagen-abgeben/behoerdenberatung-zu-schriftgut-und-informationsverwaltung/nutzung-des-digitalen-zwischenarchivs-dzab/,2026-09-30,200,dcd4093d65bfc846a1570ca69d3995c84162689fba1dc13a8d75cb8d670c2168,2cdd327c2c160dc9efe62eb17a742b284c3bde9b5879a00109fa03e67b10f83d,changed_quotes_present,1,0,
bundesdruckerei-de:2e8ac42075,https://www.bundesdruckerei.de/de/konzern,2026-09-30,200,6287971476accebc4efd0a023dd737d16f50b626feee4b1c036b1665ee219b13,8de70f4447bb76cb76772ee195b906c402f0ec98f038b53c38ea75ba19b1ceb5,changed_quotes_present,1,0,
bundeskanzleramt-gv-at:87632f6055,https://www.bundeskanzleramt.gv.at/bundeskanzleramt/nachrichten-der-bundesregierung/2025/08/id-austria-knackt-4-millionen-marke.html,2026-09-30,200,70980e4715373088111ae32641ae3197d2fbca29d07b76a6916ebd170053068b,70980e4715373088111ae32641ae3197d2fbca29d07b76a6916ebd170053068b,unchanged,1,0,
ca1-gov-dk:964232322c,https://www.ca1.gov.dk/,2026-09-30,200,7fe4a781e54f22b7946267dbed99f3e7a307d8e635c612a284bb4c7370cf603d,7fe4a781e54f22b7946267dbed99f3e7a307d8e635c612a284bb4c7370cf603d,unchanged,3,0,
cadastre-bg:efb0bf607b,https://www.cadastre.bg/funkcii-na-agkk,2026-09-30,200,856d86a191d7d9257cf4299f91c3a0583945aefe1e853da6217f864dc4369bcb,d30154f4cd4ae9100ffc9826c231bae81de4ac14607ee64039c3189f38437010,changed_quotes_present,3,0,
carnet-hr:2a13b5890a,https://www.carnet.hr/projekt/e-matica-2/,2026-09-30,200,dd4abd905de8427a18fec73a00620f6c818412d153e3e61a040b62e74f9815c7,e2331ef8cb7e91630a3c2761af242065848bea9403d41727fe87a175bca04e82,changed_quotes_present,1,0,
carteadeidentitate-gov-ro:5b7eebedb2,https://carteadeidentitate.gov.ro/despre/,2026-09-30,200,55e17368c23b5742f4f004a5dd0cde6d53aabac143f4d335064747ab7bb9fc6f,613cf138326ccc9764a1e2a7b630f013a60b9f16f18bcd6535a037ecdc4500f9,changed_quotes_present,2,0,
casd-eu:198be8cb4a,https://www.casd.eu/le-casd/gouvernance-et-missions/,2026-09-30,200,0e8feb3741caa460f58bbd3e94c796fae67c8fbfe70bfc9512fb52b880729ee2,0e8feb3741caa460f58bbd3e94c796fae67c8fbfe70bfc9512fb52b880729ee2,unchanged,2,0,
casd-eu:2715ac7107,https://www.casd.eu/technologie/infrastructure/,2026-09-30,200,bca13bb451ea042d10d2a36a285265e9a3ae3bdbd32822bb2dc9b51d61263257,bca13bb451ea042d10d2a36a285265e9a3ae3bdbd32822bb2dc9b51d61263257,unchanged,2,0,
cbs-nl:4c20e66a3a,https://www.cbs.nl/nl-nl/onze-diensten/maatwerk-en-microdata/microdata-zelf-onderzoek-doen,2026-09-30,200,664f546d57e5934cabe24517276379fbefe18fdd9cc3ac252433f930b72716a5,657344da351b3f7b4016e289ffc24ec1e294fd55c2a1f7b5786d0f93666ff5e6,changed_quotes_present,2,0,
ccss-public-lu:fe41e35d97,https://ccss.public.lu/fr/ccss/attributions.html,2026-09-30,200,7e10611a1398f9a6dc6bdf4495881337f077b0a1bd3be880e15f540c5cdd3367,1147cdb5fd6b510fbf13cd25b949aa4aec8220c5f435799ca300f749f8433282,changed_quotes_present,2,0,
cdn-electoralcommission-ie:5e8d8912b8,https://cdn.electoralcommission.ie/app/uploads/2025/04/30104313/Oversight-Report-on-the-Electoral-Registers_online_english_tagged.pdf,2026-09-30,200,2af1fd3c7093b3834deaa4fd6aeb115022c21abe37e62e898612b892cc218f8f,2af1fd3c7093b3834deaa4fd6aeb115022c21abe37e62e898612b892cc218f8f,unchanged,4,0,
celnisprava-gov-cz:96fa250cad,https://celnisprava.gov.cz/cz/crhradeckralove/tiskove-zpravy/2010/Stranky/e-dovoz.aspx,2026-09-30,200,4dd03568c502753b7aecfc0ed3140ab5da4ceae5c50e0f6c09d5196bca35fa20,2e73ccdec5a263f083e84c64f28d5945b36bbc35f58f2b457e51210979ef53c1,changed_quotes_present,1,0,
census2021-bg:55620fe11f,https://census2021.bg/,2026-09-30,200,59829cf6ded925e546af00380278dc44ccb9eb82437977f51b8e80e8cf9eee4c,e7b0ee385f15ee0e33b21f73804f7755e62d4ac5e2a80be57b63d2459c38546a,changed_quotes_present,1,0,
centralbank-cy:bedd65cafa,https://www.centralbank.cy/images/media/redirectfile/CBC_Annual_Report_English_2025_Final%20(006).pdf,2026-09-30,200,dfd4bb68eca788a4c117dbc8dd334d69b759d2a99cc7f375838fc14f236a89a8,dfd4bb68eca788a4c117dbc8dd334d69b759d2a99cc7f375838fc14f236a89a8,unchanged,1,0,
centralbank-ie:2bc4ad8a3c,https://www.centralbank.ie/financial-system/payments-and-securities-settlements/target-services/t2,2026-09-30,200,fef16712ad0e6e58cf1c0495e25202c9f62a8d53446e397d8dbf798b94a14c14,b19f6a9e07e7ede70fe3d3b570945503c772ec02fc6a28010e1ab579e70651fb,changed_quotes_present,2,0,
centralbank-ie:8160b5326b,https://www.centralbank.ie/docs/default-source/publications/corporate-reports/annual-reports/annual-report-2025-and-annual-performance-statement-2025-2026.pdf,2026-09-30,200,a550cc63d2face182be97526604ad071a58bf6049e2b4ac438141f2b6b202a2c,a550cc63d2face182be97526604ad071a58bf6049e2b4ac438141f2b6b202a2c,unchanged,3,0,
certifikat-gov-dk:d5f6f676ef,https://certifikat.gov.dk/,2026-09-30,200,1962150b813cdccb3cfdc7a40df92454ff54ff1fa388cfacd3558f3ed6b14336,1962150b813cdccb3cfdc7a40df92454ff54ff1fa388cfacd3558f3ed6b14336,unchanged,1,0,
civilna-zastita-gov-hr:4bf6bee9fd,https://civilna-zastita.gov.hr/sustav-112/112,2026-09-30,200,5e75da8167a91c530c1d18636ed78316c1cb47ae03928745b871483cbfb6ce4d,d428110e5efd1cad61a848559d3b5e9c73c42e697d48fc2114014867fa299521,changed_quotes_present,3,0,
cnil-fr:13b6265293,https://www.cnil.fr/fr/rnipp-repertoire-national-didentification-des-personnes-physiques,2026-09-30,200,2553ed62d36188db13cddf2c2168026b4a1079a38bc6b6a99c652529d51be94b,3838d8a835f4a5338b0271ed64754e331dcf8bf363ef9599ea990da07e848fb3,changed_quotes_present,1,0,
cnil-fr:5b60e55826,https://www.cnil.fr/fr/application-de-gestion-des-dossiers-des-ressortissants-etrangers-en-france-agdref,2026-09-30,200,8940ea39c2db09f99cf3add3c88ff11b5ee2af4810e3da38dd3739b38fb49e5d,30f2cb2fa7dffbce010a3ca5db655c6aa77e4c6296ebfab8e412eab7b35b9b82,changed_quotes_present,3,0,
cnil-fr:69b254a03d,https://www.cnil.fr/fr/siv-systeme-dimmatriculation-des-vehicules,2026-09-30,200,0eff9534db1751617ef3b954499c3bcbbe028529b0287c12348c2b9a5a23e719,d63edf59b7b7b56950ae487e2e71010d726dd953fd2e2961f610fe4dde639b4f,changed_quotes_present,3,0,
cnil-fr:79a710ac29,https://www.cnil.fr/fr/faed-fichier-automatise-des-empreintes-digitales,2026-09-30,200,4940d83bb04a4cd8b1d9fdcbcaeada53ff3da3181f37d3c662f93a8703ac678c,c4ea445aab283b4b0ee6b029313694f6d3f2089c4f5f1be3c2474d73772a9f7f,changed_quotes_present,1,0,
cnil-fr:8829657a16,https://www.cnil.fr/fr/le-fichier-des-titres-electroniques-securises-tes,2026-09-30,200,7ca050c934480f03f94647ece88c7a65781756189601e5ed2552c4faa5bdda42,7badaaca6dee0e0078e9263299b2236418530f4effa1421b96881fe8a1cac7ef,changed_quotes_present,9,0,
cnil-fr:8d42381e5c,https://www.cnil.fr/fr/taj-traitement-dantecedents-judiciaires,2026-09-30,200,893127bdc06ee0b657642dcbccfb6b7095cbbfe74b511625725973cbc07a13cf,317a6ab2a7206d6461069e1514dc6ad44bc2794cbbfc700619e395865cc58cd9,changed_quotes_present,3,0,
cns-public-lu:267521ff6a,https://cns.public.lu/fr/assure/droits-demarches/bases-bonnes-pratiques/assurance-maladie-bref.html,2026-09-30,200,fc0a7aa8d644536a4edb1944052bc03689b2affc603ab7fc058c8e77128db4aa,04dccea3545565dc6bc2e09505864ee009f82aa1a8c8dedb0c68940dea208ae7,changed_quotes_present,1,0,
cns-public-lu:372ad85898,https://cns.public.lu/fr/assure/droits-demarches/bases-bonnes-pratiques/affiliation.html,2026-09-30,200,bf771176a141c7b50ab983fe5e18766ea41628ee81cb20f227eefae94bf1af9a,525979aaaa7728f3a6d9886688966be079bf75d2876d2f249306f27f0d92ba2a,changed_quotes_present,1,0,
coi-gov-pl:2e1a526da7,https://coi.gov.pl/realizacje/wspolna-infrastruktura-informatyczna-panstwa,2026-09-30,200,395721d0d3bff001621c01c496d3cdbec04c11c7f6d1eab182479587daca8c94,395721d0d3bff001621c01c496d3cdbec04c11c7f6d1eab182479587daca8c94,unchanged,1,0,
coi-gov-pl:845969a117,https://coi.gov.pl/strefa-wiedzy/wpis/ezd-rp-w-modelu-saas-jak-coi-buduje-technologiczne-zaplecze-cyfrowej-administracji,2026-09-30,200,a1ecd20a796c02bfb1e0ba5afed16f17f0699c99057807bdd70b5491536c4315,a1ecd20a796c02bfb1e0ba5afed16f17f0699c99057807bdd70b5491536c4315,unchanged,1,0,
coi-gov-pl:b653ed6880,https://www.coi.gov.pl/realizacje/cepik,2026-09-30,200,a42beee2013fd5a233e71001bf0ee047ee06f111f917ad36e0532134cfc9dee3,a42beee2013fd5a233e71001bf0ee047ee06f111f917ad36e0532134cfc9dee3,unchanged,1,0,
coi-gov-pl:c952715f9d,https://www.coi.gov.pl/corporation,2026-09-30,200,745ddd1f43cb1f0621ce7206f11eee5815dc479478b6e7d1db937d212be5ac48,745ddd1f43cb1f0621ce7206f11eee5815dc479478b6e7d1db937d212be5ac48,unchanged,1,0,
coi-gov-pl:dccdbe1449,https://coi.gov.pl/realizacje/profil-zaufany,2026-09-30,200,f2dd6f42bedef946f9cdc91311dc98c3df2413b3444bb61ede79f90483ec3c5a,f2dd6f42bedef946f9cdc91311dc98c3df2413b3444bb61ede79f90483ec3c5a,unchanged,1,0,
coi-gov-pl:f7b67b62ea,https://www.coi.gov.pl/realizacje/profil-zaufany,2026-09-30,200,f2dd6f42bedef946f9cdc91311dc98c3df2413b3444bb61ede79f90483ec3c5a,f2dd6f42bedef946f9cdc91311dc98c3df2413b3444bb61ede79f90483ec3c5a,unchanged,1,0,
cpr-dk:5348550df6,https://www.cpr.dk/om-cpr-kontoret,2026-09-30,200,894877ba9c6dfe50f280a955ba59da163ddde843a16970e83a6b65469d87f792,97aacfd53cfd273c56a1c8a86f10f3c2fb98ab8b8b71db81c062d51f861a57d4,changed_quotes_present,1,0,
cpr-dk:97615a4356,https://www.cpr.dk/,2026-09-30,200,642e0c5770cb4b146993eb40b0b414820ac11001b04ab9a294a18c530a4e7a49,2e9448d009b2e22a2d97ccf3141275789970b0b45af78be3a2a8cecf42e9355e,changed_quotes_present,1,0,
cpr-dk:ec944f656f,https://www.cpr.dk/cpr-nyt/nyhedsarkiv/2022/sep/ny-kontrakt-om-cpr-opgaven,2026-09-30,200,f9cd60cb16908f00b23b41a49b1726214f284a47a295e259d67622006d61a609,9178da3096df475949dfb448ccab7721e71b4bc97ac67e747543c2361f03de95,changed_quotes_present,2,0,
crc-bg:091930d4a9,https://crc.bg/bg/rubriki/560/elektronni-udostoveritelni-uslugi,2026-09-30,200,eba972633efb304df89c11e549d27e8e52ecb3acaa60422ac56f3948563305f8,eba972633efb304df89c11e549d27e8e52ecb3acaa60422ac56f3948563305f8,unchanged,5,0,
crl-justice-gouv-fr:0e1f52349c,https://crl.justice.gouv.fr/igc/ants/MJ-PC-AC-Racine.pdf,2026-09-30,200,481dadb0e42a9553c5b4fa3d423eb20c245d3d77df58d140862462b4f1a1d689,481dadb0e42a9553c5b4fa3d423eb20c245d3d77df58d140862462b4f1a1d689,unchanged,1,0,
ctie-gouvernement-lu:231c9e328b,https://ctie.gouvernement.lu/fr/actualites/dossiers/gouvid/gouvid.html,2026-09-30,200,f7a746347e0557e3bc635505124e65ac3b788ab337422fec45474a567f43914a,bb328c4582d5f3537eae7d7a09d870395aa67492880cdb0826a2e0549911ef3e,changed_quotes_present,2,0,
ctie-gouvernement-lu:d5e3660bb0,https://ctie.gouvernement.lu/fr/l-administration/Attributions.html,2026-09-30,200,109387e7f823e46d73e93e2e39df8a640e61dc5ec574b74dc491790ea2c02ca9,9ee9c5a1d30245fe8bbe2c1991a2569fbb468c1c47575766103703b6e2ebfa50,changed_quotes_present,2,0,
cuzk-gov-cz:90c23118f9,https://cuzk.gov.cz/getattachment/f9eb09fe-b4e4-4fae-9a5a-57af8e46edeb/Vyrocni-zprava-2025_final.pdf.aspx,2026-09-30,200,ac8ea3c1d2718ce93167c5b77aa3b057de3345bea9dc3ad5b6b5c6e09bfc676f,ac8ea3c1d2718ce93167c5b77aa3b057de3345bea9dc3ad5b6b5c6e09bfc676f,unchanged,3,0,
cyber-gouv-fr:c931442851,https://cyber.gouv.fr/reglementation/reglementation-identite-confiance-numerique/securite-echanges-voie-electronique/reglement-eidas/la-liste-nationale-de-confiance/,2026-09-30,200,cf45cd39e83f8e4ff959a975aa1fc8fc2ac73ae181bdf7ece3e999e6fc77230b,06c8e98a835aec432a99e934da69e832f5a5499cb06fbd495917bb86efc0769a,changed_quotes_present,1,0,
cylaw-org:d11ad5f0f1,https://www.cylaw.org/nomoi/arith/2021_1_025.pdf,2026-09-30,200,9e72267c4a49cededb1d36985533d9cdf0bbe1bc61f65ddfe20333f3ac20fce6,9e72267c4a49cededb1d36985533d9cdf0bbe1bc61f65ddfe20333f3ac20fce6,unchanged,2,0,
d-trust-net:9815d0323b,https://www.d-trust.net/de/ueber-uns,2026-09-30,200,af6ec3445bf41ee15986aed3b779687ed14ad76dd90424d8391b564aa6401e08,41948af9bd6d86e642644c5e7c7786e3aabe9192f1e08ebf33bb38d20c0d574b,changed_quotes_present,1,0,
dait-interno-gov-it:fc6e2b316e,https://dait.interno.gov.it/elezioni,2026-09-30,200,c3af40577fb54b2999a2333fd1985e5aca9b4a9c721b7a0f9dd73b3394c24152,16e3b6a54ab8f0d9d1ada7a0f7b931d49a5d5c33a4f359b60f5e923c836ebabf,changed_quotes_present,2,0,
dap-gov-hu:867a743627,https://dap.gov.hu/adatkezelesi-tajekoztato,2026-09-30,200,8dececb31c37081bf40442838224089627343396021f7e6057f2657e2d7de578,7cd82a23ecdace7c9e7aab86e1c58d95c69cf3b93d69d60814273070c33274eb,changed_quotes_present,1,0,
data-riksdagen-se:1abe931264,https://data.riksdagen.se/dokument/ZZB31.html,2026-09-30,200,340d13413849c3487d5996bd617b2f3b840611838c346dd0d9733961151fd56b,340d13413849c3487d5996bd617b2f3b840611838c346dd0d9733961151fd56b,unchanged,1,0,
data-riksdagen-se:4264b1ddcc,https://data.riksdagen.se/dokument/h6b46.html,2026-09-30,200,5bf0174dbf088d9189d4ccff2a64442caddba2ce2525ff93a8a5de2f03b18158,5bf0174dbf088d9189d4ccff2a64442caddba2ce2525ff93a8a5de2f03b18158,unchanged,1,0,
data-riksdagen-se:42ce2ff7bb,https://data.riksdagen.se/dokument/HDB313.html,2026-09-30,200,9391e8eddcc0bbea090d020f5a5c4940e63666e84fb692f1c6fd69d9eb21330b,9391e8eddcc0bbea090d020f5a5c4940e63666e84fb692f1c6fd69d9eb21330b,unchanged,1,0,
data-riksdagen-se:5322e4a5a3,https://data.riksdagen.se/dokument/HBB361.html,2026-09-30,200,89452b14fc8852ef6375b88e0bd90ef6461976dbf1d4864b8dc896ac9efa70af,89452b14fc8852ef6375b88e0bd90ef6461976dbf1d4864b8dc896ac9efa70af,unchanged,1,0,
data-riksdagen-se:561e7fc560,https://data.riksdagen.se/dokument/hd03250.html,2026-09-30,200,47dfc129737dc9f9e2668050f27affaaa65c2266b98280c8f82342fc24bdc608,47dfc129737dc9f9e2668050f27affaaa65c2266b98280c8f82342fc24bdc608,unchanged,1,0,
data-riksdagen-se:5b1639dabd,https://data.riksdagen.se/dokument/HD03250.html,2026-09-30,200,47dfc129737dc9f9e2668050f27affaaa65c2266b98280c8f82342fc24bdc608,47dfc129737dc9f9e2668050f27affaaa65c2266b98280c8f82342fc24bdc608,unchanged,1,0,
data-riksdagen-se:d51ddaa8b6,https://data.riksdagen.se/dokument/sfs-2024-1005.html,2026-09-30,200,040bb7177170646436bfee6e4b1b502e6cb324958975d65bb0b0016d71e5170f,040bb7177170646436bfee6e4b1b502e6cb324958975d65bb0b0016d71e5170f,unchanged,2,0,
datacatalogue-gov-ie:ee89976ce3,https://datacatalogue.gov.ie/dataset/national-vehicle-and-driver-database,2026-09-30,200,f6b750cfc7db177038d8e687218e17739518c79466de2f270c82467c2947f73f,f6b750cfc7db177038d8e687218e17739518c79466de2f270c82467c2947f73f,unchanged,1,0,
dataprotection-ie:4c5a1369a3,https://www.dataprotection.ie/en/news-media/press-releases/dpc-announces-conclusion-investigation-use-facial-matching-technology-connection-public-services,2026-09-30,200,5e47d99a723237a98ccbd48997680fa640651a708d5aaa5eb1ce6a6b387869cb,fcc5be9040c3c8894a6456275fcabe6af06a673242b0641bbd62003fb52d1348,changed_quotes_present,3,0,
dgu-gov-hr:17c9b87387,https://dgu.gov.hr/zajednicki-informacijski-sustav-zemljisnih-knjiga-i-katastra/161,2026-09-30,200,23a891d4924468a3f30bdf51092d1eeb05dde03b2d36041b61d7f3e9faa6e32d,23a891d4924468a3f30bdf51092d1eeb05dde03b2d36041b61d7f3e9faa6e32d,unchanged,1,0,
digid-nl:0bc47690fd,https://www.digid.nl/over-digid/privacy,2026-09-30,200,28434d5e455c18e161e14c8d4b23b7b0105f641cf7c46e3adc93d0170f0877a0,d7bbfb8b264ee6fdad7a431d4b893e6e76f6172597765b522e2444dee946f124,changed_quotes_present,4,0,
digitalstrategy-gov-gr:073e5a2639,https://digitalstrategy.gov.gr/project/kentriko_systima_diacheirisis_anthropinoy_dynamikoy,2026-09-30,200,feceaaa06669375dc48caef68978b3d06652bd8d00fbb572d94be804c679901b,bad1e53600ff7016ad25d66935a928f3ea36c17be55af2cf45d3020691970ecd,changed_quotes_present,1,0,
digitalstrategy-gov-gr:0848382631,https://digitalstrategy.gov.gr/project/tier-4_datacenter,2026-09-30,200,188cb012434735f2884b943ecb2d350c0d2a1886fd01649045b76ec8e7d9c65d,6312fa933bdc5f475b20ec488f4d879e40cf0a8f0ecc5c5fa82991d2347b42af,changed_quotes_present,1,0,
digitalstrategy-gov-gr:1f8f81fe96,https://digitalstrategy.gov.gr/project/psifiopoiisi_archeioy_ypothikofylakeion_gia_to_ethniko_ktimatologio,2026-09-30,200,0c0c62e027686c94069b8db0400b82fd7e424728ee5927c89f62b48b4f8b9a00,6b4162aeba1a3d640da14e6dfcbbfaee013ebbf65c2346cd8ddcac374b3ef809,changed_quotes_present,1,0,
digitalstrategy-gov-gr:3176f6f4d4,https://digitalstrategy.gov.gr/project/systima_diakyvernisis_dedomenon_gia_ton_tomea_tis_ygeias,2026-09-30,200,1036bee890f6520e268da4ebd29e8927f286429e94696368ebebe0d38b23b556,9556e5e1c214ea28a92a11b905035b6cf065eb007b2a31428d645dd909cbc51d,changed_quotes_present,2,0,
digitalstrategy-gov-gr:3ba8a7e8a6,https://digitalstrategy.gov.gr/project/government_erp,2026-09-30,200,a060210c574781251f29e8b00bb5348da36f705ae039eb22dc0d8c63c92ee803,0f94b9926324625596af5e19172b42a9e9ddc7a71a17fb4d8da9425e892570e2,changed_quotes_present,1,0,
digitalstrategy-gov-gr:4100fd9209,https://digitalstrategy.gov.gr/project/icisnet,2026-09-30,200,4a5ad551c3284f3daa673a618b184495df94cb52a7d598a038ca68991e3c3d0f,b43d16cf73b3ce84798222eacdcc3cdd492b5a0f955abf889c77cd7a18068a2f,changed_quotes_present,1,0,
digitalstrategy-gov-gr:49df2b93ac,https://digitalstrategy.gov.gr/project/anavathmisi_diathesimotitas_efedreias_asfaleias_dedomenon_poy_filoxenoyntai_stis_ypodomes_tis_ggpsdd,2026-09-30,200,e55aa241e6ae4b5e338f49ab16d31559486e18e2b0ca8a9256bcf253a7789e41,00834f214b9eff494b7eee32968e2a7d6f7cbf81d80bfd8bedc9f6321e29ab0b,changed_quotes_present,2,0,
digitalstrategy-gov-gr:5dc2adc798,https://digitalstrategy.gov.gr/project/psifiopoiisi_asfalistikis_istorias_e-efka,2026-09-30,200,c6e01f3d1b36a00ef666b5cc727fb35ebb5205b271c5f21a59bd3b63597b3601,5b441c2dd717138124f673a4c33d686ea87faaf960d9ac9e71528c7731e54e78,changed_quotes_present,1,0,
digitalstrategy-gov-gr:606d4f77cb,https://digitalstrategy.gov.gr/project/anavathmisi_exoplismoy_ktimatologioy_gia_leitoyrgia_se_eikoniko_perivallon_virtualization,2026-09-30,200,ded4dc1f191969b4528db88f66f6fd7dd47ae2c75d79689b18a49765239c0ed8,238f3afc14988344acfab1aa51b5a42e2b88c00a1bd24ee804b8bcf6049e8452,changed_quotes_present,2,0,
digitalstrategy-gov-gr:92788b9899,https://digitalstrategy.gov.gr/project/psifiopoiisi_ton_genikon_archeion_toy_kratoys,2026-09-30,200,3e1d408031a98bae167eb83a312877ec273bc2ed9ad6f35b6865bf6f0d726c1c,59eda7e2b485607e91c58cd25ac899ade30fbd3e6301c512af47a9c7afea1cde,changed_quotes_present,1,0,
digitalstrategy-gov-gr:98dca5d159,https://digitalstrategy.gov.gr/project/misthodosia,2026-09-30,200,f3da0e39bd49e553bd15a03040c2f4f0327b95312a436bab010cd5f0db5a2f58,af0f975ea077236e18fc2862ddb1f2b7e9a4213c637be65e3dc29f989c1da0d8,changed_quotes_present,2,0,
digitalstrategy-gov-gr:b056ac01d9,https://digitalstrategy.gov.gr/project/g-cloud,2026-09-30,200,0d317dd969df7e3d62fd496a75d44e71041ee6d0cee6c0670e36a1ac4a4bafe7,53c57db58eafd01d8055e3ad9366a398220f577aed8aa36b12118129d0a8da57,changed_quotes_present,1,0,
digitalstrategy-gov-gr:cc1089fa13,https://digitalstrategy.gov.gr/project/anaptyxi_neoy_enopoiimenoy_olokliromenoy_pliroforiakoy_systimatos_forologias_tis_aade,2026-09-30,200,0ca816ea6b6e287ca2e1e714c70403c20265832dd68d6f0be2b9afb037b18d56,fb295cd494c6d376e79ee10376d32708b2ae013d98c7974a74ccdedddd1f36a5,changed_quotes_present,1,0,
digst-dk:26dd5488c1,https://digst.dk/nyheder/nyhedsarkiv/2026/januar/drift-af-nemlog-in-sendes-i-udbud/,2026-09-30,200,adef8a7a45ea6e08c74eceb8cd179c4e8a7292c1eb6bc057b4943ef58c7944a8,adef8a7a45ea6e08c74eceb8cd179c4e8a7292c1eb6bc057b4943ef58c7944a8,unchanged,2,0,
digst-dk:5fe3813a43,https://digst.dk/tal-og-statistik/,2026-09-30,200,2a2a7f952cb673583596f98492b3d68e93d84b9beb7f89731c9c1bce26c2ffb8,822ca450a67a3c80c0c89e9c9f25415c8ffdf15c194cda533c82c41c2eb3e61b,changed_quotes_present,1,0,
digst-dk:ea3e91374d,https://digst.dk/it-loesninger/mitid/om-mitid/,2026-09-30,200,cfe3a4800d57aee90f31aef2a5491d1a97d95a6680d7065d77bced9b0e8be266,cfe3a4800d57aee90f31aef2a5491d1a97d95a6680d7065d77bced9b0e8be266,unchanged,1,0,
dila-premier-ministre-gouv-fr:6edc4778ef,https://www.dila.premier-ministre.gouv.fr/institution/missions/article/diffusion-legale,2026-09-30,200,06c9f795c9d8835a3b82a7abef9437c350045fdf660fa46124dcc4158bbf2768,06c9f795c9d8835a3b82a7abef9437c350045fdf660fa46124dcc4158bbf2768,unchanged,3,0,
diplomatie-gouv-fr:172574ba13,https://www.diplomatie.gouv.fr/fr/services-aux-francaises-et-aux-francais/vie-administrative-et-elections/etat-civil/missions-du-service-central-d-etat-civil,2026-09-30,200,32fb0a30c03b6ef432a93d1f98b86733689782ed5be965439c91cc2e01504ce5,32fb0a30c03b6ef432a93d1f98b86733689782ed5be965439c91cc2e01504ce5,unchanged,3,0,
dmu-gov-hu:7b89c0b7f3,https://www.dmu.gov.hu/rolunk,2026-09-30,200,c49c8d7fc7b2ca05699e398b91fd333c726e31b9b3c2498ce5e921108d3debcb,b849906e8d2b8af17d9f461e32da1c7fafe085f398fe67c673da747c4d136002,changed_quotes_present,1,0,
dmu-gov-hu:a7a6924366,https://www.dmu.gov.hu/cikkek/portfolio,2026-09-30,200,79b5bfa6c5ad0ec0c491fdf8bd949fcba50ed027c8a1e09ef5fbbdcc8e36ca11,1ec35228ba52556cadf9fee31a9acfb93f789d6982a278f260997b40712d1594,changed_quotes_present,1,0,
douane-gouv-fr:f0db6457bb,https://www.douane.gouv.fr/professionnels/autres-demarches/demande-dacces-aux-donnees-des-declarations-en-douane,2026-09-30,200,0f6d10ff297c712a21be683d17f096fed63984ee4bcd24cbfd3dc5cca28cbbc2,0f6d10ff297c712a21be683d17f096fed63984ee4bcd24cbfd3dc5cca28cbbc2,unchanged,1,0,
douanes-public-lu:85e862e52f,https://douanes.public.lu/fr/services-ligne/edouanes.html,2026-09-30,200,1d1289fc1fae7aa0a3e7ea008d2621b29b4e09c45e5619ae21d4126f83eea020,1d1289fc1fae7aa0a3e7ea008d2621b29b4e09c45e5619ae21d4126f83eea020,unchanged,1,0,
drugsandalcohol-ie:6ab62471fb,https://www.drugsandalcohol.ie/46590/1/PCRS_Statistical_Analysis_of_Claims_and_Payments_2025.pdf,2026-09-30,200,32d6ca5ab09580d2fe90f63030821b3a8af3d19830bef23c11c96b5f5ac029e2,32d6ca5ab09580d2fe90f63030821b3a8af3d19830bef23c11c96b5f5ac029e2,unchanged,1,0,
dst-dk:82a5edca3a,https://www.dst.dk/da/Statistik/dokumentation/statistikdokumentation/folketingsvalg--folkeafstemninger-og-europa-parlamentsvalg/praecision-og-paalidelighed,2026-09-30,200,db671f6172d63552560b3e33aabc55966fa64752203a900644e833515916422f,db671f6172d63552560b3e33aabc55966fa64752203a900644e833515916422f,unchanged,1,0,
dst-dk:da2cc64166,https://www.dst.dk/da/Statistik/dokumentation/statistikdokumentation/asylansoegninger-og-opholdstilladelser/statistisk-behandling,2026-09-30,200,3f5fbca65e40a84527b4cf730146463680119378c8a266e3a90a36e7a5203d1c,3f5fbca65e40a84527b4cf730146463680119378c8a266e3a90a36e7a5203d1c,unchanged,1,0,
dv-parliament-bg:8b19398fb2,https://dv.parliament.bg/DVWeb/showMaterialDV.jsp?idMat=105827,2026-09-30,200,bf9d06d825048cb84ccaa449418bd9c208bfac15c1004986860f2ad323569e4b,07453c3a636d794827bbf39f48814b39add6b5928fe1ec0641708eeeba4f20ec,changed_quotes_present,1,0,
dvv-fi:0e79936b79,https://dvv.fi/suomi.fi-tunnistus,2026-09-30,200,216b090e92450c2e4f7ef46251ef3f3f2096cda62e0b9b394b0167efe5a25ec4,40ae2a2d4b52dfadea3d672a17f0eb6aeed9a76c9c4e7ea055ebda9dc616ad61,changed_quotes_present,1,0,
ecrp-gov-si:8274a25666,https://ecrp.gov.si/predstavitevCRP.html,2026-09-30,200,6f553295a40ab78d1da10714c1679b9999b86258abb7ec2e32e8a8db5ee1d694,6f553295a40ab78d1da10714c1679b9999b86258abb7ec2e32e8a8db5ee1d694,unchanged,2,0,
edu-ro:3157e3b959,https://www.edu.ro/proiect_sistem_integrat_management_informatii_educationale,2026-09-30,200,09e449b5ef8880bbadd677bd4b8ec975f6f85d85390b5d6ba891dba83b07eeab,d3dda2521ba42c9b25a5c32f378198f1ed3da7c488329b852d7dd0e1ac7ba9f5,changed_quotes_present,1,0,
ehealthrecord-gov-gr:229375a8be,https://www.ehealthrecord.gov.gr/ehfy-overview-details,2026-09-30,200,3d086d7d2f7fe05f64eb8d1aaba80ce2a16ef85ce6ec8cf478e5254cb2715912,93f80352111707163c3aea315b15353b0fce535d5957dc724ee74a301f900beb,changed_quotes_present,1,0,
eid-hr:b6872cee28,https://www.eid.hr/hr/certifikati/akd-pki,2026-09-30,200,fc7e555a5532ef5bc801e4d04d6407d387ae07e6d209b3cb84be3d0952e3eb40,fc7e555a5532ef5bc801e4d04d6407d387ae07e6d209b3cb84be3d0952e3eb40,unchanged,3,0,
eidas-agid-gov-it:716a43ae73,https://eidas.agid.gov.it/TL/TSL-IT.xml,2026-09-30,200,4dc43dc5ee19c23d1b65262b8df65ac7c4f16f12727e59175fa76e092e0a6889,4dc43dc5ee19c23d1b65262b8df65ac7c4f16f12727e59175fa76e092e0a6889,unchanged,2,0,
eirgrid-ie:e95e799174,https://www.eirgrid.ie/grid/how-grid-works/national-control-centres,2026-09-30,200,c28cc8184d48b00df654e131a5c7b809fe856d17e0672cd8b279efd79ce089b3,c28cc8184d48b00df654e131a5c7b809fe856d17e0672cd8b279efd79ce089b3,unchanged,2,0,
en-wikipedia-org:cbdd04f061,https://en.wikipedia.org/wiki/LuxConnect,2026-09-30,200,40b7c638eb82108f297efe3dc45de03568e1b4eea34b6939c3bf18df16a35183,748ba78b03b509751c7ae60fd19fdd7a757f07caf20df34c3d1d4883db117196,changed_quotes_present,1,0,
energetika-portal-si:b83a3a4484,https://www.energetika-portal.si/podrocja/energetika/upravljanje-kapitalskih-nalozb/eles/,2026-09-30,200,1503f023e41cef3d9cb69dbe5fecaa450a9e3ddd169c8f7ad6d67f1299b6a20b,1503f023e41cef3d9cb69dbe5fecaa450a9e3ddd169c8f7ad6d67f1299b6a20b,unchanged,2,0,
enterprise-gov-ie:b3438928a5,https://enterprise.gov.ie/en/who-we-are/offices-agencies/companies-registration-office-cro-.html,2026-09-30,200,e2e5b1f4f72d724b8fc6c16505665325118f35f7a8b0fb117eebc5aceaeb29c4,ec7c2b8ee046926d460cf27bc49d34a151f0d5a438e0eb05937b01630214e3d7,changed_quotes_present,2,0,
erillisverkot-fi:5266ce1d26,https://www.erillisverkot.fi/palvelut/virtuaalinen-konesali/,2026-09-30,200,784be47ce9e0a5119b05aefe6a5b4580aad139c21d423a6af6b8f1e10a9adfb2,784be47ce9e0a5119b05aefe6a5b4580aad139c21d423a6af6b8f1e10a9adfb2,unchanged,1,0,
erillisverkot-fi:5bb7b96539,https://www.erillisverkot.fi/palvelut/konesali-ja-suojatilat/,2026-09-30,200,7a4e79a13117bc40807ff2afe41cf60262baea4487a65fb8d90edb7f66883fe1,7a4e79a13117bc40807ff2afe41cf60262baea4487a65fb8d90edb7f66883fe1,unchanged,1,0,
eso-bg:105eef5475,https://www.eso.bg/fileObj.php?oid=131,2026-09-30,200,8542fe73f78315ea99f3c3d238a7d0f3c013de5318a168cb378d1df967a42c9d,8542fe73f78315ea99f3c3d238a7d0f3c013de5318a168cb378d1df967a42c9d,unchanged,2,0,
et-gr:2cc09c28d9,https://et.gr/yphresia/mission/,2026-09-30,200,cf102536a626d9c9ba1910fbf4472ca6c7efb7a9d765266d5514db291e5b5d74,74670f64fa4a1766a9d6c17c3340eb43a8d60ed27dd11731b2e547dadb447421,changed_quotes_present,2,0,
etaamb-openjustice-be:67f7aaffa6,https://etaamb.openjustice.be/nl/koninklijk-besluit-van-25-mei-2005_n2005000390.html,2026-09-30,200,7d66e9cbe3be844a3aa72b4cf69066f4a06ee6180fd2570b69b091151de01db0,5079fe6ecf28d27076a818b02a9b4ac57c625b1cdcca23159c02d5b4202b9a00,changed_quotes_present,2,0,
etaamb-openjustice-be:d1488d8bbe,https://etaamb.openjustice.be/fr/loi-du-11-decembre-1998_n1999007004.html,2026-09-30,200,ab7c4ae4d529d783bac7d13575c5dfd3014e55883621593d10594c65945e61ae,177874d26edaf70c757e6770cbd138df3ecb8fbc0722027e6578cce916b7ea87,changed_quotes_present,1,0,
ezdrav-si:c018b17740,https://ezdrav.si/resitve/crpp/,2026-09-30,200,8ce3b065414c92d1c8167d4d668d663c97b354a6e8b892b715503b8cad1de763,545b9ce54d66f7ffb2f86175bf2d10e61261c466d1fe471251d0aee2a48ed221,changed_quotes_present,1,0,
fina-hr:75a3b680b0,https://www.fina.hr/vjerujte-fini,2026-09-30,200,58d48f2cda93714771d16b8c8176e3392f70ca3d9cfabf974a2b6049503926c3,58d48f2cda93714771d16b8c8176e3392f70ca3d9cfabf974a2b6049503926c3,unchanged,1,0,
fina-hr:a18536a788,https://www.fina.hr/javne-usluge-za-poslovne-subjekte/registri/registar-stvarnih-vlasnika/propisi-vezani-za-registar-stvarnih-vlasnika,2026-09-30,200,2b08e86ba5dc62c0a1b4bb445ddc9bea9d11957e5bd218fd45bf2490f85e8e7d,2b08e86ba5dc62c0a1b4bb445ddc9bea9d11957e5bd218fd45bf2490f85e8e7d,unchanged,1,0,
fina-hr:a3c12cf10f,https://www.fina.hr/javne-usluge-za-poslovne-subjekte/registri/registar-stvarnih-vlasnika,2026-09-30,200,ca90e7a99ebc88e32aac35203b9e07bb7c31c4b1509f5389a125f0f0ba92ea7c,ca90e7a99ebc88e32aac35203b9e07bb7c31c4b1509f5389a125f0f0ba92ea7c,unchanged,2,0,
fina-hr:edfd258b86,https://www.fina.hr/o-nama,2026-09-30,200,baa9a29bc04445ee4765d6aebc4eae34fe4be933179214640467c4b4cc2f0f1f,baa9a29bc04445ee4765d6aebc4eae34fe4be933179214640467c4b4cc2f0f1f,unchanged,1,0,
financnisprava-gov-cz:7b00e5ec25,https://financnisprava.gov.cz/assets/cs/prilohy/fs-financni-sprava-cr/OR_FS_UZ_D4.pdf,2026-09-30,200,f486fe8aec13bede3fdb0d4842eb957ea242a179bfbe48f6a55ae12313ff52c3,f486fe8aec13bede3fdb0d4842eb957ea242a179bfbe48f6a55ae12313ff52c3,unchanged,1,0,
france-identite-gouv-fr:3819ddc500,https://france-identite.gouv.fr/presenter-france-identite/,2026-09-30,200,efd7861c1ea657627daae1324e968e6fd0e653d3201834645cdb8480ac9463a8,efd7861c1ea657627daae1324e968e6fd0e653d3201834645cdb8480ac9463a8,unchanged,1,0,
franceconnect-gouv-fr:111e26048b,https://www.franceconnect.gouv.fr/cgu/politique-protection-donnees-personnelles/,2026-09-30,200,44f62c78859c18d44371958a6172b704f66b1d0d0c4544674cd211e71a4ad7ad,6aa2fe66bde47f7c03eb797c43f67cfd70def4ed40431b91470a02ca3f4f3ce2,changed_quotes_present,2,0,
franceconnect-gouv-fr:5d40bbf959,https://www.franceconnect.gouv.fr/,2026-09-30,200,07c61061a04fec331abaef7b7ce1dd69faf109902a51705fb07d9900a6675fd1,f1b75b8625b4caeedcc5c0d1c3a3db7a9d29c0127e36905ac079cf507f80eb3b,changed_quotes_present,1,0,
fsc-bg:89bd0a8b2c,https://www.fsc.bg/wp-content/uploads/2021/files/31563_file.pdf,2026-09-30,200,ef14651096838c92eebfdd2f18cbc0b7c99b43dacda9899a7d6bd94382e354a9,ef14651096838c92eebfdd2f18cbc0b7c99b43dacda9899a7d6bd94382e354a9,unchanged,2,0,
fu-gov-si:e31210058b,https://www.fu.gov.si/davki_in_druge_dajatve/poslovanje_z_nami/vpis_v_davcni_register_in_davcna_stevilka/,2026-09-30,200,fec7a8d851db1b7084f717222f3b4a56aa00f44bcf45456733a6b77dff3e403a,fec7a8d851db1b7084f717222f3b4a56aa00f44bcf45456733a6b77dff3e403a,unchanged,2,0,
garda-ie:53cc0f1edb,https://www.garda.ie/en/about-us/organised-serious-crime/immigration-gnib-/,2026-09-30,200,2e177657a8c78dadcfd3437c214740e5f7cb4d4c9839a3279c6d2636f737c6a5,e176ddc17193396f8432e4d281a034ddf823eeafc495d54082ef265a3f15ed15,changed_quotes_present,1,0,
garda-ie:a4ff8de185,https://www.garda.ie/en/about-us/our-departments/garda-national-crime-security-intelligence-service1/schengen-information-system-sis-/when-was-it-introduced-.html,2026-09-30,200,7bec672b9a7fbaf3b2ce269c1a9cde20934248f448ce9b5543025315128de329,454950268d59650888c4e37c2c84f51cffd0e035d0ea29a0d8cbab32ac5c1ac8,changed_quotes_present,1,0,
garda-ie:d67c609e83,https://www.garda.ie/en/about-us/online-services/firearms-licensing/,2026-09-30,200,7f3f929d9e00472edba67446a71efcfc068f547c77f566498ddcd920c5611d89,d44f408e4fdc1c22f26d17245c5be23e4e8ca0c1f8ebfd49678e9c55887ae753,changed_quotes_present,2,0,
garda-ie:e72270a4bc,https://www.garda.ie/en/about-us/our-departments/garda-information-services-centre-gisc-/,2026-09-30,200,c84d897912e5b17b5b3a63d749d94eb20c2676dd8fbd9d7a3b3c6d32deeffefa,c415d6a9c8be77dbc1f9928554ce6f177a2679bef1ac3c3803ffe360d64b7e24,changed_quotes_present,2,0,
gazzettaufficiale-it:96bca78079,https://www.gazzettaufficiale.it/eli/gu/2015/12/30/302/sg/pdf,2026-09-30,200,402774603649bcc7b0470da561b5b27f57bb6b73ae604af85f4c39453ea52818,402774603649bcc7b0470da561b5b27f57bb6b73ae604af85f4c39453ea52818,unchanged,11,0,
gazzettaufficiale-it:d7eed3abe3,https://www.gazzettaufficiale.it/,2026-09-30,200,c72401ec9b7a51462a1da975e3d2bb514530916b01cc851765be50ef9fe6e077,6a03350051c46ad8c05f6d20067bbdc44968d227663b83f8f5d9925510e0448e,changed_quotes_present,2,0,
gegevensbeschermingsautoriteit-be:6f515c0b30,https://www.gegevensbeschermingsautoriteit.be/publications/advies-nr.-121-2022.pdf,2026-09-30,200,5c0905e8d7b8f79ea228a5b21b5ff517205688cc32e9fdc562beee68ec753960,5c0905e8d7b8f79ea228a5b21b5ff517205688cc32e9fdc562beee68ec753960,unchanged,1,0,
gesetze-im-internet-de:0be2c39533,https://www.gesetze-im-internet.de/azrg/__1.html,2026-09-30,200,ba492b8c7f06cb8952327298a0df94ee3c7766d946fd7444051a1ef3ce36b958,ba492b8c7f06cb8952327298a0df94ee3c7766d946fd7444051a1ef3ce36b958,unchanged,2,0,
gesetze-im-internet-de:1c65b7fca8,https://www.gesetze-im-internet.de/pauswg/__23.html,2026-09-30,200,4da12965657596dd1926d7d818b320dcfaa5792a084f291b4120c2b473a5212e,4da12965657596dd1926d7d818b320dcfaa5792a084f291b4120c2b473a5212e,unchanged,1,0,
gesetze-im-internet-de:22bd68f959,https://www.gesetze-im-internet.de/barchg_2017/__3.html,2026-09-30,200,bd12206ea82a7e2389630e1ec19147a2bcbb553973fb9755ed6ac69540f7699b,bd12206ea82a7e2389630e1ec19147a2bcbb553973fb9755ed6ac69540f7699b,unchanged,1,0,
gesetze-im-internet-de:27da0847df,https://www.gesetze-im-internet.de/pauswg/__26.html,2026-09-30,200,d15addc566d41edb7aa16d2cf8f4ed57c6d92fab3e50ca00cc4efbdf14bbaaad,d15addc566d41edb7aa16d2cf8f4ed57c6d92fab3e50ca00cc4efbdf14bbaaad,unchanged,4,0,
gesetze-im-internet-de:3ac1792c58,https://www.gesetze-im-internet.de/vdg/__2.html,2026-09-30,200,5493bb554cf59b02e0440a1fc505da1ff321c05b20d91bb33dd92041e3de5471,5493bb554cf59b02e0440a1fc505da1ff321c05b20d91bb33dd92041e3de5471,unchanged,1,0,
gesetze-im-internet-de:3b46010997,https://www.gesetze-im-internet.de/pauswg/__4.html,2026-09-30,200,98953671f68d32ce151b054879ce2a6867bdccf29ba6cc92bba5b06e631916f3,98953671f68d32ce151b054879ce2a6867bdccf29ba6cc92bba5b06e631916f3,unchanged,1,0,
gesetze-im-internet-de:3fe2afde50,https://www.gesetze-im-internet.de/ao_1977/__139b.html,2026-09-30,200,600db78f9ff553e15a0d3e75809dbdd694792b40010945fbdbd7323f1bad1d3a,600db78f9ff553e15a0d3e75809dbdd694792b40010945fbdbd7323f1bad1d3a,unchanged,1,0,
gesetze-im-internet-de:4f79954d49,https://www.gesetze-im-internet.de/bkag_2018/__3.html,2026-09-30,200,8a0a0c2b613563f94569dc60d1752cd2a7918aa72c95955fcd768aaddcdf7169,8a0a0c2b613563f94569dc60d1752cd2a7918aa72c95955fcd768aaddcdf7169,unchanged,1,0,
gesetze-im-internet-de:6116193ce1,https://www.gesetze-im-internet.de/bndg/__1.html,2026-09-30,200,f37b0f6586238d6d58961e5b9401f9b31fe80018f4feb6167365a5202467d891,f37b0f6586238d6d58961e5b9401f9b31fe80018f4feb6167365a5202467d891,unchanged,1,0,
gesetze-im-internet-de:6aec179f85,https://www.gesetze-im-internet.de/pa_g_1986/__21.html,2026-09-30,200,5f9b5290155c29b8216b10aac5d51afeaffd2d9d58eb36dd80d2d0cad7ddcf1c,5f9b5290155c29b8216b10aac5d51afeaffd2d9d58eb36dd80d2d0cad7ddcf1c,unchanged,2,0,
gesetze-im-internet-de:7643471870,https://www.gesetze-im-internet.de/sgb_6/__145.html,2026-09-30,200,bd57b1aa31c95b846e8b567d7393ec7717ab3006206534609c857971d587f5b8,bd57b1aa31c95b846e8b567d7393ec7717ab3006206534609c857971d587f5b8,unchanged,1,0,
gesetze-im-internet-de:a758b3c2b0,https://www.gesetze-im-internet.de/bverfschg/__6.html,2026-09-30,200,8c0fca5329d5b7bdc69ea2aa69fc104f11351e76e122d27fb3a7d8780823192c,8c0fca5329d5b7bdc69ea2aa69fc104f11351e76e122d27fb3a7d8780823192c,unchanged,1,0,
gesetze-im-internet-de:aab4518525,https://www.gesetze-im-internet.de/s_g/__4.html,2026-09-30,200,38468296a4e876fe3afc9b72c977ecb59a340118b87cd65bca1f69a17cda6325,38468296a4e876fe3afc9b72c977ecb59a340118b87cd65bca1f69a17cda6325,unchanged,1,0,
gesetze-im-internet-de:aec0b77b4d,https://www.gesetze-im-internet.de/pstg/__6.html,2026-09-30,200,f529c47c73b866105159fdd0db60852f57eaf83530f61e119d13013823feedf9,f529c47c73b866105159fdd0db60852f57eaf83530f61e119d13013823feedf9,unchanged,1,0,
gesetze-im-internet-de:b7cbd7748a,https://www.gesetze-im-internet.de/pauswg/__18.html,2026-09-30,200,cc63589ea51eb8c73d07a07424af22adeb6278b7030cc818685a49f34e515ff8,cc63589ea51eb8c73d07a07424af22adeb6278b7030cc818685a49f34e515ff8,unchanged,1,0,
gesetze-im-internet-de:bf6c8ead7a,https://www.gesetze-im-internet.de/bmg/__2.html,2026-09-30,200,243da183cfd5e209e97ae25785580dd2151a9c28381a0b3c0d12dc1e9ef08d1c,243da183cfd5e209e97ae25785580dd2151a9c28381a0b3c0d12dc1e9ef08d1c,unchanged,2,0,
gesetze-im-internet-de:d37a59e7c8,https://www.gesetze-im-internet.de/pstg/__3.html,2026-09-30,200,b5f7313c858202dbb46066bb6c880d2a4f5ac4c6c20e9d26057057b291548b22,b5f7313c858202dbb46066bb6c880d2a4f5ac4c6c20e9d26057057b291548b22,unchanged,1,0,
gesetze-im-internet-de:d8b3bb5b35,https://www.gesetze-im-internet.de/vwdg/__1.html,2026-09-30,200,e1646b91917067f8ea1b4b108dba9c9fac15b8283ba029cdc1e8b1b970b67be9,e1646b91917067f8ea1b4b108dba9c9fac15b8283ba029cdc1e8b1b970b67be9,unchanged,1,0,
gesetze-im-internet-de:eb21a5a15b,https://www.gesetze-im-internet.de/sgb_6/__149.html,2026-09-30,200,f683a7b752754ae451b17eb709d782b4ca5afe608759251359976b0b80b713a6,f683a7b752754ae451b17eb709d782b4ca5afe608759251359976b0b80b713a6,unchanged,1,0,
gesetze-im-internet-de:fb2d15c90c,https://www.gesetze-im-internet.de/zsg/__6.html,2026-09-30,200,0c74245ca2931f799b063ef9da3d7d138771014091bc961bd700c27d715b6518,0c74245ca2931f799b063ef9da3d7d138771014091bc961bd700c27d715b6518,unchanged,1,0,
gov-pl:74a1f71094,https://www.gov.pl/web/cyfryzacja/strategia-cyfryzacji-panstwa,2026-09-30,200,a7a9d76d0489ad34d37299a2371e577d56eb2ba0adbc34cbce6dee819322ca77,7c4e27975c3ef6873fa6fad98c64f37433322368cb2ea06a15a45e87ac180346,changed_quotes_present,1,0,
gov-pl:b610555d30,https://www.gov.pl/web/cyfryzacja/profil-zaufany,2026-09-30,200,4d3b428eee4fa174c6661e6192a63f97d651ae90008f08fd344f38cefb30533c,aba918bafd9fdf030052166acd36eb88e2ed17be4eed555fe4ba1061243eb0d2,changed_quotes_present,1,0,
gov-si:007c50c405,https://www.gov.si/assets/organi-v-sestavi/FURS/Strateski-dokumenti/2025/Letno-porocilo-Financne-uprave-za-leto-2024.pdf,2026-09-30,200,b1b4712296cec04221b7ce9f5a0cd477e431a8a34cc412d02cf702eee2b0a89c,b1b4712296cec04221b7ce9f5a0cd477e431a8a34cc412d02cf702eee2b0a89c,unchanged,1,0,
gov-si:18b6517aed,https://www.gov.si/teme/volivci-in-evidenca-volilne-pravice/,2026-09-30,200,53f8f7a61e1dfd573d59d1840971309c8d5ecc89114e12aa594a533dad8c6635,53f8f7a61e1dfd573d59d1840971309c8d5ecc89114e12aa594a533dad8c6635,unchanged,1,0,
gov-si:4636d90fb3,https://www.gov.si/drzavni-organi/ministrstva/ministrstvo-za-notranje-zadeve-in-javno-upravo/o-ministrstvu/direktorat-za-informatiko/urad-za-digitalno-infrastrukturo/sektor-za-podatkovno-in-streznisko-infrastrukturo/,2026-09-30,200,4d5c6fe51362ddf366f14592e6873f570ab9168dfd031d785af34070f8f82222,4d5c6fe51362ddf366f14592e6873f570ab9168dfd031d785af34070f8f82222,unchanged,1,0,
gov-si:4bf1c5fc99,https://www.gov.si/drzavni-organi/organi-v-sestavi/uprava-za-javna-placila/o-upravi/,2026-09-30,200,24d650b4101f9bce84d66e582273d930a894cbb62a8bc2c79be38cfadd2cbc76,24d650b4101f9bce84d66e582273d930a894cbb62a8bc2c79be38cfadd2cbc76,unchanged,1,0,
gov-si:5afb5f2046,https://www.gov.si/drzavni-organi/organi-v-sestavi/uprava-za-zascito-in-resevanje/o-upravi/urad-za-obvescanje-in-alarmiranje/,2026-09-30,200,553cbe05a714823891006f8ad7ae86a0a9f919e4344d3938cc1f9e0795d060b5,553cbe05a714823891006f8ad7ae86a0a9f919e4344d3938cc1f9e0795d060b5,unchanged,2,0,
gov-si:7a83d03cbe,https://www.gov.si/novice/2020-12-10-po-vec-letih-bo-zgrajena-nova-infrastruktura-sistema-tetra/,2026-09-30,200,bd34e362514211ce85dfe2b2559fa72b0e647f03094fd1b2ec599a581485c957,bd34e362514211ce85dfe2b2559fa72b0e647f03094fd1b2ec599a581485c957,unchanged,1,0,
gov-si:9c3d826b19,https://www.gov.si/novice/2023-03-08-prenovljeni-schengenski-informacijski-sistem/,2026-09-30,200,4c018c175fcf957fae8f52247e7d14e1a531939572795cc8577a0cf322efd87f,4c018c175fcf957fae8f52247e7d14e1a531939572795cc8577a0cf322efd87f,unchanged,1,0,
gov-si:9ce330bbb5,https://www.gov.si/drzavni-organi/ministrstva/ministrstvo-za-obrambo/o-ministrstvu/direktorat-za-obrambne-zadeve/nacionalni-center-za-krizno-upravljanje/,2026-09-30,200,a69294e4fcc61fbb402521aaf42ab522747848c858ca6559483e64a23fa7769d,a69294e4fcc61fbb402521aaf42ab522747848c858ca6559483e64a23fa7769d,unchanged,1,0,
gov-si:b2a7eb741c,https://www.gov.si/drzavni-organi/ministrstva/ministrstvo-za-notranje-zadeve-in-javno-upravo/o-ministrstvu/direktorat-za-informatiko/urad-za-digitalno-infrastrukturo/sektor-za-virt/,2026-09-30,200,74e181f638323ff64d05b184daf1610f09a473e79cffbd551012c9d1d68b8c29,74e181f638323ff64d05b184daf1610f09a473e79cffbd551012c9d1d68b8c29,unchanged,1,0,
gov-si:b822ddd7c8,https://www.gov.si/teme/informatika-v-drzavni-upravi/,2026-09-30,200,88ba4056bce04ffe6ec0c113ea131f2621ff282cabb25644870e585b5f4b63d2,88ba4056bce04ffe6ec0c113ea131f2621ff282cabb25644870e585b5f4b63d2,unchanged,1,0,
gov-si:c83b366f6f,https://www.gov.si/zbirke/storitve/mferac/,2026-09-30,200,b7d05d1e486c5db6ec7b91bbdfa0630e7bce86917188daf9e07b85119e649cbe,b7d05d1e486c5db6ec7b91bbdfa0630e7bce86917188daf9e07b85119e649cbe,unchanged,1,0,
gov-si:c83e2d32dd,https://www.gov.si/teme/slovenski-elektronski-arhiv/,2026-09-30,200,26de2ac84938d6d7ff2c9f35b77cc23552c798268234bc090d6cc263110ea9ca,26de2ac84938d6d7ff2c9f35b77cc23552c798268234bc090d6cc263110ea9ca,unchanged,1,0,
grnet-gr:910a35e7b0,https://grnet.gr/en/infrastructures/grnet-datacenters/,2026-09-30,200,0c91c38574dff15de29e9d6a01f15d4f120c507dd5e1dc5fcd4568c210a164e1,397fb0193ca05f5b3def17c8a82771cb32baf8508660cdc3b84619f36b459131,changed_quotes_present,1,0,
hiqa-ie:ace222398a,https://www.hiqa.ie/areas-we-work/health-information/data-collections/computerised-infectious-disease-reporting-cidr,2026-09-30,200,ccb7e4281ca0e8a420e279f6629ea24cbdb67771bc10eccec2b18c68b78d30c8,ccb7e4281ca0e8a420e279f6629ea24cbdb67771bc10eccec2b18c68b78d30c8,unchanged,3,0,
hiqa-ie:b3e5bb5d86,https://www.hiqa.ie/areas-we-work/health-information/data-collections/national-register-individual-health-identifiers,2026-09-30,200,d7825e14b072c2f8039fd1b42706fa5982d5a4595c2cb070a1086b50502b0812,d7825e14b072c2f8039fd1b42706fa5982d5a4595c2cb070a1086b50502b0812,unchanged,2,0,
hiqa-ie:d9132e3454,https://www.hiqa.ie/areas-we-work/health-information/data-collections/primary-care-reimbursement-service-pcrs,2026-09-30,200,d92178b813c42c32e66e0c88680a76805203ae34bc72cdfd45ce8e112c7cdb01,d92178b813c42c32e66e0c88680a76805203ae34bc72cdfd45ce8e112c7cdb01,unchanged,2,0,
hiteles-gov-hu:2a0d283b3e,https://hiteles.gov.hu/cikk/185/kormanyzati_hitelesites_szolgaltato,2026-09-30,200,f14b99e17bf65ee29986c5c54749d1bbe506ebcff563c401b37d8003b7c13466,f14b99e17bf65ee29986c5c54749d1bbe506ebcff563c401b37d8003b7c13466,unchanged,1,0,
hnb-hr:96c8b3481f,https://www.hnb.hr/en/core-functions/payment-system/payment-systems/targe-hr,2026-09-30,200,d0788a3c018df7cf921908de559f7702f6a8ee27d3668edad2ebfc3e858ca9a9,b401558f7a472132fbab178254d779082539ba675a6f2cd355d5adc0039ac238,changed_quotes_present,1,0,
hnb-hr:fae2aa7296,https://www.hnb.hr/en/statistics/statistical-data/payment-systems,2026-09-30,200,a3de6a30d3426bdb555e72f0dd6af16c73d973ddf3f3c66775172eef272ad975,d026a39574e7098c9bfe331e8514626fb448e8db929aa908ad690e336320319d,changed_quotes_present,1,0,
hpsc-ie:370247fc97,https://www.hpsc.ie/cidr/,2026-09-30,200,a46ed5210dec55c0b33ebf65e7ae53bcd8e6d6cddbe3e90007d3f44f1149206e,a46ed5210dec55c0b33ebf65e7ae53bcd8e6d6cddbe3e90007d3f44f1149206e,unchanged,1,0,
hzscr-gov-cz:92d0e6dc66,https://hzscr.gov.cz/clanek/tisnova-linka-112-ma-svuj-den,2026-09-30,200,ba94096c00913d99d1f727fa2cc308dee03a9ea4ee1ca3bd8591d72d96a5d788,ba94096c00913d99d1f727fa2cc308dee03a9ea4ee1ca3bd8591d72d96a5d788,unchanged,1,0,
hzscr-gov-cz:b2904a307d,https://hzscr.gov.cz/clanek/hzs-jihoceskeho-kraje-menu-informacni-servis-zpravodajstvi-2026-unor-tisnova-linka-112-funguje-uz-22-let.aspx,2026-09-30,200,6597ffbfb405eb3aa484a37f0a026f7f480a390e647aff8a4396f56b814ae28d,6597ffbfb405eb3aa484a37f0a026f7f480a390e647aff8a4396f56b814ae28d,unchanged,2,0,
ibz-rrn-fgov-be:192a634168,https://www.ibz.rrn.fgov.be/nl/burger/identiteitsdocumenten/eid,2026-09-30,200,a2a7e32b9fecf369a0b07d9bfad5226a6c551526be7749a228a850ca640f420e,6236203ed680d15371b913bf76e9d0d12d19bf15800a099f46d7dc1fc7f1cc22,changed_quotes_present,2,0,
ibz-rrn-fgov-be:42d8c82a64,https://www.ibz.rrn.fgov.be/nl/burger/rijksregister-en-bevolking/rijksregister,2026-09-30,200,a25a030e3da0a9dd6ec070ff20e780ec809c357322f0ef784af3a6747d5466d7,bdd53288642533ab3bc743b15de5fbee2f5cb2bd8949822422ad63c391ac9aa3,changed_quotes_present,2,0,
ibz-rrn-fgov-be:499b473c04,https://www.ibz.rrn.fgov.be/nl/burger/identiteitsdocumenten/eid/eid-en-gdpr,2026-09-30,200,5d5a6798510554f94cb179b121f49d4956ae0471435b77d2312ac35bf92f2e79,05a7e4a965f8f0a6f9c93efc7fdbd0598c7d4404d1ea70d519ab20b8f7d512dd,changed_quotes_present,3,0,
ibz-rrn-fgov-be:e11b280087,https://www.ibz.rrn.fgov.be/nl,2026-09-30,200,fff163f8c173e1d1fd9c24e6dfa48d3cb4cc770a419c8510d649e6f45d9ad27d,8d73f64a36e89306c75f29399209e22d946ae9a90f785ad25a0324e006f68e58,changed_quotes_present,1,0,
ibz-rrn-fgov-be:e2e9ded180,https://www.ibz.rrn.fgov.be/nl/professioneel/dabs/geldende-regelgeving,2026-09-30,200,5a935396b435961485e144cee280a833e8c0e2d0d8808e7211b4179d4daf24cf,34cfce62a5b5a3d2d36966ad75824c5a12c0d1dda45880c243ba81c7c23c5c6b,changed_quotes_present,1,0,
identita-gov-mt:357a81b8b9,https://identita.gov.mt/expatriates-unit-main-page/noneu-nationals/useful-information/finalising-application-process/biometrics-and-interim-receipt/,2026-09-30,200,a7ecd9c82f27a128732001bc062b7ca5d87ac67ac8e329430329ecc4d81da8bd,bd775028db1671463cf285d51e34385f3c512118608ec023c8e8e603ec03a112,changed_quotes_present,1,0,
identita-gov-mt:38e4dd4c1e,https://identita.gov.mt/passport-office-main-page/,2026-09-30,200,97d9be367f89ff165694ce20171aa99f78b018982eea70df3d93350f533c6759,318851173b7129f1643fe886f53d202930e4f4ef5f0f7d1ee4dd9536fe06669f,changed_quotes_present,2,0,
identita-gov-mt:393db9f62f,https://identita.gov.mt/passport-office-adults-renewals/,2026-09-30,200,08357fcac2da7f57eb6373b067e6d9cb27240539435c3788fa90c4a94c37e7c8,35b6fba3256a4bace84b9d4dc31abf9c5f24034e0267b6a577c7d56a3dad96dc,changed_quotes_present,1,0,
identita-gov-mt:3b09be07b4,https://identita.gov.mt/about-us/,2026-09-30,200,1f571e7029a07af4174f8f0b0dbdd0177cb1a67bad82944a6bc121661fd147fa,e3e7343f9909b324c0aa7f1ac12f3c9c615ed3fda0f7516f61b8a96f5f3dcd3b,changed_quotes_present,1,0,
identita-gov-mt:4f6320b11b,https://identita.gov.mt/expatriates-unit-main-page/,2026-09-30,200,10420806f89c8f4577bb13886e4017bbd5dca86503eeebfce28ada4dd82527e8,3df190d94bd591648df7b21fefcb71869f03f2ba5a232e42685d8903deed46eb,changed_quotes_present,1,0,
identita-gov-mt:9a76dd1f0b,https://identita.gov.mt/identity-cards-unit/eid-virtual-account/,2026-09-30,200,9411ef422952284b596157ca6283384b54b83bea27abc58205d8dae5ead85de3,867a3fd8f8b4dcd6b7f6d60fd49914960cf7689af82f73e5e4b9b77e18effbc4,changed_quotes_present,2,0,
identita-gov-mt:b58a780ace,https://identita.gov.mt/identity-cards-unit/,2026-09-30,200,da36f1a0fa94fa47fd3c9d3584b8cb40e2d3625486b2b173ee30f150df6388ce,709922c241a57d3ba89f0e593fe10e6da3af48329915b04b36c99afc12b6538f,changed_quotes_present,2,0,
identita-gov-mt:d7ec3fc7a7,https://identita.gov.mt/identity-cards-unit-electoral-office/,2026-09-30,200,93f30e77d0285b5e8aaab6e779e39c5c48bca41eff394d216970eb69b028473d,6791e6ee11b14e2138f750acb04447a2fc3acb5d875f80b3372cce4578542712,changed_quotes_present,1,0,
identita-gov-mt:e91aaadc94,https://identita.gov.mt/public-registry-sec-page-civil-status/,2026-09-30,200,41c1adc9ab460cd58b987d903a413c2c325f216046728f13404946c682208914,84a4686c92fa7de017d55101d9e0da877d43aa84807ab33ff35f346868b9f576,changed_quotes_present,1,0,
idika-gr:046d9c2a1f,https://www.idika.gr/erga/ilektroniki-syntagografisi/,2026-09-30,200,45d2794fa07bc08e6926a525b3fff29f3b3d305a25f9626947c146a79974b163,1a56e0b70ae64dcb040eb8f669fe0b56e153045a1ac7c95770ba8dc6741827e5,changed_quotes_present,1,0,
idika-gr:521a11eeb5,https://www.idika.gr/erga/eniaio-systima-syntaxeon-eseps-ilios/,2026-09-30,200,5f77225a6998296d879c6f7c5a86a48b7c765913639644002bad52c2e9467ebc,a1d9ab1f502547b0fd42fa0314370715e3b203064529fe593193d69932369641,changed_quotes_present,1,0,
idomsoft-hu:afa936eb76,https://www.idomsoft.hu/termekek,2026-09-30,200,1e5b0cd5a781bafe4c3d2b10bd7abc3a742cca8bba3858f59d47e467e935360c,1e5b0cd5a781bafe4c3d2b10bd7abc3a742cca8bba3858f59d47e467e935360c,unchanged,2,0,
idomsoft-hu:d8503b33d7,https://www.idomsoft.hu/rolunk/tortenetunk,2026-09-30,200,9275fcdb6fa2e05637d474783f7e62656325da031d24604923ecc2f3dcdd0b7b,9275fcdb6fa2e05637d474783f7e62656325da031d24604923ecc2f3dcdd0b7b,unchanged,6,0,
iiop-ie:fe4070ee66,https://iiop.ie/sites/default/files/2026-06/NSCR%20Presentation_10%20June%202026_IIOPWebinar.pdf,2026-09-30,200,6652af431cac224cb7b9de6616085100b2c947b883f87a3dbcc15c95b27bbfad,6652af431cac224cb7b9de6616085100b2c947b883f87a3dbcc15c95b27bbfad,unchanged,1,0,
impotsdirects-public-lu:5e0c88ceb7,https://impotsdirects.public.lu/fr/az/r/RGPD_GDPR.html,2026-09-30,200,9ef3c4f6d9ff32ba4e42e82fbce2815e0bb4fece792488fadff9b643aa7f9e9f,9ef3c4f6d9ff32ba4e42e82fbce2815e0bb4fece792488fadff9b643aa7f9e9f,unchanged,2,0,
incert-lu:05260b3ab9,https://www.incert.lu/serving-luxembourg-public-agencies,2026-09-30,200,6f2bb50104db44cfff5929cce5f4a2b0fb928e43ac8062ac06f5d249bc80bade,05645a9119baa3f1199487524ba95aff02323070231e8d2c0cec9b5c8b64b384,changed_quotes_present,1,0,
incert-lu:52a70e39e6,https://www.incert.lu/sous-page,2026-09-30,200,4dd0ca91cdbc1389d8c37f6d88f201704adeb5af366928d99ddfa5199f268e68,a4f39881ff680c055beb16ddc072a7ddffe952e9078f4456eb42798a3112be1c,changed_quotes_present,1,0,
info-identitaobcana-cz:c6ddc5720a,https://info.identitaobcana.cz/,2026-09-30,200,a028cdf850b4cb3b47f364d1abd9c90623b8e971eb0bdbd868c9db3e42b129dd,fe8c3b6af662c1bc6d75fb94716c9b044ea3033cbe01179837385b190f1e414c,changed_quotes_present,1,0,
infobusiness-bcci-bg:291b25fe05,https://www.infobusiness.bcci.bg/customs-26-11-18.html,2026-09-30,200,d26d546786c1576046ae23032f2436334746084e586ac660d1ad636d01fdeb51,d26d546786c1576046ae23032f2436334746084e586ac660d1ad636d01fdeb51,unchanged,2,0,
inpi-fr:9f5cff9f53,https://www.inpi.fr/ressources/formalites-dentreprises/beneficiaires-effectifs,2026-09-30,200,b906fbe17a51013785e7a3bc8ec7117ef8fc6538838125da6ec8355446ba9a0e,d6f02bef87acaf21deb674bca3d639fa144c47a15246d275cd5b58708a5b49a5,changed_quotes_present,2,0,
inpi-fr:cc9a8dfd69,https://www.inpi.fr/decouvrir-inpi/formalites-dentreprises/guichet-unique-formalites-dentreprises-et-registre-national-entreprises,2026-09-30,200,1666ef137a563defe3f4b1c9b135ae4726507cc24ef9379b17ab01a30e052409,94e8f12c3d9d89c2f3a820ca3dc1d8d8e23fdaaf8f5b26dcacaab897f14fd395,changed_quotes_present,3,0,
insee-fr:22fc1d92d0,https://www.insee.fr/fr/information/6665188,2026-09-30,200,cd7613b44473b1b20ccbc9de564381403dd3e1ef9b8e5683fb6204cf82854a31,82ec8d269ecd6cfb2233bab46cbd34d7836736a5c0c5dbd0d6b751992aca2ce6,changed_quotes_present,3,0,
interoperable-europe-ec-europa-eu:92a5c57c6a,https://interoperable-europe.ec.europa.eu/sites/default/files/inline-files/NIFO_2024_Supporting%20document_Spain_vFINAL.pdf,2026-09-30,404,91429262784f2712429aaf4795b548691005d508f6379eb183e48cf7577932a6,,gone,2,,
interoperable-europe-ec-europa-eu:999ca03fec,https://interoperable-europe.ec.europa.eu/sites/default/files/inline-files/NIFO_2024%20Supportive%20Document_Cyprus_vFinal.pdf,2026-09-30,404,a5cbb36c5c951f282569fc51ac2ff5c8bc488687e42f53aa67af4e7177d994a5,,gone,4,,
interoperable-europe-ec-europa-eu:ae4b6fe043,https://interoperable-europe.ec.europa.eu/sites/default/files/inline-files/NIFO_2024%20Supporting%20Document_Malta_vFinal.pdf,2026-09-30,404,2241777e50aeec96b15f3c0ccfacb16fd759ac0c8b84e65ad629e93273b4219b,,gone,3,,
iptelecom-pt:a3e6c65370,https://www.iptelecom.pt/pt-pt/empresa/sobre-nos,2026-09-30,200,4006d73dea191a5e4560b7fe29977ba3273f659ee642b2caaddfbbab6387f6f1,b93e0a2cbc30c2faadd3a7bedecb3b7e665a283ecf5150e3cfa7518e2eb6be7d,changed_quotes_present,1,0,
iptelecom-pt:ba3c465501,https://www.iptelecom.pt/pt-pt/servicos/ipt-cloud-datacenter,2026-09-30,200,48d5602aa974088a8bd220b532597fea4c2e099ee20ea9621b22eb83cb299005,52e4c521163f8694baa2536e0941635db0868b90ba785a09377bdf667df04fc3,changed_quotes_present,1,0,
irishimmigration-ie:2e74ffe772,https://www.irishimmigration.ie/information-on-revocation-of-registered-irish-residence-permissions/,2026-09-30,200,4c816a10e3e641b87e4a21f43b006b19942b98482a882c361f36c99dabec0cb2,54c6604f90064bd6ce3eefc31e68febc3ff67fe5664d43e240acd7dcf753c46a,changed_quotes_present,1,0,
irishstatutebook-ie:03c5049024,https://www.irishstatutebook.ie/eli/2017/act/26/enacted/en/html,2026-09-30,200,6af153a11ea443f05d79bcc4d4fd12790c3c3680553ce8714a0e15527d3c0a6d,6af153a11ea443f05d79bcc4d4fd12790c3c3680553ce8714a0e15527d3c0a6d,unchanged,1,0,
irishstatutebook-ie:1288004f44,https://www.irishstatutebook.ie/eli/1970/act/1/section/45/enacted/en/html,2026-09-30,200,4a5f8a9fb157d2ba80a372898c240d93d74a5995ad55e59244683dced4c96ec8,4a5f8a9fb157d2ba80a372898c240d93d74a5995ad55e59244683dced4c96ec8,unchanged,1,0,
irishstatutebook-ie:1d3f805254,https://www.irishstatutebook.ie/eli/1925/act/17/section/2/enacted/en/html,2026-09-30,200,4f5ce0dadfef07aaa9f6112e7e82eda24cb5586863c6267f2bcdc17e0236b3ae,4f5ce0dadfef07aaa9f6112e7e82eda24cb5586863c6267f2bcdc17e0236b3ae,unchanged,1,0,
irishstatutebook-ie:40e3407498,https://www.irishstatutebook.ie/eli/2022/act/30/enacted/en/html,2026-09-30,200,b98917ec68849eed0bf966a0094793f7f106ef92fc7f3a9032f627b0a4dab2d7,b98917ec68849eed0bf966a0094793f7f106ef92fc7f3a9032f627b0a4dab2d7,unchanged,1,0,
irishstatutebook-ie:5a2a2ba9d9,https://www.irishstatutebook.ie/eli/2014/act/38/section/887/enacted/en/html,2026-09-30,200,adde90936ff423824d668041bbf19b533031e85abb228d0d2c1e4c8e7875aa8f,adde90936ff423824d668041bbf19b533031e85abb228d0d2c1e4c8e7875aa8f,unchanged,1,0,
irishstatutebook-ie:69077887c2,https://www.irishstatutebook.ie/eli/2015/act/18/enacted/en/print,2026-09-30,200,829401657eb9a7ce78ad1b36e41b15a7d4e768444e23d135cb8581cd2184d08d,829401657eb9a7ce78ad1b36e41b15a7d4e768444e23d135cb8581cd2184d08d,unchanged,1,0,
irishstatutebook-ie:997f8e587b,https://www.irishstatutebook.ie/eli/1954/act/18/enacted/en/html,2026-09-30,200,2ccd936ef3969de15c1d93451970ddde9c5ad48b65aec124d361e2e24e7d3c0f,2ccd936ef3969de15c1d93451970ddde9c5ad48b65aec124d361e2e24e7d3c0f,unchanged,1,0,
irishstatutebook-ie:9a751ab9f1,https://www.irishstatutebook.ie/eli/2004/act/1/enacted/en/print,2026-09-30,200,4289a7038b0607efa5a51a75a6800f494559b84e6a0c6553cc03d6334cda0e3e,4289a7038b0607efa5a51a75a6800f494559b84e6a0c6553cc03d6334cda0e3e,unchanged,1,0,
irishstatutebook-ie:b99e7b0e6b,https://www.irishstatutebook.ie/eli/1964/act/16/section/8/enacted/en/html,2026-09-30,200,2630f077acb59dd4158dd2f4bf41d270ab87a913b2f0f4163dd719eef8980d0c,2630f077acb59dd4158dd2f4bf41d270ab87a913b2f0f4163dd719eef8980d0c,unchanged,1,0,
irishstatutebook-ie:c199d4eb9e,https://www.irishstatutebook.ie/eli/2000/si/445/made/en/print,2026-09-30,200,33c56832fd100d13c41920470320e79b622451dc0c9f4497840ce6c5a207e3f6,33c56832fd100d13c41920470320e79b622451dc0c9f4497840ce6c5a207e3f6,unchanged,1,0,
irishstatutebook-ie:c554768543,https://www.irishstatutebook.ie/eli/1993/act/13/section/60/enacted/en/html,2026-09-30,200,a75faf0c604aaa43122f6f595cd09f47abe949b3046e2bcd2c6e2dfaec567dba,a75faf0c604aaa43122f6f595cd09f47abe949b3046e2bcd2c6e2dfaec567dba,unchanged,1,0,
irishstatutebook-ie:fff91466ec,https://www.irishstatutebook.ie/eli/1992/act/23/section/13/enacted/en/html,2026-09-30,200,5180bc3571dbb02bad7656d1f8c02c38e86f18b49e49a9e443cf96e338657fe1,5180bc3571dbb02bad7656d1f8c02c38e86f18b49e49a9e443cf96e338657fe1,unchanged,1,0,
is-bg-net:54686f3c44,https://www.is-bg.net/bg/solutions/infrastructure,2026-09-30,200,d465f996bc6f4301bb4ff3f3cce84d2d3a8f360c071c1c4d7a21e182e858a071,2d87f39f6be34bdd80ce961eaccda906b16d7b96121e115feaa513b95c46d35b,changed_quotes_present,1,0,
is-bg-net:58846edda3,https://www.is-bg.net/upload/4944/IS_2024_%D0%94%D0%BE%D0%BA%D0%BB%D0%B0%D0%B4%20%D0%B7%D0%B0%20%D0%B4%D0%B5%D0%B9%D0%BD%D0%BE%D1%81%D1%82%D1%82%D0%B0.pdf,2026-09-30,200,d6ff89108ed106972ae9f007962d7a5dd1f4f8423977f5695d18332c3f74ec2c,d6ff89108ed106972ae9f007962d7a5dd1f4f8423977f5695d18332c3f74ec2c,unchanged,1,0,
istat-it:efe4fdf4e5,https://www.istat.it/listituto/,2026-09-30,200,512dfbeba465a44d50a134525cd0f8346322d9ebc61912f7a347e0279b43aa57,ba72f332cfe51ce80b45608d8782f19c21c29f409d66904c317c7e371a86b5d8,changed_quotes_present,1,0,
it-alert-it:5e8d3e644d,https://www.it-alert.it/it/come-funziona/,2026-09-30,200,90e43355f247d9ec58363a0581ee4034f313b5188c0531b1006ae3d31ae0713e,90e43355f247d9ec58363a0581ee4034f313b5188c0531b1006ae3d31ae0713e,unchanged,1,0,
itzbund-de:97b489181a,https://www.itzbund.de/DE/itloesungen/egovernment/bundescloud/bundescloud.html,2026-09-30,200,675ee748c6ddd72a0026f2f082285a503d62e63586e88727a5c868c51a61b1cd,68e4b66c84acdc3dfe73e5e87217a2660e962f7d236eff4630a9999aafe11954,changed_quotes_present,1,0,
itzbund-de:a59e11192f,https://www.itzbund.de/DE/dasitzbund/ueber-uns/ueber-uns.html,2026-09-30,200,b7f5ea000bbce1bcb0f341678ad0d972546d33a62e599c32e9a7733d2d31a55b,fd485a4e3056d799044a6fc07c9d5969a66f4a53813be62112372829659ea1e4,changed_quotes_present,1,0,
itzbund-de:c61eb2fa73,https://www.itzbund.de/DE/leistungsportfolio/hostingundbetrieb/hostingundbetrieb.html,2026-09-30,200,8efd08ff5f3fd4715ffa7bbf7f5727405a4e6200d588befe438472d132dba993,76fcd34c536ac43a34104136c04a72db0f34f76bd3b06c79f5dde2dc24fbb862,changed_quotes_present,1,0,
kormany-hu:4a59e2da4a,https://kormany.hu/nyilvantartasok/biometrikus-utlevel/tajekoztato-a-csca-tanusitvanyrol,2026-09-30,200,cb79af5213d8f50cf8903aa0fe70a3006ad7d350d646a6e75aba1c4f0a7a0b42,8b08d054bf3966bc0aa62bfebb7a357950fb3b3531c25fb86820ea1345151763,changed_quotes_present,1,0,
lassuranceretraite-fr:93e54c372e,https://www.lassuranceretraite.fr/portail-info/files/live/sites/pub/files/PDF/dossier-institutionnel-2025.pdf,2026-09-30,200,1530baa16944a806d3fbe39b3336844dec0c07797a45e467eddb3d5fe16d16cd,1530baa16944a806d3fbe39b3336844dec0c07797a45e467eddb3d5fe16d16cd,unchanged,4,0,
lawspot-gr:02cbc9afd8,https://www.lawspot.gr/nomothesia/nomos-4483-2017/,2026-09-30,200,e8e65f71d79b61c20ef73855cc37d0e551ee95585e05e1c25ff14fe0a1a89b5d,80d912772d40e8b54ad05211afbe6f4356381fcb52d79aa0b88d121909bc2c37,changed_quotes_present,4,0,
lawspot-gr:183681bb67,https://www.lawspot.gr/nomothesia/proedriko-diatagma-26-2012/,2026-09-30,200,a82816c89a74f8564f7d2416eb25b07c45d08633b4ad0c2462cd061290cfe27d,29fadb362d3ca54d575adf43b8a0dc95d29586c38f03140c19d1d3ee8ec2985b,changed_quotes_present,3,0,
lawspot-gr:4163cea54e,https://www.lawspot.gr/nomothesia/nomos-4249-2014/,2026-09-30,200,9c63467372393a7238e53d7225b8220b59b87f376c944932e4f0e34a22083f7a,d0b1edb96b9ac584dc6504fbb66f16275aefa2529c12a8dd40dc0f737fb6d84f,changed_quotes_present,5,0,
lawspot-gr:6d8177bd86,https://www.lawspot.gr/nomothesia/nomos-4620-2019/,2026-09-30,200,11aa87119e5f8f2fb0a7dcd9a38c7bd40b3fadd091e9c3290a09e9d9c58d4e5c,e16285a5ff538f98eba907ab93c150caad8f6866e3b7c7712f3a8de45fffbfa0,changed_quotes_present,2,0,
lawspot-gr:6f278cfeee,https://www.lawspot.gr/nomothesia/nomos-4389-2016/,2026-09-30,200,b73599e44c27ffc3082ffb4553e1fdaaa08488620e5c73ac749ec3487d2a6644,fb7750bb077d6970dd575bc6020d203bf35019f57d2920cf721c19b3af97ec31,changed_quotes_present,4,0,
lawspot-gr:7b5731cf47,https://www.lawspot.gr/nomothesia/nomos-4633-2019/,2026-09-30,200,8f6d7db6fd9efb0fd549a9047881bd36df38ab0d507bc189c3d63fe2fa178e97,99d2c9e3e289b09ecb84a8af4290ff5c33f24e49e977dc3fe65bdaff6d8fc321,changed_quotes_present,2,0,
lawspot-gr:8013fc385a,https://www.lawspot.gr/nomothesia/nomos-4557-2018/,2026-09-30,200,4beec7490b4bc1d5902e4b74512d68cef4844622d847059b402824a93f42765c,54c5ad978168564e8c25fccc46744901aecece24fd1ac7fe9ca2649a297d0d33,changed_quotes_present,2,0,
lawspot-gr:8184ea5353,https://www.lawspot.gr/nomothesia/nomos-3103-2003/,2026-09-30,200,5c33a82130205077798122d49abcfd7c6aefb8cb324236fced928cfc4a0b1fde,c2afa544ef44031ce8de199fcfd38224eea8d989a63319017985e6c1202246a1,changed_quotes_present,1,0,
lawspot-gr:86306a9b7f,https://www.lawspot.gr/nomothesia/n-4727-2020/arthro-1-nomos-4727-2020-skopos-kai-pedio-efarmogis-toy/,2026-09-30,200,1f1e5ac5d6b5fc3025fff2c0a7cf2eeb2a7e2e3af13caf4e97ea44d18886d499,32a52cef4b326dae212d5b5153d61ffd2c61915a91eb4ce750fcfd09f2abb9a3,changed_quotes_present,1,0,
lawspot-gr:8a3a719b8b,https://www.lawspot.gr/nomothesia/nomos-4512-2018/,2026-09-30,200,04f775c218afa987a8cfe08eac9493ef6e51debad04bd9a08efa641262beb9ae,ba0564482679c47d73c43b07a4e34b04c39b2f44bfb54d5a5db989a70c7db939,changed_quotes_present,2,0,
lawspot-gr:b11a8df980,https://www.lawspot.gr/nomothesia/n-4727-2020/arthro-87-nomos-4727-2020-kyvernitika-nefi/,2026-09-30,200,7fddef2696eb88290fd312fc2ad6abdc634fcf33e0cab882877ad8ad2709534d,4d2b8e079739ea0c36750c60bdc47f033a2edbe24886bb721f4b63ce9dd4f6ff,changed_quotes_present,1,0,
lawspot-gr:b72edf8b4f,https://www.lawspot.gr/nomothesia/nomos-3918-2011/,2026-09-30,200,14d9b0f295f6848be5a2610881663db8c540dbbc3de4b7a5ee152813d9d1c557,0ec268cef3434dbaef3857462034246dd54b56c15189e1fcb0d7edaf59df4989,changed_quotes_present,1,0,
lawspot-gr:c4f7321cb1,https://www.lawspot.gr/nomothesia/nomos-4387-2016/,2026-09-30,200,0d3d968e861d6d6271575522cd66d3746a6161ac916a93e983fba8a96d078f84,0cb09feb2d447a1c8c6b848170f6f778c06c6704df2d79ea024822c892d67e65,changed_quotes_present,1,0,
lawspot-gr:d07262f4cf,https://www.lawspot.gr/nomothesia/nomos-3882-2010/,2026-09-30,200,f0a858953f7fd3abd4e58d4a1143b3c925c462a32c120decbe20206fd30a4e06,715d22b88c5ca1017ed6a700af4afbb0338e33c79d8fd23a05f4c1eb21c7644e,changed_quotes_present,1,0,
lawspot-gr:e2d26f87c4,https://www.lawspot.gr/nomothesia/nomos-4727-2020/,2026-09-30,200,b01cf3a21f89938636767f5a6cc1a38e8994db631ab22377efb0f2c2a599fb48,c1831c5c9e79d394092832da85a9f9fdcdd13b14a15fa2a89a8db66a882a302f,changed_quotes_present,4,0,
lawspot-gr:e3c728078f,https://www.lawspot.gr/nomothesia/nomos-3013-2002/,2026-09-30,200,b02b6faf5718fb6cd9bd1bce8bb59900ff4b266aec1616c97c9091ab23cdf678,e9c9161626ca77002a02c53796b9ba4b6f69a273a015a76cd9a4b83ebc3f5696,changed_quotes_present,1,0,
lawspot-gr:fa40eabc5e,https://www.lawspot.gr/nomothesia/n-4727-2020/arthro-25-nomos-4727-2020-taytopoiisi-gia-tin-ekdosi/,2026-09-30,200,a5ccb6d174842b7e1bd9c200216e67ffc4a316b598a59eb10c991830994f141f,81ca3fb66dcf75801ab53fa3e5765b7fdb3b97d8d5f2346bacce416554ff3720,changed_quotes_present,1,0,
legislation-mt:017ae7f717,https://legislation.mt/getpdf/661645c07403ed16fcf9eb8e,2026-09-30,200,9ba89552de6124a8d28867138ed55859d70c8f33585b81efe987a5f68f455ced,9ba89552de6124a8d28867138ed55859d70c8f33585b81efe987a5f68f455ced,unchanged,2,0,
legislation-mt:0910929420,https://legislation.mt/Home/FAQList,2026-09-30,200,3cbeea0c0a93aac89eeaa35a0d4e8f9a2295dd9b426d2c2793e49987732b0ceb,765a461ba207c57fa6f7732a68158dae869732f0298d557250efc6a3c03e6efb,changed_quotes_present,1,0,
legislation-mt:57d033af2b,https://legislation.mt/getpdf/602e53fb8f58ad1b78f3edbe,2026-09-30,200,3e63c307fe8dbd9fc1f05d37d3ef9c40eaba37e4b3ba477c8332fdfd01856883,3e63c307fe8dbd9fc1f05d37d3ef9c40eaba37e4b3ba477c8332fdfd01856883,unchanged,1,0,
legislation-mt:7661cbf0ec,https://legislation.mt/getpdf/65e082ac798bab1ea87f83dc,2026-09-30,200,216a4f92caf1d90178d18c9be0c5d6ea6614450840888cf1b308d2c42918d3a0,216a4f92caf1d90178d18c9be0c5d6ea6614450840888cf1b308d2c42918d3a0,unchanged,1,0,
legislation-mt:7adc09e117,https://legislation.mt/getpdf/6022c0cfbc827214c09b08e1,2026-09-30,200,ef64507d2b640f9794e7083e5000476aef05a57159309c0f791262eaf466e435,ef64507d2b640f9794e7083e5000476aef05a57159309c0f791262eaf466e435,unchanged,2,0,
legislation-mt:875c5523e5,https://legislation.mt/getpdf/6022ba1cbc827214c09ac4a7,2026-09-30,200,877edb88547325012e9aa17518632864c0fb70d6e14669a860881e33c70a431c,877edb88547325012e9aa17518632864c0fb70d6e14669a860881e33c70a431c,unchanged,2,0,
legislation-mt:99c0b7a467,https://legislation.mt/getpdf/677e3ecacc8e8e3d102ff18a,2026-09-30,200,2343b3c858ad633969226982bb60f2f09dbf67530b415df709f53fdc16c07c26,2343b3c858ad633969226982bb60f2f09dbf67530b415df709f53fdc16c07c26,unchanged,2,0,
legislation-mt:b5ea6211a7,https://legislation.mt/getpdf/689061f044ed663ec0f22f07,2026-09-30,200,5409fce8b8137388e5d25be26b43b65010a1975eb8abcc33e9a220a32ceb71dc,5409fce8b8137388e5d25be26b43b65010a1975eb8abcc33e9a220a32ceb71dc,unchanged,1,0,
legislation-mt:b726d5e90f,https://legislation.mt/getpdf/6a7c3f2652fe431ca8f9b4f1,2026-09-30,200,9e97bc904820d9fa90cc5fd70ba5cdc267d19d87cacd45d88fe7b4b47de97503,9e97bc904820d9fa90cc5fd70ba5cdc267d19d87cacd45d88fe7b4b47de97503,unchanged,1,0,
legislation-mt:d9e89c3cb8,https://legislation.mt/getpdf/6022aa7bbc827214c099ac41,2026-09-30,200,793e1f592e248ef8b4ceebad6f6b242ffe9a330a92b77a682bd0072f8667f2bb,793e1f592e248ef8b4ceebad6f6b242ffe9a330a92b77a682bd0072f8667f2bb,unchanged,2,0,
legislation-mt:f699ce2efa,https://legislation.mt/getpdf/6aa1090e5ca02023e4009067,2026-09-30,200,d03a319d6ab474e249f2502a37331c6080a8bb4775aaf145db438a52f046687c,d03a319d6ab474e249f2502a37331c6080a8bb4775aaf145db438a52f046687c,unchanged,2,0,
likumi-lv:08ec4d9a76,https://likumi.lv/ta/id/253442,2026-09-30,200,fea94b5cf85fc49a921c5413b927958ba34a7a64de36f8389db0493b066dae52,4590a39c577a1d140837bd74e60bfd55bef1a2bae0445a6da7a249a6d7a999df,changed_quotes_present,2,0,
likumi-lv:355d51d235,https://likumi.lv/ta/id/83681,2026-09-30,200,320db8a6929f3fc4bab45d81bae181bcf23a2b07bde761e4b58554653f31322c,b569d2522b330dbe1aa09b0039ffd7b2ba6d49c5e98ad23f1a94c414078338c4,changed_quotes_present,2,0,
likumi-lv:4388dedd2d,https://likumi.lv/ta/id/312122,2026-09-30,200,6105d851570868fcf51e9c7cd794bc327b7651d59f7a2b36a96bc9186c847cb4,6d75844b2353c47f6f314bafcf2e1b064eb167f5c7eeb25ef57de72043682b29,changed_quotes_present,2,0,
likumi-lv:441af7a5fc,https://likumi.lv/ta/id/202999,2026-09-30,200,7980af868f69d9ff72a08f7c54e259475dd32c79fce7ab6564d25bb2c1ae39f2,cd43f84f5e904907dac4697e2257b1613a3412a2dc40b923280e1298fd239409,changed_quotes_present,2,0,
likumi-lv:4d153d8d4c,https://likumi.lv/ta/id/243484,2026-09-30,200,699f34a538dbc0f09df122dfa223cdafff8c03a8280329c1415e9628fd419769,921fdeec0184eee5c454ba1cbb813943aeede7dc8e42c61fbb2313055f0c8337,changed_quotes_present,2,0,
likumi-lv:56ccf6942d,https://likumi.lv/ta/id/41058,2026-09-30,200,65a95302f1e6cd673cde5ab392a7d1cd65e02635516c115b570a9ed1f402df71,9b9520dc32984029079a6728abbc171861236851a8312dd668400f5907fc5f43,changed_quotes_present,1,0,
likumi-lv:5cd0aec32d,https://likumi.lv/ta/id/261384,2026-09-30,200,60c78d9687227c69a2eb495d0e418c384ed13e0b7d20013c40d850c2c30b840a,99054f75a0f488ac5ce2d3900db963d59cb35a4bb2cdc17e261ebf9809364acd,changed_quotes_present,1,0,
likumi-lv:61af74bc67,https://likumi.lv/ta/id/283024,2026-09-30,200,d9fe028b318e03f932b4304538d5a3b657850138a7d124b9850cc9c2ff6d3226,b814c1c7636672199c4b9303d44f098b256f4ef251af393d0ceaf63c0908261a,changed_quotes_present,2,0,
likumi-lv:6409d60065,https://likumi.lv/ta/id/20667,2026-09-30,200,0f5d962598dc6918818ad4dc8eb6072d1f09457580e4974112e765545d06fa20,dbff3c60b7b4bd9853bfdf00b35c6c5586d84590bd4744a4a645a00f7e5f4fb3,changed_quotes_present,2,0,
likumi-lv:6b4845fb33,https://likumi.lv/ta/id/353390,2026-09-30,200,951b8a6604f955050252e077cc8a9ec258e6662f94d6494b1622ffa85d5d7fd8,b7c214d9a1591a24a2891ecdd4675b684d42a2b4a731b67fc7d3fb0f38e7d92f,changed_quotes_present,1,0,
likumi-lv:7190ee90a9,https://likumi.lv/ta/id/278001,2026-09-30,200,79ea8eb9c859aba1740a8214f536a734fe681e9767e7917fe7896cabfc905a03,b00838c84c23b86f826a4d7f5b2ce820be63297f7052e75e8b19a22d56645957,changed_quotes_present,1,0,
likumi-lv:775cd37f98,https://likumi.lv/ta/id/370622,2026-09-30,200,dafa5a27e4b0c5442df745c367f580627374782c9c37e51868727a5173d9f626,5a9aacc919a30aa0b2d3b4e7e93da977b3681721d82b70f8f239016e7cd17dd6,changed_quotes_present,1,0,
likumi-lv:83a96474c3,https://likumi.lv/ta/id/278986,2026-09-30,200,91b8ea80d60f8d19b75a074aaa6569805d53802fc45e711712316a410abfd90c,34e68807ccfa944410d61e9caad40c47a3a2bb94042f8450da94857efb508450,changed_quotes_present,1,0,
likumi-lv:b045aa9f7f,https://likumi.lv/ta/id/307796,2026-09-30,200,b22a6882649f60016b053330fcea39a60f84fa074af2bb5a5d407b8586f66751,2dc99af676600b94551178ae79e2dbe318a8e32219fe327eede92bc1afe0543d,changed_quotes_present,2,0,
likumi-lv:cf66a43776,https://likumi.lv/ta/id/284905,2026-09-30,200,a8259fad3e0ab27e68d7810ece95be20bf5abbf67e78de99d279d4d7a1a1ed8c,4eea6c7fcbc412a9ecdfcecb48a634775010d0b7eb1986708a45e8aa5a8cf37a,changed_quotes_present,1,0,
likumi-lv:d3b6fd839e,https://likumi.lv/ta/id/296185,2026-09-30,200,738c88ce57ec833eb21a385b8ba5b4e2066e68f2aac1f9b9e092d77ccc64c99e,f51075ec05b4d08e4db79f3036e6fef66573d270f9dbfc8abf64361f5726bab5,changed_quotes_present,5,0,
likumi-lv:e1e6b4266b,https://likumi.lv/ta/id/45466,2026-09-30,200,0323bb23db845bfd9d4dd471e33413b86c9c74d511c5caadd01562fe5e84f4ef,17bf0dba96f8856fb3de84dfb5c8adf3c68ea80eebd68b128b9a64149c3e75fc,changed_quotes_present,2,0,
likumi-lv:e9ce742876,https://likumi.lv/ta/id/348742,2026-09-30,200,f065b6b069785786c39edcafbb3ba1691f355c64a8b644f2a6678483651365ce,000a0ca196abff35426a561fd8d3f39fe7d5549ffa6eabf4c6d87801d3cb8420,changed_quotes_present,1,0,
likumi-lv:f1466575f3,https://likumi.lv/ta/id/33946,2026-09-30,200,f980286c60ad79a31cd6fa048c0704faae080e08fb900da2f9b5b414f16356cb,78fc08d0a6e87cdec7a9996efcf023232e28f4d2935944089690e71199e57f9f,changed_quotes_present,1,0,
logius-nl:a624a29ad7,https://www.logius.nl/over-ons/onze-organisatie,2026-09-30,200,9a83c3a4909bbdfb5fa6c0133aff28eb483430d2620214e31d8faa2783f6c123,b521a4fe379ec6b9f8a9372583981f94179f103390ae8616a4947c66f78a6457,changed_quotes_present,2,0,
logius-nl:b7d25aebe2,https://www.logius.nl/onze-dienstverlening/toegang/pkioverheid/wat-pkioverheid,2026-09-30,200,b27343961f7f16b53b8e4ca2d3abe5b2b3c16ec8a788814b818decf9fc5c938a,407e28b4f545292aee374427dc3a41bbe1d40e1543be413a6e7f2630685e0d3b,changed_quotes_present,3,0,
logius-nl:ff0101bb0f,https://www.logius.nl/onze-dienstverlening/toegang/digid,2026-09-30,200,54bb940805f816663b234afe16eeba74c8fb6627921fe1d91438f16a714f5bd6,21b8aa2ee9a32ee051f261c2e7fe3eadbe73204f665babfe6884931ee357ea24,changed_quotes_present,2,0,
lrt-lt:b4f6e681b1,https://www.lrt.lt/naujienos/verslas/4/3010133/telecentro-grynasis-pelnas-per-metus-isaugo-beveik-5-8-karto-ir-sieke-432-tukst-euru,2026-09-30,200,db1b10a2e647ee9c620dc0b6d355d12524ce0da691c088e971c192378788e9d6,04de6ef350e9bfb4b7d958560ed6865a22ecf997f2f93fac8975c9f7736b761e,changed_quotes_present,1,0,
lrt-lt:ca5f0d562a,https://www.lrt.lt/naujienos/mokslas-ir-it/11/1757601/penkios-naudos-kurias-suteiks-valstybes-informaciniu-istekliu-perkelimas-i-debesija,2026-09-30,200,81116223cdeb4034a2dcbdd4bad357e6ef5d506f15f0993994aa3842c1ee91bf,87389c017414b778d62f0ac97b022a26ca955ed8d4bd6b10f83940200e13ac6b,changed_quotes_present,1,0,
lrt-lt:dab77997fd,https://www.lrt.lt/naujienos/verslas/4/2571753/antrasis-valstybinis-duomenu-centras-pradeda-veikla,2026-09-30,200,8792414d6d8157977bcd3d0e4b6025aae74c7697950b999c8679074af98cb898,5918fae97fff37f9b0720fcf6e497354d72e8d885677078900a062a163790f77,changed_quotes_present,1,0,
luxtrust-com:9d70f93861,https://www.luxtrust.com/fr/news/luxtrust-et-incert-scellent-un-partenariat-strategique-pour-renforcer-la-souverainete,2026-09-30,200,562fc7ffad6c27b0e78e9115ab8db82932624477c770908c035925397fdf8b55,3f750d4567d4b152fc6609257af6e3e130ef63b48180356c4ba9ad763d7f3b75,changed_quotes_present,1,0,
lvrtc-lv:63af424478,https://www.lvrtc.lv/projekti/latvijas-nacionalais-federetais-makonis/,2026-09-30,200,6ec2ebcca3037dbd9946b7db16cd678f05176f108f4442aecfd945fa181c3367,6ec2ebcca3037dbd9946b7db16cd678f05176f108f4442aecfd945fa181c3367,unchanged,1,0,
lvrtc-lv:851dfaaf30,https://www.lvrtc.lv/projekti/eparaksts_identitate/,2026-09-30,200,9bd96502b317599e7440a27ca04ef80da7ffd6f05a34e299eb8ed9ac19a5024e,9bd96502b317599e7440a27ca04ef80da7ffd6f05a34e299eb8ed9ac19a5024e,unchanged,1,0,
lvrtc-lv:ab38a3a776,https://www.lvrtc.lv/pakalpojumi/valsts_sektoram/datu_centri/,2026-09-30,200,81012ca5a215dd37b9012810f130ddbef3d4b80816ac75b63d6f9e593536acee,81012ca5a215dd37b9012810f130ddbef3d4b80816ac75b63d6f9e593536acee,unchanged,1,0,
lvrtc-lv:d0313a291b,https://www.lvrtc.lv/projekti/lvdc-2/,2026-09-30,200,3e674c33a3399f2e0130dcc3974331f0e52060488727e2c0ff87af4a1a7ef793,3e674c33a3399f2e0130dcc3974331f0e52060488727e2c0ff87af4a1a7ef793,unchanged,1,0,
lvrtc-lv:dc0a712b43,https://www.lvrtc.lv/par-lvrtc/par-mums/,2026-09-30,200,e0b112bb391a552cb81a2fa0614121b4fff1e19be77378bbe90c31a6b7a6c910,e0b112bb391a552cb81a2fa0614121b4fff1e19be77378bbe90c31a6b7a6c910,unchanged,2,0,
lvrtc-lv:eb400ff26d,https://www.lvrtc.lv/par-lvrtc/vesture-2/eparaksta-vesture/,2026-09-30,200,34d37b97c5de145b03ec9649a14358bd7ec35ba9bd83390262fb76a8811d9077,34d37b97c5de145b03ec9649a14358bd7ec35ba9bd83390262fb76a8811d9077,unchanged,1,0,
mai-gov-ro:56e4352500,https://www.mai.gov.ro/despre-noi/organizare/structuri-in-subordinea-in-cadrul-mai/,2026-09-30,200,551c2bd7520f51b03b378c58e04ddb9cccfc6b8bfebf0d69c27c1831dba464c9,7f94a8500961b9df9db09b8fbbc0b3e32ea7e9a09c09dd6030d9e26529671d1c,changed_quotes_present,1,0,
mai-gov-ro:97d0a61f09,https://www.mai.gov.ro/despre-noi/organizare/aparat-central/directia-generala-pentru-comunicatii-si-tehnologia-informatiei/,2026-09-30,200,fda5101a489a79cffa5117b09f4761258e77de909f63bf9fe6f637bdd99f276f,f4e8466bd5871bae0502ab9c48c99213e41a0b9cdb3bd74a8c919b8ab02b80ae,changed_quotes_present,1,0,
messervices-cyber-gouv-fr:86b9503348,https://messervices.cyber.gouv.fr/visas/tl-fr_v6.xml,2026-09-30,200,07578f8f158efcd070c67f47d198f54c94c79a268cbdde567287d7c9701bba16,07578f8f158efcd070c67f47d198f54c94c79a268cbdde567287d7c9701bba16,unchanged,1,0,
mfa-bg:08f16f5315,https://www.mfa.bg/upload/138160/%D0%97%D0%B0%D0%BA%D0%BE%D0%BD%20%D0%B7%D0%B0%20%D1%87%D1%83%D0%B6%D0%B4%D0%B5%D0%BD%D1%86%D0%B8%D1%82%D0%B5%20%D0%B2%20%D0%A0%D0%B5%D0%BF%D1%83%D0%B1%D0%BB%D0%B8%D0%BA%D0%B0%20%D0%91%D1%8A%D0%BB%D0%B3%D0%B0%D1%80%D0%B8%D1%8F.pdf,2026-09-30,200,db2651eca9303b319835d0c53a704794df4c5340c3bc2c9ee0a4737d17b0f7a4,db2651eca9303b319835d0c53a704794df4c5340c3bc2c9ee0a4737d17b0f7a4,unchanged,1,0,
mfa-bg:b0be806a0f,https://www.mfa.bg/upload/762/10-ZOBVVPI-bg-en.pdf,2026-09-30,200,2ae3a7b7e6bccb14f1d173c7822c4f08770d6d3c8b6bb81e1657845f3ab02140,2ae3a7b7e6bccb14f1d173c7822c4f08770d6d3c8b6bb81e1657845f3ab02140,unchanged,2,0,
mfin-gov-hr:bae053acc3,https://mfin.gov.hr/istaknute-teme/drzavna-riznica/103,2026-09-30,200,c616e42170cb61ec2dcf6d1bc7425dbaca2da8580b54289f67eff668adf1cbca,c616e42170cb61ec2dcf6d1bc7425dbaca2da8580b54289f67eff668adf1cbca,unchanged,1,0,
migration-gov-gr:6e0a2d0f6e,https://migration.gov.gr/wp-content/uploads/2026/09/%CE%A0%CE%91%CE%A1%CE%91%CE%A1%CE%A4%CE%97%CE%9C%CE%91-%CE%92_%CE%91%CF%8D%CE%B3%CE%BF%CF%85%CF%83%CF%84%CE%BF%CF%82-_2026_%CE%A5%CE%9C%CE%91-GR-%CE%95%CE%BD%CE%B7%CE%BC%CE%B5%CF%81%CF%89%CF%84%CE%B9%CE%BA%CF%8C-%CE%91%CF%8D%CE%B3%CE%BF%CF%85%CF%83%CF%84%CE%BF%CF%82-%CE%92-%CE%9D%CF%8C%CE%BC%CE%B9%CE%BC%CE%B7-%CE%9C%CE%B5%CF%84%CE%B1%CE%BD%CE%AC%CF%83%CF%84%CE%B5%CF%85%CF%83%CE%B7.pdf,2026-09-30,200,c7df74d8fa7419182031eb233df6bc1c484c1be6819421d8487ca1920a3845ad,c7df74d8fa7419182031eb233df6bc1c484c1be6819421d8487ca1920a3845ad,unchanged,1,0,
migration-gov-gr:cc30b66f53,https://migration.gov.gr/migration-policy/dioikisi/,2026-09-30,200,5e709e63c22cca61fc8be55e847a84a0adbf5eeab07cf099218ef4de511971e2,9a05add45a47413c417309770de1ab99dfc52043c03b5c88f0356661945e29ad,changed_quotes_present,1,0,
minv-sk:8698594fb9,https://www.minv.sk/?elektronicky-archiv-slovenska-mv-sr,2026-09-30,200,d47a338c9c6ae511385180527b237c02f5129baa4b913cddb234b9c428bfbd93,5ae9a1a1c1a9f5a7545f577c8ad7c5e67da742e3abd8be675f376268a9dd0079,changed_quotes_present,2,0,
mirri-gov-sk:bdc8badf76,https://mirri.gov.sk/sekcie/informatizacia/dokumenty/vladny-cloud/,2026-09-30,200,d91aabe8f4504bd3758c53c155676485a7f6dbf7cdafd3a2fdfcb21c51f8f11c,836434170bc102d28f181bee3cb4107ce21f5fb139d4c9c5cdc5f3d952f39d64,changed_quotes_present,2,0,
mlsp-government-bg:9d6dc1d5f6,https://www.mlsp.government.bg/uploads/37/politiki/trud/zakonodatelstvo/2024/kso24.pdf,2026-09-30,200,2cb0d4432aa86d660a79f7a2a2064ea1b3bf0cf7cf8f7c77230fee5e13ce9285,2cb0d4432aa86d660a79f7a2a2064ea1b3bf0cf7cf8f7c77230fee5e13ce9285,unchanged,2,0,
mnb-hu:16c070ee02,https://www.mnb.hu/penzforgalom/azonnalifizetes,2026-09-30,200,06230163e9fd8b1b2085f75215afaa81f05ed570e69f91e615404a0153967f37,06230163e9fd8b1b2085f75215afaa81f05ed570e69f91e615404a0153967f37,unchanged,1,0,
mod-gov-lv:b56be11174,https://www.mod.gov.lv/lv/kiberdrosiba/digitalas-drosibas-uzraudzibas-komiteja/elektroniska-identifikacija,2026-09-30,200,5ac59c4db829e0ca532a4a50b4cd613b826803b6096d3fa98020fb006f1882f9,16072d29ffb722f6b02d6f152505174e59b2e8bbff54d3f7590dd1141228f6b5,changed_quotes_present,2,0,
mof-gov-cy:9fff5ca0e8,https://www.mof.gov.cy/mof/customs/customs.nsf/ced12_en/ced12_en?OpenDocument=,2026-09-30,robots-denied,a27cd43d43c3cc6c4bc11635bffbce73ca09ca71da09d8c130874efc080498cc,,unreachable,1,,
motorolasolutions-com:3a5eb8a308,https://www.motorolasolutions.com/newsroom/press-releases/motorola-solutions-acquires-tetra-ireland-communications.html,2026-09-30,200,04cf04a70dc6b2b7a91204bb993181b54c5e0a5d1c6dda731a47d2d7a6a9ae53,8210c1feeeee7fe11bc5bc570ed21e0ecbce35f78d1251a144fa664e62c900be,changed_quotes_present,2,0,
mpudt-gov-hr:5df8638476,https://mpudt.gov.hr/centar-dijeljenih-usluga-cdu-drzavni-oblak-koji-pokrece-digitalnu-hrvatsku/30983,2026-09-30,200,06b06b0d7cb373bc96620a7e9545ba9cc61ac9962665f8b3406e00abc3c1e4ad,06b06b0d7cb373bc96620a7e9545ba9cc61ac9962665f8b3406e00abc3c1e4ad,unchanged,3,0,
mtc-government-bg:c645e7ccb8,https://www.mtc.government.bg/sites/default/files/pravilnik_za_prilagane_na_zakona_za_elektronnata_identifikaciq.pdf,2026-09-30,200,51bd6802f9677c1ef8949fcc4b094d7ee3ad3e47798b04050edf993027517fbb,51bd6802f9677c1ef8949fcc4b094d7ee3ad3e47798b04050edf993027517fbb,unchanged,5,0,
mv-gov-cz:a50684ad5c,https://mv.gov.cz/clanek/pocet-elektronickych-identit-obcanu-prekonal-hranici-10-milionu.aspx,2026-09-30,200,cb52834802cb11df5c7b91cc66bb2c1e1d248b8dcda1033d9a20a4d6074419f0,cb52834802cb11df5c7b91cc66bb2c1e1d248b8dcda1033d9a20a4d6074419f0,unchanged,1,0,
mvr-bg:d9551e4bf5,https://mvr.bg/sofia/%D0%B8%D0%BD%D1%84%D0%BE%D1%80%D0%BC%D0%B0%D1%86%D0%B8%D0%BE%D0%BD%D0%B5%D0%BD-%D1%86%D0%B5%D0%BD%D1%82%D1%8A%D1%80/%D0%BF%D1%80%D0%B5%D1%81%D1%86%D0%B5%D0%BD%D1%82%D1%8A%D1%80/%D0%BD%D0%BE%D0%B2%D0%B8%D0%BD%D0%B8/90242,2026-09-30,200,c7549fce9b84c6f36d4d1234a42fb94f97535d07400917f8ee097cee419d4f61,0d93a82514af91ba72a5cc7e6e997f27dcbf33846a6581ef874165519c7c2a37,changed_quotes_present,1,0,
mvr-bg:ea36347ddb,https://www.mvr.bg/upload/296043/%D0%94%D0%9E%D0%9F%D0%9A.pdf,2026-09-30,200,07507f47cdc05216057daad5cc75b3b8b1024b0ea4bdc04f0ecdf42661695547,07507f47cdc05216057daad5cc75b3b8b1024b0ea4bdc04f0ecdf42661695547,unchanged,2,0,
n-lex-europa-eu:7377e8ce80,https://n-lex.europa.eu/n-lex/info/info-bg/index?lang=bg,2026-09-30,200,f7f3f6eef7f820c97eaa1db5a157837f7d561c84eff169a1abdd0975a28c8a50,94a2d8ee97ea65800063d9df49efb8dfacd4c0b3c4099ba401c8020d1ae52482,changed_quotes_present,1,0,
nacid-bg:c51a61dcf1,https://nacid.bg/bg/register_rdpzsd/,2026-09-30,200,49609f753f73fbd5c00f0625f9e968ec5e4925ba2036712d65d6c7a1f3ac3efb,49609f753f73fbd5c00f0625f9e968ec5e4925ba2036712d65d6c7a1f3ac3efb,unchanged,2,0,
narodne-novine-nn-hr:097b518ec9,https://narodne-novine.nn.hr/clanci/sluzbeni/full/2015_06_62_1189.html,2026-09-30,200,5b56ad6e97887e43d63214106fda4edd0e1d3601abab1a2b3e7fc5ddc14072e3,0886375ef2793d8f4d2a6c9b44c33f5f00c2c7424643fbd6be37546e9955f013,changed_quotes_present,4,0,
narodne-novine-nn-hr:18a6d7828a,https://narodne-novine.nn.hr/clanci/sluzbeni/2017_06_62_1430.html,2026-09-30,200,694a5c9bcbcac6a86f30d36fe992016186d8a81090acf288e47a3313b71c3ab3,3e6257fd6705d9676591ccf8dd25860f9ce23eaa7272b066ac690ed629d18cea,changed_quotes_present,1,0,
narodne-novine-nn-hr:2d26cf1c14,https://narodne-novine.nn.hr/clanci/sluzbeni/2023_06_59_997.html,2026-09-30,200,30fc2e05efb4ef10abca24b4f6697154ec9401c076511c6c263b3d5ac2f7b9bd,b6cb7bf18017e869fc45d3701816085c1ec24f237781e5fdffcc1d8de7a1893b,changed_quotes_present,3,0,
narodne-novine-nn-hr:46e9937783,https://narodne-novine.nn.hr/clanci/sluzbeni/2020_12_144_2768.html,2026-09-30,200,f7fcbdec9ea2db2a2175dae895c4b811f64f975d71fef3470b71e91757a591ef,8b81888c19b0c85291b2458ae5ec752bc5a06f5b94f4811ab2ca7113f7c8171f,changed_quotes_present,1,0,
narodne-novine-nn-hr:5927b0452f,https://narodne-novine.nn.hr/clanci/sluzbeni/full/2017_12_130_2993.html,2026-09-30,200,49244d9dce84ff9368a660cd39a3e534142bfa09ab3884868258c1edd17568d5,eeab8fcae7ebb2668c9f6285ffdeba61e90b648bf92a3a892c957a343db823c1,changed_quotes_present,1,0,
narodne-novine-nn-hr:73362f4348,https://narodne-novine.nn.hr/clanci/sluzbeni/2021_10_117_2012.html,2026-09-30,200,cd3b637f0162f52f8dec96d42c3b42985d895db712e8e2fd23445adea874ab43,940aeac20d7d3b67c6260ad2206984f1b35cd190b2dba9871d0784221c69ab94,changed_quotes_present,3,0,
narodne-novine-nn-hr:7f0c2da59e,https://narodne-novine.nn.hr/clanci/sluzbeni/2014_07_92_1840.html,2026-09-30,200,0812e65760051b2445cd82a1e3cec59f435cf5948d80b8cf5afe54b97b7e629e,3e79c2418c5f4b0af139032676055d708182938d0c0626b1d1d1a42909473281,changed_quotes_present,2,0,
narodne-novine-nn-hr:bf509fa293,https://narodne-novine.nn.hr/clanci/sluzbeni/2022_11_133_2014.html,2026-09-30,200,6c6daaea8f2c0e18c03e0206c37f39b18848794b21470c4287f93fb9684a4729,d36b7fe83d8886bed6bc32dd2857e4064b67f9209ca6bf7afd8964be137082e0,changed_quotes_present,1,0,
narodne-novine-nn-hr:e0eb436c60,https://narodne-novine.nn.hr/clanci/sluzbeni/2019_01_2_39.html,2026-09-30,200,17fcec414c6c721d507351d85a75d114fc8a322917b000b3785bdfae7599b7ff,d58626baf75602f59f2c187ab3c9f64ec4369389382cd01e4164cd2b65aeca0c,changed_quotes_present,1,0,
narodne-novine-nn-hr:fc8e579fe7,https://narodne-novine.nn.hr/clanci/sluzbeni/2023_03_36_614.html,2026-09-30,200,75936962221513a46682497235e16f4a8e8ff557e7770b1cc7dde1ce808065ae,fad63240e994e7a86aecc31b7087d03703a2df1f94ff9ab0fedc675a13c8e884,changed_quotes_present,1,0,
nases-gov-sk:79a1c48d63,https://www.nases.gov.sk/sluzby/sluzby-pre-po-a-ovm/doveryhodne-sluzby-snca,2026-09-30,200,f30468512c7ac21c03fac09b47a308e0595cd0a803d11cd2906e974e458157de,6ae0d86e51244607b20470c7c0fedee121ef7aab84313c44f85bdc41e95d1945,changed_quotes_present,1,0,
nases-gov-sk:7c739339cc,https://www.nases.gov.sk/o-nas/cinnost-agentury,2026-09-30,200,6c531abeb7d20a24021da3ff9987dbcca0c71aed4924690f1ecc2c61d11e7acf,48b21e0afefaa63a8cb250bb836ddfeff2ababe6a922e0092fd6f33df4027602,changed_quotes_present,1,0,
nationalbanken-dk:e7fa5b7a81,https://www.nationalbanken.dk/da/viden-og-nyheder/publikationer-og-taler/rapport/2026/overvaagning-af-den-finansielle-infrastruktur-2025,2026-09-30,200,2ace205c99ff138a9c969be65f76c9348501dbe2c231f1cb12691e23be2e4ee4,2ace205c99ff138a9c969be65f76c9348501dbe2c231f1cb12691e23be2e4ee4,unchanged,3,0,
nbs-sk:f0e3e7c47c,https://nbs.sk/platby/platobne-systemy/,2026-09-30,200,4836e7e30079b3d999d40f66bdbe6d30734a4dd1a9031fdaaefafda40052e660,9f448538bb6ce8092f3ac424a34b523ac2c624fd899ef2f9f7ce6463597d2204,changed_quotes_present,1,0,
nccert-pl:1f2b21d31f,https://www.nccert.pl/,2026-09-30,200,d32ef3360e3f39aa7329bad6d3cf3ceb99c98affe96007dc2eea609468868779,d32ef3360e3f39aa7329bad6d3cf3ceb99c98affe96007dc2eea609468868779,unchanged,1,0,
net-jogtar-hu:037375aacd,https://net.jogtar.hu/jogszabaly?docid=99900084.TV,2026-09-30,200,2fbf49cf5ff9f4977c18806f5f97c456432b91e465b25e362e991b2382b271f5,180ddf0f3d239a828dd8009e8dfd09531c4cbcf06dea9948a1f6fb8f9e590c37,changed_quotes_present,1,0,
net-jogtar-hu:0b850cff69,https://net.jogtar.hu/jogszabaly?docid=A1600383.KOR,2026-09-30,200,4bd253479e81879f48a701708663b6faac3282336e41fb54de941e615bfc8375,fa085d4422a29f0eb3e62d19f66001c81f198b1075911c444807b2a9e63da57e,changed_quotes_present,2,0,
net-jogtar-hu:21be0a997b,https://net.jogtar.hu/jogszabaly?docid=A1100190.TV,2026-09-30,200,93bcc60d682d54404324962dd66a67bcf604382c92efd9510775a73b78486d50,e1c67b4fff3c6438c7cf5007847567a5ff6a7b34f301c962df1708a8b5c54cfc,changed_quotes_present,1,0,
net-jogtar-hu:2c720e670d,https://net.jogtar.hu/jogszabaly?docid=a2400069.tv,2026-09-30,200,fc77346144e15526d06db22458bd1c8de4cc29a134ab8ad8e41386a3b4e4addc,f3a58c50fa408e8af092a85b8f2329fcd2a80c58c6735b04d6f1edcd47642658,changed_quotes_present,1,0,
net-jogtar-hu:32347993d7,https://net.jogtar.hu/jogszabaly?docid=A1300036.TV,2026-09-30,200,272a7d2285ff7615f3bc70a6d5509291e6d21ec46472a3365b5743b83e6efd9a,37ff0f7a16c36764302975cdf8ec4f7b3769bcdde75e12ffd1836d00b53cc8e7,changed_quotes_present,2,0,
net-jogtar-hu:3828b5ee94,https://net.jogtar.hu/jogszabaly?docid=99700081.TV,2026-09-30,200,9ba3608dfdb7e39579088d66d1ad9fb834420f2e45a523cfc8d957c053178aa1,33050a3e6536694c12fe832b96d85e881934f4c7ad134ef00fa1dbe69383966a,changed_quotes_present,2,0,
net-jogtar-hu:3ab770c597,https://net.jogtar.hu/jogszabaly?docid=A2400320.KOR,2026-09-30,200,70527be9ce443dad96f1b1a0e7b7efc11c9987c19713873ec96ff7a8805d7cf0,434da91ac98f7d2918d372a65dc142333bc456f026233a8fb76ddb6b111df2f9,changed_quotes_present,2,0,
net-jogtar-hu:42c03c2e4b,https://net.jogtar.hu/jogszabaly?docid=99800012.TV,2026-09-30,200,dcdafa32620dca143c6fa91b6e692f7ccea46eb9c43dd6dae8ac184b0d4cb637,ea575a113104ede4b3a6d97e838228a1951f37ff0010da3cea947f75b046ed5c,changed_quotes_present,1,0,
net-jogtar-hu:4d48f37eba,https://net.jogtar.hu/jogszabaly?docid=99700168.KOR,2026-09-30,200,6da06df2fbcf74de1fab126f9ad5436bc9b74473fd86e09b9a0332123d59483f,d37e22df4707c19ecfe990d5f3a1b16d8deb39821f91c6888b56fc7dc8a7526b,changed_quotes_present,1,0,
net-jogtar-hu:5fe9b432c7,https://net.jogtar.hu/jogszabaly?docid=A2600090.KOR,2026-09-30,200,79f3e3e1caf89fb323eb54f93e21efb2e7501cafce0e7dd9c3237ec7006fb425,83004f577d4743689b77c6139761b5a883462719a53aae28405b9e8cbf3121d8,changed_quotes_present,7,0,
net-jogtar-hu:6230d3ca9c,https://net.jogtar.hu/jogszabaly?docid=A1100195.TV,2026-09-30,200,d855ea4c55e86e6c496fd9acb6198c29b296c9954fe6f7ec73a721956b08fd2d,c53e1733b0808fb0256c8c870d6c95b99ee773601f36d44d0046367bd73826e6,changed_quotes_present,1,0,
net-jogtar-hu:6af67a659a,https://net.jogtar.hu/jogszabaly?docid=A1100128.TV,2026-09-30,200,7e2f196843e7e7f0560e5b54760534d9dabe18d7ec5fd26a520321b9bfc072d0,06eee5e7cbf072836cf10db3246122e128332d4a5bc775cc0be4f79f4e3cb14c,changed_quotes_present,1,0,
net-jogtar-hu:75d9c5ef2e,https://net.jogtar.hu/jogszabaly?docid=A1300139.TV,2026-09-30,200,1dce992c4e126634c2d87149a12ccde5551cf5bafd677753049732d6a869e179,409eb6acf09916ddfa116c8d7d0168d0bd7516f5e04fe32b3c0675285181e1a5,changed_quotes_present,1,0,
net-jogtar-hu:80832ecee1,https://net.jogtar.hu/jogszabaly?docid=99400034.TV,2026-09-30,200,fa461a8ba4ec52f56c5c3afc19f99eef0e3c9658ac1a01759059acc211c502d9,744eb853b7158626fb45ff12ffd4f16228536fdfd92a4a4a2dd4518585e42973,changed_quotes_present,3,0,
net-jogtar-hu:846358f464,https://net.jogtar.hu/jogszabaly?docid=A2100043.TV,2026-09-30,200,86019af04bbc5080cb451393c903e9e453b216b47b4fc69efc01261c1ba7de8f,469adfb83915f33043babb6a88304a9c6f3132d37396aa0c112f7a6a73bf7cca,changed_quotes_present,2,0,
net-jogtar-hu:85f9862bf6,https://net.jogtar.hu/jogszabaly?docid=A1600155.TV,2026-09-30,200,5d8934615672b256bcba29e8b215f604e1ee90a1766eb852e1d822859a29f527,51e028c50f2e67591e16ec4c31b09de2fd224ba2188ec7221bb400610920d5b9,changed_quotes_present,2,0,
net-jogtar-hu:92eabf43d0,https://net.jogtar.hu/jogszabaly?docid=A1600386.KOR,2026-09-30,200,4a3d443e64c8e88cdd47c70e407cca143b14b87f85ac4306a56ea3682355c842,4b6ba5988218054e00d1bd5080118c46720d9a2536e80c88bd17ecd7cedf04ef,changed_quotes_present,2,0,
net-jogtar-hu:a9c7277bf1,https://net.jogtar.hu/jogszabaly?docid=99800018.NM,2026-09-30,200,70e980eebda5025a4df361f3960eef262770f579a1518f3ad02831a573f6347b,8d4c091481c1e7e4a90a51307061ed2eb49b277ea73a1b496e4e9aaa3da21609,changed_quotes_present,1,0,
net-jogtar-hu:ab63d2dbb6,https://net.jogtar.hu/jogszabaly?docid=A2300103.TV,2026-09-30,200,3261d0e2b5a7b5d47bd6d9c9aa03cacd79e6494261bef529e1d7b0757b076637,30161e1193bb2072f60fa074e3678c24537dad94bbc0cd95d6d9ca003133f2bb,changed_quotes_present,6,0,
net-jogtar-hu:aefde2e285,https://net.jogtar.hu/jogszabaly?docid=a0900155.tv,2026-09-30,200,439766851c374032d099587b49a21fe0db43744d0c91858726129f6bb0610c3c,b867e65b9fc35e365798c5f2844eba4a6ed6614ad201e9a91af366ff29dcd29f,changed_quotes_present,1,0,
net-jogtar-hu:c10cddfac5,https://net.jogtar.hu/jogszabaly?docid=A1500188.TV,2026-09-30,200,4b15dd88555c69b4636de6aa6f7e8760cb92925df921d8ccc20776062075c80a,e7aa67ed9e5cd4dc4042666661116653ce0138aa372507ec4fda448bf09acbf2,changed_quotes_present,1,0,
net-jogtar-hu:d0e9a18084,https://net.jogtar.hu/jogszabaly?docid=99200066.tv,2026-09-30,200,42bdda4e82ffd2557a18d5a7a7236ebfb75051f0d3496c3672ab409be36e6f2c,53035807a5b546e4df4170543ff6f4331b7d08353bfaa12b411769815eec3288,changed_quotes_present,10,0,
net-jogtar-hu:d430c92b55,https://net.jogtar.hu/jogszabaly?docid=a2300103.tv,2026-09-30,200,cb420ac7a4a3681bd4e1f809ab1c1aa9fb8d2a551db9f1a77b876205879bd0bd,8cc503c226dfd838362c38507bbf91f403a67a0950039c6e8a3844673187ae0c,changed_quotes_present,1,0,
net-jogtar-hu:da87d12fce,https://net.jogtar.hu/jogszabaly?docid=A1000001.TV,2026-09-30,200,2218059db6291bdd62c75bae0f16b1897de515b2b13ae68f919ee960383330d9,f62d6221bd3edac902f25287669a44d219b40156ccd4059755f550362a180333,changed_quotes_present,3,0,
net-jogtar-hu:df7c112522,https://net.jogtar.hu/jogszabaly?docid=A0400024.TV,2026-09-30,200,d0d88021768034cd2d3bf72072de8374b192f73193ef62e86c6ede6cd2f2cef4,0c6bf0e9f331422f4ed3c8c508555315be7a13f89627bfa4f6ccaed74cdb4170,changed_quotes_present,2,0,
net-jogtar-hu:e1f0a9821e,https://net.jogtar.hu/jogszabaly?docid=a2400418.kor,2026-09-30,200,d1e259724aa777d5e510b9ff4bae2aef83a76af95bc56d5968fe0a1ec141af2a,ecfd5fd01cb5628673aecb7e999b276aaa734c34a9806c228df32cde04954df7,changed_quotes_present,2,0,
net-jogtar-hu:e8f0df6f87,https://net.jogtar.hu/jogszabaly?docid=99700154.TV,2026-09-30,200,417e3f3191b793e731be1824219c6be5752d1cc97c3ffa3e25e8cf2d157879dc,09c172c9cd7f454441dc4622c9a2d311efc898c709c53f139d5410edee393edc,changed_quotes_present,1,0,
net-jogtar-hu:ec4800e5a7,https://net.jogtar.hu/jogszabaly?docid=A1000346.KOR,2026-09-30,200,893f00cc9e436c8dad84e5e2c88430b4225e15b268fdd1495fcf3c6e23f07f90,a87c496079c36ba6533aea31073f69afdd0932eaea00437a8c55d6de1447d4a2,changed_quotes_present,3,0,
net-jogtar-hu:f37e547150,https://net.jogtar.hu/jogszabaly?docid=A2100100.TV,2026-09-30,200,f58c79c738128e321cebcdc3de33e96deada48ea8caa82f0550c2cc7418bddd4,ad59abb4bd664b1fd04e880bc08f5c4b3e456d1598201fa17d1185c5ec5b182c,changed_quotes_present,2,0,
net-jogtar-hu:f6c69d9751,https://net.jogtar.hu/jogszabaly?docid=A1200181.TV,2026-09-30,200,ae4562c80202add6e116e50c653e8c5c2abaa5c04f665c3c8aec6471bbb53917,69b70781b0fa1e669a1626958a1ac6dd8303cf0f597eb5a50b62cc07fe2f8640,changed_quotes_present,3,0,
net-jogtar-hu:f94de10952,https://net.jogtar.hu/jogszabaly?docid=A2300090.TV,2026-09-30,200,bc22af83841b9305289c4784955b283d0b67cc5b3319f8a4fe42a11d7dba5f3f,afbcad662a567b65ec16fda7891780f54c348a34022f227200738a4aa30b7c82,changed_quotes_present,4,0,
net-jogtar-hu:fc8ab1669b,https://net.jogtar.hu/jogszabaly?docid=A1800089.TV,2026-09-30,200,48af9e6dd1fbcd4cf4f40f5dba26ef23a05f3cc8b2b480c0a73d906e270be20e,30d624d877456a9fbc10341541f09e48f0490919572886aa407c4a8fa5540764,changed_quotes_present,1,0,
news-rik-cy:647e246cd1,https://news.rik.cy/el/article/2026/7/14/plerestere-kai-takhutere-plerophorese-se-krisima-peristatika-me-to-sustema-neas-genias-112/,2026-09-30,200,f5b0fe68dd30d80967d90b2515d25a8f7f803203d0b1d235389e4707eafa8945,2ccec06a5d6b5e749ac1ab7c9d13daff246887b0bc116651d1f9016dbe6b719c,changed_quotes_present,3,0,
nhif-bg:5d73db1b8c,https://www.nhif.bg/upload/30458/%D0%97%D0%B0%D0%BA%D0%BE%D0%BD%20%D0%B7%D0%B0%20%D0%B7%D0%B4%D1%80%D0%B0%D0%B2%D0%B5%D1%82%D0%BE.pdf,2026-09-30,200,74a8340307de216e669d9be390dec768e0011386034da1139a438c395e64db5b,74a8340307de216e669d9be390dec768e0011386034da1139a438c395e64db5b,unchanged,2,0,
nhif-bg:f33b858438,https://www.nhif.bg/upload/32277/%D0%97%D0%B0%D0%BA%D0%BE%D0%BD%20%D0%B7%D0%B0%20%D0%B7%D0%B4%D1%80%D0%B0%D0%B2%D0%BD%D0%BE%D1%82%D0%BE%20%D0%BE%D1%81%D0%B8%D0%B3%D1%83%D1%80%D1%8F%D0%B2%D0%B0%D0%BD%D0%B5.pdf,2026-09-30,200,934a2de0dd928a97892960b8ec835560c3c8fab1930b11e43cd1da13101203eb,934a2de0dd928a97892960b8ec835560c3c8fab1930b11e43cd1da13101203eb,unchanged,2,0,
nias-gov-hr:4ed5216d7b,https://nias.gov.hr/Home/TermsOfUse,2026-09-30,200,ce8c63a1598ed0e3acdc66e36b3fa5a3bc7c0262e4a0a9254ceb2d36d5e13ce2,08f7a119bdee372fea07516ce455f571fc8fe92b2a85a016160d357ba707f254,changed_quotes_present,1,0,
nki-gov-hu:7e0f362387,https://nki.gov.hu/hatosag/tartalom/felho/,2026-09-30,200,110539d414978f3814e9b1f2b04d53f3e6c44e88c1a2529749a8b58fe13a1ee2,631ea1eaea7b073b2854aee082c82f75cb3b70ae1e557e31dd9efa95da4b381d,changed_quotes_present,1,0,
normattiva-it:152ae3fbc8,https://www.normattiva.it/uri-res/N2Ls?urn:nir:presidente.repubblica:decreto:1985-12-28;1092~art1,2026-09-30,200,309bb8c5134d5e0b0a4fccddea543e575ae367c55d82b689a9b3f8294047be58,5f65573730d3a7ffecb7e02ea8ce23d1a83f69205be3e8ff3f4f621772cab6a9,changed_quotes_present,1,0,
normattiva-it:157d5c4440,https://www.normattiva.it/uri-res/N2Ls?urn:nir:stato:decreto.legislativo:1989-09-06;322~art9,2026-09-30,200,00b7d0039d15792e3c866f2c7f3b0309960a3ba270f0170b05b353f107eeae70,d4f322f217de88c88d18489bdf5001384c5a3a5c12ebf291036ed3db2bf01f1d,changed_quotes_present,1,0,
normattiva-it:210c9adc37,https://www.normattiva.it/uri-res/N2Ls?urn:nir:stato:decreto.legislativo:2005-03-07;82~art62,2026-09-30,200,f235f1b7747ce13e88b6042b532f3270f74923e37c0c1fd36a73ca0e9aa5d8f4,e8d38f314462bff849c2497f01a74c30ce8e2af35bf0ed9ea39b514e35b0e0a8,changed_quotes_present,3,0,
normattiva-it:405d3c7907,https://www.normattiva.it/uri-res/N2Ls?urn:nir:stato:decreto.legislativo:2018-01-02;1~art8,2026-09-30,200,7bbc48401a15b10221f840edb3b6277bc4cea637c2f1f64540bb76914d7716c8,cc47af2ae8198d99e0f1b631d736ea4d1468aac2f6e5bb36226e0c5035dc770f,changed_quotes_present,1,0,
normattiva-it:50a3305831,https://www.normattiva.it/uri-res/N2Ls?urn:nir:stato:decreto.legislativo:2005-03-07;82~art62ter,2026-09-30,200,5e2ff5d71afba00a3cd7dfb08a1049399ba462f49c89bf580eec0997ace30670,6ffe4e28c0fdc48b4784a5532fb5d1c6f3fdb20b93719c3dd88cb54153e967ae,changed_quotes_present,2,0,
normattiva-it:78caf46345,https://www.normattiva.it/uri-res/N2Ls?urn:nir:stato:decreto.legge:2005-01-31;7~art7viciester,2026-09-30,200,8e90aa3c65bd397d74979ed59d041106c80225e8816d392cc252315e679f4d95,15170f1a1f31f2757a23f75227521e9fabb186bb28e574d8ac277930aac0b012,changed_quotes_present,2,0,
normattiva-it:8ae7eff63c,https://www.normattiva.it/uri-res/N2Ls?urn:nir:stato:decreto.legge:2012-10-18;179~art33septies,2026-09-30,200,ec46ef44dbcf00e089ae28e02e950d7ade41552f582e3b00531cdf75b3ae9a14,9ca24d2b49934fb2d022a1e477fc20a730bb8db3359d8feb57f533a5c496515e,changed_quotes_present,2,0,
normattiva-it:c9554b9bde,https://www.normattiva.it/uri-res/N2Ls?urn:nir:stato:decreto.legislativo:2004-01-22;42~art41,2026-09-30,200,203a33ed5406653ed68366afc26bc9c76929474dcc7855baade0f30d2cd186d1,557c4d700ed1dcd74ece81f3716794ee4ebcc6ef0e76f4e356a8f072506c9683,changed_quotes_present,1,0,
normattiva-it:cb6d493e8b,https://www.normattiva.it/uri-res/N2Ls?urn:nir:stato:decreto.legge:2012-10-18;179~art3,2026-09-30,200,d6b1b9df21c1f5a87525748f5291beb983b5a5123f39ceb53e5e13f3f1a0dc46,57c533cbad788b1fd940b013b4814287b58a8d6fea58c023616a00e78c2487be,changed_quotes_present,1,0,
normattiva-it:e96f2575a3,https://www.normattiva.it/uri-res/N2Ls?urn:nir:stato:decreto.legge:2012-10-18;179~art12,2026-09-30,200,f8ca3474d51bd57c917bff7bd63b0f101abb04401081561643c9b700eccc89ea,7b4cc55c5427d4f8ee63ca89d4d1bb0e2fe221debaeef796b1d86fff2ad32c1d,changed_quotes_present,2,0,
nsc-vrm-lt:92756a8f46,https://www.nsc.vrm.lt/default_en.htm,2026-09-30,200,b89d6d15ba3d0c047209356c26e4b37729547269e8fa817b7f92a8342b230131,b89d6d15ba3d0c047209356c26e4b37729547269e8fa817b7f92a8342b230131,unchanged,2,0,
nsc-vrm-lt:d6fccf37db,https://www.nsc.vrm.lt/default.htm,2026-09-30,200,d59d6c95292811896b0695feb240d52d6f950c6bcc4da4575dcd2879c999316d,d59d6c95292811896b0695feb240d52d6f950c6bcc4da4575dcd2879c999316d,unchanged,1,0,
numerique-gouv-fr:9239b406fc,https://www.numerique.gouv.fr/offre-accompagnement/cloud-administrations/le-cloud-interne/,2026-09-30,200,25deffb5ee86a7a8d7f79d3097ef795a88340f81a44b9d1e04ee98ae7c398f16,b76a0ad43e40e6477ed610995deb64417ff7991379c1f1c9c58d706fdb426836,changed_quotes_present,2,0,
numerique-gouv-fr:e03a1fee57,https://www.numerique.gouv.fr/offre-accompagnement/cloud-administrations/la-doctrine-cloud-etat/,2026-09-30,200,55c804a38e905d787a11fa558443ba280570262c06da28f2a45cec5b94e3d865,c563683ede712deaddcd1500bc21d9d50f9fd34960948994a907f3d56a0617f4,changed_quotes_present,1,0,
numerique-gouv-fr:eb25953231,https://www.numerique.gouv.fr/documents/244/20260204_Vademecum_donnees_sensibles_.pdf,2026-09-30,200,1b3504cfc2bbff2414753eb8bcbb1fd992c89f558e66fead93afcc8d5f067738,1b3504cfc2bbff2414753eb8bcbb1fd992c89f558e66fead93afcc8d5f067738,unchanged,1,0,
nyidanmark-dk:26e2b62044,https://nyidanmark.dk/da/Collaborators/uip,2026-09-30,200,4ee345fa4d51c40fa0df1e09148d312c2cecad2c09176fc7d5a3102a3e3ed84b,87b06de0d5164882ed77338c520cfc2552063b2211e656231c970854537ee967,changed_quotes_present,1,0,
nyidanmark-dk:a5b30dad47,https://www.nyidanmark.dk/da/Ord-og-begreber/F%C3%A6lles/Biometri---Opbevaring-af-fingeraftryk-og-ansigtsfoto,2026-09-30,200,eac745cc2d37118610a322ae13091ccf7738da5445f15d7e579f6b26ed50a523,0422877a97d841ef306b6a4685f7ef83fc9f7c4cba196c215d0dc5cec271e0a0,changed_quotes_present,4,0,
odc-noord-nl:0cc9a97862,https://www.odc-noord.nl/Organisatie,2026-09-30,200,315494850759174dfd2c69d39dd761eab204d98a71876250af9b64d5c793956e,25e6fe80084cca31ac47270d8fe18b1091d2c2ec8a35687ec629edb45fa2d2d9,changed_quotes_present,2,0,
odc-noord-nl:e800e7ac70,https://www.odc-noord.nl/diensten/infrastructure-as-a-service,2026-09-30,200,f3310f16eae99be6c77ae18986a9ff220c09bd24b89b461d33cd5f97d4376221,c9d9956b35809d1fc64fefb93dc9070218258668ccb2bd8b44ba54f66560fd6a,changed_quotes_present,1,0,
oes-dk:77ceb50dec,https://oes.dk/digitale-loesninger/statens-bevillings-og-regnskabsloesning/,2026-09-30,200,2a715ba9bc7b4f915013672bca30f36bebaaaac79dd6db5a6fceb0a992c64ebf,2a715ba9bc7b4f915013672bca30f36bebaaaac79dd6db5a6fceb0a992c64ebf,unchanged,1,0,
ogcio-gov-ie:b00e924ad9,https://www.ogcio.gov.ie/en/corporate-pages/policy/build-to-share/,2026-09-30,200,16ac3910024322b96fd86689b6b86d9d6737ae311a891c272db05e7b5df6ca1b,16ac3910024322b96fd86689b6b86d9d6737ae311a891c272db05e7b5df6ca1b,unchanged,2,0,
ogcio-gov-ie:dda774ec83,https://www.ogcio.gov.ie/en/corporate-pages/services/infrastructure/,2026-09-30,200,ab27be5987f2b0dd18f9a3ad6ba7ce219e2bf08421b92698c22f0a6e1afd5735,ab27be5987f2b0dd18f9a3ad6ba7ce219e2bf08421b92698c22f0a6e1afd5735,unchanged,1,0,
opendata-finlex-fi:4187ed7874,https://opendata.finlex.fi/finlex/avoindata/v1/akn/fi/act/statute/2009/661/fin@,2026-09-30,200,41855906b6da7f72b84241fd13d82541d3252193dda8b8d60a599dd1f256c94f,41855906b6da7f72b84241fd13d82541d3252193dda8b8d60a599dd1f256c94f,unchanged,1,0,
opendata-finlex-fi:b349c9896d,https://opendata.finlex.fi/finlex/avoindata/v1/akn/fi/act/statute-consolidated/2019/1101/fin@,2026-09-30,200,432d9b2d1d2ace535f8da886a7353ff416495f0b6e914060a51e5434763b036c,432d9b2d1d2ace535f8da886a7353ff416495f0b6e914060a51e5434763b036c,unchanged,1,0,
opendata-finlex-fi:bcafff1597,https://opendata.finlex.fi/finlex/avoindata/v1/akn/fi/act/statute-consolidated/2016/571/fin@,2026-09-30,200,7b3b957e427f320a3208d55959829a544c2043999a87e9234f1c6854695fb317,7b3b957e427f320a3208d55959829a544c2043999a87e9234f1c6854695fb317,unchanged,1,0,
opendata-finlex-fi:c26c9dda26,https://opendata.finlex.fi/finlex/avoindata/v1/akn/fi/act/statute-consolidated/2015/10/fin@,2026-09-30,200,a0446979aa7735b75b7b67ae32633e0d0037104bedfa1614af3c68c662c5a990,a0446979aa7735b75b7b67ae32633e0d0037104bedfa1614af3c68c662c5a990,unchanged,2,0,
ozg-brandenburg-de:9abc55e93a,https://ozg.brandenburg.de/ozg/de/it-infrastrukturen/it-basiskomponenten/bundid-nutzerkonto-deutschlandid/,2026-09-30,200,749824054fdb4054c6385d44ca3f126dd19bb6add33855ef0a256dbd67457664,749824054fdb4054c6385d44ca3f126dd19bb6add33855ef0a256dbd67457664,unchanged,3,0,
passport-gov-gr:fd4d0cce87,https://www.passport.gov.gr/npc/data.html,2026-09-30,200,4705712d803551d28a0f6c2760e73e016993965f0c00a1d703f99a1f00dfbac8,3c9fd9862e57ec6a56774c36a42f2f080b47097323d18a1b6c83a49e7b6d57ae,changed_quotes_present,4,0,
politi-dk:8e15a78f5a,https://politi.dk/om-hjemmesiden/politiets-brug-af-personoplysninger,2026-09-30,200,4cfd4950e4e6668e133e3b15a92869bfd087518147a41b80c97acf84e4968ad9,4d89f793445be7bef8ae9ed113d56325c74e78934ad93997007d2dbbdc4f0855,changed_quotes_present,8,0,
politiadefrontiera-ro:b8b254f3a8,https://www.politiadefrontiera.ro/ro/main/pg-cadrul-legal-26.html,2026-09-30,200,4401e42b5ab58e699a412be2fc23c19655cfa02960a8b948d44f62479e63c96f,8bd21547a5a78fb1342bf0b576995c6607815fe45d24753f9333c9326045eff5,changed_quotes_present,1,0,
politiadefrontiera-ro:dcfc38a71b,https://www.politiadefrontiera.ro/ro/main/pg-sistemul-de-informatii-schengen-87.html,2026-09-30,200,4e2c94fa184c335cae8fc31806463e8ed9a7f43e5420aee02a8eacc68e538b57,dea5e1cc41af25eb3d752c81dd0bc95ffd2c72e1357306e9ebcdbc8e690e9b5d,changed_quotes_present,3,0,
politis-com-cy:7da09f5977,https://www.politis.com.cy/politis-news/cyprus/1031511/sto-stokhastro-astinomiki-ghia-diarroes-poinikes-kai-peitharkhikes-efthynes-se-ekseliksi,2026-09-30,200,825dfc847f9b441d99c2c02098f8f82e7ac485378c5e737e8fe3810c61fd919c,550d42a1456250cfd1c2e8110f5862349114e1d4c1f2df8601f221db01a3bc42,changed_quotes_present,1,0,
puesc-gov-pl:8556b7054c,https://puesc.gov.pl/web/guest/uslugi/jak-to-dziala-informacje-o-puesc,2026-09-30,200,e0fc1d57ee4217c89ee7790e652bc454dacbddb7f9c21a4bf18733c701f1a2eb,d18fe2d26554942965469fd66eaf0227d5e4b65d63590e5fe216e37b26003f63,changed_quotes_present,1,0,
rechnungshof-gv-at:58d5050525,https://www.rechnungshof.gv.at/rh/home/home/2023_7_E-ID.pdf,2026-09-30,200,df68a2bffd230d1d8501bc253557595b9aa2466bdc97adbebf4df3900fec9c36,df68a2bffd230d1d8501bc253557595b9aa2466bdc97adbebf4df3900fec9c36,unchanged,5,0,
rechnungshof-gv-at:a554cc68a2,https://www.rechnungshof.gv.at/rh/home/news/news/news_3/Umstellung_von_Handysignatur_auf_E-ID.html,2026-09-30,200,5babc1e8cec605322735c327cfd8f7ff79b4d6811ea5a4de4a47bc523652b261,5babc1e8cec605322735c327cfd8f7ff79b4d6811ea5a4de4a47bc523652b261,unchanged,1,0,
registrulelectoral-ro:a251e87eb1,https://www.registrulelectoral.ro/upload/public/FormulareCereri/Nota%20de%20informare%20finala%20RE.pdf,2026-09-30,200,acad2fc9d5e211ed08ade2d441232015debac1802cefd71969f625139c332659,acad2fc9d5e211ed08ade2d441232015debac1802cefd71969f625139c332659,unchanged,2,0,
repository-eid-belgium-be:8485ac65e6,https://repository.eid.belgium.be/downloads/citizen/en/CPS_CitizenCA.pdf,2026-09-30,200,ef80d47101d01d5b02908e262258fea4b614c10882413fe62bba98df0b89a337,ef80d47101d01d5b02908e262258fea4b614c10882413fe62bba98df0b89a337,unchanged,3,0,
retsinformation-dk:0415363b8b,https://www.retsinformation.dk/eli/lta/2023/271/xml,2026-09-30,200,2875aa1a5c3583c95aff75032b93825f851469af831ac4d75f145a9272aa7c7b,2875aa1a5c3583c95aff75032b93825f851469af831ac4d75f145a9272aa7c7b,unchanged,2,0,
retsinformation-dk:2a9bb319d3,https://www.retsinformation.dk/eli/lta/2017/1287/xml,2026-09-30,200,153520fb551c70685b2603727c3fb252e1d258f982ecbb9a7d0715037f12b110,153520fb551c70685b2603727c3fb252e1d258f982ecbb9a7d0715037f12b110,unchanged,1,0,
retsinformation-dk:33dbec9976,https://www.retsinformation.dk/eli/lta/2017/136/xml,2026-09-30,200,608cdd8c5004be70b908ff837b7046e4cf4c31b72a3a2f09464d3aa37b8f2ff0,608cdd8c5004be70b908ff837b7046e4cf4c31b72a3a2f09464d3aa37b8f2ff0,unchanged,1,0,
retsinformation-dk:5763e7a1f7,https://www.retsinformation.dk/eli/lta/2025/291/xml,2026-09-30,200,5ecb54149b3d0ca491e693ea1a49d2a9d962af798d34f7f8ea44b60069021365,5ecb54149b3d0ca491e693ea1a49d2a9d962af798d34f7f8ea44b60069021365,unchanged,6,0,
retsinformation-dk:6cab131ec8,https://www.retsinformation.dk/eli/lta/2023/1010/xml,2026-09-30,200,002ea9211948a102081c9402ffec0ec795fa212182cc1bb4505a88ad82367d7c,002ea9211948a102081c9402ffec0ec795fa212182cc1bb4505a88ad82367d7c,unchanged,2,0,
retsinformation-dk:85c1e938a2,https://www.retsinformation.dk/eli/lta/2018/116/xml,2026-09-30,200,f9533703dd470cf143f82e1169955e2c679c739bedb4e9b144490f12e238533d,613b3e69b8bb2fbda60f544d34323d21fec7016994f9c937cfc4608aeb62449c,changed_quotes_present,1,0,
retsinformation-dk:9978344895,https://www.retsinformation.dk/eli/lta/2025/331/xml,2026-09-30,200,a038c91340eaf0979c09fdd038e5993863ea5b00e183acb0aa00277ff9e1a100,a038c91340eaf0979c09fdd038e5993863ea5b00e183acb0aa00277ff9e1a100,unchanged,1,0,
retsinformation-dk:9a063b3d6e,https://www.retsinformation.dk/eli/lta/2016/617/xml,2026-09-30,200,405c48a667a605c99ac94db7b5396f6fe8baeb29e9e9b5033fba3942f981206c,405c48a667a605c99ac94db7b5396f6fe8baeb29e9e9b5033fba3942f981206c,unchanged,1,0,
retsinformation-dk:ab991b96f7,https://www.retsinformation.dk/eli/retsinfo/2014/10338/xml,2026-09-30,200,ada7312cfab39b4c43d44ce539c67744dfc712763e0d03b5d1ad8e41c8621329,ada7312cfab39b4c43d44ce539c67744dfc712763e0d03b5d1ad8e41c8621329,unchanged,1,0,
retsinformation-dk:b4bea568bc,https://www.retsinformation.dk/eli/lta/2023/179/xml,2026-09-30,200,901e8ade920e0eaf64bca2df7f6a1587aa784e729e42d25c3ca17dd91652a222,901e8ade920e0eaf64bca2df7f6a1587aa784e729e42d25c3ca17dd91652a222,unchanged,1,0,
retsinformation-dk:b60e61662b,https://www.retsinformation.dk/eli/lta/2026/246/xml,2026-09-30,200,1b157eebad51b0fc9f57d8e41133eae5522028c183cbfa5d2007e76653aa3390,1b157eebad51b0fc9f57d8e41133eae5522028c183cbfa5d2007e76653aa3390,unchanged,1,0,
retsinformation-dk:bd4f57c7b7,https://www.retsinformation.dk/eli/lta/2021/2693/xml,2026-09-30,200,e646759353c84f43670d398567e91fa5f5518bb27eab9866a0ca3ff67e0b85c9,e646759353c84f43670d398567e91fa5f5518bb27eab9866a0ca3ff67e0b85c9,unchanged,1,0,
retsinformation-dk:c1d165f2d5,https://www.retsinformation.dk/eli/lta/2017/231/xml,2026-09-30,200,d927b95d8f83a725745d841af061502f5976fab126ba3d5b4e64043e14193b8d,d927b95d8f83a725745d841af061502f5976fab126ba3d5b4e64043e14193b8d,unchanged,1,0,
retsinformation-dk:d144f2da9a,https://www.retsinformation.dk/eli/lta/2025/275/xml,2026-09-30,200,5387281e1c5f74794ba5d82358fc854c635b297c64527cdddeae5125bd461f1b,e63eaa970db63deb0b677019e2aed322220f3d2f022b9aa08af722143b99e119,changed_quotes_present,2,0,
retsinformation-dk:d8290d04ee,https://www.retsinformation.dk/eli/lta/2025/1183/xml,2026-09-30,200,cbf2a3161e1d592e9fb217a085ac5a3626278e384b671344eda4434b1bda8eab,e92bc51943873b60d97f83bb4afec9766be53414b3c636c9a8fa4796f72c5188,changed_quotes_present,2,0,
retsinformation-dk:d9a3866d7d,https://www.retsinformation.dk/eli/retsinfo/2021/9447/xml,2026-09-30,200,63498c2597a27805d43d79c050dedb5e318ed2acfa75846a05dd4cf33729da7c,63498c2597a27805d43d79c050dedb5e318ed2acfa75846a05dd4cf33729da7c,unchanged,2,0,
retsinformation-dk:dcea3f2afa,https://www.retsinformation.dk/eli/lta/2025/333/xml,2026-09-30,200,2323fd3517f75f5761a072c05bbeb20c4ade6ab0b4529406c025dd4c38da9786,2323fd3517f75f5761a072c05bbeb20c4ade6ab0b4529406c025dd4c38da9786,unchanged,2,0,
revenue-ie:517c378302,https://www.revenue.ie/en/tax-professionals/tdm-wm/income-tax-capital-gains-tax-corporation-tax/part-38/38-06-01.pdf,2026-09-30,200,c565b9892f0b598f91ca73e52ee8dbfe7b6f6a588d1697c507cce9b0497d6bff,c565b9892f0b598f91ca73e52ee8dbfe7b6f6a588d1697c507cce9b0497d6bff,unchanged,2,0,
revenue-ie:915815344e,https://www.revenue.ie/en/corporate/press-office/annual-report/2025/ar-2025.pdf,2026-09-30,200,bddcfa9ebed8cd0881d508da291e41c3df4139dc21097f63755d125b26519846,bddcfa9ebed8cd0881d508da291e41c3df4139dc21097f63755d125b26519846,unchanged,3,0,
revisedacts-lawreform-ie:50a8940f41,https://revisedacts.lawreform.ie/eli/2005/act/26/section/263/revised/en/html,2026-09-30,200,529cb96e730822209a52737d551c7fc11fadd4bb13026dc94118324f1b4ce0ca,529cb96e730822209a52737d551c7fc11fadd4bb13026dc94118324f1b4ce0ca,unchanged,1,0,
riigikontroll-ee:f0e5603207,https://www.riigikontroll.ee/sites/default/files/arhivaalid/2462/RKTR_2462_2-1.4_2213_001-2.pdf,2026-09-30,200,e080bdbbc3df1fc9c21d4b90673181309f4958c15526e5405faf2dcd9a7b6414,e080bdbbc3df1fc9c21d4b90673181309f4958c15526e5405faf2dcd9a7b6414,unchanged,2,0,
riigipilv-ee:16c4688e19,https://www.riigipilv.ee/riigipilvest/riigipilve-tehniline-lahendus,2026-09-30,200,ad8b1a7beedf0c0dfe8eac048e80e47b7948238f04e3cf53603381b16de6fc00,ad8b1a7beedf0c0dfe8eac048e80e47b7948238f04e3cf53603381b16de6fc00,unchanged,1,0,
riigipilv-ee:42ee6bff70,https://www.riigipilv.ee/riigipilvest/riigipilvest-kkk/mis-saab-riigipilvest-eriolukorras,2026-09-30,200,923921b20c9ec7e9045419f0c70ccc3338f826448d881910ad82b6e92de7c779,923921b20c9ec7e9045419f0c70ccc3338f826448d881910ad82b6e92de7c779,unchanged,1,0,
riigipilv-ee:8882c59d89,https://www.riigipilv.ee/et,2026-09-30,200,4c9315d3c06015d5ae76f48c49faf264dddbd719c07185de7a5f50a8a8325b9a,4c9315d3c06015d5ae76f48c49faf264dddbd719c07185de7a5f50a8a8325b9a,unchanged,1,0,
riigipilv-ee:ff4d0b6ad2,https://www.riigipilv.ee/riigipilvest/kliendid,2026-09-30,200,8a57023125ee0c96ec9c678dfdb2bcfefc032572f395d50974a1d821c8239618,8a57023125ee0c96ec9c678dfdb2bcfefc032572f395d50974a1d821c8239618,unchanged,1,0,
riksdagen-se:13c7045f9d,https://www.riksdagen.se/sv/dokument-och-lagar/dokument/svensk-forfattningssamling/sakerhetsskyddslag-2018585_sfs-2018-585/,2026-09-30,200,9bf71ab19b3303b349353a7276b5d2367db264aec543b1a480e52c7182c88273,9bf71ab19b3303b349353a7276b5d2367db264aec543b1a480e52c7182c88273,unchanged,1,0,
riksdagen-se:154de9cb41,https://www.riksdagen.se/sv/dokument-och-lagar/dokument/svensk-forfattningssamling/lag-2012453-om-register-over-nationella_sfs-2012-453/,2026-09-30,200,5e82a0d08d8da64bd393f867e8a320a083530fe364b0b5d59d9bc2c5a65547a8,5e82a0d08d8da64bd393f867e8a320a083530fe364b0b5d59d9bc2c5a65547a8,unchanged,1,0,
riksdagen-se:22877f71a6,https://www.riksdagen.se/sv/dokument-och-lagar/dokument/svensk-forfattningssamling/folkbokforingsdatalag-2026126_sfs-2026-126/,2026-09-30,200,ed72f8af92f828acb70ce6d304e4af16cb4f1c4102bfd76cda6d3ff657afef81,ed72f8af92f828acb70ce6d304e4af16cb4f1c4102bfd76cda6d3ff657afef81,unchanged,2,0,
riksdagen-se:2bec1b553f,https://www.riksdagen.se/sv/dokument-och-lagar/dokument/svensk-forfattningssamling/lag-2017631-om-registrering-av-verkliga_sfs-2017-631/,2026-09-30,200,9c70c991be83eb41cf35acec300197ec065dc089d8741deea310fc60eca16b31,9c70c991be83eb41cf35acec300197ec065dc089d8741deea310fc60eca16b31,unchanged,1,0,
riksdagen-se:345f78f5f7,https://www.riksdagen.se/sv/dokument-och-lagar/dokument/svensk-forfattningssamling/vapenlag-2026408_sfs-2026-408/,2026-09-30,200,86bb21fbc11dbe3e751759da5c1787a5de114ca66c5443db5bb8a993d8425795,86bb21fbc11dbe3e751759da5c1787a5de114ca66c5443db5bb8a993d8425795,unchanged,1,0,
riksdagen-se:43f8b456e9,https://www.riksdagen.se/sv/dokument-och-lagar/dokument/svensk-forfattningssamling/passforordning-1979664_sfs-1979-664/,2026-09-30,200,8e76113a8e8d4d344cb6af2701395d68476c761e8e7b67a962d7a0876d5bf0b8,8e76113a8e8d4d344cb6af2701395d68476c761e8e7b67a962d7a0876d5bf0b8,unchanged,2,0,
riksdagen-se:441ca547b3,https://www.riksdagen.se/sv/dokument-och-lagar/dokument/svensk-forfattningssamling/smittskyddslag-2004168_sfs-2004-168/,2026-09-30,200,cc1648e68fa17f16be6a938ae0268e54fcd8d36bb1508e9e204cdf2cda76a495,cc1648e68fa17f16be6a938ae0268e54fcd8d36bb1508e9e204cdf2cda76a495,unchanged,1,0,
riksdagen-se:53809ad69c,https://www.riksdagen.se/sv/dokument-och-lagar/dokument/svensk-forfattningssamling/folkbokforingslag-1991481_sfs-1991-481/,2026-09-30,200,6e797e315ef20b327e63f5aa1904bbe8df7ff7ff3b48261c7c11d4def9fe33a7,6e797e315ef20b327e63f5aa1904bbe8df7ff7ff3b48261c7c11d4def9fe33a7,unchanged,1,0,
riksdagen-se:55bc533d5d,https://www.riksdagen.se/sv/dokument-och-lagar/dokument/svensk-forfattningssamling/forordning-20161023-med-instruktion-for_sfs-2016-1023/,2026-09-30,200,d2b4656cd50f4b94bdf0a731b10ce7426ee2f01c990fbc62a646c51821acc4bd,d2b4656cd50f4b94bdf0a731b10ce7426ee2f01c990fbc62a646c51821acc4bd,unchanged,2,0,
riksdagen-se:5e1a0c3380,https://www.riksdagen.se/sv/dokument-och-lagar/dokument/svensk-forfattningssamling/lag-20211187-med-kompletterande-bestammelser_sfs-2021-1187/,2026-09-30,200,b8e60caa793c5205463471550d8bb6e25d61778887c80941d0503e6afd9f03d2,b8e60caa793c5205463471550d8bb6e25d61778887c80941d0503e6afd9f03d2,unchanged,2,0,
riksdagen-se:7d26121867,https://www.riksdagen.se/sv/dokument-och-lagar/dokument/svensk-forfattningssamling/vagtrafikdatalag-2019369_sfs-2019-369/,2026-09-30,200,24666f83f463771c115b1534bad83cb1d298d6e9fb2ee0e5daea8921371ef1cb,24666f83f463771c115b1534bad83cb1d298d6e9fb2ee0e5daea8921371ef1cb,unchanged,1,0,
riksdagen-se:9b8b1530b6,https://www.riksdagen.se/sv/dokument-och-lagar/dokument/svensk-forfattningssamling/domstolsdatalag-2015728_sfs-2015-728/,2026-09-30,200,054aa2bf027e32222c0293de6a72b155504247f9cb064252f9fd999d13ae91f6,054aa2bf027e32222c0293de6a72b155504247f9cb064252f9fd999d13ae91f6,unchanged,1,0,
riksdagen-se:a0c451ffc9,https://www.riksdagen.se/sv/dokument-och-lagar/dokument/svensk-forfattningssamling/aktiebolagsforordning-2005559_sfs-2005-559/,2026-09-30,200,f11261f69e4707a404c0359367db7bbe8b623e6140fde4d35d5135a206734bd1,f11261f69e4707a404c0359367db7bbe8b623e6140fde4d35d5135a206734bd1,unchanged,2,0,
riksdagen-se:b5b432f138,https://www.riksdagen.se/sv/dokument-och-lagar/dokument/svensk-forfattningssamling/passlag-1978302_sfs-1978-302/,2026-09-30,200,427f5c1c6961043afbf0a79eb44aa4e2c4224e8e84bdeae643423ef9cd535d6d,427f5c1c6961043afbf0a79eb44aa4e2c4224e8e84bdeae643423ef9cd535d6d,unchanged,2,0,
riksdagen-se:d3496a0b2a,https://www.riksdagen.se/sv/dokument-och-lagar/dokument/svensk-forfattningssamling/lag-2000224-om-fastighetsregister_sfs-2000-224/,2026-09-30,200,c43c2485f7ad52254156855ff3e623b5d1f902b3ea37c6bf6d63c61cc3deba40,c43c2485f7ad52254156855ff3e623b5d1f902b3ea37c6bf6d63c61cc3deba40,unchanged,2,0,
riksdagen-se:d72e7085af,https://www.riksdagen.se/sv/dokument-och-lagar/dokument/svensk-forfattningssamling/vallag-2005837_sfs-2005-837/,2026-09-30,200,fdac96d38dc887e4bd22cfafdd9c6454f8d90552c3e056a534d54ca06b2c1af1,fdac96d38dc887e4bd22cfafdd9c6454f8d90552c3e056a534d54ca06b2c1af1,unchanged,2,0,
riksdagen-se:f6bb470ce7,https://www.riksdagen.se/sv/dokument-och-lagar/dokument/svensk-forfattningssamling/forordning-19931153-om-redovisning-av-studier-m_sfs-1993-1153/,2026-09-30,200,556055d3d08c81a259fc7bec9ed20cc90138d2404de286ebc0119e45089855d9,556055d3d08c81a259fc7bec9ed20cc90138d2404de286ebc0119e45089855d9,unchanged,1,0,
riksdagen-se:fbd5b9cc83,https://www.riksdagen.se/sv/dokument-och-lagar/dokument/svensk-forfattningssamling/lag-1998620-om-belastningsregister_sfs-1998-620/,2026-09-30,200,0a071779652801e23abcb4594b44168ffe225959b8300f5ac42fcfa628072ae2,0a071779652801e23abcb4594b44168ffe225959b8300f5ac42fcfa628072ae2,unchanged,1,0,
ris-bka-gv-at:00e4d18206,https://www.ris.bka.gv.at/GeltendeFassung.wxe?Abfrage=Bundesnormen&Gesetzesnummer=10001466,2026-09-30,200,b2e977426d4238697f2d9d992dff0fbfb7209facffb9c4c57c840dffe94daf0b,e31a98a01c519ea1d993b89dc09d6c8ca17cc9c2eb77ca4dfe3ce95dfb74235a,changed_quotes_present,1,0,
ris-bka-gv-at:0f896da3e5,https://www.ris.bka.gv.at/GeltendeFassung.wxe?Abfrage=Bundesnormen&Gesetzesnummer=10005792,2026-09-30,200,de84937a7ff09881b2a7f30724e1d7c098ad30b7ba795d338154bd2549db4154,ddcc39c407299be9fbc7b004129065a6062649b82f42b5e89da046ca0aba2053,changed_quotes_present,1,0,
ris-bka-gv-at:10d2ab61ab,https://www.ris.bka.gv.at/GeltendeFassung.wxe?Abfrage=Bundesnormen&Gesetzesnummer=20003230,2026-09-30,200,09b961c25cc75a8e78aeeec4cc7f5623bb9c27574e784725b43e8507e62e34c7,7841bd5e88aeca2d1d793d387a36aea50936afc6908e9dc7c27ff9ad4134a369,changed_quotes_present,4,0,
ris-bka-gv-at:34350faf1a,https://www.ris.bka.gv.at/GeltendeFassung.wxe?Abfrage=Bundesnormen&Gesetzesnummer=20009585,2026-09-30,200,196a70c1a0e091c0917377cc0dff9359993c122769fe8b10a89a991419edad9c,07f26b01f1c26964f55555f5c56130da77f4a21645fc25c2372d80a442cc6c60,changed_quotes_present,2,0,
ris-bka-gv-at:3ca87f5339,https://www.ris.bka.gv.at/GeltendeFassung.wxe?Abfrage=Bundesnormen&Gesetzesnummer=20007944,2026-09-30,200,69713c0b5c21c6760f3cb308537c931a42dd41b6b82f1fa8505105ce2f3e99a3,d3e469be607d189132acbd34c58530b4e11a8d4800583ecd7a0e2fa71fd7020a,changed_quotes_present,2,0,
ris-bka-gv-at:6cd23d2e13,https://www.ris.bka.gv.at/GeltendeFassung.wxe?Abfrage=Bundesnormen&Gesetzesnummer=10005799,2026-09-30,200,0c5fa61e5322acf00204fedf5b5d817bd0a8dc6e7bca7f5cf4470ef605d0a62a,2b438287f3db3f2aeda9c9d5f4821972d37bd63d715e9121d6df63c7331d300b,changed_quotes_present,2,0,
ris-bka-gv-at:c8de5cda2b,https://www.ris.bka.gv.at/GeltendeFassung.wxe?Abfrage=Bundesnormen&Gesetzesnummer=10005798,2026-09-30,200,86449bb76d84015bf3045567d1f57f7711aaf0361c9d9714f2d26d651783555b,2675a38f61a2963eee1866dcfa7a8ff2604922f2388f9ab1b2258f414c7308e4,changed_quotes_present,6,0,
ris-bka-gv-at:e1710f5636,https://www.ris.bka.gv.at/GeltendeFassung.wxe?Abfrage=Bundesnormen&Gesetzesnummer=20001740,2026-09-30,200,cea288c82f53b580f344e4283279832596cb56eef36b2fc871b3f997c7bf9814,ae8b620a20d6d71a9e951efc3882bb20e0527f583218b8bb7cbb31b743ccf002,changed_quotes_present,1,0,
ris-bka-gv-at:e8f950b227,https://www.ris.bka.gv.at/GeltendeFassung.wxe?Abfrage=Bundesnormen&Gesetzesnummer=20008228,2026-09-30,200,d206cd650664a6e95b00342699193bfc25fd2fa143dfac170bd0f8b0ffe4f229,c7745a26d0ca45688d9b6f60ce33dbdbc30bfb3b828b4cbc62250e3f23b58311,changed_quotes_present,3,0,
ris-bka-gv-at:fcf517edcc,https://www.ris.bka.gv.at/GeltendeFassung.wxe?Abfrage=Bundesnormen&Gesetzesnummer=20009720,2026-09-30,200,f47dbd9883c2618ed532c4f245ad8fc11a071c4096217b053d482660565735c2,81ec38e1493bc44b01dd44708bf891aa3a2cb7a32925828ccdaf2aa71510e801,changed_quotes_present,2,0,
roeid-ro:70a96931fa,https://roeid.ro/glosar-termeni,2026-09-30,200,b6030273cfa7fd464e853698a03858105a48f0c8f264d6546ac7cfe6179b0e8b,32bc4b9427de3d2b881bf7e9ab46ade18e3db482280b9dcac281d55bc3f69b22,changed_quotes_present,1,0,
roeid-ro:a116a98b16,https://roeid.ro/,2026-09-30,200,a0ec76c0aca7c1b0a2291e900491762a74961b66c68917240fc2de2ded4242d3,939e58004bb343e8e1f2898baf1df2d0fa1cfbdc22a813ea256fac57a6e7cf93,changed_quotes_present,3,0,
rowater-ro:2cae7bdf57,https://rowater.ro/activitatea-institutiei/proiecte/proiecte-implementate/watman/,2026-09-30,200,fa0c37664f85526719822bc00ea54d491ac70205dd94955ffc1ea1722fb9c869,4cd7aff9df65d1b2f4e7de49df8fb7787affd2c19c4134e9217076d508650d06,changed_quotes_present,2,0,
santepubliquefrance-fr:46901a3ac1,https://www.santepubliquefrance.fr/maladies-a-declaration-obligatoire/textes-reglementaires-lies-aux-maladies-a-declaration-obligatoire,2026-09-30,200,17499fdb83510bd8bb7f1425a2a817ca28650ecb3de5093021c7321e5fc0f3ce,5bc24b4bbf62ae8866166cd6af37b44ab60292a72bed027581e75c76cab79a1c,changed_quotes_present,1,0,
santepubliquefrance-fr:897fe55d60,https://www.santepubliquefrance.fr/maladies-a-declaration-obligatoire,2026-09-30,200,becbd2cd090277801e4ffefaf944b5b41e91be563d067d1ff876a04f6de66d03,227a2794c101a059ef98be21e8f242d77717c054f6f58167b2ba86bd410def14,changed_quotes_present,2,0,
scb-se:7b3edd3f74,https://www.scb.se/hitta-statistik/sverige-i-siffror/manniskorna-i-sverige/sveriges-befolkning/,2026-09-30,200,d20a17511b60e1febfa2c2db42f34fe0d4571c46990f4e82bd52859fafe6ec86,fae06d760f3d8a09ee0869b8ad2258c76b48ee4548a22d6a7fc50412bdbe14c7,changed_quotes_present,1,0,
schengen-mai-gov-ro:ab80c5351f,https://schengen.mai.gov.ro/index09.htm,2026-09-30,200,bb689f3cae5ae8cb928a182604917635ce5f1a938cb96fb36470e2854e8cd6ca,bb689f3cae5ae8cb928a182604917635ce5f1a938cb96fb36470e2854e8cd6ca,unchanged,1,0,
segabg-com:0f370dfeb5,https://www.segabg.com/hot/category-bulgaria/mvr-shte-izdirva-banditi-chrez-bg-alert,2026-09-30,200,51df13fee49b57f879790f7f0b9e922b070a0bf7334cd5fd164ed446bab0f067,6c6aac237a2b0f42eb6920d1ae7eb80e9702863b5a9243958079c55204c6c8d3,changed_quotes_present,3,0,
segabg-com:893a8ce07a,https://www.segabg.com/hot/category-consult/otpada-edno-bezumiyata-za-lichnite-karti-chip,2026-09-30,200,9f2d8093816be3f297d2578be345da650575e29f4be16892f2698b96ffa32258,071b33ef4399609c7167370242fe41790874a47b252c701ff863612ca6c3f3ea,changed_quotes_present,2,0,
senat-fr:43de393295,https://www.senat.fr/rap/l24-144-315-1/l24-144-315-1_mono.html,2026-09-30,200,06b1e3b5f11b40d3e1db7a4750deaf8962c07c287a81fbeea611ba7964ac8471,06b1e3b5f11b40d3e1db7a4750deaf8962c07c287a81fbeea611ba7964ac8471,unchanged,2,0,
senat-fr:543e1de98c,https://www.senat.fr/rap/l25-139-317/l25-139-317_mono.html,2026-09-30,200,b1fb13897f393d46a7fb1dac5684420d921f90a969c56b76f8bb750b81627456,b1fb13897f393d46a7fb1dac5684420d921f90a969c56b76f8bb750b81627456,unchanged,1,0,
senat-fr:6a9492ce94,https://www.senat.fr/rap/l24-144-328/l24-144-328_mono.html,2026-09-30,200,b3742f98a198fba2f7034657400c1aa47af6ef6fec09b86eebfa5e4b0c1c1511,b3742f98a198fba2f7034657400c1aa47af6ef6fec09b86eebfa5e4b0c1c1511,unchanged,1,0,
senat-fr:71b0ce69ee,https://www.senat.fr/rap/l23-577/l23-5773.html,2026-09-30,200,c470c6bda210712095e615dab5f7ab3a9601a794486261301e1287d8e2bad343,c470c6bda210712095e615dab5f7ab3a9601a794486261301e1287d8e2bad343,unchanged,1,0,
senat-fr:90ecc3ebf9,https://www.senat.fr/rap/r19-506/r19-506_mono.html,2026-09-30,200,cd92f5aa3aa484796f721f8546618ba4a943eefb64033cd82f147e4cc8a905ca,cd92f5aa3aa484796f721f8546618ba4a943eefb64033cd82f147e4cc8a905ca,unchanged,3,0,
senat-fr:b055a2b31f,https://www.senat.fr/rap/l24-144-329-2/l24-144-329-2_mono.html,2026-09-30,200,e6609e4817fe64a3cd00fbca0f3257a58bd7c8592532d477ef9fadc1b67b16fa,e6609e4817fe64a3cd00fbca0f3257a58bd7c8592532d477ef9fadc1b67b16fa,unchanged,4,0,
sepsas-sk:0b35785b93,https://www.sepsas.sk/o-nas/o-spolocnosti/,2026-09-30,200,320c8be08ee6bd1e8b8745f4b9d45bc5d2a22742d3c0aad0b0893a84a6a94b69,77263d8e3f376b83b1cf7a78b72048aea593e72293e13566ab845721e799a22e,changed_quotes_present,1,0,
sepsas-sk:6fedfac656,https://www.sepsas.sk/pre-partnerov/dispecing/,2026-09-30,200,dc42b9efbbe473e640c8df8898b558e7d71c36e4e58a93096bae680cdef5c464,fec8232d277f8488672e72d6f349695e6ca0973c3a426a2a28fd8193231e2abf,changed_quotes_present,1,0,
sgdsn-gouv-fr:96a6de35c3,https://www.sgdsn.gouv.fr/nos-missions/proteger/proteger-le-secret-de-la-defense-nationale,2026-09-30,200,a27e5a93fa0cc7fcc4328d067680f9bf500c795df547b8a433482b13f46b0a8c,a27e5a93fa0cc7fcc4328d067680f9bf500c795df547b8a433482b13f46b0a8c,unchanged,1,0,
sgdsn-gouv-fr:f1840587a5,https://www.sgdsn.gouv.fr/nos-missions/proteger/proteger-le-secret-de-la-defense-nationale/reforme-de-la-protection-du-secret,2026-09-30,200,3983ff55edfff19cdb42b22902c929a2a754499febe22d1e22eaee3d6111f297,3983ff55edfff19cdb42b22902c929a2a754499febe22d1e22eaee3d6111f297,unchanged,1,0,
si-trust-gov-si:158382bc68,https://www.si-trust.gov.si/sl/si-pass,2026-09-30,200,71c0e6b7b5d692f273b8bee5243c8b85f78f2f548d3f7565a286eb303d40a349,71c0e6b7b5d692f273b8bee5243c8b85f78f2f548d3f7565a286eb303d40a349,unchanged,4,0,
si-trust-gov-si:4213d5c44b,https://www.si-trust.gov.si/sl/eoi,2026-09-30,200,baec35ff02f95c2caa969b9d6dd67e246022ad1bbd7c60806ba3fc73f58f57ba,baec35ff02f95c2caa969b9d6dd67e246022ad1bbd7c60806ba3fc73f58f57ba,unchanged,1,0,
si-trust-gov-si:7bcc9040ee,https://www.si-trust.gov.si/sl/o-nas,2026-09-30,200,d1d03a4c1b18b2b673ac94c4b162996d008ba90b4dcf7f7fc77fd5b1afc451a1,d1d03a4c1b18b2b673ac94c4b162996d008ba90b4dcf7f7fc77fd5b1afc451a1,unchanged,5,0,
si-trust-gov-si:c602b3bc52,https://www.si-trust.gov.si/sl/si-pass-obvestilo-posameznikom,2026-09-30,200,baf640f9a39225723bd1f62b4ad6ee53588da9e35f732996c6f4f7d90f0ec51b,baf640f9a39225723bd1f62b4ad6ee53588da9e35f732996c6f4f7d90f0ec51b,unchanged,6,0,
sia-detenteurs-interieur-gouv-fr:078a70772b,https://sia.detenteurs.interieur.gouv.fr/,2026-09-30,200,baed5367b54a6d7be5388db9c66c69b91c2aa3a6b5d76a7da26772de0f888006,33fdf2520b7baa7197822a19e40dae79cfdd48d22244d336235791838cafbea3,changed_quotes_present,2,0,
sikkerhedsnet-dk:6e08971962,https://sikkerhedsnet.dk/om-sine,2026-09-30,200,56473982faf5b1386b028638330b20e13e199d385cad44fa681102d771360f49,8ea95e50d194eedce13844bef7feb8bea04152717141885c4c5adc5dd2224fc5,changed_quotes_present,2,0,
sikkerhedsnet-dk:854968f3cc,https://sikkerhedsnet.dk/om-cfb,2026-09-30,200,5d44ea87e12ce0a8317a1f7e7e7ae2765fa655fbeb5d9c61d28da74ea72944f9,3e26ff3b56dd2eefe321590ba5e0ca873495133284e1ba59e3de53e118f95606,changed_quotes_present,1,0,
sirp-pt:2b1deb9a86,https://sirp.pt/wp-content/uploads/2025/09/LEI_DO_SEGREDO_DE_ESTADO.pdf,2026-09-30,error,3f07bf0638442ed7c1ed29a0b8ae349426ea4c6c7a6ff27e7e81ef6fa7183ab8,,unreachable,2,,
sistemats-it:89229c8c9f,https://www.sistemats.it/,2026-09-30,200,a1a79d906b8766f0540e681d94171d157459e9e5114af5774d7147768115248a,bc191d44dd2d6afd28bf87f2e8aade73cecd475abba8911cc322321cf3f60753,changed_quotes_present,1,0,
siui-casan-ro:5719a070c1,https://siui.casan.ro/,2026-09-30,200,bfd330083e8bc955c72933656a0fe47e8d162410c87c7aabd66e3a1586d140d1,bfd330083e8bc955c72933656a0fe47e8d162410c87c7aabd66e3a1586d140d1,unchanged,1,0,
skgeodesy-sk:1f5c574b6c,https://www.skgeodesy.sk/files/sk/slovensky/ugkk/kontrakty-vyrocne-spravy/ugkk-sr_vyrocna-sprava_2025.pdf,2026-09-30,200,052cde96b4e1686d5d301bb5dacd22a0db96fd0750f36357b492cae256280962,052cde96b4e1686d5d301bb5dacd22a0db96fd0750f36357b492cae256280962,unchanged,2,0,
slovensko-sk:1e21687709,https://www.slovensko.sk/sk/eid,2026-09-30,200,06d1fc9795c9a7ca1c407182ef1dfdbb1b6700f335df456541638bc01361fe13,0705644aaa28eb12eed8a23e5d8af8ac06d92c9cb8a11dd8a0a072a4e6532c94,changed_quotes_present,2,0,
snca-gov-sk:c4488488e6,https://snca.gov.sk/o-nas/certifikacna-autorita,2026-09-30,200,cc9ffe7186cc67a212f2f69fb5bce3616ee28e182964dd51d804d4cebe33990b,cc9ffe7186cc67a212f2f69fb5bce3616ee28e182964dd51d804d4cebe33990b,unchanged,3,0,
snca-public-lu:209cfec0f8,https://snca.public.lu/fr/snca/missions-valeurs.html,2026-09-30,200,a74205be30d75482ce5c166d39fcda65537705f441c6c7148c4b48ff97f9aac3,a74205be30d75482ce5c166d39fcda65537705f441c6c7148c4b48ff97f9aac3,unchanged,1,0,
snca-public-lu:af378778a2,https://snca.public.lu/fr/snca/histoire-snca.html,2026-09-30,200,b1551bdc915670a72cea0d825f600450034537a77ba2a0f15ef816626dc37729,b1551bdc915670a72cea0d825f600450034537a77ba2a0f15ef816626dc37729,unchanged,1,0,
sodisce-si:f21e71132e,https://www.sodisce.si/javne_knjige/zemljiska_knjiga/,2026-09-30,200,a5739c6809e3723b257329fa1a267a8ddeb49cba1735f918274103fdc03fd19d,a5739c6809e3723b257329fa1a267a8ddeb49cba1735f918274103fdc03fd19d,unchanged,1,0,
sri-ro:d98cc7909a,https://www.sri.ro/assets/files/legislatie/2024/Lege_182.2002.pdf,2026-09-30,200,a4e97fdebb7a567713934b7ff8a283d657cd3fc16e5df2c1182f65e1f2e4bf44,a4e97fdebb7a567713934b7ff8a283d657cd3fc16e5df2c1182f65e1f2e4bf44,unchanged,1,0,
sssvd-gov-cz:dfdd6618fb,https://sssvd.gov.cz/,2026-09-30,200,650484e1014748222a7b62ca93aed23abc1fb1d38087397fcb12efdd84a720e4,249fce9c0e365d9a0591f6e8bae05528d1e117e14c9ed82c3cdac5b8b401f393,changed_quotes_present,1,0,
statens-it-dk:6b2998562a,https://statens-it.dk/media/0iwny3lc/statens-it-aaarsrapport-2025.pdf,2026-09-30,200,4f70bf9838135e45dbafb949499d01cb928ccedd0fc707eaff537afa2e39600b,4f70bf9838135e45dbafb949499d01cb928ccedd0fc707eaff537afa2e39600b,unchanged,2,0,
statens-it-dk:83105c9f72,https://statens-it.dk/om-os/om-statens-it/,2026-09-30,200,2c54ac0547d1c8ea7c6eee32418916e4d98a539da2ae8676f37bc92f24d580ea,2c54ac0547d1c8ea7c6eee32418916e4d98a539da2ae8676f37bc92f24d580ea,unchanged,1,0,
static-anaf-ro:b04f0eaf8e,https://static.anaf.ro/static/10/Anaf/Informatii_R/240917_%20Plan_%20StrategicANAF2025-2028.pdf,2026-09-30,200,68ab5c1614ef7cee8a2176e720dd6b96404e3faf7d1a9ebf2b51c27e27280c50,68ab5c1614ef7cee8a2176e720dd6b96404e3faf7d1a9ebf2b51c27e27280c50,unchanged,1,0,
tailte-ie:9cc27c87b8,https://tailte.ie/wp-content/uploads/2025/11/TE_AnnualReport2024_GA_EN.pdf,2026-09-30,200,53c32e40d4196b72acdfa802ce791bcfbd1aee4c87ae1f43a71808077779a02e,53c32e40d4196b72acdfa802ce791bcfbd1aee4c87ae1f43a71808077779a02e,unchanged,3,0,
teabeamet-ee:3a282e16fe,https://www.teabeamet.ee/nsa/kkk.html,2026-09-30,200,ca48bab7e58fe50100dd9d80866e86f424f05aa482055d327528522334fe3445,ca48bab7e58fe50100dd9d80866e86f424f05aa482055d327528522334fe3445,unchanged,1,0,
teabeamet-ee:52cd46756f,https://www.teabeamet.ee/nsa/tabelid.html,2026-09-30,200,6d55ce6972a651c4d255805ede91696adfe4cb803f165e133063b9492e05c7dd,6d55ce6972a651c4d255805ede91696adfe4cb803f165e133063b9492e05c7dd,unchanged,1,0,
toldst-dk:8ef1b36dbb,https://toldst.dk/erhverv/toldsystemer/dms,2026-09-30,200,4fa52822c446a7a88f624509131f57804b5b6bfd52f7d57805013994f6924f13,c424c31110001b843c2767bc2e937cfdec9da45a9bfbc1e0fa954bceb59a2654,changed_quotes_present,1,0,
toldst-dk:f040f063f2,https://toldst.dk/nyheder/nyt-om-told/dms-import-er-nu-i-fuld-drift,2026-09-30,200,5272f559d29dba5073031a5eb131e102c2469518110532244b38bd91e969533f,e586a51261773c042878abe69b122ca0fcf015296fef65fab84c091acb5d5f45,changed_quotes_present,1,0,
transelectrica-ro:121d6fb007,https://www.transelectrica.ro/ro/web/tel/operator-de-sistem,2026-09-30,timeout,c5c7fc681ad34910c3c5e57f22e9ef250515a610cbe3f0bed25ed61dcfc0e9db,,unreachable,2,,
trustedlist-adr-gov-ro:ecb749bb9f,https://trustedlist.adr.gov.ro/trustedlist.xml,2026-09-30,200,233e4e07a479ed14ab3985c2d7b0ba519abbdc7ee194783229b180f49d5e10ff,233e4e07a479ed14ab3985c2d7b0ba519abbdc7ee194783229b180f49d5e10ff,unchanged,1,0,
tsl-digital-gob-es:71ad256934,https://tsl.digital.gob.es/TSL.xml,2026-09-30,200,19edfb5923cd27289ba78548255ca79ae5c9ae4b7dc8a5a334170d4a821a73cf,19edfb5923cd27289ba78548255ca79ae5c9ae4b7dc8a5a334170d4a821a73cf,unchanged,1,0,
tsl-mca-org-mt:c1c4113db2,https://tsl.mca.org.mt/MT_TSL.xml,2026-09-30,200,cf942917c4855535fddb101f4c10f0ff122e723a1c48bc7f717029e764cf211c,cf942917c4855535fddb101f4c10f0ff122e723a1c48bc7f717029e764cf211c,unchanged,1,0,
uradni-list-si:023b9d3fcf,https://www.uradni-list.si/glasilo-uradni-list-rs/vsebina/2025-01-0584,2026-09-30,200,791867f96e2f2dccfc0f1cc4857fe11add2ff9a5539ed4decbd1aad3b0549120,791867f96e2f2dccfc0f1cc4857fe11add2ff9a5539ed4decbd1aad3b0549120,unchanged,6,0,
uradni-list-si:0a75e73fb1,https://www.uradni-list.si/glasilo-uradni-list-rs/vsebina/2022-01-0977,2026-09-30,200,5224275935185c0ea25d2debd542e5d80e2292d8407e30d08995562b407d9955,5224275935185c0ea25d2debd542e5d80e2292d8407e30d08995562b407d9955,unchanged,1,0,
uradni-list-si:0dce059418,https://www.uradni-list.si/glasilo-uradni-list-rs/vsebina/2013-01-0435/,2026-09-30,200,a83e83ef4b726a25cc8756868d712ecf3baf0a21d118150b12624791bae037dc,a83e83ef4b726a25cc8756868d712ecf3baf0a21d118150b12624791bae037dc,unchanged,2,0,
uradni-list-si:1071d0084c,https://www.uradni-list.si/glasilo-uradni-list-rs/vsebina/2011-01-0451,2026-09-30,200,d677254609a211826c28c4bd14b9c6cde4046bed334cedf11f04309e875b6d9e,d677254609a211826c28c4bd14b9c6cde4046bed334cedf11f04309e875b6d9e,unchanged,3,0,
uradni-list-si:1ea72df403,https://www.uradni-list.si/glasilo-uradni-list-rs/vsebina/2003-01-2857,2026-09-30,200,626accca0d54e5ee5eff469c7ec394e4bd2af1bc2f37e1177afca4e3cf706c25,626accca0d54e5ee5eff469c7ec394e4bd2af1bc2f37e1177afca4e3cf706c25,unchanged,1,0,
uradni-list-si:48fa80820b,https://www.uradni-list.si/glasilo-uradni-list-rs/vsebina/2000-01-2747/zakon-o-orozju-zoro-1,2026-09-30,200,7624d2e488b82cb0012cf51930b87362727265852050c26b958783657f942b01,7624d2e488b82cb0012cf51930b87362727265852050c26b958783657f942b01,unchanged,3,0,
uradni-list-si:628415e5c1,https://www.uradni-list.si/glasilo-uradni-list-rs/vsebina/2025-01-3387,2026-09-30,200,2ab949686439c4cb7d299187f1b38d1d92ab9368ceca95aa9e663ebe2f8a7b58,2ab949686439c4cb7d299187f1b38d1d92ab9368ceca95aa9e663ebe2f8a7b58,unchanged,4,0,
uradni-list-si:6593f284b4,https://www.uradni-list.si/glasilo-uradni-list-rs/vsebina/102705/,2026-09-30,200,42d7148bea88988c726dd59ebee740335a44d4a5adb9271a87cdba3657853c86,42d7148bea88988c726dd59ebee740335a44d4a5adb9271a87cdba3657853c86,unchanged,1,0,
uradni-list-si:6ba8594e5c,https://www.uradni-list.si/glasilo-uradni-list-rs/vsebina/2013-01-3489,2026-09-30,200,d36c0ea5d9f780136d243bb31c36d62b0e8e8d7269d84e7a07ba2e73208ef627,d36c0ea5d9f780136d243bb31c36d62b0e8e8d7269d84e7a07ba2e73208ef627,unchanged,1,0,
uradni-list-si:841f7ab9d5,https://www.uradni-list.si/glasilo-uradni-list-rs/vsebina/2016-01-1362,2026-09-30,200,7d01c6f4665bb2e9dab297006db2f280b73b66daa35f160671c30d29ee266c78,7d01c6f4665bb2e9dab297006db2f280b73b66daa35f160671c30d29ee266c78,unchanged,1,0,
uradni-list-si:9891d16c3b,https://www.uradni-list.si/glasilo-uradni-list-rs/vsebina/2011-01-2099,2026-09-30,200,699577e9a604bce6e8292af6cf150e23f998c03bf72d43120883d1007a41b7f7,699577e9a604bce6e8292af6cf150e23f998c03bf72d43120883d1007a41b7f7,unchanged,1,0,
uradni-list-si:9b7d397266,https://www.uradni-list.si/glasilo-uradni-list-rs/vsebina/2021-01-2571,2026-09-30,200,8dc7a931d276593be424a8c6410c6735b0c286f95de241544a8597bc91ac15c5,8dc7a931d276593be424a8c6410c6735b0c286f95de241544a8597bc91ac15c5,unchanged,2,0,
uradni-list-si:9dead513ca,https://www.uradni-list.si/glasilo-uradni-list-rs/vsebina/2006-01-2128/zakon-o-tajnih-podatkih-uradno-precisceno-besedilo-ztp-upb2,2026-09-30,200,b92bc405c634dea95bcddbeb75703e26fb81ef3adbbbc2adc0f8d2dc9e352428,b92bc405c634dea95bcddbeb75703e26fb81ef3adbbbc2adc0f8d2dc9e352428,unchanged,1,0,
uradni-list-si:a09fd4b45b,https://www.uradni-list.si/glasilo-uradni-list-rs/vsebina/2006-01-1229,2026-09-30,200,29dbd00dd419bd63ef706d7207532677e5b15560076af756d6aae0857c703b19,29dbd00dd419bd63ef706d7207532677e5b15560076af756d6aae0857c703b19,unchanged,1,0,
uradni-list-si:a4963c2524,https://www.uradni-list.si/glasilo-uradni-list-rs/vsebina/2021-01-1957,2026-09-30,200,ee9671c2ad1975d986a10658ba178d212b5991f9b6b5dfce631c20f9e4bcd362,ee9671c2ad1975d986a10658ba178d212b5991f9b6b5dfce631c20f9e4bcd362,unchanged,1,0,
uradni-list-si:bdde9a331a,https://www.uradni-list.si/glasilo-uradni-list-rs/vsebina/2006-01-3079,2026-09-30,200,45670f0ed00e1fd7713bef1ec8190a642c5240e65c2eb74f7a259aa1d5892e98,45670f0ed00e1fd7713bef1ec8190a642c5240e65c2eb74f7a259aa1d5892e98,unchanged,1,0,
uradni-list-si:d6d2fe2c52,https://www.uradni-list.si/glasilo-uradni-list-rs/vsebina/2021-01-1047,2026-09-30,200,18af38f4a9e59439af04f85f28ff8983aca9ddc061c956e61d1237fae6d2a3df,18af38f4a9e59439af04f85f28ff8983aca9ddc061c956e61d1237fae6d2a3df,unchanged,1,0,
val-se:9f6e2e1f67,https://www.val.se/om-valmyndigheten/vart-it-stod,2026-09-30,200,05e7092e975e07febf34f2cbd74aefe351e020fe9140122c4d2c4ccfa419609c,e653b3866d22ff3ce18325dbc22a7f058853a0df72f92912c52e1a280affe3b9,changed_quotes_present,5,0,
vas-bg:705e5c06e2,https://www.vas.bg/bg/a/vss-prie-grafik-za-vvezhdane-na-edinnata-informatsionna-sistema-na-sdilishchata-eiss,2026-09-30,200,66d772aebc99afd3091b8d62b256ea88ef8aa0cc30b69d93c30e1699b16c2712,cf603499f37877fda4c1b3feaf6c887552d649252ac7074cd0246fc862450273,changed_quotes_present,1,0,
wallet-gov-gr:3ccc2846d6,https://wallet.gov.gr/,2026-09-30,200,739eb1bac1193e33f2e9f963a1f28323bd513bdec4f79b745a08180e58ef0ec2,739eb1bac1193e33f2e9f963a1f28323bd513bdec4f79b745a08180e58ef0ec2,unchanged,1,0,
wallet-gov-gr:861fec6bc2,https://wallet.gov.gr/privacy/,2026-09-30,200,8a92795aae960afe2b847b5accc303684a49ee9c0a832d8e27c790bf8beb71cd,8a92795aae960afe2b847b5accc303684a49ee9c0a832d8e27c790bf8beb71cd,unchanged,5,0,
water-ie:2457e18dd0,https://www.water.ie/sites/default/files/2025-07/Uisce-Eireann-2024-Annual-Report-EN.pdf,2026-09-30,200,75f79e1eb879e4d98702c30fb399562f904e91444a960257ab02dc07f32f6070,e214b550e48413f57a0a869efa30d9cd6f198ba9be9be8e995415a28d18f7514,quote_vanished,4,4,record:IE:water_control:count;record:IE:water_control:legal_basis;record:IE:water_control:operator;record:IE:water_control:register
web-archive-org:2feeedaf05,https://web.archive.org/web/20260313205329/https://www.riigiteataja.ee/akt/itds,2026-09-30,200,1f8fdfe71d16667d6623e473480773374543d54e2c2c1eaf005e45459452eb7d,71ec6bcb47e204bf9fdaba8139ad8b0230983cb813c36810a587eb1aefcf5044,changed_quotes_present,2,0,
web-archive-org:75166dee30,https://web.archive.org/web/20260514094405/https://www.spcss.cz/,2026-09-30,200,000facbb9b79938cb3ce12d099ec6f84d8c22827f649f403aceb1e6641bc94e2,0a60847242da18c0cf06c6e09feff19d3e5f6b5d1d61b207961a02c36943d474,changed_quotes_present,2,0,
wetten-overheid-nl:1180d41cc2,https://wetten.overheid.nl/BWBR0023864/2025-07-05,2026-09-30,200,a09a912217fbec4ddeb050be9264b57f72c789535077ddf3bc7768cebc939b76,c2dbbca59d1ed0380b12a56d31b56b68dcaf69d12c2d7e8b175f0dd65468f391,changed_quotes_present,1,0,
wetten-overheid-nl:700130d29c,https://wetten.overheid.nl/BWBR0024705/2026-01-01,2026-09-30,200,66d1810159f5267207ffad37acd2d0cb20efe0e68c0f42652af5b64bf5c8f4be,fb200db4485fb73a7ac9b5593e02584d43d4c4bcf043a5302e133f181c48ad7d,changed_quotes_present,1,0,
wetten-overheid-nl:d6777e8911,https://wetten.overheid.nl/BWBR0015926/2025-09-01,2026-09-30,200,de3d81c92a132a746cb0e3cdc5138f9a0d423fb53e2220cb4dd8157efe6f01f7,f2c6700a2da347a5bf306e38d79a42da8565e4e65410807c7b499226b1de0b50,changed_quotes_present,1,0,
wetten-overheid-nl:d93f954bd2,https://wetten.overheid.nl/BWBR0006622/2026-09-01,2026-09-30,200,4317fbd5c745051a17f572ceca183886a2731988aa4045e113258983336ea4d7,a628d8957a6d5c0bf2255ec9ab896fd854c01533b600b72bacbcbc2c4048199c,changed_quotes_present,3,0,
wetten-overheid-nl:e5723fa0de,https://wetten.overheid.nl/BWBR0023746/2026-07-01,2026-09-30,timeout,8fcc2c735dc106afc84d5e3b46abf937d39f9f42227c34a5caf27b8e34cd850c,,unreachable,1,,
wetten-overheid-nl:f0be5f00e8,https://wetten.overheid.nl/BWBR0005212/2024-01-01,2026-09-30,200,0174152909bbd592fec6963bcbfe884ebe571846528dcc61deb14a7fe0f3c60d,b97125aa21930fbdddac7a6accf4621f62ca06bb12781f782e28e31e1f6d4e91,changed_quotes_present,3,0,
zakon-hr:01c594d95d,https://www.zakon.hr/z/809/zakon-o-sustavu-civilne-zastite,2026-09-30,200,c3b9713f939f86cdfeaac845f362dd768e6ed813bcc9ce001ce74d8f04dc7882,76a0193ac33eb59dfeb26b11a8676dc195eb848eede871c194bd10595f838348,changed_quotes_present,1,0,
zakon-hr:04e71ec94f,https://www.zakon.hr/z/173/zakon-o-policijskim-poslovima-i-ovlastima,2026-09-30,200,7740d95544588b359afb08c2462c6a851b77c371eb6c6f17953ff50ab8867be6,e957c4907763059d69788e08c3055383ecdbc414f562f4996ea4e83196e7cc67,changed_quotes_present,2,0,
zakon-hr:0f6fea538a,https://www.zakon.hr/z/603/zakon-o-drzavnim-maticama,2026-09-30,200,b5e382b28e64e33f3c9420ce6245eb7be170dc35db38a6ede44427edecd09777,a7c3ecbc272efe2de16188bfaa784a511a2cefde186ee3be4a1247c8c026b719,changed_quotes_present,4,0,
zakon-hr:690977a22c,https://www.zakon.hr/z/142/zakon-o-strancima,2026-09-30,200,8b9db4bc7cc4062a6b37c89912adeea424123256a8b57093e9d2a56caeca572a,e50db58f5e6c2b285efc41e60e9ebda1d21744a82cbcf02f544589995a5b478a,changed_quotes_present,2,0,
zakon-hr:6d33676629,https://www.zakon.hr/z/156/zakon-o-drzavnoj-izmjeri-i-katastru-nekretnina,2026-09-30,200,95c523b26b2ebb32ac7c27d04e8317bac021c5ffb757ec5341118a394759a536,43a45eefa70582ff756772a66d3ec66b60b8a1e65103901e20157643098747d0,changed_quotes_present,2,0,
zakon-hr:85fba9c324,https://www.zakon.hr/z/271/zakon-o-sudskom-registru,2026-09-30,200,f89c83e53bb6ccad452f920427cd19fed4f03505db327d160ddb824056417c2c,191643c7f023aa529cc49c061ef2177b77cd9bc173f5614c55c52305f6c89598,changed_quotes_present,2,0,
zakon-hr:8bbb4f4295,https://www.zakon.hr/z/2431/zakon-o-obradi-biometrijskih-podataka,2026-09-30,200,80cc3b4fdc2926e73f7aef68c201025e3fd9fc036f401baddeef20d4d0a3dc2a,fc4bd48513db03fcd9a41421d8a390c3018b19531e80ff5b05522e340c8b5e90,changed_quotes_present,2,0,
zakon-hr:8f97e69c61,https://www.zakon.hr/z/103/zakon-o-zemljisnim-knjigama,2026-09-30,200,69d7ec8e3416af7f425456dc624a81a9eb91e0a4696ebde02fef9e046a9c3970,b17a3d5f8fb4ac4b135b6fe570815322353750e2dc7055964631e8271e1ebc31,changed_quotes_present,2,0,
zakon-hr:91d0a5bf58,https://www.zakon.hr/z/317/zakon-o-odgoju-i-obrazovanju-u-osnovnoj-i-srednjoj-skoli,2026-09-30,200,5bfb0db3b9dc453a4f423bbc35557cf56b1b84d57f7248c01384c4f2de9401f6,4e38af6e7786e314f6b254fb1a7ef4bb08a5dab860e3994bf77cd7ccbafbb473,changed_quotes_present,1,0,
zakon-hr:bf6df2b587,https://www.zakon.hr/z/1883/zakon-o-podacima-i-informacijama-u-zdravstvu,2026-09-30,200,0fde1343c1f41bd661a22ae8d3abf2ae7f9ed0ab94796c8bd8b65b1c018b2d2e,39d93b76d6a11ca00f97653dc26522ec92c7d69f2046e6266d794735f481ba35,changed_quotes_present,4,0,
zakon-hr:d00cece7f0,https://www.zakon.hr/z/217/Zakon-o-tajnosti-podataka,2026-09-30,200,5b6d526e1e11292a8c6a4c324c0230a3c23fe1b5954df5a2093e5ba15fa70dea,72e884984e1b62c170ca06512666a7033a9632895eed29a9bd670445494c24ef,changed_quotes_present,1,0,
zakon-hr:f04124ae0e,https://www.zakon.hr/z/419/zakon-o-poreznoj-upravi,2026-09-30,200,123e7b74ff01a89e88c8129bc10c9d6c0068a9c0a27263f7630f3c000fe50be6,3b3054cd53709d53c4eb60c41fb66da235e25baca4f31d253ddb6e3190ad249d,changed_quotes_present,2,0,
zakon-hr:f4bed7f372,https://www.zakon.hr/z/450/zakon-o-nadzoru-drzavne-granice,2026-09-30,200,07bfa87aea65aac9266e329c27f85475617b86164c66c3390f7926712d3a51b9,b7113a9d90947bc1bc1d1b0157c5b3d9c33638220a2e7a8fbeadce422b91a501,changed_quotes_present,1,0,
zakon-hr:fd71c55b87,https://www.zakon.hr/z/283/zakon-o-proracunu,2026-09-30,200,ba8482baa3b9ce3095a01fe3d120bd3d87b102f8dd0d4db04da5cf8b5532ac44,019f9f86e1d78a482165fdf51c658ec479e5b04006867ec427d44c68860b7aa7,changed_quotes_present,1,0,
zakony-judikaty-info:01b856c898,https://zakony.judikaty.info/predpis/zakon-129/2002,2026-09-30,200,f03483c0fee301a3e190fd7f0ba72a8d5b032a0334680807724cd0283126aa3a,aeaa85c8b1c2bf61a879c0760cadf6e9173b6ec9691d6b175f1740834700f8f2,changed_quotes_present,2,0,
zakony-judikaty-info:0879b0893a,https://zakony.judikaty.info/predpis/zakon-461/2003,2026-09-30,200,ff50f23a07d69a991c0d97c7830ea606e6e9271edb2413eb57109bc94b3d3af4,103ab01f2e8932981ac1946e4eb3c48a7671085ca391441b5b1f5b211419fe0d,changed_quotes_present,2,0,
zakony-judikaty-info:08ff4edb78,https://zakony.judikaty.info/predpis/zakon-581/2004,2026-09-30,200,6639e24569b55c5eedf72fa5c4e8cfd778d7272dff53b5401c47616d064f41d5,9f959538381ffb450f411b0658c9a3737e1866f92086ffaebf7753d39d36dad5,changed_quotes_present,2,0,
zakony-judikaty-info:102f092bed,https://zakony.judikaty.info/predpis/zakon-153/2013,2026-09-30,200,306fd36acdf13a720702fc6685479ab627ef38b4247880a2186d9ff0da6b1820,12aa70c163298efa98e8d27d1257f4114f79be241547d58ba4343c95710de5ce,changed_quotes_present,2,0,
zakony-judikaty-info:262477f4c7,https://zakony.judikaty.info/predpis/zakon-8/2009,2026-09-30,200,66e38bfbaf4b51cedbab31ddf3f717e1137b97d82e89b370ec065b3916ee5c04,8fbabd15c1cdf53916cb00467bc5d867f1d08bb27c0d5cee93453475b8fa1e1d,changed_quotes_present,1,0,
zakony-judikaty-info:36191f0e74,https://zakony.judikaty.info/predpis/zakon-400/2015,2026-09-30,200,b9a8a2d9a53abc059a1647b35dc4a86d22d39ee48857c54e049ab977b892f7c4,1ddbb103f421e823b7782bfe203393bfc7d09415a0bc33f06a509b05733ab123,changed_quotes_present,3,0,
zakony-judikaty-info:3c57bfb4b0,https://zakony.judikaty.info/predpis/zakon-404/2011,2026-09-30,200,333ea0347ff325b503ee11fd2ddd228afd3d4ccc241176940325dc1a1706c929,c0f64e8193412ac87f882b00136c1102b9682568b4f387d700e75969cd51abb5,changed_quotes_present,2,0,
zakony-judikaty-info:58f8bc2ac4,https://zakony.judikaty.info/predpis/zakon-55/2017,2026-09-30,200,14f5dc3145c18f60bad88c0e18ac226ef863e9e31cc1f6c9d2a1888e578f82f4,58701e27b3b25a02860a7d97c95b85dc9e6bea5bceb354611ea175dc6a8cde33,changed_quotes_present,2,0,
zakony-judikaty-info:6400764c4a,https://zakony.judikaty.info/predpis/zakon-305/2013,2026-09-30,200,7f0ad69c1b48552391cfd2842a32e77bd7a84556f8ab56e28dbb34e4db9e2f4b,2ef761caa4f796a97aaf90a02cac63a5e8b50e4a2eb0b8c557a8ff243ca4b042,changed_quotes_present,2,0,
zakony-judikaty-info:643bc3547c,https://zakony.judikaty.info/predpis/zakon-180/2014,2026-09-30,200,6e548db8b78129655a7f3193edd395980f22070cda5978eb5bb176b31ea8ef6a,23414096edfac228f18a6feeab66c7f062d00b1790ccb8a517ad7b965e326102,changed_quotes_present,5,0,
zakony-judikaty-info:65a7d17398,https://zakony.judikaty.info/predpis/zakon-190/2003,2026-09-30,200,1079de4386bf11e3f56061bf6086d35c15029ec82f68ee619b87c54e5aea8191,f79554ca2ce0adf0996f58aab633310eeb5156adfcffe047909487523cebb2f0,changed_quotes_present,2,0,
zakony-judikaty-info:66def3d68f,https://zakony.judikaty.info/predpis/zakon-171/1993,2026-09-30,200,a08ccd5a170a48c027658651af6f873932be5cba22149fc13932ea4d42b3fda5,4d1d8e00c0f54fed851c33a44da92e2169ac450dd23d59b047bb0a8868e2fc0f,changed_quotes_present,1,0,
zakony-judikaty-info:919eea7e79,https://zakony.judikaty.info/predpis/zakon-395/2002,2026-09-30,200,c394598b0fd40aebbcde4ce30625ea41e46f19d21673afe01e58f57bdf54d6b3,9b0c74b64e23da20abe6858f46b43d7ae9bd6fd775e3da09834d85c36a365edd,changed_quotes_present,1,0,
zakony-judikaty-info:a3c5e3d80f,https://zakony.judikaty.info/predpis/zakon-125/2015,2026-09-30,200,4a5860b30a65ad431a87ba71f9f7d3676b6c60b176ab96dc20473e1821547498,4a59ad329491482f1ea01deed481bd9942d62abd80775e2c7698c213a2e0ef0c,changed_quotes_present,1,0,
zakony-judikaty-info:abcab898c6,https://zakony.judikaty.info/predpis/zakon-162/1995,2026-09-30,200,b4512a1657cbeeaed86bbcdb3fca2e4fab176392ddffffac76363c682758a4f6,3db4e207a1755a6cda72d18ebb19f1beef084cbaea244e136582d55b3b40b542,changed_quotes_present,2,0,
zakony-judikaty-info:b0d7e6f4f8,https://zakony.judikaty.info/predpis/zakon-315/2016,2026-09-30,200,8bf7bf0c118c521643b21122a242bfb12303c477b541d649b903718d7fe150a3,26df81cec2680c5e7d3736dc23ad71fe676bb6e5f50d3abd92d3f7dda02354df,changed_quotes_present,1,0,
zakony-judikaty-info:bc65dc8528,https://zakony.judikaty.info/predpis/zakon-224/2006,2026-09-30,200,ffdb1e2c3028e3720a78ba45977625a9d2ee2bcf0bb27888226ab7390a922ac5,25f3e0c2ac0cdec90d50c44fbce1b77702384d25ac6dd35be87334c8d28c117e,changed_quotes_present,4,0,
zakony-judikaty-info:c14756c1eb,https://zakony.judikaty.info/predpis/zakon-245/2008,2026-09-30,200,87fbbcc975c2d8888d9f8634d9863783f74ed3724590babedbf3b237dba4ccf9,f08ed8a31281b31c5162783e3609d01dd62471b2f7fbef8d8ade245e7914fb6c,changed_quotes_present,1,0,
zakony-judikaty-info:c1d1cfead6,https://zakony.judikaty.info/predpis/zakon-330/2007,2026-09-30,200,4814fef83390e11746f655424b9e5cb7781972e3404b6442309ca273b3b14419,e9263ff4e345d96f3c5256b7ec8d4f8f4d380cd66c4ab4838b5f3bb9874e01d0,changed_quotes_present,1,0,
zakony-judikaty-info:c9aed832ed,https://zakony.judikaty.info/predpis/zakon-647/2007,2026-09-30,200,475500c755fee702d5d8c6885860d21055a5f39e412e2ed05ad5f29ee1d12ef7,528c5a01262d5658fda8ec4c445646685052daf4ee5d5c448232499f4e507750,changed_quotes_present,1,0,
zakony-judikaty-info:cf164276e2,https://zakony.judikaty.info/predpis/zakon-253/1998,2026-09-30,200,9e01e960fffd46d6c9fd82fc4ca12183e1fefe21eca22d3c860ff8e55887ac50,84209dda788878ba7f4ce4cdd6477a75c75150eaaf24c2b0ce53dd6f3f682323,changed_quotes_present,3,0,
zakony-judikaty-info:d6d00cfb1d,https://zakony.judikaty.info/predpis/zakon-530/2003,2026-09-30,200,c9a1606c0295eaf2833a1751dfebf4406043f4b2e1f9fdb5682a2c5e56511cf1,3e798bf3af92b3d1a9780447d589a31076bc6ab7449f443f39d0335a82602026,changed_quotes_present,1,0,
zakony-judikaty-info:da6ca1f082,https://zakony.judikaty.info/predpis/zakon-154/1994,2026-09-30,200,277c033a5ab437054b61de93280c2d834d14400d4a12c6b4da01ae16cfeff521,e4cc11da74a196f95afcc9b79058e23a3fc7e6a4936d021b6b7ebd1c7f4b1450,changed_quotes_present,3,0,
zakony-judikaty-info:e45eb39250,https://zakony.judikaty.info/predpis/zakon-251/2012,2026-09-30,200,5a95a4b0da7ea72d0562e3f8c26e12dd761b587884cfa64c08f0139a4a332309,503207adb6e20c91ce8f3c7466f4419e4bd96e84e226ac1b6479a27aa3743a63,changed_quotes_present,1,0,
zakony-judikaty-info:f7d0c691ce,https://zakony.judikaty.info/predpis/zakon-387/2002,2026-09-30,200,b058550f1f74c0fb314ad4c7f53e0d604dbf877c6ddacf10b25f14cda8298f69,78f49e49654231bd21f5ad674c0828e881e46d2b8ac6ccc0083d835e1e0e94db,changed_quotes_present,1,0,
zakonyprolidi-cz:0116023f54,https://www.zakonyprolidi.cz/cs/2025-505,2026-09-30,200,65a01c39bd8043c9e5052a2f8e215d06a6be06281e9daa4eae8b5c93ae7563eb,e69c82f72f45101a3ade98455997b26b6e3a3c058b6d2827cb2873395ff3296c,changed_quotes_present,1,0,
zakonyprolidi-cz:1698443c0c,https://www.zakonyprolidi.cz/cs/2013-304,2026-09-30,200,5f31a9773d4107bb12e9987c3a13c5fda0ece40a0da93c57d8b9f033f8186cd1,6347de98daf0a226990c4babfb7fda890342e63be28e4d79e980d52583e29161,changed_quotes_present,1,0,
zakonyprolidi-cz:19033c0085,https://www.zakonyprolidi.cz/cs/2000-240,2026-09-30,200,1c902070b0009f00eeab8ac4e928f1243a000ff34f2ec2b1b5955e00abba14f1,70229c5483ad38a6216f920a942334a63783e97193168885cdfea42c84f0c805,changed_quotes_present,2,0,
zakonyprolidi-cz:2ad9441693,https://www.zakonyprolidi.cz/cs/2005-412,2026-09-30,200,31c5ea89c2c51f949fd122e6900bc17b62b776368d5c3ed41376984fe315f686,7c0a05f2a5678b43dd5417a376c0994043501d41a027121dee51a84d59b1fc4c,changed_quotes_present,1,0,
zakonyprolidi-cz:3399c8e538,https://www.zakonyprolidi.cz/cs/2009-111,2026-09-30,200,86abb2e8f37109d8f5dfe95e0e06ba505637e246a3265619e2b22f8bc9784527,aaf56b0418c2f39bbcd0fa918bcecdb6c39165d4b6ff4fda796e6a27bfe25f43,changed_quotes_present,2,0,
zakonyprolidi-cz:432f506c61,https://www.zakonyprolidi.cz/cs/1999-329,2026-09-30,200,e596b2a034011f04df97180d4c7035a3fdf6e0b68ad5131fecf36d02c0269b62,b02ee318171b06d81c7cc01de4c528fbfaacd3c441b3d2bd8b356d4657d2c0c8,changed_quotes_present,1,0,
zakonyprolidi-cz:46654f5e99,https://www.zakonyprolidi.cz/cs/1991-582,2026-09-30,200,5b8ca21d116144ec5d4fbd479e8b2bc1369750874ac6b1cf76806595986933b5,7356f434f6d7611e902450390224328b66c6bb52fce4d8e6c329b75f0df1f774,changed_quotes_present,3,0,
zakonyprolidi-cz:4ddefe1ed9,https://www.zakonyprolidi.cz/cs/2000-301,2026-09-30,200,ece2950f0b32681b105cddd74fea6d76313eaa76cb05cee88a32faf9261a9388,97f98157bc97554e57aeba84760552f3983732e8cdf8b9c0094bbf256894421a,changed_quotes_present,2,0,
zakonyprolidi-cz:4f5b361511,https://www.zakonyprolidi.cz/cs/1999-326,2026-09-30,200,13a053fcc2556a6a7d0321518696659d0f19b7f27a037075c83aea1785ab6990,418267ee57fc6ea5a24045ed61696820c5104d62c5b0e77651eb4aadcf526e8c,changed_quotes_present,3,0,
zakonyprolidi-cz:5c69caa95d,https://www.zakonyprolidi.cz/cs/2021-37,2026-09-30,200,c560c06dac9b916eae187b94b6623713f2497766573f64f1699f6eaeab47b80c,433da122f053207398ecf24202b2aed436c254b3f2ee235591e6cd88cf503783,changed_quotes_present,2,0,
zakonyprolidi-cz:5da60c34f7,https://www.zakonyprolidi.cz/cs/2008-273,2026-09-30,200,7f00fd17698cf4732b216de1d1925a5c2d933c1f49cecff7453569d36c0879d2,8bdc359fca6cde25b702e7503ff147e744c3b176c2d49dbbef556eca7ba8de1d,changed_quotes_present,1,0,
zakonyprolidi-cz:635a6233a1,https://www.zakonyprolidi.cz/cs/2016-297,2026-09-30,200,758ef5decde63687fe3f32742278395d8572e104ced4fdf3ea3242a58143ef3a,8b699015ade46022dfb8e3723555480006c4a29d9183de19887803f59c52d4c7,changed_quotes_present,4,0,
zakonyprolidi-cz:64b979d318,https://www.zakonyprolidi.cz/cs/2021-269,2026-09-30,200,5871c2a3c3d0e5f236525f9021ca3b41dcf4f515e7ef6413432c0f82a33a5c2b,eb067d38bf0495abb6679ae0c6a4d6016830ef9cc2533e98b43cb65b71622376,changed_quotes_present,6,0,
zakonyprolidi-cz:6835ead736,https://www.zakonyprolidi.cz/cs/1992-592,2026-09-30,200,bf8691a34509e1012f7ea96983b8d5301e71f2ef326e4076b8d0ff1cf7cb28f6,3ccbe0c3fde6d69a75984a7e07b8e0b4e5d537273bb7087a310920d2c1a5c1f9,changed_quotes_present,1,0,
zakonyprolidi-cz:7859dc5414,https://www.zakonyprolidi.cz/cs/2000-365,2026-09-30,200,8d9bdea9e8b005b3d53673b979388a4d687cd9744dd36981cbb7a444fffdd585,865709bca00a598a99e760a8388449cc5ed6a71b37680a247d644b258bd55bf1,changed_quotes_present,2,0,
zakonyprolidi-cz:7b69d38132,https://www.zakonyprolidi.cz/cs/2024-90,2026-09-30,200,6d8ad75b2fee264be542af34433c3817107e2d336d07f42e188a872316e75ebd,44720d72508cb802cd0ecd022d2009324fb6dacb0d4be808525e93b3e5f32233,changed_quotes_present,2,0,
zakonyprolidi-cz:80e422e6d8,https://www.zakonyprolidi.cz/cs/2013-256,2026-09-30,200,7e866e191d1fa9017d32752ecc958c981437407d01ed66e9759ddd94a401c06d,6375ee0af55eda7460399dd56584c72b34382cae8d1e0360c260c48038de4c3f,changed_quotes_present,1,0,
zakonyprolidi-cz:968668a791,https://www.zakonyprolidi.cz/cs/1994-269,2026-09-30,200,90c2937a6ed7e4390ee1b008912a9737fadac7215c01f37ffc3d23307f887c85,29f0e3ca0137f059cbb2e23d1b852ed30cd7cd796d4e86ae7d7367d6d3a4352a,changed_quotes_present,2,0,
zakonyprolidi-cz:968d9f961b,https://www.zakonyprolidi.cz/cs/2000-361,2026-09-30,200,dd5cd6b17f59818c3b0ff41bd1a3937ad25110c56e4305459ef5f48e675e3a78,46a36b5333f22c4fc31a907c093fbb65d570ce93071ed42403cbaf8eff85485e,changed_quotes_present,1,0,
zakonyprolidi-cz:9a93e4b049,https://www.zakonyprolidi.cz/cs/2001-56,2026-09-30,200,c78502fe1a32e41998dffd4e4b611356841b7d29f2a6ea0fa801565eca8b666f,3feb836d3a6b0212e0226da1051078a1f8bd77c0a46452e74cc03f1549eb8bdd,changed_quotes_present,1,0,
zakonyprolidi-cz:abc8566548,https://www.zakonyprolidi.cz/cs/2012-17,2026-09-30,200,bbfb694b093f3b6b8e3494e2fc2bd49ae36b6364e1f03285c975d3ca23af33eb,e9adae111c2862cf05dfaa06a4ff9df7793b9f7dbf09332b2ab797f5b8f36a1b,changed_quotes_present,1,0,
zakonyprolidi-cz:b0ab015533,https://www.zakonyprolidi.cz/cs/2000-239,2026-09-30,200,a16f5647b2ab55ee880cd286f6db20b56bbbd5283f0195530067ed058495a37f,30b7c416122d3b4440ab359eec2b2b043227e17f9a8bbd918acf4cc7f517649c,changed_quotes_present,1,0,
zakonyprolidi-cz:ba1c501e72,https://www.zakonyprolidi.cz/cs/2017-250,2026-09-30,200,f4eb0ac71f0258784851c9794840d1e08b8295714dccdcf7345e9b2201030cc0,88dde86c105f738d2e0d4c81cfa73ccfd7cdce024a1fbbe0dcd446dd9f95c4f5,changed_quotes_present,5,0,
zakonyprolidi-cz:bd0515f03f,https://www.zakonyprolidi.cz/cs/2024-88,2026-09-30,200,1592a43908148e84e37e55befd573a8fc37d130332e4faa9e62ce7519026d546,bdbcbd98db429b4b818f2d8f96208ffe5ceef3cf665da197a8f86d79f42c8054,changed_quotes_present,5,0,
zakonyprolidi-cz:c4a9a000d1,https://www.zakonyprolidi.cz/cs/2000-258,2026-09-30,200,75375586d8d72ac431632b3386ddc116749b5a8a0e73e0eda98d2299191e3196,c87931753c37b504cca02bbaeda141f4f467b13368bdf7e62a8dfeadc41d614b,changed_quotes_present,2,0,
zakonyprolidi-cz:c73d330c14,https://www.zakonyprolidi.cz/cs/2014-234,2026-09-30,200,98f84038479a3475577829b5b1147388d832d2803023b50aa2cc3e85e9511a3d,42101bc1e585098fedfa5cb58a71fa11c76ec2259a08aca0538a8f04c96e984c,changed_quotes_present,3,0,
zakonyprolidi-cz:c92ab11840,https://www.zakonyprolidi.cz/cs/2009-280,2026-09-30,200,f448dc75e45a739d032559117bcc4e547c3006de326af75c1caee80665a23d8f,a012d60cf211bf2f96edeaad43f80b5ec5e0509d29924d01f52dc7f8661ab42a,changed_quotes_present,1,0,
zakonyprolidi-cz:d07c0378c2,https://www.zakonyprolidi.cz/cs/1992-359,2026-09-30,200,2004aa6fa4dcf9e85211f1c531959c3cbac5e5839e424f895020a15a37ceaac7,0af9519a1b0e8d8563e9541ceda6f925a434a106ce257c4addd556bf3b7035ca,changed_quotes_present,1,0,
zakonyprolidi-cz:d2c3643206,https://www.zakonyprolidi.cz/cs/2007-378,2026-09-30,200,56c832008e8c3afa7799b416a5e725299738150b61ef43aa8d9f536fbdabcd18,af27500a4dc0bced41a43e4feb3fbd5fae6b5151dc7e2c1ba1ba86ffdc1f9bfd,changed_quotes_present,2,0,
zakonyprolidi-cz:e10e25f7b1,https://www.zakonyprolidi.cz/cs/2016-242,2026-09-30,200,3cd41075e0e102cc97a405cea1d188c496885072de9bce6a3514f10ac1330a1d,2ac84422a4fea1c775d70e99d381d720af86bf5883517d6ad0b0554ab2821b5a,changed_quotes_present,1,0,
zavezanec-zzzs-si:e60894ab28,https://zavezanec.zzzs.si/fileadmin/user_upload/dokumenti/novice/2026/zzzsporocilo2025-infografika-web.pdf,2026-09-30,200,c86dfdff2d835ef736e7234bdb6077beca6a8b036df022e758bcc81bb87e68bf,c86dfdff2d835ef736e7234bdb6077beca6a8b036df022e758bcc81bb87e68bf,unchanged,2,0,
znakovi-hgk-hr:6be8f98659,https://znakovi.hgk.hr/proizvod/usluga-podatkovnog-centra-apis-it/,2026-09-30,200,6d15f40098aff271b635f5a3a68e83e394f0f3d85fd4cec7cf9b086436185fb2,991a5dab72f22381a9a87dd06cf3013135f305be639355bb03f0792e3d1302ab,changed_quotes_present,2,0,
zoek-officielebekendmakingen-nl:21c4d0ab99,https://zoek.officielebekendmakingen.nl/kst-1263099.pdf,2026-09-30,200,1b683d85d614be040a5312d0588a6b2a0543602c0708723fdeaf801074a564e2,1b683d85d614be040a5312d0588a6b2a0543602c0708723fdeaf801074a564e2,unchanged,2,0,
zoek-officielebekendmakingen-nl:37250de695,https://zoek.officielebekendmakingen.nl/kst-1263281.pdf,2026-09-30,200,59d307a4f14349a219366a0094c1cebe28a35e6dd64cb306dd4314da08fbe2b8,59d307a4f14349a219366a0094c1cebe28a35e6dd64cb306dd4314da08fbe2b8,unchanged,1,0,
zoek-officielebekendmakingen-nl:71ff96c75f,https://zoek.officielebekendmakingen.nl/kst-31934-61.html,2026-09-30,200,ae5c63142f9c1bb002f3513941a539b680892e92860daa953c4e3cec9fce8ef7,5f27087ab86caf8979ab2316018a2bc8cb939387596e0d3aec6fd28a49646d15,changed_quotes_present,1,0,
zoek-officielebekendmakingen-nl:8abab4a5b0,https://zoek.officielebekendmakingen.nl/stcrt-2025-30222.html,2026-09-30,200,5a0dcf996eb180b1fecbb4cc020cc44de7f1e348fe5f5b878d6be632ef7be684,d964175c2b13fbb6542a6bff24590b3fcc82c7387164d71186b116809643649f,changed_quotes_present,1,0,
zoek-officielebekendmakingen-nl:9af8d75334,https://zoek.officielebekendmakingen.nl/kst-36621-3.html,2026-09-30,200,8e91e1ae545d830977cfa9e333a007588a966f1501c77b3233f1b6e0161136cc,f129625418d03ee90b0396d22dfee9aca8f35bbe34608b13246f5a8494535d09,changed_quotes_present,1,0,
zoll-de:f2183dbfc2,https://www.zoll.de/DE/Fachthemen/Zoelle/ATLAS/atlas_node.html,2026-09-30,error,16a81c2cdad94a2cae9921576b481c0b9761a44a8d73cfb7d8ab25373a74531e,,unreachable,1,,
zzzs-si:95eff385cb,https://www.zzzs.si/fileadmin/user_upload/dokumenti/informacije_in_publikacije/evidenca_o_zavarovanih_osebah.pdf,2026-09-30,200,6292fc09e34356d41e28bd276c7de15d1c59c986c19d462e5209fb84f61b7914,6292fc09e34356d41e28bd276c7de15d1c59c986c19d462e5209fb84f61b7914,unchanged,1,0,
