iso,class_id,field,url,http_status,content_type,sha256,match,archived_url,checked
AT,authentication_audit_log,legal_basis,https://www.ris.bka.gv.at/GeltendeFassung.wxe?Abfrage=Bundesnormen&Gesetzesnummer=20003230,200,text/html,09b961c25cc75a8e78aeeec4cc7f5623bb9c27574e784725b43e8507e62e34c7,exact,https://web.archive.org/web/20260414095127/https://www.ris.bka.gv.at/GeltendeFassung.wxe?Abfrage=Bundesnormen&Gesetzesnummer=20003230,2026-09-29
AT,breeder_documents,holding_name,https://www.ris.bka.gv.at/GeltendeFassung.wxe?Abfrage=Bundesnormen&Gesetzesnummer=10005579,200,text/html,ead50e9a291be7d10e90417b14f46fd5589b139504c70c7f2eb9ad0b3056a9cb,exact,https://web.archive.org/web/20260808214415/https://www.ris.bka.gv.at/GeltendeFassung.wxe?Gesetzesnummer=10005579&Abfrage=Bundesnormen,2026-09-29
AT,breeder_documents,holding_name,https://www.ris.bka.gv.at/GeltendeFassung.wxe?Abfrage=Bundesnormen&Gesetzesnummer=20008228,200,text/html,d206cd650664a6e95b00342699193bfc25fd2fa143dfac170bd0f8b0ffe4f229,exact,https://web.archive.org/web/20260407203750/https://www.ris.bka.gv.at/GeltendeFassung.wxe?Abfrage=Bundesnormen&Gesetzesnummer=20008228,2026-09-29
AT,breeder_documents,hosting,https://www.ris.bka.gv.at/GeltendeFassung.wxe?Abfrage=Bundesnormen&Gesetzesnummer=20008228,200,text/html,d206cd650664a6e95b00342699193bfc25fd2fa143dfac170bd0f8b0ffe4f229,exact,https://web.archive.org/web/20260407203750/https://www.ris.bka.gv.at/GeltendeFassung.wxe?Abfrage=Bundesnormen&Gesetzesnummer=20008228,2026-09-29
AT,civil_registry,holding_name,https://www.bmi.gv.at/magazin/2022_05_06/34_E_Government.aspx,200,text/html,3c5b97d5f39ece4cc3b9555297d9a799411702fa7ce90d5cd853f248106d0b8d,exact,https://web.archive.org/web/20250810010751/https://www.bmi.gv.at/magazin/2022_05_06/34_E_Government.aspx,2026-09-29
AT,civil_registry,holding_name,https://www.ris.bka.gv.at/GeltendeFassung.wxe?Abfrage=Bundesnormen&Gesetzesnummer=10005799,200,text/html,0c5fa61e5322acf00204fedf5b5d817bd0a8dc6e7bca7f5cf4470ef605d0a62a,exact,,2026-09-29
AT,civil_registry,holding_name,https://www.ris.bka.gv.at/GeltendeFassung.wxe?Abfrage=Bundesnormen&Gesetzesnummer=20008228,200,text/html,d206cd650664a6e95b00342699193bfc25fd2fa143dfac170bd0f8b0ffe4f229,exact,https://web.archive.org/web/20260407203750/https://www.ris.bka.gv.at/GeltendeFassung.wxe?Abfrage=Bundesnormen&Gesetzesnummer=20008228,2026-09-29
AT,civil_registry,legal_basis,https://www.ris.bka.gv.at/GeltendeFassung.wxe?Abfrage=Bundesnormen&Gesetzesnummer=10005799,200,text/html,0c5fa61e5322acf00204fedf5b5d817bd0a8dc6e7bca7f5cf4470ef605d0a62a,exact,,2026-09-29
AT,civil_registry,operator,https://www.bmi.gv.at/magazin/2022_05_06/34_E_Government.aspx,200,text/html,3c5b97d5f39ece4cc3b9555297d9a799411702fa7ce90d5cd853f248106d0b8d,exact,https://web.archive.org/web/20250810010751/https://www.bmi.gv.at/magazin/2022_05_06/34_E_Government.aspx,2026-09-29
AT,civil_registry,operator,https://www.ris.bka.gv.at/GeltendeFassung.wxe?Abfrage=Bundesnormen&Gesetzesnummer=20003230,200,text/html,09b961c25cc75a8e78aeeec4cc7f5623bb9c27574e784725b43e8507e62e34c7,exact,https://web.archive.org/web/20260414095127/https://www.ris.bka.gv.at/GeltendeFassung.wxe?Abfrage=Bundesnormen&Gesetzesnummer=20003230,2026-09-29
AT,civil_registry,operator,https://www.ris.bka.gv.at/GeltendeFassung.wxe?Abfrage=Bundesnormen&Gesetzesnummer=20008228,200,text/html,d206cd650664a6e95b00342699193bfc25fd2fa143dfac170bd0f8b0ffe4f229,exact,https://web.archive.org/web/20260407203750/https://www.ris.bka.gv.at/GeltendeFassung.wxe?Abfrage=Bundesnormen&Gesetzesnummer=20008228,2026-09-29
AT,digital_identity_credentials,foreign_dependency,https://www.rechnungshof.gv.at/rh/home/news/news/news_3/Umstellung_von_Handysignatur_auf_E-ID.html,200,text/html,5babc1e8cec605322735c327cfd8f7ff79b4d6811ea5a4de4a47bc523652b261,exact,https://web.archive.org/web/20230331220531/https://www.rechnungshof.gv.at/rh/home/news/news/news_3/Umstellung_von_Handysignatur_auf_E-ID.html,2026-09-29
AT,digital_identity_credentials,holding_name,https://www.ris.bka.gv.at/GeltendeFassung.wxe?Abfrage=Bundesnormen&Gesetzesnummer=20003230,200,text/html,09b961c25cc75a8e78aeeec4cc7f5623bb9c27574e784725b43e8507e62e34c7,exact,https://web.archive.org/web/20260414095127/https://www.ris.bka.gv.at/GeltendeFassung.wxe?Abfrage=Bundesnormen&Gesetzesnummer=20003230,2026-09-29
AT,digital_identity_credentials,hosting,https://www.rechnungshof.gv.at/rh/home/home/2023_7_E-ID.pdf,200,application/pdf,df68a2bffd230d1d8501bc253557595b9aa2466bdc97adbebf4df3900fec9c36,exact,,2026-09-29
AT,digital_identity_credentials,legal_basis,https://www.ris.bka.gv.at/GeltendeFassung.wxe?Abfrage=Bundesnormen&Gesetzesnummer=20003230,200,text/html,09b961c25cc75a8e78aeeec4cc7f5623bb9c27574e784725b43e8507e62e34c7,exact,https://web.archive.org/web/20260414095127/https://www.ris.bka.gv.at/GeltendeFassung.wxe?Abfrage=Bundesnormen&Gesetzesnummer=20003230,2026-09-29
AT,digital_identity_credentials,operator,https://www.ris.bka.gv.at/GeltendeFassung.wxe?Abfrage=Bundesnormen&Gesetzesnummer=20003230,200,text/html,09b961c25cc75a8e78aeeec4cc7f5623bb9c27574e784725b43e8507e62e34c7,exact,https://web.archive.org/web/20260414095127/https://www.ris.bka.gv.at/GeltendeFassung.wxe?Abfrage=Bundesnormen&Gesetzesnummer=20003230,2026-09-29
AT,digital_identity_credentials,record_count,https://www.bundeskanzleramt.gv.at/bundeskanzleramt/nachrichten-der-bundesregierung/2025/08/id-austria-knackt-4-millionen-marke.html,200,text/html,70980e4715373088111ae32641ae3197d2fbca29d07b76a6916ebd170053068b,exact,https://web.archive.org/web/20260219091143/https://www.bundeskanzleramt.gv.at/bundeskanzleramt/nachrichten-der-bundesregierung/2025/08/id-austria-knackt-4-millionen-marke.html,2026-09-29
AT,electoral_roll,holding_name,https://www.ris.bka.gv.at/GeltendeFassung.wxe?Abfrage=Bundesnormen&Gesetzesnummer=20009720,200,text/html,f47dbd9883c2618ed532c4f245ad8fc11a071c4096217b053d482660565735c2,exact,https://web.archive.org/web/20260208002104/https://www.ris.bka.gv.at/GeltendeFassung.wxe?Gesetzesnummer=20009720&Abfrage=Bundesnormen,2026-09-29
AT,electoral_roll,operator,https://www.ris.bka.gv.at/GeltendeFassung.wxe?Abfrage=Bundesnormen&Gesetzesnummer=20009720,200,text/html,f47dbd9883c2618ed532c4f245ad8fc11a071c4096217b053d482660565735c2,exact,https://web.archive.org/web/20260208002104/https://www.ris.bka.gv.at/GeltendeFassung.wxe?Gesetzesnummer=20009720&Abfrage=Bundesnormen,2026-09-29
AT,electoral_roll,record_count,https://www.bmi.gv.at/412/nationalratswahlen/nationalratswahl_2024/start.html,200,text/html,a5f1ec1ba423368ccedf4e1d548358245c0ba148c1ae70013c679eb38dba87ad,exact,,2026-09-29
AT,facial_biometric,holding_name,https://www.ris.bka.gv.at/GeltendeFassung.wxe?Abfrage=Bundesnormen&Gesetzesnummer=10005798,200,text/html,86449bb76d84015bf3045567d1f57f7711aaf0361c9d9714f2d26d651783555b,exact,https://web.archive.org/web/20260123224358/https://www.ris.bka.gv.at/GeltendeFassung.wxe?Abfrage=Bundesnormen&Gesetzesnummer=10005798,2026-09-29
AT,facial_biometric,hosting,https://www.ris.bka.gv.at/GeltendeFassung.wxe?Abfrage=Bundesnormen&Gesetzesnummer=10005798,200,text/html,86449bb76d84015bf3045567d1f57f7711aaf0361c9d9714f2d26d651783555b,exact,https://web.archive.org/web/20260123224358/https://www.ris.bka.gv.at/GeltendeFassung.wxe?Abfrage=Bundesnormen&Gesetzesnummer=10005798,2026-09-29
AT,facial_biometric,legal_basis,https://www.ris.bka.gv.at/GeltendeFassung.wxe?Abfrage=Bundesnormen&Gesetzesnummer=10005798,200,text/html,86449bb76d84015bf3045567d1f57f7711aaf0361c9d9714f2d26d651783555b,exact,https://web.archive.org/web/20260123224358/https://www.ris.bka.gv.at/GeltendeFassung.wxe?Abfrage=Bundesnormen&Gesetzesnummer=10005798,2026-09-29
AT,fingerprint_biometric,legal_basis,https://www.ris.bka.gv.at/GeltendeFassung.wxe?Abfrage=Bundesnormen&Gesetzesnummer=10005798,200,text/html,86449bb76d84015bf3045567d1f57f7711aaf0361c9d9714f2d26d651783555b,exact,https://web.archive.org/web/20260123224358/https://www.ris.bka.gv.at/GeltendeFassung.wxe?Abfrage=Bundesnormen&Gesetzesnummer=10005798,2026-09-29
AT,fingerprint_biometric,not_held,https://www.ris.bka.gv.at/GeltendeFassung.wxe?Abfrage=Bundesnormen&Gesetzesnummer=10005798,200,text/html,86449bb76d84015bf3045567d1f57f7711aaf0361c9d9714f2d26d651783555b,exact,https://web.archive.org/web/20260123224358/https://www.ris.bka.gv.at/GeltendeFassung.wxe?Abfrage=Bundesnormen&Gesetzesnummer=10005798,2026-09-29
AT,indicator:C1,indicator,https://www.brz.gv.at/was-wir-tun.html,200,text/html,f214f0cb0fd864eea78dfa2dcb2324227e70c42935afed34410a87900f36cc8e,exact,,2026-09-29
AT,indicator:C1,indicator,https://www.ris.bka.gv.at/GeltendeFassung.wxe?Abfrage=Bundesnormen&Gesetzesnummer=10001466,200,text/html,b2e977426d4238697f2d9d992dff0fbfb7209facffb9c4c57c840dffe94daf0b,exact,,2026-09-29
AT,indicator:C2,indicator,https://www.brz.gv.at/was-wir-tun/geschaeftsfelder.html,200,text/html,7ea577ba9b05407c6a90fd6cdf0efaf73a3fd548bb0e1ef6176218401e1dfe7d,exact,https://web.archive.org/web/20250916204831/https://www.brz.gv.at/was-wir-tun/geschaeftsfelder.html,2026-09-29
AT,indicator:C2,indicator,https://www.brz.gv.at/was-wir-tun/services-produkte/cloud-storage_brz_goverdrive.html,200,text/html,3da702401556f8ac560723bdd42dbf437074e7000a283a7b280e3737471ee2fc,exact,https://web.archive.org/web/20260313144351/https://www.brz.gv.at/was-wir-tun/services-produkte/cloud-storage_brz_goverdrive.html,2026-09-29
AT,indicator:K1,indicator,https://www.bmi.gv.at/downloads/csca.html,200,text/html,b82dcffa1559b550e138a1a5ca69d74c39edb8880ff859ca80d485a2fce31ec5,exact,https://web.archive.org/web/20260608085339/https://www.bmi.gv.at/downloads/csca.html,2026-09-29
AT,indicator:K1,indicator,https://www.rechnungshof.gv.at/rh/home/home/2023_7_E-ID.pdf,200,application/pdf,df68a2bffd230d1d8501bc253557595b9aa2466bdc97adbebf4df3900fec9c36,exact,,2026-09-29
AT,indicator:K2,indicator,https://www.rechnungshof.gv.at/rh/home/news/news/news_3/Umstellung_von_Handysignatur_auf_E-ID.html,200,text/html,5babc1e8cec605322735c327cfd8f7ff79b4d6811ea5a4de4a47bc523652b261,exact,https://web.archive.org/web/20230331220531/https://www.rechnungshof.gv.at/rh/home/news/news/news_3/Umstellung_von_Handysignatur_auf_E-ID.html,2026-09-29
AT,indicator:K2,indicator,https://www.ris.bka.gv.at/GeltendeFassung.wxe?Abfrage=Bundesnormen&Gesetzesnummer=20003230,200,text/html,d6f192e93ffeb387b5b43fd483801b7083d535d68f7faa450145d948711aebd1,exact,,2026-09-29
AT,indicator:L1,indicator,https://www.ris.bka.gv.at/GeltendeFassung.wxe?Abfrage=Bundesnormen&Gesetzesnummer=20003054,200,text/html,f49d09dd20e5a978b38dae5899d027582fd845230a65a55def68e20a87585964,exact,https://web.archive.org/web/20260213035204/https://www.ris.bka.gv.at/GeltendeFassung.wxe?Gesetzesnummer=20003054&Abfrage=Bundesnormen,2026-09-29
AT,indicator:L2,indicator,https://www.ris.bka.gv.at/GeltendeFassung.wxe?Abfrage=Bundesnormen&Gesetzesnummer=10005792,200,text/html,de84937a7ff09881b2a7f30724e1d7c098ad30b7ba795d338154bd2549db4154,exact,https://web.archive.org/web/20260208105744/https://www.ris.bka.gv.at/GeltendeFassung.wxe?Abfrage=Bundesnormen&Gesetzesnummer=10005792,2026-09-29
AT,indicator:L2,indicator,https://www.ris.bka.gv.at/GeltendeFassung.wxe?Abfrage=Bundesnormen&Gesetzesnummer=20001740,200,text/html,cea288c82f53b580f344e4283279832596cb56eef36b2fc871b3f997c7bf9814,exact,https://web.archive.org/web/20250823130719/https://www.ris.bka.gv.at/GeltendeFassung.wxe?Gesetzesnummer=20001740&Abfrage=Bundesnormen,2026-09-29
AT,issuance_history,holding_name,https://www.rechnungshof.gv.at/rh/home/home/2023_7_E-ID.pdf,200,application/pdf,df68a2bffd230d1d8501bc253557595b9aa2466bdc97adbebf4df3900fec9c36,exact,,2026-09-29
AT,issuance_history,hosting,https://www.rechnungshof.gv.at/rh/home/home/2023_7_E-ID.pdf,200,application/pdf,df68a2bffd230d1d8501bc253557595b9aa2466bdc97adbebf4df3900fec9c36,exact,,2026-09-29
AT,issuance_history,legal_basis,https://www.ris.bka.gv.at/GeltendeFassung.wxe?Abfrage=Bundesnormen&Gesetzesnummer=10005798,200,text/html,86449bb76d84015bf3045567d1f57f7711aaf0361c9d9714f2d26d651783555b,exact,https://web.archive.org/web/20260123224358/https://www.ris.bka.gv.at/GeltendeFassung.wxe?Abfrage=Bundesnormen&Gesetzesnummer=10005798,2026-09-29
AT,residence_permits,holding_name,https://www.ris.bka.gv.at/GeltendeFassung.wxe?Abfrage=Bundesnormen&Gesetzesnummer=20007944,200,text/html,69713c0b5c21c6760f3cb308537c931a42dd41b6b82f1fa8505105ce2f3e99a3,exact,https://web.archive.org/web/20260723072308/https://www.ris.bka.gv.at/GeltendeFassung.wxe?Abfrage=Bundesnormen&Gesetzesnummer=20007944,2026-09-29
AT,residence_permits,operator,https://www.ris.bka.gv.at/GeltendeFassung.wxe?Abfrage=Bundesnormen&Gesetzesnummer=20007944,200,text/html,69713c0b5c21c6760f3cb308537c931a42dd41b6b82f1fa8505105ce2f3e99a3,exact,https://web.archive.org/web/20260723072308/https://www.ris.bka.gv.at/GeltendeFassung.wxe?Abfrage=Bundesnormen&Gesetzesnummer=20007944,2026-09-29
AT,tax,hosting,https://www.parlament.gv.at/dokument/XXVIII/III/39/imfname_1658039.pdf,200,application/pdf,87ff09bad0ca211ce0508c35ad3fbcf4abb341fb0b8d234b6b17f2b564659d61,exact,https://web.archive.org/web/20250326195939/https://www.parlament.gv.at/dokument/XXVIII/III/39/imfname_1658039.pdf,2026-09-29
AT,tax,legal_basis,https://www.ris.bka.gv.at/GeltendeFassung.wxe?Abfrage=Bundesnormen&Gesetzesnummer=10003940,200,text/html,d97e796a9a375ab4ea77289e12d909cadce7febfc80bc03034ac807f2e208bd1,exact,https://web.archive.org/web/20260707112845/https://www.ris.bka.gv.at/GeltendeFassung.wxe?Abfrage=Bundesnormen&Gesetzesnummer=10003940,2026-09-29
AT,trust_services_pki,holding_name,https://www.bmi.gv.at/downloads/csca.html,200,text/html,b82dcffa1559b550e138a1a5ca69d74c39edb8880ff859ca80d485a2fce31ec5,exact,https://web.archive.org/web/20260608085339/https://www.bmi.gv.at/downloads/csca.html,2026-09-29
AT,trust_services_pki,legal_basis,https://www.ris.bka.gv.at/GeltendeFassung.wxe?Abfrage=Bundesnormen&Gesetzesnummer=20003230,200,text/html,09b961c25cc75a8e78aeeec4cc7f5623bb9c27574e784725b43e8507e62e34c7,exact,https://web.archive.org/web/20260414095127/https://www.ris.bka.gv.at/GeltendeFassung.wxe?Abfrage=Bundesnormen&Gesetzesnummer=20003230,2026-09-29
AT,trust_services_pki,legal_basis,https://www.ris.bka.gv.at/GeltendeFassung.wxe?Abfrage=Bundesnormen&Gesetzesnummer=20009585,200,text/html,196a70c1a0e091c0917377cc0dff9359993c122769fe8b10a89a991419edad9c,exact,https://web.archive.org/web/20260211052418/https://www.ris.bka.gv.at/GeltendeFassung.wxe?Abfrage=Bundesnormen&Gesetzesnummer=20009585,2026-09-29
AT,trust_services_pki,operator,https://www.ris.bka.gv.at/GeltendeFassung.wxe?Abfrage=Bundesnormen&Gesetzesnummer=20009585,200,text/html,196a70c1a0e091c0917377cc0dff9359993c122769fe8b10a89a991419edad9c,exact,https://web.archive.org/web/20260211052418/https://www.ris.bka.gv.at/GeltendeFassung.wxe?Abfrage=Bundesnormen&Gesetzesnummer=20009585,2026-09-29
AT,trust_services_pki,record_count,https://www.a-trust.at/de/produkte/qualifizierte_signaturservices/id_austria/,200,text/html,43d37660a9377609e55fbd6039a4405828eedc98b509072b7b40fb85c073c69c,exact,https://web.archive.org/web/20260915130050/https://www.a-trust.at/de/produkte/qualifizierte_signaturservices/id_austria/,2026-09-29
BE,authentication_audit_log,holding_name,https://sma-help.bosa.belgium.be/en/fas-privacy,error,,,fetch_failed,,2026-09-29
BE,authentication_audit_log,legal_basis,https://sma-help.bosa.belgium.be/en/fas-privacy,error,,,fetch_failed,,2026-09-29
BE,authentication_audit_log,operator,https://sma-help.bosa.belgium.be/en/fas-privacy,error,,,fetch_failed,,2026-09-29
BE,border_control,operator,https://etaamb.openjustice.be/nl/wet-van-02-maart-2023_n2023030500.html,200,text/html,75740112119e0bfa123d5a90afc8e1f5b393ec73ad65cc19c2cc921661793914,exact,,2026-09-29
BE,breeder_documents,holding_name,https://www.arch.be/index.php?l=nl&m=nieuws&r=alle-nieuwsberichten&a=2023-06-14-het-rijksarchief-is-vertegenwoordigd-in-het-beheerscomite-van-de-databank-voor-akten-van-de-burgerlijke-stand,200,text/html,1c5116f9be96c16a305fe28d97eaaeaca48ef753d48e4de46f619eea4e7f2211,exact,https://web.archive.org/web/20260416001407/https://www.arch.be/index.php?l=nl&m=nieuws&r=alle-nieuwsberichten&a=2023-06-14-het-rijksarchief-is-vertegenwoordigd-in-het-beheerscomite-van-de-databank-voor-akten-van-de-burgerlijke-stand,2026-09-29
BE,breeder_documents,legal_basis,https://www.ibz.rrn.fgov.be/nl/professioneel/dabs/geldende-regelgeving,200,text/html,5a935396b435961485e144cee280a833e8c0e2d0d8808e7211b4179d4daf24cf,exact,https://web.archive.org/web/20260911221921/https://www.ibz.rrn.fgov.be/nl/professioneel/dabs/geldende-regelgeving,2026-09-29
BE,breeder_documents,operator,https://www.arch.be/index.php?l=nl&m=nieuws&r=alle-nieuwsberichten&a=2023-06-14-het-rijksarchief-is-vertegenwoordigd-in-het-beheerscomite-van-de-databank-voor-akten-van-de-burgerlijke-stand,200,text/html,1c5116f9be96c16a305fe28d97eaaeaca48ef753d48e4de46f619eea4e7f2211,exact,https://web.archive.org/web/20260416001407/https://www.arch.be/index.php?l=nl&m=nieuws&r=alle-nieuwsberichten&a=2023-06-14-het-rijksarchief-is-vertegenwoordigd-in-het-beheerscomite-van-de-databank-voor-akten-van-de-burgerlijke-stand,2026-09-29
BE,civil_registry,holding_name,https://www.ibz.rrn.fgov.be/nl/burger/rijksregister-en-bevolking/rijksregister,200,text/html,a25a030e3da0a9dd6ec070ff20e780ec809c357322f0ef784af3a6747d5466d7,exact,https://web.archive.org/web/20260911221802/https://www.ibz.rrn.fgov.be/nl/burger/rijksregister-en-bevolking/rijksregister,2026-09-29
BE,civil_registry,legal_basis,https://www.ibz.rrn.fgov.be/nl/burger/rijksregister-en-bevolking/rijksregister,200,text/html,a25a030e3da0a9dd6ec070ff20e780ec809c357322f0ef784af3a6747d5466d7,exact,https://web.archive.org/web/20260911221802/https://www.ibz.rrn.fgov.be/nl/burger/rijksregister-en-bevolking/rijksregister,2026-09-29
BE,civil_registry,operator,https://www.ibz.rrn.fgov.be/nl,200,text/html,fff163f8c173e1d1fd9c24e6dfa48d3cb4cc770a419c8510d649e6f45d9ad27d,exact,,2026-09-29
BE,digital_identity_credentials,foreign_dependency,https://sma-help.bosa.belgium.be/en/fas-privacy,error,,,fetch_failed,,2026-09-29
BE,digital_identity_credentials,holding_name,https://sma-help.bosa.belgium.be/en/fas-privacy,error,,,fetch_failed,,2026-09-29
BE,digital_identity_credentials,hosting,https://sma-help.bosa.belgium.be/en/fas-privacy,error,,,fetch_failed,,2026-09-29
BE,digital_identity_credentials,legal_basis,https://etaamb.openjustice.be/nl/wet-van-18-juli-2017_n2017020539.html,200,text/html,0ad43260fbc5f7fbdcdcd3be1a83ed281105acc9c8cbf194c71142dee932cabd,exact,,2026-09-29
BE,digital_identity_credentials,legal_basis,https://sma-help.bosa.belgium.be/en/fas-privacy,error,,,fetch_failed,,2026-09-29
BE,digital_identity_credentials,operator,https://sma-help.bosa.belgium.be/en/fas-privacy,error,,,fetch_failed,,2026-09-29
BE,digital_identity_credentials,record_count,https://press.itsme-id.com/itsmer-grows-to-eight-million-users-and-strengthens-its-position-as-a-european-player,200,text/html,23cefb4e1e6ec0aa8155264d8e0a3990f5533ed4be81193816bccf53324c2291,exact,,2026-09-29
BE,electoral_management,foreign_dependency,https://verkiezingen.fgov.be/algemeen/verkiezingssoftware,error,,,fetch_failed,,2026-09-29
BE,electoral_management,holding_name,https://verkiezingen.fgov.be/algemeen/verkiezingssoftware,error,,,fetch_failed,,2026-09-29
BE,electoral_management,hosting,https://verkiezingen.fgov.be/algemeen/veiligheid-en-transparantie,error,,,fetch_failed,,2026-09-29
BE,electoral_management,operator,https://verkiezingen.fgov.be/algemeen/veiligheid-en-transparantie,error,,,fetch_failed,,2026-09-29
BE,electoral_roll,holding_name,https://elections.fgov.be/sites/default/files/documents/CodeElectoral__Kieswetboek.pdf,error,,,fetch_failed,,2026-09-29
BE,electoral_roll,legal_basis,https://elections.fgov.be/sites/default/files/documents/CodeElectoral__Kieswetboek.pdf,error,,,fetch_failed,,2026-09-29
BE,facial_biometric,holding_name,https://www.ibz.rrn.fgov.be/nl/burger/identiteitsdocumenten/eid/eid-en-gdpr,200,text/html,5d5a6798510554f94cb179b121f49d4956ae0471435b77d2312ac35bf92f2e79,exact,,2026-09-29
BE,facial_biometric,hosting,https://www.ibz.rrn.fgov.be/nl/burger/identiteitsdocumenten/eid/eid-en-gdpr,200,text/html,5d5a6798510554f94cb179b121f49d4956ae0471435b77d2312ac35bf92f2e79,exact,,2026-09-29
BE,facial_biometric,legal_basis,https://www.ibz.rrn.fgov.be/nl/burger/identiteitsdocumenten/eid/eid-en-gdpr,200,text/html,5d5a6798510554f94cb179b121f49d4956ae0471435b77d2312ac35bf92f2e79,exact,,2026-09-29
BE,fingerprint_biometric,hosting,https://www.ibz.rrn.fgov.be/nl/burger/identiteitsdocumenten/eid/eid-en-gdpr,200,text/html,5d5a6798510554f94cb179b121f49d4956ae0471435b77d2312ac35bf92f2e79,exact,,2026-09-29
BE,fingerprint_biometric,not_held,https://www.ibz.rrn.fgov.be/nl/burger/identiteitsdocumenten/eid,200,text/html,a2a7e32b9fecf369a0b07d9bfad5226a6c551526be7749a228a850ca640f420e,exact,https://web.archive.org/web/20260617223429/https://www.ibz.rrn.fgov.be/nl/burger/identiteitsdocumenten/eid,2026-09-29
BE,fingerprint_biometric,not_held,https://www.ibz.rrn.fgov.be/nl/burger/identiteitsdocumenten/eid/eid-en-gdpr,200,text/html,5d5a6798510554f94cb179b121f49d4956ae0471435b77d2312ac35bf92f2e79,exact,,2026-09-29
BE,indicator:C1,indicator,https://www.gcloud.belgium.be/fr,error,,,fetch_failed,,2026-09-29
BE,indicator:C1,indicator,https://www.gcloud.belgium.be/fr/services,error,,,fetch_failed,,2026-09-29
BE,indicator:C2,indicator,https://www.gcloud.belgium.be/fr,error,,,fetch_failed,,2026-09-29
BE,indicator:C2,indicator,https://www.gcloud.belgium.be/fr/services,error,,,fetch_failed,,2026-09-29
BE,indicator:K1,indicator,https://repository.eid.belgium.be/downloads/citizen/en/CPS_CitizenCA.pdf,200,application/pdf,ef80d47101d01d5b02908e262258fea4b614c10882413fe62bba98df0b89a337,exact,https://web.archive.org/web/20241011081101/http://repository.eid.belgium.be/downloads/citizen/en/CPS_CitizenCA.pdf,2026-09-29
BE,indicator:K1,indicator,https://tsl.belgium.be/tsl-be.xml,error,,,fetch_failed,,2026-09-29
BE,indicator:K2,indicator,https://www.csam.be/nl/over-csam.html,error,,,fetch_failed,,2026-09-29
BE,indicator:K2,indicator,https://www.ibz.rrn.fgov.be/nl/burger/identiteitsdocumenten/eid,200,text/html,a2a7e32b9fecf369a0b07d9bfad5226a6c551526be7749a228a850ca640f420e,exact,https://web.archive.org/web/20260617223429/https://www.ibz.rrn.fgov.be/nl/burger/identiteitsdocumenten/eid,2026-09-29
BE,indicator:L2,indicator,https://etaamb.openjustice.be/fr/loi-du-11-decembre-1998_n1999007004.html,200,text/html,ab7c4ae4d529d783bac7d13575c5dfd3014e55883621593d10594c65945e61ae,exact,,2026-09-29
BE,issuance_history,foreign_dependency,https://www.emerce.nl/wire/zetes-opnieuw-geselecteerd-productie-depersonalisatie-kaarten-nu-uitgifte-authenticatie-handtekeningcertificaten,200,text/html,9ac8d3f0be70e40426cad51c94dfd5c2e2d71e95a1cc93dc414bfe34e421c756,exact,,2026-09-29
BE,issuance_history,holding_name,https://etaamb.openjustice.be/nl/koninklijk-besluit-van-25-mei-2005_n2005000390.html,200,text/html,7d66e9cbe3be844a3aa72b4cf69066f4a06ee6180fd2570b69b091151de01db0,exact,,2026-09-29
BE,issuance_history,holding_name,https://www.ibz.rrn.fgov.be/nl/professioneel/identiteitsdocumenten/checkdoc,200,text/html,e4eaf0f8fa862ca3b3e9a8162c4466c32b0ae8390d74e062deb443463002256f,exact,,2026-09-29
BE,issuance_history,holding_name,https://www.ibz.rrn.fgov.be/nl/professioneel/identiteitsdocumenten/eid/wetgeving,200,text/html,5d24a29bd8422d9945689aa9ef9071f6213623804ee0248a8290dadd5c4187e6,exact,,2026-09-29
BE,issuance_history,legal_basis,https://etaamb.openjustice.be/nl/koninklijk-besluit-van-25-mei-2005_n2005000390.html,200,text/html,7d66e9cbe3be844a3aa72b4cf69066f4a06ee6180fd2570b69b091151de01db0,exact,,2026-09-29
BE,residence_permits,holding_name,https://www.gegevensbeschermingsautoriteit.be/publications/advies-nr.-121-2022.pdf,200,application/pdf,5c0905e8d7b8f79ea228a5b21b5ff517205688cc32e9fdc562beee68ec753960,exact,https://web.archive.org/web/20220706131107/https://www.gegevensbeschermingsautoriteit.be/publications/advies-nr.-121-2022.pdf,2026-09-29
BE,trust_services_pki,foreign_dependency,https://repository.eid.belgium.be/downloads/citizen/en/CPS_CitizenCA.pdf,200,application/pdf,ef80d47101d01d5b02908e262258fea4b614c10882413fe62bba98df0b89a337,exact,,2026-09-29
BE,trust_services_pki,holding_name,https://repository.eid.belgium.be/downloads/citizen/en/CPS_CitizenCA.pdf,200,application/pdf,ef80d47101d01d5b02908e262258fea4b614c10882413fe62bba98df0b89a337,exact,,2026-09-29
BE,trust_services_pki,operator,https://repository.eid.belgium.be/downloads/citizen/en/CPS_CitizenCA.pdf,200,application/pdf,ef80d47101d01d5b02908e262258fea4b614c10882413fe62bba98df0b89a337,exact,,2026-09-29
BE,trust_services_pki,operator,https://www.emerce.nl/wire/zetes-opnieuw-geselecteerd-productie-depersonalisatie-kaarten-nu-uitgifte-authenticatie-handtekeningcertificaten,200,text/html,9ac8d3f0be70e40426cad51c94dfd5c2e2d71e95a1cc93dc414bfe34e421c756,exact,,2026-09-29
BG,authentication_audit_log,holding_name,https://www.mtc.government.bg/sites/default/files/pravilnik_za_prilagane_na_zakona_za_elektronnata_identifikaciq.pdf,200,application/pdf,51bd6802f9677c1ef8949fcc4b094d7ee3ad3e47798b04050edf993027517fbb,exact,https://web.archive.org/web/20240719053301/https://www.mtc.government.bg/sites/default/files/pravilnik_za_prilagane_na_zakona_za_elektronnata_identifikaciq.pdf,2026-09-29
BG,authentication_audit_log,legal_basis,https://www.mtc.government.bg/sites/default/files/pravilnik_za_prilagane_na_zakona_za_elektronnata_identifikaciq.pdf,200,application/pdf,51bd6802f9677c1ef8949fcc4b094d7ee3ad3e47798b04050edf993027517fbb,exact,https://web.archive.org/web/20240719053301/https://www.mtc.government.bg/sites/default/files/pravilnik_za_prilagane_na_zakona_za_elektronnata_identifikaciq.pdf,2026-09-29
BG,authentication_audit_log,record_count,https://www.mtc.government.bg/sites/default/files/pravilnik_za_prilagane_na_zakona_za_elektronnata_identifikaciq.pdf,200,application/pdf,51bd6802f9677c1ef8949fcc4b094d7ee3ad3e47798b04050edf993027517fbb,exact,https://web.archive.org/web/20240719053301/https://www.mtc.government.bg/sites/default/files/pravilnik_za_prilagane_na_zakona_za_elektronnata_identifikaciq.pdf,2026-09-29
BG,beneficial_ownership,holding_name,https://www.bulnao.government.bg/media/documents/OD_AV_230821.pdf,200,application/pdf,1a0d908c24f621e3031ac84d9234f0085881f7b2de58595f6f3d7d7376d4cce7,exact,https://web.archive.org/web/20250714123738/https://www.bulnao.government.bg/media/documents/OD_AV_230821.pdf,2026-09-29
BG,beneficial_ownership,legal_basis,https://www.bulnao.government.bg/media/documents/OD_AV_230821.pdf,200,application/pdf,1a0d908c24f621e3031ac84d9234f0085881f7b2de58595f6f3d7d7376d4cce7,exact,https://web.archive.org/web/20250714123738/https://www.bulnao.government.bg/media/documents/OD_AV_230821.pdf,2026-09-29
BG,benefits_pensions,holding_name,https://www.mlsp.government.bg/uploads/37/politiki/trud/zakonodatelstvo/2024/kso24.pdf,200,application/pdf,2cb0d4432aa86d660a79f7a2a2064ea1b3bf0cf7cf8f7c77230fee5e13ce9285,exact,https://web.archive.org/web/20250620210432/https://www.mlsp.government.bg/uploads/37/politiki/trud/zakonodatelstvo/2024/kso24.pdf,2026-09-29
BG,benefits_pensions,legal_basis,https://www.mlsp.government.bg/uploads/37/politiki/trud/zakonodatelstvo/2024/kso24.pdf,200,application/pdf,2cb0d4432aa86d660a79f7a2a2064ea1b3bf0cf7cf8f7c77230fee5e13ce9285,exact,https://web.archive.org/web/20250620210432/https://www.mlsp.government.bg/uploads/37/politiki/trud/zakonodatelstvo/2024/kso24.pdf,2026-09-29
BG,border_control,legal_basis,https://www.mfa.bg/upload/138160/%D0%97%D0%B0%D0%BA%D0%BE%D0%BD%20%D0%B7%D0%B0%20%D1%87%D1%83%D0%B6%D0%B4%D0%B5%D0%BD%D1%86%D0%B8%D1%82%D0%B5%20%D0%B2%20%D0%A0%D0%B5%D0%BF%D1%83%D0%B1%D0%BB%D0%B8%D0%BA%D0%B0%20%D0%91%D1%8A%D0%BB%D0%B3%D0%B0%D1%80%D0%B8%D1%8F.pdf,200,application/pdf,db2651eca9303b319835d0c53a704794df4c5340c3bc2c9ee0a4737d17b0f7a4,exact,,2026-09-29
BG,border_control,operator,https://www.mfa.bg/upload/138160/%D0%97%D0%B0%D0%BA%D0%BE%D0%BD%20%D0%B7%D0%B0%20%D1%87%D1%83%D0%B6%D0%B4%D0%B5%D0%BD%D1%86%D0%B8%D1%82%D0%B5%20%D0%B2%20%D0%A0%D0%B5%D0%BF%D1%83%D0%B1%D0%BB%D0%B8%D0%BA%D0%B0%20%D0%91%D1%8A%D0%BB%D0%B3%D0%B0%D1%80%D0%B8%D1%8F.pdf,200,application/pdf,db2651eca9303b319835d0c53a704794df4c5340c3bc2c9ee0a4737d17b0f7a4,exact,,2026-09-29
BG,border_control,operator,https://www.mlsp.government.bg/uploads/15/spitao/dokumenti/pravilnitsi/za-ministerstvoto-na-vtreshnite-raboti.pdf,200,application/pdf,73f049afd39b87f7035abfcfedf4a740cc014ee9ff07b21b9961db9fb039510d,exact,https://web.archive.org/web/20250601112508/https://www.mlsp.government.bg/uploads/15/spitao/dokumenti/pravilnitsi/za-ministerstvoto-na-vtreshnite-raboti.pdf,2026-09-29
BG,breeder_documents,holding_name,https://asp.government.bg/uploaded/files/4390-Zakon-za-grazhdanskata-registratsiya.pdf,200,application/pdf,f7cb70842f09890d469e568cbf1874ff9daa190dbe7e49368c71e3e97a0002d0,exact,https://web.archive.org/web/20240824063329/https://asp.government.bg/uploaded/files/4390-Zakon-za-grazhdanskata-registratsiya.pdf,2026-09-29
BG,breeder_documents,legal_basis,https://asp.government.bg/uploaded/files/4390-Zakon-za-grazhdanskata-registratsiya.pdf,200,application/pdf,f7cb70842f09890d469e568cbf1874ff9daa190dbe7e49368c71e3e97a0002d0,exact,https://web.archive.org/web/20240824063329/https://asp.government.bg/uploaded/files/4390-Zakon-za-grazhdanskata-registratsiya.pdf,2026-09-29
BG,breeder_documents,operator,https://www.grao.bg/esgraon.html,error,,,fetch_failed,,2026-09-29
BG,business_registry,holding_name,https://www.bulnao.government.bg/media/documents/OD_AV_230821.pdf,200,application/pdf,1a0d908c24f621e3031ac84d9234f0085881f7b2de58595f6f3d7d7376d4cce7,exact,https://web.archive.org/web/20250714123738/https://www.bulnao.government.bg/media/documents/OD_AV_230821.pdf,2026-09-29
BG,business_registry,hosting,https://www.bulnao.government.bg/media/documents/OD_AV_230821.pdf,200,application/pdf,1a0d908c24f621e3031ac84d9234f0085881f7b2de58595f6f3d7d7376d4cce7,exact,https://web.archive.org/web/20250714123738/https://www.bulnao.government.bg/media/documents/OD_AV_230821.pdf,2026-09-29
BG,business_registry,legal_basis,https://www.bulnao.government.bg/media/documents/OD_AV_230821.pdf,200,application/pdf,1a0d908c24f621e3031ac84d9234f0085881f7b2de58595f6f3d7d7376d4cce7,exact,https://web.archive.org/web/20250714123738/https://www.bulnao.government.bg/media/documents/OD_AV_230821.pdf,2026-09-29
BG,civil_registry,holding_name,https://www.grao.bg/esgraon.html,error,,,fetch_failed,,2026-09-29
BG,civil_registry,legal_basis,https://asp.government.bg/uploaded/files/4390-Zakon-za-grazhdanskata-registratsiya.pdf,200,application/pdf,f7cb70842f09890d469e568cbf1874ff9daa190dbe7e49368c71e3e97a0002d0,exact,https://web.archive.org/web/20240824063329/https://asp.government.bg/uploaded/files/4390-Zakon-za-grazhdanskata-registratsiya.pdf,2026-09-29
BG,civil_registry,operator,https://www.grao.bg/normact/NaredbaFunkcESGR.pdf,error,,,fetch_failed,,2026-09-29
BG,crisis_management,holding_name,https://www.segabg.com/hot/category-bulgaria/mvr-shte-izdirva-banditi-chrez-bg-alert,200,text/html,51df13fee49b57f879790f7f0b9e922b070a0bf7334cd5fd164ed446bab0f067,exact,https://web.archive.org/web/20260122112807/https://www.segabg.com/hot/category-bulgaria/mvr-shte-izdirva-banditi-chrez-bg-alert,2026-09-29
BG,crisis_management,legal_basis,https://www.segabg.com/hot/category-bulgaria/mvr-shte-izdirva-banditi-chrez-bg-alert,200,text/html,51df13fee49b57f879790f7f0b9e922b070a0bf7334cd5fd164ed446bab0f067,exact,https://web.archive.org/web/20260122112807/https://www.segabg.com/hot/category-bulgaria/mvr-shte-izdirva-banditi-chrez-bg-alert,2026-09-29
BG,crisis_management,operator,https://www.segabg.com/hot/category-bulgaria/mvr-shte-izdirva-banditi-chrez-bg-alert,200,text/html,51df13fee49b57f879790f7f0b9e922b070a0bf7334cd5fd164ed446bab0f067,exact,https://web.archive.org/web/20260122112807/https://www.segabg.com/hot/category-bulgaria/mvr-shte-izdirva-banditi-chrez-bg-alert,2026-09-29
BG,customs,holding_name,https://www.infobusiness.bcci.bg/customs-26-11-18.html,200,text/html,d26d546786c1576046ae23032f2436334746084e586ac660d1ad636d01fdeb51,exact,,2026-09-29
BG,customs,legal_basis,https://www.infobusiness.bcci.bg/customs-26-11-18.html,200,text/html,d26d546786c1576046ae23032f2436334746084e586ac660d1ad636d01fdeb51,exact,,2026-09-29
BG,customs,operator,https://dv.parliament.bg/DVWeb/showMaterialDV.jsp?idMat=105827,200,text/html,bf9d06d825048cb84ccaa449418bd9c208bfac15c1004986860f2ad323569e4b,exact,,2026-09-29
BG,digital_identity_credentials,holding_name,https://www.mtc.government.bg/sites/default/files/pravilnik_za_prilagane_na_zakona_za_elektronnata_identifikaciq.pdf,200,application/pdf,51bd6802f9677c1ef8949fcc4b094d7ee3ad3e47798b04050edf993027517fbb,exact,https://web.archive.org/web/20240719053301/https://www.mtc.government.bg/sites/default/files/pravilnik_za_prilagane_na_zakona_za_elektronnata_identifikaciq.pdf,2026-09-29
BG,digital_identity_credentials,holding_name,https://www.segabg.com/hot/category-consult/otpada-edno-bezumiyata-za-lichnite-karti-chip,200,text/html,9f2d8093816be3f297d2578be345da650575e29f4be16892f2698b96ffa32258,exact,https://web.archive.org/web/20260925122111/https://www.segabg.com/hot/category-consult/otpada-edno-bezumiyata-za-lichnite-karti-chip,2026-09-29
BG,digital_identity_credentials,legal_basis,https://www.segabg.com/hot/category-consult/otpada-edno-bezumiyata-za-lichnite-karti-chip,200,text/html,9f2d8093816be3f297d2578be345da650575e29f4be16892f2698b96ffa32258,exact,https://web.archive.org/web/20260925122111/https://www.segabg.com/hot/category-consult/otpada-edno-bezumiyata-za-lichnite-karti-chip,2026-09-29
BG,digital_identity_credentials,operator,https://public-btswspreg.crc.bg/help/topics/idh-topic190.html,200,text/html,3bdef22db096d07dcac098f1ae5949bc4ce1cea19adf9236153fd2dd080813a6,loose,https://web.archive.org/web/20260417184358/https://public-btswspreg.crc.bg/help/topics/idh-topic190.html,2026-09-29
BG,digital_identity_credentials,operator,https://www.mtc.government.bg/sites/default/files/pravilnik_za_prilagane_na_zakona_za_elektronnata_identifikaciq.pdf,200,application/pdf,51bd6802f9677c1ef8949fcc4b094d7ee3ad3e47798b04050edf993027517fbb,exact,https://web.archive.org/web/20240719053301/https://www.mtc.government.bg/sites/default/files/pravilnik_za_prilagane_na_zakona_za_elektronnata_identifikaciq.pdf,2026-09-29
BG,education,holding_name,https://nacid.bg/bg/register_rdpzsd/,200,text/html,49609f753f73fbd5c00f0625f9e968ec5e4925ba2036712d65d6c7a1f3ac3efb,exact,,2026-09-29
BG,education,legal_basis,https://nacid.bg/bg/register_rdpzsd/,200,text/html,49609f753f73fbd5c00f0625f9e968ec5e4925ba2036712d65d6c7a1f3ac3efb,exact,,2026-09-29
BG,electoral_management,hosting,https://www.grao.bg/normact/IK-2026.pdf,error,,,fetch_failed,,2026-09-29
BG,electoral_roll,legal_basis,https://www.grao.bg/normact/IK-2026.pdf,error,,,fetch_failed,,2026-09-29
BG,emergency_communications,hosting,https://www.mtc.government.bg/sites/default/files/zakon-nacsist-spesni-povikvaniq-nomer-112-23072019.pdf,200,application/pdf,636c8dfdf19924511a2aaed0d83e28ceaf52b2e3e3a45eef5dbad533e65a91ff,exact,https://web.archive.org/web/20251211100847/https://www.mtc.government.bg/sites/default/files/zakon-nacsist-spesni-povikvaniq-nomer-112-23072019.pdf,2026-09-29
BG,emergency_communications,legal_basis,https://www.mtc.government.bg/sites/default/files/zakon-nacsist-spesni-povikvaniq-nomer-112-23072019.pdf,200,application/pdf,636c8dfdf19924511a2aaed0d83e28ceaf52b2e3e3a45eef5dbad533e65a91ff,exact,https://web.archive.org/web/20251211100847/https://www.mtc.government.bg/sites/default/files/zakon-nacsist-spesni-povikvaniq-nomer-112-23072019.pdf,2026-09-29
BG,emergency_communications,operator,https://www.mtc.government.bg/sites/default/files/zakon-nacsist-spesni-povikvaniq-nomer-112-23072019.pdf,200,application/pdf,636c8dfdf19924511a2aaed0d83e28ceaf52b2e3e3a45eef5dbad533e65a91ff,exact,https://web.archive.org/web/20251211100847/https://www.mtc.government.bg/sites/default/files/zakon-nacsist-spesni-povikvaniq-nomer-112-23072019.pdf,2026-09-29
BG,extra:business_registry,holding_name,https://www.bulnao.government.bg/media/documents/OD_AV_230821.pdf,200,application/pdf,1a0d908c24f621e3031ac84d9234f0085881f7b2de58595f6f3d7d7376d4cce7,exact,https://web.archive.org/web/20250714123738/https://www.bulnao.government.bg/media/documents/OD_AV_230821.pdf,2026-09-29
BG,extra:government_cloud_infrastructure,holding_name,https://www.eufunds.bg/bg/opgg/node/9490,error,,,fetch_failed,,2026-09-29
BG,extra:government_cloud_infrastructure,hosting,https://www.eufunds.bg/bg/opgg/node/9490,error,,,fetch_failed,,2026-09-29
BG,extra:interoperability_infrastructure,holding_name,https://cpdp.bg/%D1%81%D1%82%D0%B0%D0%BD%D0%BE%D0%B2%D0%B8%D1%89%D0%B5-%D0%BD%D0%B0-%D0%BA%D0%B7%D0%BB%D0%B4-%D1%80%D0%B0%D0%B7%D1%80%D0%B5%D1%88%D0%B5%D0%BD%D0%B8%D0%B5-%D0%B7%D0%B0-%D0%B4%D0%B8%D1%80%D0%B5%D0%BA/,error,,,fetch_failed,,2026-09-29
BG,facial_biometric,holding_name,https://aref.government.bg/sites/default/files/2024-04/%D0%97%D0%B0%D0%BA%D0%BE%D0%BD%20%D0%B7%D0%B0%20%D0%B1%D1%8A%D0%BB%D0%B3%D0%B0%D1%80%D1%81%D0%BA%D0%B8%D1%82%D0%B5%20%D0%BB%D0%B8%D1%87%D0%BD%D0%B8%20%D0%B4%D0%BE%D0%BA%D1%83%D0%BC%D0%B5%D0%BD%D1%82%D0%B8.pdf,200,application/pdf,06ba05ca3b7f113595fe2f5accf923a82ef04f3a12959bd052ac4fd63b13abf1,exact,https://web.archive.org/web/20260315085009/https://aref.government.bg/sites/default/files/2024-04/%D0%97%D0%B0%D0%BA%D0%BE%D0%BD%20%D0%B7%D0%B0%20%D0%B1%D1%8A%D0%BB%D0%B3%D0%B0%D1%80%D1%81%D0%BA%D0%B8%D1%82%D0%B5%20%D0%BB%D0%B8%D1%87%D0%BD%D0%B8%20%D0%B4%D0%BE%D0%BA%D1%83%D0%BC%D0%B5%D0%BD%D1%82%D0%B8.pdf,2026-09-29
BG,facial_biometric,legal_basis,https://aref.government.bg/sites/default/files/2024-04/%D0%97%D0%B0%D0%BA%D0%BE%D0%BD%20%D0%B7%D0%B0%20%D0%B1%D1%8A%D0%BB%D0%B3%D0%B0%D1%80%D1%81%D0%BA%D0%B8%D1%82%D0%B5%20%D0%BB%D0%B8%D1%87%D0%BD%D0%B8%20%D0%B4%D0%BE%D0%BA%D1%83%D0%BC%D0%B5%D0%BD%D1%82%D0%B8.pdf,200,application/pdf,06ba05ca3b7f113595fe2f5accf923a82ef04f3a12959bd052ac4fd63b13abf1,exact,https://web.archive.org/web/20260315085009/https://aref.government.bg/sites/default/files/2024-04/%D0%97%D0%B0%D0%BA%D0%BE%D0%BD%20%D0%B7%D0%B0%20%D0%B1%D1%8A%D0%BB%D0%B3%D0%B0%D1%80%D1%81%D0%BA%D0%B8%D1%82%D0%B5%20%D0%BB%D0%B8%D1%87%D0%BD%D0%B8%20%D0%B4%D0%BE%D0%BA%D1%83%D0%BC%D0%B5%D0%BD%D1%82%D0%B8.pdf,2026-09-29
BG,facial_biometric,operator,https://aref.government.bg/sites/default/files/2024-04/%D0%97%D0%B0%D0%BA%D0%BE%D0%BD%20%D0%B7%D0%B0%20%D0%B1%D1%8A%D0%BB%D0%B3%D0%B0%D1%80%D1%81%D0%BA%D0%B8%D1%82%D0%B5%20%D0%BB%D0%B8%D1%87%D0%BD%D0%B8%20%D0%B4%D0%BE%D0%BA%D1%83%D0%BC%D0%B5%D0%BD%D1%82%D0%B8.pdf,200,application/pdf,06ba05ca3b7f113595fe2f5accf923a82ef04f3a12959bd052ac4fd63b13abf1,exact,https://web.archive.org/web/20260315085009/https://aref.government.bg/sites/default/files/2024-04/%D0%97%D0%B0%D0%BA%D0%BE%D0%BD%20%D0%B7%D0%B0%20%D0%B1%D1%8A%D0%BB%D0%B3%D0%B0%D1%80%D1%81%D0%BA%D0%B8%D1%82%D0%B5%20%D0%BB%D0%B8%D1%87%D0%BD%D0%B8%20%D0%B4%D0%BE%D0%BA%D1%83%D0%BC%D0%B5%D0%BD%D1%82%D0%B8.pdf,2026-09-29
BG,fingerprint_biometric,holding_name,https://aref.government.bg/sites/default/files/2024-04/%D0%97%D0%B0%D0%BA%D0%BE%D0%BD%20%D0%B7%D0%B0%20%D0%B1%D1%8A%D0%BB%D0%B3%D0%B0%D1%80%D1%81%D0%BA%D0%B8%D1%82%D0%B5%20%D0%BB%D0%B8%D1%87%D0%BD%D0%B8%20%D0%B4%D0%BE%D0%BA%D1%83%D0%BC%D0%B5%D0%BD%D1%82%D0%B8.pdf,200,application/pdf,06ba05ca3b7f113595fe2f5accf923a82ef04f3a12959bd052ac4fd63b13abf1,exact,https://web.archive.org/web/20260315085009/https://aref.government.bg/sites/default/files/2024-04/%D0%97%D0%B0%D0%BA%D0%BE%D0%BD%20%D0%B7%D0%B0%20%D0%B1%D1%8A%D0%BB%D0%B3%D0%B0%D1%80%D1%81%D0%BA%D0%B8%D1%82%D0%B5%20%D0%BB%D0%B8%D1%87%D0%BD%D0%B8%20%D0%B4%D0%BE%D0%BA%D1%83%D0%BC%D0%B5%D0%BD%D1%82%D0%B8.pdf,2026-09-29
BG,fingerprint_biometric,legal_basis,https://aref.government.bg/sites/default/files/2024-04/%D0%97%D0%B0%D0%BA%D0%BE%D0%BD%20%D0%B7%D0%B0%20%D0%B1%D1%8A%D0%BB%D0%B3%D0%B0%D1%80%D1%81%D0%BA%D0%B8%D1%82%D0%B5%20%D0%BB%D0%B8%D1%87%D0%BD%D0%B8%20%D0%B4%D0%BE%D0%BA%D1%83%D0%BC%D0%B5%D0%BD%D1%82%D0%B8.pdf,200,application/pdf,06ba05ca3b7f113595fe2f5accf923a82ef04f3a12959bd052ac4fd63b13abf1,exact,https://web.archive.org/web/20260315085009/https://aref.government.bg/sites/default/files/2024-04/%D0%97%D0%B0%D0%BA%D0%BE%D0%BD%20%D0%B7%D0%B0%20%D0%B1%D1%8A%D0%BB%D0%B3%D0%B0%D1%80%D1%81%D0%BA%D0%B8%D1%82%D0%B5%20%D0%BB%D0%B8%D1%87%D0%BD%D0%B8%20%D0%B4%D0%BE%D0%BA%D1%83%D0%BC%D0%B5%D0%BD%D1%82%D0%B8.pdf,2026-09-29
BG,firearms_register,holding_name,https://www.mfa.bg/upload/762/10-ZOBVVPI-bg-en.pdf,200,application/pdf,2ae3a7b7e6bccb14f1d173c7822c4f08770d6d3c8b6bb81e1657845f3ab02140,exact,https://web.archive.org/web/20250623235848/https://www.mfa.bg/upload/762/10-ZOBVVPI-bg-en.pdf,2026-09-29
BG,firearms_register,legal_basis,https://www.mfa.bg/upload/762/10-ZOBVVPI-bg-en.pdf,200,application/pdf,2ae3a7b7e6bccb14f1d173c7822c4f08770d6d3c8b6bb81e1657845f3ab02140,exact,https://web.archive.org/web/20250623235848/https://www.mfa.bg/upload/762/10-ZOBVVPI-bg-en.pdf,2026-09-29
BG,geospatial,holding_name,https://www.cadastre.bg/funkcii-na-agkk,200,text/html,856d86a191d7d9257cf4299f91c3a0583945aefe1e853da6217f864dc4369bcb,exact,,2026-09-29
BG,geospatial,legal_basis,https://www.cadastre.bg/funkcii-na-agkk,200,text/html,856d86a191d7d9257cf4299f91c3a0583945aefe1e853da6217f864dc4369bcb,exact,,2026-09-29
BG,grid_control,holding_name,https://www.eso.bg/fileObj.php?oid=131,200,application/pdf,8542fe73f78315ea99f3c3d238a7d0f3c013de5318a168cb378d1df967a42c9d,exact,,2026-09-29
BG,grid_control,hosting,https://www.eso.bg/fileObj.php?oid=131,200,application/pdf,8542fe73f78315ea99f3c3d238a7d0f3c013de5318a168cb378d1df967a42c9d,exact,,2026-09-29
BG,health_insurance,holding_name,https://www.nhif.bg/upload/32277/%D0%97%D0%B0%D0%BA%D0%BE%D0%BD%20%D0%B7%D0%B0%20%D0%B7%D0%B4%D1%80%D0%B0%D0%B2%D0%BD%D0%BE%D1%82%D0%BE%20%D0%BE%D1%81%D0%B8%D0%B3%D1%83%D1%80%D1%8F%D0%B2%D0%B0%D0%BD%D0%B5.pdf,200,application/pdf,934a2de0dd928a97892960b8ec835560c3c8fab1930b11e43cd1da13101203eb,exact,,2026-09-29
BG,health_insurance,operator,https://www.nhif.bg/upload/32277/%D0%97%D0%B0%D0%BA%D0%BE%D0%BD%20%D0%B7%D0%B0%20%D0%B7%D0%B4%D1%80%D0%B0%D0%B2%D0%BD%D0%BE%D1%82%D0%BE%20%D0%BE%D1%81%D0%B8%D0%B3%D1%83%D1%80%D1%8F%D0%B2%D0%B0%D0%BD%D0%B5.pdf,200,application/pdf,934a2de0dd928a97892960b8ec835560c3c8fab1930b11e43cd1da13101203eb,exact,,2026-09-29
BG,health_records,holding_name,https://www.nhif.bg/upload/30458/%D0%97%D0%B0%D0%BA%D0%BE%D0%BD%20%D0%B7%D0%B0%20%D0%B7%D0%B4%D1%80%D0%B0%D0%B2%D0%B5%D1%82%D0%BE.pdf,200,application/pdf,74a8340307de216e669d9be390dec768e0011386034da1139a438c395e64db5b,exact,,2026-09-29
BG,health_records,legal_basis,https://www.nhif.bg/upload/30458/%D0%97%D0%B0%D0%BA%D0%BE%D0%BD%20%D0%B7%D0%B0%20%D0%B7%D0%B4%D1%80%D0%B0%D0%B2%D0%B5%D1%82%D0%BE.pdf,200,application/pdf,74a8340307de216e669d9be390dec768e0011386034da1139a438c395e64db5b,exact,,2026-09-29
BG,indicator:C1,indicator,https://www.ciela.net/svobodna-zona-normativi/view/2135555445/zakon-za-elektronnoto-upravlenie,robots-denied,,,fetch_failed,,2026-09-29
BG,indicator:C1,indicator,https://www.is-bg.net/bg/solutions/infrastructure,200,text/html,d465f996bc6f4301bb4ff3f3cce84d2d3a8f360c071c1c4d7a21e182e858a071,exact,,2026-09-29
BG,indicator:C2,indicator,https://www.ciela.net/svobodna-zona-normativi/view/2136995819/naredba-za-obshtite-iziskvaniya-kam-informatsionnite-sistemi-registrite-i-elektronnite-administrativni-uslugi,robots-denied,,,fetch_failed,,2026-09-29
BG,indicator:C2,indicator,https://www.eufunds.bg/bg/opgg/node/9490,error,,,fetch_failed,,2026-09-29
BG,indicator:K1,indicator,https://crc.bg/bg/rubriki/560/elektronni-udostoveritelni-uslugi,200,text/html,eba972633efb304df89c11e549d27e8e52ecb3acaa60422ac56f3948563305f8,exact,https://web.archive.org/web/20260404111220/https://crc.bg/bg/rubriki/560/elektronni-udostoveritelni-uslugi,2026-09-29
BG,indicator:K1,indicator,https://www.is-bg.net/upload/4944/IS_2024_%D0%94%D0%BE%D0%BA%D0%BB%D0%B0%D0%B4%20%D0%B7%D0%B0%20%D0%B4%D0%B5%D0%B9%D0%BD%D0%BE%D1%81%D1%82%D1%82%D0%B0.pdf,200,application/pdf,d6ff89108ed106972ae9f007962d7a5dd1f4f8423977f5695d18332c3f74ec2c,exact,,2026-09-29
BG,indicator:K2,indicator,https://crc.bg/bg/rubriki/560/elektronni-udostoveritelni-uslugi,200,text/html,eba972633efb304df89c11e549d27e8e52ecb3acaa60422ac56f3948563305f8,exact,https://web.archive.org/web/20260404111220/https://crc.bg/bg/rubriki/560/elektronni-udostoveritelni-uslugi,2026-09-29
BG,indicator:K2,indicator,https://www.ciela.net/svobodna-zona-normativi/view/2136822116/zakon-za-elektronnata-identifikatsiya,robots-denied,,,fetch_failed,,2026-09-29
BG,indicator:K2,indicator,https://www.segabg.com/hot/category-consult/otpada-edno-bezumiyata-za-lichnite-karti-chip,200,text/html,3ef1f0faa6881de9067cbd852c0d37393a68ee560e1afe0415b86ac551359430,exact,https://web.archive.org/web/20260925122111/https://www.segabg.com/hot/category-consult/otpada-edno-bezumiyata-za-lichnite-karti-chip,2026-09-29
BG,indicator:L1,indicator,https://www.ciela.net/svobodna-zona-normativi/view/2135448577/zakon-za-zashtita-na-klasifitsiranata-informatsiya,robots-denied,,,fetch_failed,,2026-09-29
BG,indicator:L1,indicator,https://www.ciela.net/svobodna-zona-normativi/view/2135555445/zakon-za-elektronnoto-upravlenie,robots-denied,,,fetch_failed,,2026-09-29
BG,indicator:L2,indicator,https://www.ciela.net/svobodna-zona-normativi/view/2135448577/zakon-za-zashtita-na-klasifitsiranata-informatsiya,robots-denied,,,fetch_failed,,2026-09-29
BG,issuance_history,foreign_dependency,https://www.actualno.com/society/opitvat-da-prishporjat-zakysnjaloto-izdavane-na-lichni-dokumenti-ot-pokolenie-2019-news_2212950.html,200,text/html,71b5b12e9fdc24afb6ffa3280118fd3c6e339d0d5c1bd37939b69d1b7538224e,exact,https://web.archive.org/web/20241226185827/https://www.actualno.com/society/opitvat-da-prishporjat-zakysnjaloto-izdavane-na-lichni-dokumenti-ot-pokolenie-2019-news_2212950.html,2026-09-29
BG,issuance_history,holding_name,https://aref.government.bg/sites/default/files/2024-04/%D0%97%D0%B0%D0%BA%D0%BE%D0%BD%20%D0%B7%D0%B0%20%D0%B1%D1%8A%D0%BB%D0%B3%D0%B0%D1%80%D1%81%D0%BA%D0%B8%D1%82%D0%B5%20%D0%BB%D0%B8%D1%87%D0%BD%D0%B8%20%D0%B4%D0%BE%D0%BA%D1%83%D0%BC%D0%B5%D0%BD%D1%82%D0%B8.pdf,200,application/pdf,06ba05ca3b7f113595fe2f5accf923a82ef04f3a12959bd052ac4fd63b13abf1,exact,https://web.archive.org/web/20260315085009/https://aref.government.bg/sites/default/files/2024-04/%D0%97%D0%B0%D0%BA%D0%BE%D0%BD%20%D0%B7%D0%B0%20%D0%B1%D1%8A%D0%BB%D0%B3%D0%B0%D1%80%D1%81%D0%BA%D0%B8%D1%82%D0%B5%20%D0%BB%D0%B8%D1%87%D0%BD%D0%B8%20%D0%B4%D0%BE%D0%BA%D1%83%D0%BC%D0%B5%D0%BD%D1%82%D0%B8.pdf,2026-09-29
BG,issuance_history,legal_basis,https://aref.government.bg/sites/default/files/2024-04/%D0%97%D0%B0%D0%BA%D0%BE%D0%BD%20%D0%B7%D0%B0%20%D0%B1%D1%8A%D0%BB%D0%B3%D0%B0%D1%80%D1%81%D0%BA%D0%B8%D1%82%D0%B5%20%D0%BB%D0%B8%D1%87%D0%BD%D0%B8%20%D0%B4%D0%BE%D0%BA%D1%83%D0%BC%D0%B5%D0%BD%D1%82%D0%B8.pdf,200,application/pdf,06ba05ca3b7f113595fe2f5accf923a82ef04f3a12959bd052ac4fd63b13abf1,exact,https://web.archive.org/web/20260315085009/https://aref.government.bg/sites/default/files/2024-04/%D0%97%D0%B0%D0%BA%D0%BE%D0%BD%20%D0%B7%D0%B0%20%D0%B1%D1%8A%D0%BB%D0%B3%D0%B0%D1%80%D1%81%D0%BA%D0%B8%D1%82%D0%B5%20%D0%BB%D0%B8%D1%87%D0%BD%D0%B8%20%D0%B4%D0%BE%D0%BA%D1%83%D0%BC%D0%B5%D0%BD%D1%82%D0%B8.pdf,2026-09-29
BG,issuance_history,operator,https://mvr.bg/sofia/%D0%B8%D0%BD%D1%84%D0%BE%D1%80%D0%BC%D0%B0%D1%86%D0%B8%D0%BE%D0%BD%D0%B5%D0%BD-%D1%86%D0%B5%D0%BD%D1%82%D1%8A%D1%80/%D0%BF%D1%80%D0%B5%D1%81%D1%86%D0%B5%D0%BD%D1%82%D1%8A%D1%80/%D0%BD%D0%BE%D0%B2%D0%B8%D0%BD%D0%B8/90242,200,text/html,c7549fce9b84c6f36d4d1234a42fb94f97535d07400917f8ee097cee419d4f61,exact,https://web.archive.org/web/20260427064743/https://mvr.bg/sofia/%D0%B8%D0%BD%D1%84%D0%BE%D1%80%D0%BC%D0%B0%D1%86%D0%B8%D0%BE%D0%BD%D0%B5%D0%BD-%D1%86%D0%B5%D0%BD%D1%82%D1%8A%D1%80/%D0%BF%D1%80%D0%B5%D1%81%D1%86%D0%B5%D0%BD%D1%82%D1%8A%D1%80/%D0%BD%D0%BE%D0%B2%D0%B8%D0%BD%D0%B8/90242,2026-09-29
BG,judicial_criminal,holding_name,https://www.fsc.bg/wp-content/uploads/2021/files/31563_file.pdf,200,application/pdf,ef14651096838c92eebfdd2f18cbc0b7c99b43dacda9899a7d6bd94382e354a9,exact,https://web.archive.org/web/20240909150602/https://www.fsc.bg/wp-content/uploads/2021/files/31563_file.pdf,2026-09-29
BG,judicial_criminal,holding_name,https://www.is-bg.net/bg/solutions/software-integration/e-justice,200,text/html,6c273a5c1896d714330860cc0e04553955de0c36a50d27824ec9cd0cf12f8987,exact,https://web.archive.org/web/20260710230841/https://www.is-bg.net/bg/solutions/software-integration/e-justice,2026-09-29
BG,judicial_criminal,hosting,https://www.vas.bg/bg/a/vss-prie-grafik-za-vvezhdane-na-edinnata-informatsionna-sistema-na-sdilishchata-eiss,200,text/html,66d772aebc99afd3091b8d62b256ea88ef8aa0cc30b69d93c30e1699b16c2712,exact,,2026-09-29
BG,judicial_criminal,operator,https://www.fsc.bg/wp-content/uploads/2021/files/31563_file.pdf,200,application/pdf,ef14651096838c92eebfdd2f18cbc0b7c99b43dacda9899a7d6bd94382e354a9,exact,https://web.archive.org/web/20240909150602/https://www.fsc.bg/wp-content/uploads/2021/files/31563_file.pdf,2026-09-29
BG,land_property,holding_name,https://www.cadastre.bg/funkcii-na-agkk,200,text/html,856d86a191d7d9257cf4299f91c3a0583945aefe1e853da6217f864dc4369bcb,exact,,2026-09-29
BG,land_property,hosting,https://www.bulnao.government.bg/media/documents/OD_AV_230821.pdf,200,application/pdf,1a0d908c24f621e3031ac84d9234f0085881f7b2de58595f6f3d7d7376d4cce7,exact,https://web.archive.org/web/20250714123738/https://www.bulnao.government.bg/media/documents/OD_AV_230821.pdf,2026-09-29
BG,land_property,legal_basis,https://www.bulnao.government.bg/media/documents/OD_AV_230821.pdf,200,application/pdf,1a0d908c24f621e3031ac84d9234f0085881f7b2de58595f6f3d7d7376d4cce7,exact,https://web.archive.org/web/20250714123738/https://www.bulnao.government.bg/media/documents/OD_AV_230821.pdf,2026-09-29
BG,land_property,operator,https://www.bulnao.government.bg/media/documents/OD_AV_230821.pdf,200,application/pdf,1a0d908c24f621e3031ac84d9234f0085881f7b2de58595f6f3d7d7376d4cce7,exact,https://web.archive.org/web/20250714123738/https://www.bulnao.government.bg/media/documents/OD_AV_230821.pdf,2026-09-29
BG,national_archives,legal_basis,https://archives.government.bg/uploaded_files/%D0%97%D0%90%D0%9A%D0%9E%D0%9D_%D0%97%D0%90_%D0%9D%D0%90%D0%A6%D0%98%D0%9E%D0%9D%D0%90%D0%9B%D0%9D%D0%98%D0%AF_%D0%90%D0%A0%D0%A5%D0%98%D0%92%D0%95%D0%9D_%D0%A4%D0%9E%D0%9D%D0%94_%282022%29%281%29.pdf,robots-denied,,,fetch_failed,,2026-09-29
BG,official_gazette,holding_name,https://n-lex.europa.eu/n-lex/info/info-bg/index?lang=bg,200,text/html,f7f3f6eef7f820c97eaa1db5a157837f7d561c84eff169a1abdd0975a28c8a50,exact,https://web.archive.org/web/20250629165146/https://n-lex.europa.eu/n-lex/info/info-bg/index?lang=bg,2026-09-29
BG,official_gazette,legal_basis,https://bg.wikisource.org/wiki/%D0%97%D0%B0%D0%BA%D0%BE%D0%BD_%D0%B7%D0%B0_%E2%80%9E%D0%94%D1%8A%D1%80%D0%B6%D0%B0%D0%B2%D0%B5%D0%BD_%D0%B2%D0%B5%D1%81%D1%82%D0%BD%D0%B8%D0%BA%E2%80%9C,200,text/html,a00324561f4ff423bd9b4388c55449cec75244ef864ba6d861c5da89899fbcd2,exact,https://web.archive.org/web/20260314225534/https://bg.wikisource.org/wiki/%D0%97%D0%B0%D0%BA%D0%BE%D0%BD_%D0%B7%D0%B0_%E2%80%9E%D0%94%D1%8A%D1%80%D0%B6%D0%B0%D0%B2%D0%B5%D0%BD_%D0%B2%D0%B5%D1%81%D1%82%D0%BD%D0%B8%D0%BA%E2%80%9C,2026-09-29
BG,police_records,holding_name,https://www.gli.government.bg/sites/default/files/upload/documents/2020-09/NI45_24.03.2000.pdf,error,,,fetch_failed,,2026-09-29
BG,police_records,legal_basis,https://www.mlsp.government.bg/uploads/15/spitao/dokumenti/pravilnitsi/za-ministerstvoto-na-vtreshnite-raboti.pdf,200,application/pdf,73f049afd39b87f7035abfcfedf4a740cc014ee9ff07b21b9961db9fb039510d,exact,https://web.archive.org/web/20250601112508/https://www.mlsp.government.bg/uploads/15/spitao/dokumenti/pravilnitsi/za-ministerstvoto-na-vtreshnite-raboti.pdf,2026-09-29
BG,public_finance,holding_name,https://www.bnb.bg/bnbweb/groups/public/documents/bnb_law/instructions_bnb_51681_bg.pdf,200,application/pdf,45b72a5590ec65fca38ffd3e7888f274c7c5fa3b3396370141c7b9d0ddfddac7,exact,https://web.archive.org/web/20250527084951/https://www.bnb.bg/bnbweb/groups/public/documents/bnb_law/instructions_bnb_51681_bg.pdf,2026-09-29
BG,public_finance,legal_basis,https://www.bnb.bg/bnbweb/groups/public/documents/bnb_law/instructions_bnb_51681_bg.pdf,200,application/pdf,45b72a5590ec65fca38ffd3e7888f274c7c5fa3b3396370141c7b9d0ddfddac7,exact,https://web.archive.org/web/20250527084951/https://www.bnb.bg/bnbweb/groups/public/documents/bnb_law/instructions_bnb_51681_bg.pdf,2026-09-29
BG,public_finance,operator,https://www.bnb.bg/bnbweb/groups/public/documents/bnb_law/instructions_bnb_51681_bg.pdf,200,application/pdf,45b72a5590ec65fca38ffd3e7888f274c7c5fa3b3396370141c7b9d0ddfddac7,exact,https://web.archive.org/web/20250527084951/https://www.bnb.bg/bnbweb/groups/public/documents/bnb_law/instructions_bnb_51681_bg.pdf,2026-09-29
BG,public_health_surveillance,legal_basis,https://www.nhif.bg/upload/30458/%D0%97%D0%B0%D0%BA%D0%BE%D0%BD%20%D0%B7%D0%B0%20%D0%B7%D0%B4%D1%80%D0%B0%D0%B2%D0%B5%D1%82%D0%BE.pdf,200,application/pdf,74a8340307de216e669d9be390dec768e0011386034da1139a438c395e64db5b,exact,,2026-09-29
BG,public_health_surveillance,operator,https://www.nhif.bg/upload/30458/%D0%97%D0%B0%D0%BA%D0%BE%D0%BD%20%D0%B7%D0%B0%20%D0%B7%D0%B4%D1%80%D0%B0%D0%B2%D0%B5%D1%82%D0%BE.pdf,200,application/pdf,74a8340307de216e669d9be390dec768e0011386034da1139a438c395e64db5b,exact,,2026-09-29
BG,residence_permits,holding_name,https://aref.government.bg/sites/default/files/2024-04/%D0%97%D0%B0%D0%BA%D0%BE%D0%BD%20%D0%B7%D0%B0%20%D0%B1%D1%8A%D0%BB%D0%B3%D0%B0%D1%80%D1%81%D0%BA%D0%B8%D1%82%D0%B5%20%D0%BB%D0%B8%D1%87%D0%BD%D0%B8%20%D0%B4%D0%BE%D0%BA%D1%83%D0%BC%D0%B5%D0%BD%D1%82%D0%B8.pdf,200,application/pdf,06ba05ca3b7f113595fe2f5accf923a82ef04f3a12959bd052ac4fd63b13abf1,exact,https://web.archive.org/web/20260315085009/https://aref.government.bg/sites/default/files/2024-04/%D0%97%D0%B0%D0%BA%D0%BE%D0%BD%20%D0%B7%D0%B0%20%D0%B1%D1%8A%D0%BB%D0%B3%D0%B0%D1%80%D1%81%D0%BA%D0%B8%D1%82%D0%B5%20%D0%BB%D0%B8%D1%87%D0%BD%D0%B8%20%D0%B4%D0%BE%D0%BA%D1%83%D0%BC%D0%B5%D0%BD%D1%82%D0%B8.pdf,2026-09-29
BG,residence_permits,legal_basis,https://aref.government.bg/sites/default/files/2024-04/%D0%97%D0%B0%D0%BA%D0%BE%D0%BD%20%D0%B7%D0%B0%20%D0%B1%D1%8A%D0%BB%D0%B3%D0%B0%D1%80%D1%81%D0%BA%D0%B8%D1%82%D0%B5%20%D0%BB%D0%B8%D1%87%D0%BD%D0%B8%20%D0%B4%D0%BE%D0%BA%D1%83%D0%BC%D0%B5%D0%BD%D1%82%D0%B8.pdf,200,application/pdf,06ba05ca3b7f113595fe2f5accf923a82ef04f3a12959bd052ac4fd63b13abf1,exact,https://web.archive.org/web/20260315085009/https://aref.government.bg/sites/default/files/2024-04/%D0%97%D0%B0%D0%BA%D0%BE%D0%BD%20%D0%B7%D0%B0%20%D0%B1%D1%8A%D0%BB%D0%B3%D0%B0%D1%80%D1%81%D0%BA%D0%B8%D1%82%D0%B5%20%D0%BB%D0%B8%D1%87%D0%BD%D0%B8%20%D0%B4%D0%BE%D0%BA%D1%83%D0%BC%D0%B5%D0%BD%D1%82%D0%B8.pdf,2026-09-29
BG,residence_permits,operator,https://www.mfa.bg/upload/138160/%D0%97%D0%B0%D0%BA%D0%BE%D0%BD%20%D0%B7%D0%B0%20%D1%87%D1%83%D0%B6%D0%B4%D0%B5%D0%BD%D1%86%D0%B8%D1%82%D0%B5%20%D0%B2%20%D0%A0%D0%B5%D0%BF%D1%83%D0%B1%D0%BB%D0%B8%D0%BA%D0%B0%20%D0%91%D1%8A%D0%BB%D0%B3%D0%B0%D1%80%D0%B8%D1%8F.pdf,200,application/pdf,db2651eca9303b319835d0c53a704794df4c5340c3bc2c9ee0a4737d17b0f7a4,exact,,2026-09-29
BG,statistics_microdata,holding_name,https://census2021.bg/,200,text/html,59829cf6ded925e546af00380278dc44ccb9eb82437977f51b8e80e8cf9eee4c,exact,https://web.archive.org/web/20260717163802/https://census2021.bg/,2026-09-29
BG,tax,holding_name,https://www.mvr.bg/upload/296043/%D0%94%D0%9E%D0%9F%D0%9A.pdf,200,application/pdf,07507f47cdc05216057daad5cc75b3b8b1024b0ea4bdc04f0ecdf42661695547,exact,,2026-09-29
BG,tax,legal_basis,https://www.mvr.bg/upload/296043/%D0%94%D0%9E%D0%9F%D0%9A.pdf,200,application/pdf,07507f47cdc05216057daad5cc75b3b8b1024b0ea4bdc04f0ecdf42661695547,exact,,2026-09-29
BG,trust_services_pki,holding_name,https://crc.bg/bg/rubriki/560/elektronni-udostoveritelni-uslugi,200,text/html,eba972633efb304df89c11e549d27e8e52ecb3acaa60422ac56f3948563305f8,exact,,2026-09-29
BG,trust_services_pki,legal_basis,https://crc.bg/bg/rubriki/560/elektronni-udostoveritelni-uslugi,200,text/html,eba972633efb304df89c11e549d27e8e52ecb3acaa60422ac56f3948563305f8,loose,,2026-09-29
BG,trust_services_pki,operator,https://crc.bg/bg/rubriki/560/elektronni-udostoveritelni-uslugi,200,text/html,eba972633efb304df89c11e549d27e8e52ecb3acaa60422ac56f3948563305f8,loose,,2026-09-29
BG,vehicle_licensing,holding_name,https://www.gli.government.bg/sites/default/files/upload/documents/2020-09/NI45_24.03.2000.pdf,error,,,fetch_failed,,2026-09-29
BG,vehicle_licensing,legal_basis,https://aref.government.bg/sites/default/files/2024-04/%D0%97%D0%B0%D0%BA%D0%BE%D0%BD%20%D0%B7%D0%B0%20%D0%B1%D1%8A%D0%BB%D0%B3%D0%B0%D1%80%D1%81%D0%BA%D0%B8%D1%82%D0%B5%20%D0%BB%D0%B8%D1%87%D0%BD%D0%B8%20%D0%B4%D0%BE%D0%BA%D1%83%D0%BC%D0%B5%D0%BD%D1%82%D0%B8.pdf,200,application/pdf,06ba05ca3b7f113595fe2f5accf923a82ef04f3a12959bd052ac4fd63b13abf1,exact,https://web.archive.org/web/20260315085009/https://aref.government.bg/sites/default/files/2024-04/%D0%97%D0%B0%D0%BA%D0%BE%D0%BD%20%D0%B7%D0%B0%20%D0%B1%D1%8A%D0%BB%D0%B3%D0%B0%D1%80%D1%81%D0%BA%D0%B8%D1%82%D0%B5%20%D0%BB%D0%B8%D1%87%D0%BD%D0%B8%20%D0%B4%D0%BE%D0%BA%D1%83%D0%BC%D0%B5%D0%BD%D1%82%D0%B8.pdf,2026-09-29
BG,vehicle_licensing,operator,https://www.gli.government.bg/sites/default/files/upload/documents/2020-09/NI45_24.03.2000.pdf,error,,,fetch_failed,,2026-09-29
CY,beneficial_ownership,holding_name,https://www.cylaw.org/nomoi/enop/non-ind/2007_1_188/full.html,200,text/html,1415b1ada6b66fe168391c098b252082ec97d7097975d67706d83a3561b02c72,exact,https://web.archive.org/web/20260721164149/https://www.cylaw.org/nomoi/enop/non-ind/2007_1_188/full.html,2026-09-30
CY,beneficial_ownership,legal_basis,https://www.cylaw.org/nomoi/enop/non-ind/2007_1_188/full.html,200,text/html,1415b1ada6b66fe168391c098b252082ec97d7097975d67706d83a3561b02c72,exact,https://web.archive.org/web/20260721164149/https://www.cylaw.org/nomoi/enop/non-ind/2007_1_188/full.html,2026-09-30
CY,beneficial_ownership,operator,https://www.cylaw.org/nomoi/enop/non-ind/2007_1_188/full.html,200,text/html,1415b1ada6b66fe168391c098b252082ec97d7097975d67706d83a3561b02c72,exact,https://web.archive.org/web/20260721164149/https://www.cylaw.org/nomoi/enop/non-ind/2007_1_188/full.html,2026-09-30
CY,benefits_pensions,holding_name,https://www.cylaw.org/nomoi/enop/non-ind/2010_1_59/full.html,200,text/html,056b62af2df814337e3e10440fec9a743ffef8919578b297c2f06b2ae5ed1300,exact,https://web.archive.org/web/20250912191023/https://www.cylaw.org/nomoi/enop/non-ind/2010_1_59/full.html,2026-09-30
CY,benefits_pensions,legal_basis,https://www.cylaw.org/nomoi/enop/non-ind/2010_1_59/full.html,200,text/html,056b62af2df814337e3e10440fec9a743ffef8919578b297c2f06b2ae5ed1300,exact,https://web.archive.org/web/20250912191023/https://www.cylaw.org/nomoi/enop/non-ind/2010_1_59/full.html,2026-09-30
CY,benefits_pensions,operator,https://www.cylaw.org/nomoi/enop/non-ind/2010_1_59/full.html,200,text/html,056b62af2df814337e3e10440fec9a743ffef8919578b297c2f06b2ae5ed1300,exact,https://web.archive.org/web/20250912191023/https://www.cylaw.org/nomoi/enop/non-ind/2010_1_59/full.html,2026-09-30
CY,border_control,holding_name,https://www.cylaw.org/nomoi/enop/non-ind/2023_1_171/full.html,200,text/html,50d5a5c7c8152432a6bcb5210bc0906e174e397611fbf367aa1d04e0c9a581e2,exact,https://web.archive.org/web/20260510162357/http://www.cylaw.org/nomoi/enop/non-ind/2023_1_171/full.html,2026-09-30
CY,border_control,hosting,https://www.cylaw.org/nomoi/enop/non-ind/2023_1_171/full.html,200,text/html,50d5a5c7c8152432a6bcb5210bc0906e174e397611fbf367aa1d04e0c9a581e2,exact,https://web.archive.org/web/20260510162357/http://www.cylaw.org/nomoi/enop/non-ind/2023_1_171/full.html,2026-09-30
CY,border_control,legal_basis,https://www.cylaw.org/nomoi/enop/non-ind/2023_1_171/full.html,200,text/html,50d5a5c7c8152432a6bcb5210bc0906e174e397611fbf367aa1d04e0c9a581e2,exact,https://web.archive.org/web/20260510162357/http://www.cylaw.org/nomoi/enop/non-ind/2023_1_171/full.html,2026-09-30
CY,border_control,operator,https://www.cylaw.org/nomoi/enop/non-ind/2023_1_171/full.html,200,text/html,50d5a5c7c8152432a6bcb5210bc0906e174e397611fbf367aa1d04e0c9a581e2,exact,https://web.archive.org/web/20260510162357/http://www.cylaw.org/nomoi/enop/non-ind/2023_1_171/full.html,2026-09-30
CY,breeder_documents,holding_name,https://www.cylaw.org/nomoi/enop/non-ind/2002_1_141/full.html,200,text/html,25a2c6c2be84d0fcf4c938f3871dde035810a9900c8e089836f37f13d296799d,exact,https://web.archive.org/web/20260922145702/https://www.cylaw.org/nomoi/enop/non-ind/2002_1_141/full.html,2026-09-30
CY,breeder_documents,legal_basis,https://www.cylaw.org/nomoi/enop/non-ind/2002_1_141/full.html,200,text/html,25a2c6c2be84d0fcf4c938f3871dde035810a9900c8e089836f37f13d296799d,exact,https://web.archive.org/web/20260922145702/https://www.cylaw.org/nomoi/enop/non-ind/2002_1_141/full.html,2026-09-30
CY,breeder_documents,operator,https://www.cylaw.org/nomoi/enop/non-ind/2002_1_141/full.html,200,text/html,25a2c6c2be84d0fcf4c938f3871dde035810a9900c8e089836f37f13d296799d,exact,https://web.archive.org/web/20260922145702/https://www.cylaw.org/nomoi/enop/non-ind/2002_1_141/full.html,2026-09-30
CY,business_registry,holding_name,https://www.cylaw.org/nomoi/enop/non-ind/0_113/full.html,200,text/html,41cdb6e0ffe85dcfc6c580e393bc38870e39082584e61f9aed535fde96123afe,exact,https://web.archive.org/web/20260908033223/https://www.cylaw.org/nomoi/enop/non-ind/0_113/full.html,2026-09-30
CY,business_registry,legal_basis,https://www.cylaw.org/nomoi/enop/non-ind/0_113/full.html,200,text/html,41cdb6e0ffe85dcfc6c580e393bc38870e39082584e61f9aed535fde96123afe,exact,https://web.archive.org/web/20260908033223/https://www.cylaw.org/nomoi/enop/non-ind/0_113/full.html,2026-09-30
CY,business_registry,operator,https://www.cylaw.org/nomoi/enop/non-ind/0_113/full.html,200,text/html,41cdb6e0ffe85dcfc6c580e393bc38870e39082584e61f9aed535fde96123afe,exact,https://web.archive.org/web/20260908033223/https://www.cylaw.org/nomoi/enop/non-ind/0_113/full.html,2026-09-30
CY,central_bank,holding_name,https://www.centralbank.cy/images/media/redirectfile/CBC_Annual_Report_English_2025_Final%20(006).pdf,200,application/pdf,dfd4bb68eca788a4c117dbc8dd334d69b759d2a99cc7f375838fc14f236a89a8,exact,,2026-09-29
CY,central_bank,legal_basis,https://www.cylaw.org/nomoi/enop/non-ind/2002_1_138/full.html,200,text/html,f22755b25683478108afc6851098843efb0fb9cfadd80daeb19ae329661c443d,exact,https://web.archive.org/web/20251116053446/http://www.cylaw.org/nomoi/enop/non-ind/2002_1_138/full.html,2026-09-30
CY,central_bank,operator,https://www.cylaw.org/nomoi/enop/non-ind/2002_1_138/full.html,200,text/html,f22755b25683478108afc6851098843efb0fb9cfadd80daeb19ae329661c443d,exact,https://web.archive.org/web/20251116053446/http://www.cylaw.org/nomoi/enop/non-ind/2002_1_138/full.html,2026-09-30
CY,civil_registry,holding_name,https://www.cylaw.org/nomoi/enop/non-ind/2002_1_141/full.html,200,text/html,25a2c6c2be84d0fcf4c938f3871dde035810a9900c8e089836f37f13d296799d,exact,https://web.archive.org/web/20260922145702/https://www.cylaw.org/nomoi/enop/non-ind/2002_1_141/full.html,2026-09-30
CY,civil_registry,legal_basis,https://www.cylaw.org/nomoi/enop/non-ind/2002_1_141/full.html,200,text/html,25a2c6c2be84d0fcf4c938f3871dde035810a9900c8e089836f37f13d296799d,exact,https://web.archive.org/web/20260922145702/https://www.cylaw.org/nomoi/enop/non-ind/2002_1_141/full.html,2026-09-30
CY,civil_registry,operator,https://www.cylaw.org/nomoi/enop/non-ind/2002_1_141/full.html,200,text/html,25a2c6c2be84d0fcf4c938f3871dde035810a9900c8e089836f37f13d296799d,exact,https://web.archive.org/web/20260922145702/https://www.cylaw.org/nomoi/enop/non-ind/2002_1_141/full.html,2026-09-30
CY,crisis_management,holding_name,https://www.cylaw.org/nomoi/enop/non-ind/1996_1_117/full.html,200,text/html,e027efd0c2c97f630843e691356fdede9f7870b81afc73799d11806563434f1c,exact,,2026-09-30
CY,customs,holding_name,https://www.mof.gov.cy/mof/customs/customs.nsf/ced12_en/ced12_en?OpenDocument=,200,text/html,a27cd43d43c3cc6c4bc11635bffbce73ca09ca71da09d8c130874efc080498cc,exact,https://web.archive.org/web/20250609163803/https://www.mof.gov.cy/mof/customs/customs.nsf/ced12_en/ced12_en?OpenDocument=,2026-09-29
CY,customs,legal_basis,https://www.cylaw.org/nomoi/enop/non-ind/2004_1_94/full.html,200,text/html,09c1d385d0b6fa8a07fd329ba48bde98d0b3932f44a88514fbaf2178b94ff9b9,exact,https://web.archive.org/web/20260617232701/http://www.cylaw.org/nomoi/enop/non-ind/2004_1_94/full.html,2026-09-30
CY,customs,operator,https://www.cylaw.org/nomoi/enop/non-ind/2004_1_94/full.html,200,text/html,09c1d385d0b6fa8a07fd329ba48bde98d0b3932f44a88514fbaf2178b94ff9b9,exact,https://web.archive.org/web/20260617232701/http://www.cylaw.org/nomoi/enop/non-ind/2004_1_94/full.html,2026-09-30
CY,digital_identity_credentials,foreign_dependency,https://pki.jcc.com.cy/repository/el/CPS/files/JCC-PL-QTSP-Certification_Practice_Statement_for_eID_GR-1.4_FINAL.pdf,200,application/pdf,f9c5d49f7783520064e5d7ca26ba0bc0cf6524d86bc3fab5d728f6a05a706b38,exact,,2026-09-29
CY,digital_identity_credentials,holding_name,https://www.cylaw.org/nomoi/enop/non-ind/2002_1_141/full.html,200,text/html,25a2c6c2be84d0fcf4c938f3871dde035810a9900c8e089836f37f13d296799d,exact,https://web.archive.org/web/20260922145702/https://www.cylaw.org/nomoi/enop/non-ind/2002_1_141/full.html,2026-09-30
CY,digital_identity_credentials,hosting,https://pki.jcc.com.cy/repository/el/CPS/files/JCC-PL-QTSP-Certification_Practice_Statement_for_eID_GR-1.4_FINAL.pdf,200,application/pdf,f9c5d49f7783520064e5d7ca26ba0bc0cf6524d86bc3fab5d728f6a05a706b38,exact,,2026-09-29
CY,digital_identity_credentials,operator,https://www.cylaw.org/nomoi/enop/non-ind/2002_1_141/full.html,200,text/html,25a2c6c2be84d0fcf4c938f3871dde035810a9900c8e089836f37f13d296799d,exact,https://web.archive.org/web/20260922145702/https://www.cylaw.org/nomoi/enop/non-ind/2002_1_141/full.html,2026-09-30
CY,digital_identity_credentials,record_count,https://en.politis.com.cy/in-depth/1032645/from-the-counter-to-the-screen-cy-login-becomes-cypruss-key-to-digital-government,200,text/html,06123acab3a5b706c2c8e8410e436d2e875a24b6fa32d76ab332bc67120445b0,exact,,2026-09-29
CY,digital_identity_credentials,record_count,https://www.biometricupdate.com/202511/cyprus-lauds-impressive-use-of-cy-login-digital-government-services,200,text/html,6213dc38280cef511e94b99c2341844170429d2afa2b6fb35c05e40695dd8629,exact,https://web.archive.org/web/20260818121701/https://www.biometricupdate.com/202511/cyprus-lauds-impressive-use-of-cy-login-digital-government-services,2026-09-29
CY,electoral_management,legal_basis,https://www.cylaw.org/nomoi/enop/non-ind/1979_1_72/full.html,200,text/html,9b8cae944189e740cb6dfdb95a7a6cf6ed208a0167ea27d276a8e764a0f0deb9,exact,https://web.archive.org/web/20260521051539/https://www.cylaw.org/nomoi/enop/non-ind/1979_1_72/full.html,2026-09-30
CY,electoral_management,operator,https://www.cylaw.org/nomoi/enop/non-ind/1979_1_72/full.html,200,text/html,9b8cae944189e740cb6dfdb95a7a6cf6ed208a0167ea27d276a8e764a0f0deb9,exact,https://web.archive.org/web/20260521051539/https://www.cylaw.org/nomoi/enop/non-ind/1979_1_72/full.html,2026-09-30
CY,electoral_roll,holding_name,https://www.cylaw.org/nomoi/enop/non-ind/2002_1_141/full.html,200,text/html,25a2c6c2be84d0fcf4c938f3871dde035810a9900c8e089836f37f13d296799d,exact,https://web.archive.org/web/20260922145702/https://www.cylaw.org/nomoi/enop/non-ind/2002_1_141/full.html,2026-09-30
CY,electoral_roll,legal_basis,https://www.cylaw.org/nomoi/enop/non-ind/2002_1_141/full.html,200,text/html,25a2c6c2be84d0fcf4c938f3871dde035810a9900c8e089836f37f13d296799d,exact,https://web.archive.org/web/20260922145702/https://www.cylaw.org/nomoi/enop/non-ind/2002_1_141/full.html,2026-09-30
CY,electoral_roll,operator,https://www.cylaw.org/nomoi/enop/non-ind/2002_1_141/full.html,200,text/html,25a2c6c2be84d0fcf4c938f3871dde035810a9900c8e089836f37f13d296799d,exact,https://web.archive.org/web/20260922145702/https://www.cylaw.org/nomoi/enop/non-ind/2002_1_141/full.html,2026-09-30
CY,electoral_roll,record_count,https://www.politis.com.cy/politis-news/cyprus/999272/stoys-568587-oi-ekloghis-ghia-tis-prosekhis-voyleftikes-ekloghes-anakinose-to-ypes,200,text/html,b8d133c2bf414fa6d8730b13d2a39377a71b135130301fb88bb7673e9fba5436,exact,https://web.archive.org/web/20260420090452/https://www.politis.com.cy/politis-news/cyprus/999272/stoys-568587-oi-ekloghis-ghia-tis-prosekhis-voyleftikes-ekloghes-anakinose-to-ypes,2026-09-29
CY,emergency_communications,holding_name,https://news.rik.cy/el/article/2026/7/14/plerestere-kai-takhutere-plerophorese-se-krisima-peristatika-me-to-sustema-neas-genias-112/,200,text/html,f5b0fe68dd30d80967d90b2515d25a8f7f803203d0b1d235389e4707eafa8945,exact,https://web.archive.org/web/20260721094537/https://news.rik.cy/el/article/2026/7/14/plerestere-kai-takhutere-plerophorese-se-krisima-peristatika-me-to-sustema-neas-genias-112/,2026-09-29
CY,emergency_communications,hosting,https://news.rik.cy/el/article/2026/7/14/plerestere-kai-takhutere-plerophorese-se-krisima-peristatika-me-to-sustema-neas-genias-112/,200,text/html,f5b0fe68dd30d80967d90b2515d25a8f7f803203d0b1d235389e4707eafa8945,exact,https://web.archive.org/web/20260721094537/https://news.rik.cy/el/article/2026/7/14/plerestere-kai-takhutere-plerophorese-se-krisima-peristatika-me-to-sustema-neas-genias-112/,2026-09-29
CY,facial_biometric,holding_name,https://csca.crmd.moi.gov.cy/Electronic_documents,error,,,fetch_failed,,2026-09-29
CY,facial_biometric,legal_basis,https://www.cylaw.org/nomoi/enop/non-ind/2002_1_141/full.html,200,text/html,25a2c6c2be84d0fcf4c938f3871dde035810a9900c8e089836f37f13d296799d,exact,https://web.archive.org/web/20260922145702/https://www.cylaw.org/nomoi/enop/non-ind/2002_1_141/full.html,2026-09-30
CY,facial_biometric,operator,https://csca.crmd.moi.gov.cy/Electronic_documents,error,,,fetch_failed,,2026-09-29
CY,fingerprint_biometric,not_held,https://csca.crmd.moi.gov.cy/Electronic_documents,error,,,fetch_failed,,2026-09-29
CY,fingerprint_biometric,not_held,https://www.cylaw.org/nomoi/enop/non-ind/2002_1_141/full.html,200,text/html,25a2c6c2be84d0fcf4c938f3871dde035810a9900c8e089836f37f13d296799d,exact,https://web.archive.org/web/20260922145702/https://www.cylaw.org/nomoi/enop/non-ind/2002_1_141/full.html,2026-09-30
CY,firearms_register,holding_name,https://www.cylaw.org/nomoi/enop/non-ind/2004_1_113/full.html,200,text/html,99638a9cb5cdf56df68c6a4cbc349f253fcece7ccd05bb6f4015faf7bc32d356,exact,https://web.archive.org/web/20260418111012/http://www.cylaw.org/nomoi/enop/non-ind/2004_1_113/full.html,2026-09-30
CY,firearms_register,legal_basis,https://www.cylaw.org/nomoi/enop/non-ind/2004_1_113/full.html,200,text/html,99638a9cb5cdf56df68c6a4cbc349f253fcece7ccd05bb6f4015faf7bc32d356,exact,https://web.archive.org/web/20260418111012/http://www.cylaw.org/nomoi/enop/non-ind/2004_1_113/full.html,2026-09-30
CY,firearms_register,operator,https://www.cylaw.org/nomoi/enop/non-ind/2004_1_113/full.html,200,text/html,99638a9cb5cdf56df68c6a4cbc349f253fcece7ccd05bb6f4015faf7bc32d356,exact,https://web.archive.org/web/20260418111012/http://www.cylaw.org/nomoi/enop/non-ind/2004_1_113/full.html,2026-09-30
CY,geospatial,holding_name,https://www.cylaw.org/nomoi/enop/non-ind/2010_1_43/full.html,200,text/html,6a3a2b638f223f62518727223e48d556307217d6fe7ef638ca2180709ad1cb4b,exact,https://web.archive.org/web/20240527211128/https://www.cylaw.org/nomoi/enop/non-ind/2010_1_43/full.html,2026-09-30
CY,geospatial,legal_basis,https://www.cylaw.org/nomoi/enop/non-ind/2010_1_43/full.html,200,text/html,6a3a2b638f223f62518727223e48d556307217d6fe7ef638ca2180709ad1cb4b,exact,https://web.archive.org/web/20240527211128/https://www.cylaw.org/nomoi/enop/non-ind/2010_1_43/full.html,2026-09-30
CY,geospatial,operator,https://www.cylaw.org/nomoi/enop/non-ind/2010_1_43/full.html,200,text/html,6a3a2b638f223f62518727223e48d556307217d6fe7ef638ca2180709ad1cb4b,exact,https://web.archive.org/web/20240527211128/https://www.cylaw.org/nomoi/enop/non-ind/2010_1_43/full.html,2026-09-30
CY,grid_control,legal_basis,https://www.cylaw.org/nomoi/enop/non-ind/2021_1_130/full.html,200,text/html,3b7827c22b955492856b29ef7689162832aa4a618d2752aba29005d82657a020,exact,https://web.archive.org/web/20260610184420/http://www.cylaw.org/nomoi/enop/non-ind/2021_1_130/full.html,2026-09-30
CY,grid_control,operator,https://www.cylaw.org/nomoi/enop/non-ind/2021_1_130/full.html,200,text/html,3b7827c22b955492856b29ef7689162832aa4a618d2752aba29005d82657a020,exact,https://web.archive.org/web/20260610184420/http://www.cylaw.org/nomoi/enop/non-ind/2021_1_130/full.html,2026-09-30
CY,health_insurance,holding_name,https://www.cylaw.org/nomoi/enop/non-ind/2001_1_89/full.html,200,text/html,0e370496a02ad8001427350f9c667ca48979ef3e4746bfcabeadb29d2b086ea5,exact,https://web.archive.org/web/20240917113142/https://www.cylaw.org/nomoi/enop/non-ind/2001_1_89/full.html,2026-09-30
CY,health_insurance,legal_basis,https://www.cylaw.org/nomoi/enop/non-ind/2001_1_89/full.html,200,text/html,0e370496a02ad8001427350f9c667ca48979ef3e4746bfcabeadb29d2b086ea5,exact,https://web.archive.org/web/20240917113142/https://www.cylaw.org/nomoi/enop/non-ind/2001_1_89/full.html,2026-09-30
CY,health_insurance,operator,https://www.cylaw.org/nomoi/enop/non-ind/2001_1_89/full.html,200,text/html,0e370496a02ad8001427350f9c667ca48979ef3e4746bfcabeadb29d2b086ea5,exact,https://web.archive.org/web/20240917113142/https://www.cylaw.org/nomoi/enop/non-ind/2001_1_89/full.html,2026-09-30
CY,health_records,holding_name,https://www.cylaw.org/nomoi/enop/non-ind/2019_1_59/full.html,200,text/html,a6c860ac4dd3dbec6cc4656b0b00a8d48c1f66dff7fb2b0611f703b4597a1ce4,exact,,2026-09-30
CY,health_records,legal_basis,https://www.cylaw.org/nomoi/enop/non-ind/2019_1_59/full.html,200,text/html,a6c860ac4dd3dbec6cc4656b0b00a8d48c1f66dff7fb2b0611f703b4597a1ce4,exact,,2026-09-30
CY,health_records,operator,https://www.cylaw.org/nomoi/enop/non-ind/2019_1_59/full.html,200,text/html,a6c860ac4dd3dbec6cc4656b0b00a8d48c1f66dff7fb2b0611f703b4597a1ce4,exact,,2026-09-30
CY,indicator:C1,indicator,https://interoperable-europe.ec.europa.eu/sites/default/files/inline-files/NIFO_2024%20Supportive%20Document_Cyprus_vFinal.pdf,200,application/pdf,a5cbb36c5c951f282569fc51ac2ff5c8bc488687e42f53aa67af4e7177d994a5,exact,https://web.archive.org/web/20260810174452/https://interoperable-europe.ec.europa.eu/sites/default/files/inline-files/NIFO_2024%20Supportive%20Document_Cyprus_vFinal.pdf,2026-09-29
CY,indicator:C2,indicator,https://interoperable-europe.ec.europa.eu/sites/default/files/inline-files/NIFO_2024%20Supportive%20Document_Cyprus_vFinal.pdf,200,application/pdf,a5cbb36c5c951f282569fc51ac2ff5c8bc488687e42f53aa67af4e7177d994a5,exact,https://web.archive.org/web/20260810174452/https://interoperable-europe.ec.europa.eu/sites/default/files/inline-files/NIFO_2024%20Supportive%20Document_Cyprus_vFinal.pdf,2026-09-29
CY,indicator:K1,indicator,https://interoperable-europe.ec.europa.eu/sites/default/files/inline-files/NIFO_2024%20Supportive%20Document_Cyprus_vFinal.pdf,200,application/pdf,a5cbb36c5c951f282569fc51ac2ff5c8bc488687e42f53aa67af4e7177d994a5,exact,https://web.archive.org/web/20260810174452/https://interoperable-europe.ec.europa.eu/sites/default/files/inline-files/NIFO_2024%20Supportive%20Document_Cyprus_vFinal.pdf,2026-09-29
CY,indicator:K1,indicator,https://www.jcc.com.cy/jcc/governance/,error,,,fetch_failed,,2026-09-29
CY,indicator:K2,indicator,https://interoperable-europe.ec.europa.eu/sites/default/files/inline-files/NIFO_2024%20Supportive%20Document_Cyprus_vFinal.pdf,200,application/pdf,a5cbb36c5c951f282569fc51ac2ff5c8bc488687e42f53aa67af4e7177d994a5,exact,https://web.archive.org/web/20260810174452/https://interoperable-europe.ec.europa.eu/sites/default/files/inline-files/NIFO_2024%20Supportive%20Document_Cyprus_vFinal.pdf,2026-09-29
CY,indicator:K2,indicator,https://www.jcc.com.cy/trust-services/eidentity/,error,,,fetch_failed,,2026-09-29
CY,indicator:L2,indicator,https://www.cylaw.org/nomoi/enop/non-ind/2021_1_84/full.html,200,text/html,cbd379f39efbc4e3860975bb7f0cbf3c1b79d5ae2134734d22bcf9a30a656c04,exact,https://web.archive.org/web/20260710074341/http://www.cylaw.org/nomoi/enop/non-ind/2021_1_84/full.html,2026-09-30
CY,intelligence,legal_basis,https://www.cylaw.org/nomoi/enop/non-ind/2016_1_75/full.html,200,text/html,5c9f891387de6536f63237f6aa99d4f1fffd9eec8e45c5b04910b2b2ffb9152d,exact,https://web.archive.org/web/20231008110912/http://www.cylaw.org/nomoi/enop/non-ind/2016_1_75/full.html,2026-09-30
CY,intelligence,operator,https://www.cylaw.org/nomoi/enop/non-ind/2016_1_75/full.html,200,text/html,5c9f891387de6536f63237f6aa99d4f1fffd9eec8e45c5b04910b2b2ffb9152d,exact,https://web.archive.org/web/20231008110912/http://www.cylaw.org/nomoi/enop/non-ind/2016_1_75/full.html,2026-09-30
CY,issuance_history,holding_name,https://www.cylaw.org/nomoi/enop/non-ind/2002_1_141/full.html,200,text/html,25a2c6c2be84d0fcf4c938f3871dde035810a9900c8e089836f37f13d296799d,exact,https://web.archive.org/web/20260922145702/https://www.cylaw.org/nomoi/enop/non-ind/2002_1_141/full.html,2026-09-30
CY,issuance_history,legal_basis,https://www.cylaw.org/nomoi/enop/non-ind/2002_1_141/full.html,200,text/html,25a2c6c2be84d0fcf4c938f3871dde035810a9900c8e089836f37f13d296799d,exact,https://web.archive.org/web/20260922145702/https://www.cylaw.org/nomoi/enop/non-ind/2002_1_141/full.html,2026-09-30
CY,issuance_history,operator,https://csca.crmd.moi.gov.cy/Electronic_documents,error,,,fetch_failed,,2026-09-29
CY,judicial_criminal,holding_name,https://www.cylaw.org/nomoi/enop/non-ind/2004_1_73/full.html,200,text/html,3b63fb54cd32e6562861085a7333b18c87b0812f3d27c1d4fb477b6154d4e0df,exact,https://web.archive.org/web/20260313233327/http://www.cylaw.org/nomoi/enop/non-ind/2004_1_73/full.html,2026-09-30
CY,judicial_criminal,legal_basis,https://www.cylaw.org/nomoi/enop/non-ind/2004_1_73/full.html,200,text/html,3b63fb54cd32e6562861085a7333b18c87b0812f3d27c1d4fb477b6154d4e0df,exact,https://web.archive.org/web/20260313233327/http://www.cylaw.org/nomoi/enop/non-ind/2004_1_73/full.html,2026-09-30
CY,land_property,holding_name,https://www.cylaw.org/nomoi/enop/non-ind/0_224/full.html,200,text/html,c5aa74c7f2e426562a15c7831f5470d7d020b4073d3324fc6394c9a5803e8109,exact,https://web.archive.org/web/20260122044453/https://www.cylaw.org/nomoi/enop/non-ind/0_224/full.html,2026-09-30
CY,land_property,hosting,https://portal.dls.moi.gov.cy/wp-content/uploads/2023/05/Annual-report-DLS-2022.pdf,200,application/pdf,d612982f7c92e4173ca3b2bee564975503d1a7a618c4a6727a197c13bad889d8,exact,https://web.archive.org/web/20230630141403/https://portal.dls.moi.gov.cy/wp-content/uploads/2023/05/Annual-report-DLS-2022.pdf,2026-09-29
CY,land_property,legal_basis,https://www.cylaw.org/nomoi/enop/non-ind/0_224/full.html,200,text/html,c5aa74c7f2e426562a15c7831f5470d7d020b4073d3324fc6394c9a5803e8109,exact,https://web.archive.org/web/20260122044453/https://www.cylaw.org/nomoi/enop/non-ind/0_224/full.html,2026-09-30
CY,land_property,operator,https://www.cylaw.org/nomoi/enop/non-ind/0_224/full.html,200,text/html,c5aa74c7f2e426562a15c7831f5470d7d020b4073d3324fc6394c9a5803e8109,exact,https://web.archive.org/web/20260122044453/https://www.cylaw.org/nomoi/enop/non-ind/0_224/full.html,2026-09-30
CY,land_property,record_count,https://portal.dls.moi.gov.cy/wp-content/uploads/2023/05/Annual-report-DLS-2022.pdf,200,application/pdf,d612982f7c92e4173ca3b2bee564975503d1a7a618c4a6727a197c13bad889d8,exact,https://web.archive.org/web/20230630141403/https://portal.dls.moi.gov.cy/wp-content/uploads/2023/05/Annual-report-DLS-2022.pdf,2026-09-29
CY,national_archives,holding_name,https://www.cylaw.org/nomoi/enop/non-ind/1991_1_208/full.html,200,text/html,cbca5ea90990a855c2c0c0a4feb47bed62800203f748aaffe46ae3e43452dae5,exact,https://web.archive.org/web/20260315110743/http://www.cylaw.org/nomoi/enop/non-ind/1991_1_208/full.html,2026-09-30
CY,national_archives,legal_basis,https://www.cylaw.org/nomoi/enop/non-ind/1991_1_208/full.html,200,text/html,cbca5ea90990a855c2c0c0a4feb47bed62800203f748aaffe46ae3e43452dae5,exact,https://web.archive.org/web/20260315110743/http://www.cylaw.org/nomoi/enop/non-ind/1991_1_208/full.html,2026-09-30
CY,official_gazette,foreign_dependency,https://www.cylaw.org/nomoi/enop/non-ind/2019_1_82/full.html,200,text/html,76b2ac7d5df5f43c200fcd49eae19e21d687e4149fd74c1a33e8afe22545aca4,exact,,2026-09-30
CY,official_gazette,holding_name,https://www.cylaw.org/nomoi/enop/non-ind/2019_1_82/full.html,200,text/html,76b2ac7d5df5f43c200fcd49eae19e21d687e4149fd74c1a33e8afe22545aca4,exact,,2026-09-30
CY,official_gazette,legal_basis,https://www.cylaw.org/nomoi/enop/non-ind/2019_1_82/full.html,200,text/html,76b2ac7d5df5f43c200fcd49eae19e21d687e4149fd74c1a33e8afe22545aca4,exact,,2026-09-30
CY,official_gazette,operator,https://www.cylaw.org/nomoi/enop/non-ind/2019_1_82/full.html,200,text/html,76b2ac7d5df5f43c200fcd49eae19e21d687e4149fd74c1a33e8afe22545aca4,exact,,2026-09-30
CY,police_records,holding_name,https://www.politis.com.cy/politis-news/cyprus/1031511/sto-stokhastro-astinomiki-ghia-diarroes-poinikes-kai-peitharkhikes-efthynes-se-ekseliksi,200,text/html,825dfc847f9b441d99c2c02098f8f82e7ac485378c5e737e8fe3810c61fd919c,exact,https://web.archive.org/web/20260909045932/https://www.politis.com.cy/politis-news/cyprus/1031511/sto-stokhastro-astinomiki-ghia-diarroes-poinikes-kai-peitharkhikes-efthynes-se-ekseliksi,2026-09-29
CY,police_records,operator,https://www.cylaw.org/nomoi/enop/non-ind/2023_1_171/full.html,200,text/html,50d5a5c7c8152432a6bcb5210bc0906e174e397611fbf367aa1d04e0c9a581e2,exact,https://web.archive.org/web/20260510162357/http://www.cylaw.org/nomoi/enop/non-ind/2023_1_171/full.html,2026-09-30
CY,public_finance,holding_name,https://www.cylaw.org/nomoi/enop/non-ind/2014_1_20/full.html,200,text/html,2239f269315c3ca0057a702a1e956e93053a629b848d261300f5cafb3609a1e5,exact,https://web.archive.org/web/20250522063338/http://www.cylaw.org/nomoi/enop/non-ind/2014_1_20/full.html,2026-09-30
CY,public_finance,legal_basis,https://www.cylaw.org/nomoi/enop/non-ind/2014_1_20/full.html,200,text/html,2239f269315c3ca0057a702a1e956e93053a629b848d261300f5cafb3609a1e5,exact,https://web.archive.org/web/20250522063338/http://www.cylaw.org/nomoi/enop/non-ind/2014_1_20/full.html,2026-09-30
CY,public_finance,operator,https://www.cylaw.org/nomoi/enop/non-ind/2014_1_20/full.html,200,text/html,2239f269315c3ca0057a702a1e956e93053a629b848d261300f5cafb3609a1e5,exact,https://web.archive.org/web/20250522063338/http://www.cylaw.org/nomoi/enop/non-ind/2014_1_20/full.html,2026-09-30
CY,public_health_surveillance,legal_basis,https://www.cylaw.org/nomoi/enop/non-ind/0_260/full.html,200,text/html,9300aa0dd186b3117ea3d203c6b7f0dc27136db1e671270dc91e12482c4943cd,exact,https://web.archive.org/web/20241205043520/http://www.cylaw.org/nomoi/enop/non-ind/0_260/full.html,2026-09-30
CY,residence_permits,holding_name,https://www.cylaw.org/nomoi/enop/non-ind/2002_1_141/full.html,200,text/html,25a2c6c2be84d0fcf4c938f3871dde035810a9900c8e089836f37f13d296799d,exact,https://web.archive.org/web/20260922145702/https://www.cylaw.org/nomoi/enop/non-ind/2002_1_141/full.html,2026-09-30
CY,residence_permits,legal_basis,https://www.cylaw.org/nomoi/enop/non-ind/0_105/full.html,200,text/html,c03f8dea0d2898a0cdad3900603df184504c189224e48c419c0b1c406e16157e,exact,https://web.archive.org/web/20260723072018/http://www.cylaw.org/nomoi/enop/non-ind/0_105/full.html,2026-09-30
CY,residence_permits,operator,https://www.cylaw.org/nomoi/enop/non-ind/0_105/full.html,200,text/html,c03f8dea0d2898a0cdad3900603df184504c189224e48c419c0b1c406e16157e,exact,https://web.archive.org/web/20260723072018/http://www.cylaw.org/nomoi/enop/non-ind/0_105/full.html,2026-09-30
CY,statistics_microdata,holding_name,https://www.cylaw.org/nomoi/arith/2021_1_025.pdf,200,application/pdf,9e72267c4a49cededb1d36985533d9cdf0bbe1bc61f65ddfe20333f3ac20fce6,exact,https://web.archive.org/web/20250507125237/http://www.cylaw.org/nomoi/arith/2021_1_025.pdf,2026-09-29
CY,statistics_microdata,legal_basis,https://www.cylaw.org/nomoi/arith/2021_1_025.pdf,200,application/pdf,9e72267c4a49cededb1d36985533d9cdf0bbe1bc61f65ddfe20333f3ac20fce6,exact,https://web.archive.org/web/20250507125237/http://www.cylaw.org/nomoi/arith/2021_1_025.pdf,2026-09-29
CY,tax,holding_name,https://www.cylaw.org/nomoi/enop/non-ind/1978_1_4/full.html,200,text/html,d99e1d988bc1fb047a95a2c50264bb94b7eb2b2f04e4f444e75621596c0d42a2,exact,https://web.archive.org/web/20260407105946/https://www.cylaw.org/nomoi/enop/non-ind/1978_1_4/full.html,2026-09-30
CY,tax,legal_basis,https://www.cylaw.org/nomoi/enop/non-ind/1978_1_4/full.html,200,text/html,d99e1d988bc1fb047a95a2c50264bb94b7eb2b2f04e4f444e75621596c0d42a2,exact,https://web.archive.org/web/20260407105946/https://www.cylaw.org/nomoi/enop/non-ind/1978_1_4/full.html,2026-09-30
CY,tax,operator,https://www.cylaw.org/nomoi/enop/non-ind/1978_1_4/full.html,200,text/html,d99e1d988bc1fb047a95a2c50264bb94b7eb2b2f04e4f444e75621596c0d42a2,exact,https://web.archive.org/web/20260407105946/https://www.cylaw.org/nomoi/enop/non-ind/1978_1_4/full.html,2026-09-30
CY,trust_services_pki,holding_name,https://csca.crmd.moi.gov.cy/PKI/CSCA/Root_Certificate,error,,,fetch_failed,,2026-09-29
CY,trust_services_pki,hosting,https://pki.jcc.com.cy/repository/CPS/files/cp-cps-latest-version.pdf,200,application/pdf,5ac6c85642e7839e8d6d861cee8e01edf1b7afc667d22013bc9f1bf69ca7c98e,exact,,2026-09-29
CY,trust_services_pki,legal_basis,https://www.cylaw.org/nomoi/enop/non-ind/2018_1_55/full.html,200,text/html,b6bf00f9ed0c179a36bd5fd7446f2beb84de3460270e039005b6e453a1b620a9,exact,https://web.archive.org/web/20251007233651/http://www.cylaw.org/nomoi/enop/non-ind/2018_1_55/full.html,2026-09-30
CY,trust_services_pki,operator,https://pki.jcc.com.cy/repository/CPS/files/cp-cps-latest-version.pdf,200,application/pdf,5ac6c85642e7839e8d6d861cee8e01edf1b7afc667d22013bc9f1bf69ca7c98e,exact,,2026-09-29
CY,vehicle_licensing,holding_name,https://www.cylaw.org/nomoi/enop/non-ind/1972_1_86/full.html,200,text/html,2e27ff8d78e7d49a642391c78722c2379b4786e34afce0149f129fe420de88e4,exact,https://web.archive.org/web/20240419181847/https://www.cylaw.org/nomoi/enop/non-ind/1972_1_86/full.html,2026-09-30
CY,vehicle_licensing,legal_basis,https://www.cylaw.org/nomoi/enop/non-ind/1972_1_86/full.html,200,text/html,2e27ff8d78e7d49a642391c78722c2379b4786e34afce0149f129fe420de88e4,exact,https://web.archive.org/web/20240419181847/https://www.cylaw.org/nomoi/enop/non-ind/1972_1_86/full.html,2026-09-30
CY,vehicle_licensing,operator,https://www.cylaw.org/nomoi/enop/non-ind/1972_1_86/full.html,200,text/html,2e27ff8d78e7d49a642391c78722c2379b4786e34afce0149f129fe420de88e4,exact,https://web.archive.org/web/20240419181847/https://www.cylaw.org/nomoi/enop/non-ind/1972_1_86/full.html,2026-09-30
CY,water_control,legal_basis,https://www.cylaw.org/nomoi/enop/non-ind/2010_1_79/full.html,200,text/html,6c3c1adf0fe5443e9fa1cb52a19c496128b11251a53b94597581e52dbf29f823,exact,https://web.archive.org/web/20260314164827/http://www.cylaw.org/nomoi/enop/non-ind/2010_1_79/full.html,2026-09-30
CY,water_control,operator,https://www.cylaw.org/nomoi/enop/non-ind/2010_1_79/full.html,200,text/html,6c3c1adf0fe5443e9fa1cb52a19c496128b11251a53b94597581e52dbf29f823,exact,https://web.archive.org/web/20260314164827/http://www.cylaw.org/nomoi/enop/non-ind/2010_1_79/full.html,2026-09-30
CZ,authentication_audit_log,holding_name,https://www.zakonyprolidi.cz/cs/2017-250,200,text/html,f4eb0ac71f0258784851c9794840d1e08b8295714dccdcf7345e9b2201030cc0,exact,,2026-09-29
CZ,authentication_audit_log,legal_basis,https://www.zakonyprolidi.cz/cs/2017-250,200,text/html,f4eb0ac71f0258784851c9794840d1e08b8295714dccdcf7345e9b2201030cc0,exact,,2026-09-29
CZ,authentication_audit_log,legal_basis,https://www.zakonyprolidi.cz/cs/2021-269,200,text/html,5871c2a3c3d0e5f236525f9021ca3b41dcf4f515e7ef6413432c0f82a33a5c2b,exact,,2026-09-29
CZ,beneficial_ownership,holding_name,https://www.zakonyprolidi.cz/cs/2021-37,200,text/html,c560c06dac9b916eae187b94b6623713f2497766573f64f1699f6eaeab47b80c,exact,https://web.archive.org/web/20251007111453/https://www.zakonyprolidi.cz/cs/2021-37,2026-09-29
CZ,beneficial_ownership,operator,https://www.zakonyprolidi.cz/cs/2021-37,200,text/html,c560c06dac9b916eae187b94b6623713f2497766573f64f1699f6eaeab47b80c,exact,https://web.archive.org/web/20251007111453/https://www.zakonyprolidi.cz/cs/2021-37,2026-09-29
CZ,benefits_pensions,holding_name,https://www.zakonyprolidi.cz/cs/1991-582,200,text/html,5b8ca21d116144ec5d4fbd479e8b2bc1369750874ac6b1cf76806595986933b5,exact,,2026-09-29
CZ,benefits_pensions,legal_basis,https://www.zakonyprolidi.cz/cs/1991-582,200,text/html,5b8ca21d116144ec5d4fbd479e8b2bc1369750874ac6b1cf76806595986933b5,exact,,2026-09-29
CZ,benefits_pensions,operator,https://www.zakonyprolidi.cz/cs/1991-582,200,text/html,5b8ca21d116144ec5d4fbd479e8b2bc1369750874ac6b1cf76806595986933b5,exact,,2026-09-29
CZ,border_control,holding_name,https://www.zakonyprolidi.cz/cs/1999-326,200,text/html,13a053fcc2556a6a7d0321518696659d0f19b7f27a037075c83aea1785ab6990,exact,,2026-09-29
CZ,border_control,operator,https://www.zakonyprolidi.cz/cs/2008-273,200,text/html,7f00fd17698cf4732b216de1d1925a5c2d933c1f49cecff7453569d36c0879d2,exact,https://web.archive.org/web/20260404065219/https://www.zakonyprolidi.cz/cs/2008-273,2026-09-29
CZ,breeder_documents,holding_name,https://www.zakonyprolidi.cz/cs/2000-301,200,text/html,ece2950f0b32681b105cddd74fea6d76313eaa76cb05cee88a32faf9261a9388,exact,https://web.archive.org/web/20260224043912/https://www.zakonyprolidi.cz/cs/2000-301,2026-09-29
CZ,breeder_documents,operator,https://www.zakonyprolidi.cz/cs/2000-301,200,text/html,ece2950f0b32681b105cddd74fea6d76313eaa76cb05cee88a32faf9261a9388,exact,https://web.archive.org/web/20260224043912/https://www.zakonyprolidi.cz/cs/2000-301,2026-09-29
CZ,business_registry,holding_name,https://www.zakonyprolidi.cz/cs/2013-304,200,text/html,5f31a9773d4107bb12e9987c3a13c5fda0ece40a0da93c57d8b9f033f8186cd1,exact,https://web.archive.org/web/20260201065444/https://www.zakonyprolidi.cz/cs/2013-304,2026-09-29
CZ,business_registry,operator,https://www.zakonyprolidi.cz/cs/2009-111,200,text/html,86abb2e8f37109d8f5dfe95e0e06ba505637e246a3265619e2b22f8bc9784527,exact,https://web.archive.org/web/20251114195208/https://www.zakonyprolidi.cz/cs/2009-111,2026-09-29
CZ,central_bank,legal_basis,https://www.cnb.cz/cs/platebni-styk/certis/popis-systemu-certis/,200,text/html,f98c87e004c447cd14e82680d867e8ee74af5230886431a8603502104cc73723,exact,,2026-09-29
CZ,central_bank,legal_basis,https://www.zakonyprolidi.cz/cs/1993-6,200,text/html,c2d665eb38baad783a882f5f6beb9e401e88d438eef556f035b2803476e5c457,exact,,2026-09-29
CZ,central_bank,operator,https://www.cnb.cz/cs/platebni-styk/certis/popis-systemu-certis/,200,text/html,f98c87e004c447cd14e82680d867e8ee74af5230886431a8603502104cc73723,exact,,2026-09-29
CZ,civil_registry,holding_name,https://www.dia.gov.cz/cs/nase-cinnosti/na-cem-to-bezi/registr-obyvatel,403,text/html,,fetch_failed,,2026-09-29
CZ,civil_registry,legal_basis,https://www.zakonyprolidi.cz/cs/2000-133,200,text/html,1631facd397374c28b717ce7e80bfc2937090ecd1219e6d6522fd126e7d335bb,exact,,2026-09-29
CZ,civil_registry,legal_basis,https://www.zakonyprolidi.cz/cs/2009-111,200,text/html,86abb2e8f37109d8f5dfe95e0e06ba505637e246a3265619e2b22f8bc9784527,exact,https://web.archive.org/web/20251114195208/https://www.zakonyprolidi.cz/cs/2009-111,2026-09-29
CZ,civil_registry,operator,https://www.dia.gov.cz/cs/nase-cinnosti/na-cem-to-bezi/registr-obyvatel,403,text/html,,fetch_failed,,2026-09-29
CZ,crisis_management,holding_name,https://www.zakonyprolidi.cz/cs/2000-240,200,text/html,1c902070b0009f00eeab8ac4e928f1243a000ff34f2ec2b1b5955e00abba14f1,exact,,2026-09-29
CZ,crisis_management,operator,https://www.zakonyprolidi.cz/cs/2000-240,200,text/html,1c902070b0009f00eeab8ac4e928f1243a000ff34f2ec2b1b5955e00abba14f1,exact,,2026-09-29
CZ,customs,holding_name,https://celnisprava.gov.cz/cz/crhradeckralove/tiskove-zpravy/2010/Stranky/e-dovoz.aspx,200,text/html,4dd03568c502753b7aecfc0ed3140ab5da4ceae5c50e0f6c09d5196bca35fa20,exact,,2026-09-29
CZ,customs,legal_basis,https://www.zakonyprolidi.cz/cs/2016-242,200,text/html,3cd41075e0e102cc97a405cea1d188c496885072de9bce6a3514f10ac1330a1d,exact,https://web.archive.org/web/20240924094504/https://www.zakonyprolidi.cz/cs/2016-242,2026-09-29
CZ,customs,operator,https://www.zakonyprolidi.cz/cs/2012-17,200,text/html,bbfb694b093f3b6b8e3494e2fc2bd49ae36b6364e1f03285c975d3ca23af33eb,exact,https://web.archive.org/web/20260214074216/https://www.zakonyprolidi.cz/cs/2012-17,2026-09-29
CZ,digital_identity_credentials,holding_name,https://www.zakonyprolidi.cz/cs/2017-250,200,text/html,f4eb0ac71f0258784851c9794840d1e08b8295714dccdcf7345e9b2201030cc0,exact,,2026-09-29
CZ,digital_identity_credentials,legal_basis,https://www.zakonyprolidi.cz/cs/2017-250,200,text/html,f4eb0ac71f0258784851c9794840d1e08b8295714dccdcf7345e9b2201030cc0,exact,,2026-09-29
CZ,digital_identity_credentials,record_count,https://mv.gov.cz/clanek/pocet-elektronickych-identit-obcanu-prekonal-hranici-10-milionu.aspx,200,text/html,cb52834802cb11df5c7b91cc66bb2c1e1d248b8dcda1033d9a20a4d6074419f0,exact,https://web.archive.org/web/20251003233623/https://mv.gov.cz/clanek/pocet-elektronickych-identit-obcanu-prekonal-hranici-10-milionu.aspx,2026-09-29
CZ,digital_identity_credentials,record_count,https://www.dia.gov.cz/media/3376/download/2026%20fact%20sheet.pdf?v=1,403,text/html,,fetch_failed,,2026-09-29
CZ,education,legal_basis,https://www.zakonyprolidi.cz/cs/1998-111,200,text/html,8bcb373246973a7a89700c2f1dd79a05a54a8a174529030ef462dd7e72262b57,exact,,2026-09-29
CZ,education,operator,https://www.zakonyprolidi.cz/cs/1998-111,200,text/html,8bcb373246973a7a89700c2f1dd79a05a54a8a174529030ef462dd7e72262b57,exact,,2026-09-29
CZ,electoral_management,holding_name,https://www.zakonyprolidi.cz/cs/2024-88,200,text/html,1592a43908148e84e37e55befd573a8fc37d130332e4faa9e62ce7519026d546,exact,https://web.archive.org/web/20260113232740/https://www.zakonyprolidi.cz/cs/2024-88,2026-09-29
CZ,electoral_management,operator,https://www.zakonyprolidi.cz/cs/2024-88,200,text/html,1592a43908148e84e37e55befd573a8fc37d130332e4faa9e62ce7519026d546,exact,https://web.archive.org/web/20260113232740/https://www.zakonyprolidi.cz/cs/2024-88,2026-09-29
CZ,electoral_roll,holding_name,https://www.zakonyprolidi.cz/cs/2024-88,200,text/html,1592a43908148e84e37e55befd573a8fc37d130332e4faa9e62ce7519026d546,exact,https://web.archive.org/web/20260113232740/https://www.zakonyprolidi.cz/cs/2024-88,2026-09-29
CZ,electoral_roll,legal_basis,https://www.zakonyprolidi.cz/cs/2024-88,200,text/html,1592a43908148e84e37e55befd573a8fc37d130332e4faa9e62ce7519026d546,exact,https://web.archive.org/web/20260113232740/https://www.zakonyprolidi.cz/cs/2024-88,2026-09-29
CZ,electoral_roll,operator,https://www.zakonyprolidi.cz/cs/2024-88,200,text/html,1592a43908148e84e37e55befd573a8fc37d130332e4faa9e62ce7519026d546,exact,https://web.archive.org/web/20260113232740/https://www.zakonyprolidi.cz/cs/2024-88,2026-09-29
CZ,emergency_communications,holding_name,https://hzscr.gov.cz/clanek/tisnova-linka-112-ma-svuj-den,200,text/html,ba94096c00913d99d1f727fa2cc308dee03a9ea4ee1ca3bd8591d72d96a5d788,exact,https://web.archive.org/web/20250429081533/https://hzscr.gov.cz/clanek/tisnova-linka-112-ma-svuj-den,2026-09-29
CZ,emergency_communications,legal_basis,https://www.zakonyprolidi.cz/cs/2000-239,200,text/html,a16f5647b2ab55ee880cd286f6db20b56bbbd5283f0195530067ed058495a37f,exact,https://web.archive.org/web/20251118144019/https://www.zakonyprolidi.cz/cs/2000-239,2026-09-29
CZ,emergency_communications,operator,https://hzscr.gov.cz/clanek/hzs-jihoceskeho-kraje-menu-informacni-servis-zpravodajstvi-2026-unor-tisnova-linka-112-funguje-uz-22-let.aspx,200,text/html,6597ffbfb405eb3aa484a37f0a026f7f480a390e647aff8a4396f56b814ae28d,exact,,2026-09-29
CZ,emergency_communications,record_count,https://hzscr.gov.cz/clanek/hzs-jihoceskeho-kraje-menu-informacni-servis-zpravodajstvi-2026-unor-tisnova-linka-112-funguje-uz-22-let.aspx,200,text/html,6597ffbfb405eb3aa484a37f0a026f7f480a390e647aff8a4396f56b814ae28d,exact,,2026-09-29
CZ,extra:government_messaging,record_count,https://www.dia.gov.cz/media/3376/download/2026%20fact%20sheet.pdf?v=1,403,text/html,,fetch_failed,,2026-09-29
CZ,extra:shared_register_backbone,operator,https://www.zakonyprolidi.cz/cs/2009-111,200,text/html,86abb2e8f37109d8f5dfe95e0e06ba505637e246a3265619e2b22f8bc9784527,exact,https://web.archive.org/web/20251114195208/https://www.zakonyprolidi.cz/cs/2009-111,2026-09-29
CZ,facial_biometric,holding_name,https://www.zakonyprolidi.cz/cs/2021-269,200,text/html,5871c2a3c3d0e5f236525f9021ca3b41dcf4f515e7ef6413432c0f82a33a5c2b,exact,,2026-09-29
CZ,facial_biometric,legal_basis,https://www.zakonyprolidi.cz/cs/1999-329,200,text/html,e596b2a034011f04df97180d4c7035a3fdf6e0b68ad5131fecf36d02c0269b62,exact,,2026-09-29
CZ,facial_biometric,legal_basis,https://www.zakonyprolidi.cz/cs/2021-269,200,text/html,5871c2a3c3d0e5f236525f9021ca3b41dcf4f515e7ef6413432c0f82a33a5c2b,exact,,2026-09-29
CZ,facial_biometric,operator,https://www.zakonyprolidi.cz/cs/2021-269,200,text/html,5871c2a3c3d0e5f236525f9021ca3b41dcf4f515e7ef6413432c0f82a33a5c2b,exact,,2026-09-29
CZ,fingerprint_biometric,legal_basis,https://www.zakonyprolidi.cz/cs/2021-269,200,text/html,5871c2a3c3d0e5f236525f9021ca3b41dcf4f515e7ef6413432c0f82a33a5c2b,exact,,2026-09-29
CZ,fingerprint_biometric,not_held,https://www.zakonyprolidi.cz/cs/1999-329,200,text/html,e596b2a034011f04df97180d4c7035a3fdf6e0b68ad5131fecf36d02c0269b62,exact,,2026-09-29
CZ,fingerprint_biometric,not_held,https://www.zakonyprolidi.cz/cs/2021-269,200,text/html,5871c2a3c3d0e5f236525f9021ca3b41dcf4f515e7ef6413432c0f82a33a5c2b,exact,,2026-09-29
CZ,firearms_register,holding_name,https://www.zakonyprolidi.cz/cs/2024-90,200,text/html,6d8ad75b2fee264be542af34433c3817107e2d336d07f42e188a872316e75ebd,exact,https://web.archive.org/web/20260623173655/https://www.zakonyprolidi.cz/cs/2024-90,2026-09-29
CZ,firearms_register,operator,https://www.zakonyprolidi.cz/cs/2024-90,200,text/html,6d8ad75b2fee264be542af34433c3817107e2d336d07f42e188a872316e75ebd,exact,https://web.archive.org/web/20260623173655/https://www.zakonyprolidi.cz/cs/2024-90,2026-09-29
CZ,geospatial,holding_name,https://cuzk.gov.cz/getattachment/f9eb09fe-b4e4-4fae-9a5a-57af8e46edeb/Vyrocni-zprava-2025_final.pdf.aspx,200,application/pdf,ac8ea3c1d2718ce93167c5b77aa3b057de3345bea9dc3ad5b6b5c6e09bfc676f,exact,https://web.archive.org/web/20260310200755/https://cuzk.gov.cz/getattachment/f9eb09fe-b4e4-4fae-9a5a-57af8e46edeb/Vyrocni-zprava-2025_final.pdf.aspx,2026-09-29
CZ,geospatial,operator,https://www.zakonyprolidi.cz/cs/2009-111,200,text/html,86abb2e8f37109d8f5dfe95e0e06ba505637e246a3265619e2b22f8bc9784527,exact,https://web.archive.org/web/20251114195208/https://www.zakonyprolidi.cz/cs/2009-111,2026-09-29
CZ,government_payroll,holding_name,https://www.zakonyprolidi.cz/cs/2014-234,200,text/html,98f84038479a3475577829b5b1147388d832d2803023b50aa2cc3e85e9511a3d,exact,https://web.archive.org/web/20260427134705/https://www.zakonyprolidi.cz/cs/2014-234,2026-09-29
CZ,government_payroll,legal_basis,https://www.zakonyprolidi.cz/cs/2014-234,200,text/html,98f84038479a3475577829b5b1147388d832d2803023b50aa2cc3e85e9511a3d,exact,https://web.archive.org/web/20260427134705/https://www.zakonyprolidi.cz/cs/2014-234,2026-09-29
CZ,government_payroll,operator,https://www.zakonyprolidi.cz/cs/2014-234,200,text/html,98f84038479a3475577829b5b1147388d832d2803023b50aa2cc3e85e9511a3d,exact,https://web.archive.org/web/20260427134705/https://www.zakonyprolidi.cz/cs/2014-234,2026-09-29
CZ,grid_control,holding_name,https://www.ceps.cz/cs/dispecerske-rizeni,robots-denied,,,fetch_failed,,2026-09-29
CZ,grid_control,legal_basis,https://www.zakonyprolidi.cz/cs/2000-458,200,text/html,05c1ccc47ad0a9029810aa1a507c60f121c2c67f1ba24c8504358610dc082571,exact,https://web.archive.org/web/20260221165602/https://www.zakonyprolidi.cz/cs/2000-458,2026-09-29
CZ,health_insurance,holding_name,https://www.zakonyprolidi.cz/cs/1992-592,200,text/html,bf8691a34509e1012f7ea96983b8d5301e71f2ef326e4076b8d0ff1cf7cb28f6,exact,https://web.archive.org/web/20260501174125/https://www.zakonyprolidi.cz/cs/1992-592,2026-09-29
CZ,health_records,holding_name,https://www.zakonyprolidi.cz/cs/2007-378,200,text/html,56c832008e8c3afa7799b416a5e725299738150b61ef43aa8d9f536fbdabcd18,exact,,2026-09-29
CZ,health_records,legal_basis,https://www.zakonyprolidi.cz/cs/2007-378,200,text/html,56c832008e8c3afa7799b416a5e725299738150b61ef43aa8d9f536fbdabcd18,exact,,2026-09-29
CZ,indicator:C1,indicator,https://web.archive.org/web/20260514094405/https://www.spcss.cz/,200,text/html,000facbb9b79938cb3ce12d099ec6f84d8c22827f649f403aceb1e6641bc94e2,exact,,2026-09-29
CZ,indicator:C2,indicator,https://dia.gov.cz/cs/nase-cinnosti/na-cem-pracujeme/egovernment-cloud/aktuality/archiv,403,text/html,,fetch_failed,,2026-09-29
CZ,indicator:C2,indicator,https://web.archive.org/web/20260514094405/https://www.spcss.cz/,200,text/html,000facbb9b79938cb3ce12d099ec6f84d8c22827f649f403aceb1e6641bc94e2,exact,,2026-09-29
CZ,indicator:C2,indicator,https://www.zakonyprolidi.cz/cs/2000-365,200,text/html,8d9bdea9e8b005b3d53673b979388a4d687cd9744dd36981cbb7a444fffdd585,exact,https://web.archive.org/web/20260130002605/https://www.zakonyprolidi.cz/cs/2000-365,2026-09-29
CZ,indicator:K1,indicator,https://sssvd.gov.cz/,200,text/html,650484e1014748222a7b62ca93aed23abc1fb1d38087397fcb12efdd84a720e4,exact,,2026-09-29
CZ,indicator:K1,indicator,https://www.zakonyprolidi.cz/cs/2016-297,200,text/html,64df2642775136870f849874a9a4977482b2ee0a2686989769601b3cca71e224,exact,https://web.archive.org/web/20260503120919/https://www.zakonyprolidi.cz/cs/2016-297,2026-09-29
CZ,indicator:K2,indicator,https://info.identitaobcana.cz/,200,text/html,a028cdf850b4cb3b47f364d1abd9c90623b8e971eb0bdbd868c9db3e42b129dd,exact,https://web.archive.org/web/20241116155854/https://info.identitaobcana.cz/,2026-09-29
CZ,indicator:K2,indicator,https://www.zakonyprolidi.cz/cs/2017-250,200,text/html,c76e20bd524f168c9dfd084c12a09693567ef375741b9d3b7529337991953664,exact,https://web.archive.org/web/20251210144632/https://www.zakonyprolidi.cz/cs/2017-250,2026-09-29
CZ,indicator:L1,indicator,https://www.zakonyprolidi.cz/cs/2000-365,200,text/html,8d9bdea9e8b005b3d53673b979388a4d687cd9744dd36981cbb7a444fffdd585,exact,https://web.archive.org/web/20260130002605/https://www.zakonyprolidi.cz/cs/2000-365,2026-09-29
CZ,indicator:L1,indicator,https://www.zakonyprolidi.cz/cs/2025-505,200,text/html,65a01c39bd8043c9e5052a2f8e215d06a6be06281e9daa4eae8b5c93ae7563eb,exact,https://web.archive.org/web/20260421002355/https://www.zakonyprolidi.cz/cs/2025-505,2026-09-29
CZ,indicator:L2,indicator,https://www.zakonyprolidi.cz/cs/2005-412,200,text/html,31c5ea89c2c51f949fd122e6900bc17b62b776368d5c3ed41376984fe315f686,exact,https://web.archive.org/web/20260416083654/https://www.zakonyprolidi.cz/cs/2005-412,2026-09-29
CZ,indicator:L3,indicator,https://www.zakonyprolidi.cz/cs/2000-365,200,text/html,8d9bdea9e8b005b3d53673b979388a4d687cd9744dd36981cbb7a444fffdd585,exact,https://web.archive.org/web/20260130002605/https://www.zakonyprolidi.cz/cs/2000-365,2026-09-29
CZ,indicator:L3,indicator,https://www.zakonyprolidi.cz/cs/2025-505,200,text/html,65a01c39bd8043c9e5052a2f8e215d06a6be06281e9daa4eae8b5c93ae7563eb,exact,https://web.archive.org/web/20260421002355/https://www.zakonyprolidi.cz/cs/2025-505,2026-09-29
CZ,intelligence,legal_basis,https://www.zakonyprolidi.cz/cs/1994-153,200,text/html,d5ab75dcf132a9956d9c9f8bb6c4a6178aab4e9a9afc8b9d1a413669e5d92f30,exact,https://web.archive.org/web/20260324132118/https://www.zakonyprolidi.cz/cs/1994-153,2026-09-29
CZ,issuance_history,holding_name,https://www.zakonyprolidi.cz/cs/2021-269,200,text/html,5871c2a3c3d0e5f236525f9021ca3b41dcf4f515e7ef6413432c0f82a33a5c2b,exact,,2026-09-29
CZ,issuance_history,legal_basis,https://www.zakonyprolidi.cz/cs/1999-329,200,text/html,e596b2a034011f04df97180d4c7035a3fdf6e0b68ad5131fecf36d02c0269b62,exact,,2026-09-29
CZ,issuance_history,operator,https://www.zakonyprolidi.cz/cs/2021-269,200,text/html,5871c2a3c3d0e5f236525f9021ca3b41dcf4f515e7ef6413432c0f82a33a5c2b,exact,,2026-09-29
CZ,judicial_criminal,holding_name,https://www.zakonyprolidi.cz/cs/1994-269,200,text/html,90c2937a6ed7e4390ee1b008912a9737fadac7215c01f37ffc3d23307f887c85,exact,https://web.archive.org/web/20260312160053/https://www.zakonyprolidi.cz/cs/1994-269,2026-09-29
CZ,judicial_criminal,operator,https://www.zakonyprolidi.cz/cs/1994-269,200,text/html,90c2937a6ed7e4390ee1b008912a9737fadac7215c01f37ffc3d23307f887c85,exact,https://web.archive.org/web/20260312160053/https://www.zakonyprolidi.cz/cs/1994-269,2026-09-29
CZ,land_property,holding_name,https://cuzk.gov.cz/getattachment/f9eb09fe-b4e4-4fae-9a5a-57af8e46edeb/Vyrocni-zprava-2025_final.pdf.aspx,200,application/pdf,ac8ea3c1d2718ce93167c5b77aa3b057de3345bea9dc3ad5b6b5c6e09bfc676f,exact,https://web.archive.org/web/20260310200755/https://cuzk.gov.cz/getattachment/f9eb09fe-b4e4-4fae-9a5a-57af8e46edeb/Vyrocni-zprava-2025_final.pdf.aspx,2026-09-29
CZ,land_property,legal_basis,https://www.zakonyprolidi.cz/cs/2013-256,200,text/html,7e866e191d1fa9017d32752ecc958c981437407d01ed66e9759ddd94a401c06d,exact,,2026-09-29
CZ,land_property,operator,https://www.zakonyprolidi.cz/cs/1992-359,200,text/html,2004aa6fa4dcf9e85211f1c531959c3cbac5e5839e424f895020a15a37ceaac7,exact,https://web.archive.org/web/20260210112357/https://www.zakonyprolidi.cz/cs/1992-359,2026-09-29
CZ,land_property,record_count,https://cuzk.gov.cz/getattachment/f9eb09fe-b4e4-4fae-9a5a-57af8e46edeb/Vyrocni-zprava-2025_final.pdf.aspx,200,application/pdf,ac8ea3c1d2718ce93167c5b77aa3b057de3345bea9dc3ad5b6b5c6e09bfc676f,exact,https://web.archive.org/web/20260310200755/https://cuzk.gov.cz/getattachment/f9eb09fe-b4e4-4fae-9a5a-57af8e46edeb/Vyrocni-zprava-2025_final.pdf.aspx,2026-09-29
CZ,national_archives,data_size,https://www.nacr.cz/wp-content/uploads/2026/02/Vyrocni_zpravy_o_cinnosti_archivu-NA-2025.pdf,200,application/pdf,064dad75f86ad12ae019889bdc928e92e0f5b53276ea2e8080697c449f04aa0a,exact,https://web.archive.org/web/20260226063328/https://www.nacr.cz/wp-content/uploads/2026/02/Vyrocni_zpravy_o_cinnosti_archivu-NA-2025.pdf,2026-09-29
CZ,national_archives,legal_basis,https://www.zakonyprolidi.cz/cs/2004-499,200,text/html,68594a11fc604f017325ad0438c99c432623acc3435d3e9feab1c92ec781b806,exact,https://web.archive.org/web/20260206141901/https://www.zakonyprolidi.cz/cs/2004-499,2026-09-29
CZ,official_gazette,legal_basis,https://www.zakonyprolidi.cz/cs/2016-222,200,text/html,cbcf90d9c1a34842271a821da917dd3fc83f29f57059beb06c670e530d324e7e,exact,https://web.archive.org/web/20241112060849/https://www.zakonyprolidi.cz/cs/2016-222,2026-09-29
CZ,official_gazette,operator,https://www.zakonyprolidi.cz/cs/2016-222,200,text/html,cbcf90d9c1a34842271a821da917dd3fc83f29f57059beb06c670e530d324e7e,exact,https://web.archive.org/web/20241112060849/https://www.zakonyprolidi.cz/cs/2016-222,2026-09-29
CZ,police_records,legal_basis,https://www.zakonyprolidi.cz/cs/2008-273,200,text/html,7f00fd17698cf4732b216de1d1925a5c2d933c1f49cecff7453569d36c0879d2,exact,https://web.archive.org/web/20260404065219/https://www.zakonyprolidi.cz/cs/2008-273,2026-09-29
CZ,public_finance,hosting,https://www.mfcr.cz/cs/legislativa/materialy-na-jednani-vlady/1-ctvrtleti-21/materialy-na-jednani-vlady-dne-8-brezna-41198,200,text/html,882b52e3da2ae58b7031c1031e6e573f43bf3127ff3650d0df20b617dfeeac65,exact,https://web.archive.org/web/20230606154234/https://www.mfcr.cz/cs/legislativa/materialy-na-jednani-vlady/1-ctvrtleti-21/materialy-na-jednani-vlady-dne-8-brezna-41198,2026-09-29
CZ,public_finance,operator,https://mf.gov.cz/cs/ministerstvo/zakladni-informace/primo-rizene-organizace,200,text/html,155680112cf41ec1e8548f6ac4f20ae8fe1b27b47409ad9b1e02cc3d2cce860c,exact,https://web.archive.org/web/20260827095042/https://mf.gov.cz/cs/ministerstvo/zakladni-informace/primo-rizene-organizace,2026-09-29
CZ,public_health_surveillance,holding_name,https://www.zakonyprolidi.cz/cs/2000-258,200,text/html,75375586d8d72ac431632b3386ddc116749b5a8a0e73e0eda98d2299191e3196,exact,https://web.archive.org/web/20260319172250/https://www.zakonyprolidi.cz/cs/2000-258,2026-09-29
CZ,public_health_surveillance,operator,https://www.zakonyprolidi.cz/cs/2000-258,200,text/html,75375586d8d72ac431632b3386ddc116749b5a8a0e73e0eda98d2299191e3196,exact,https://web.archive.org/web/20260319172250/https://www.zakonyprolidi.cz/cs/2000-258,2026-09-29
CZ,residence_permits,holding_name,https://www.zakonyprolidi.cz/cs/1999-326,200,text/html,13a053fcc2556a6a7d0321518696659d0f19b7f27a037075c83aea1785ab6990,exact,,2026-09-29
CZ,residence_permits,legal_basis,https://www.zakonyprolidi.cz/cs/1999-326,200,text/html,13a053fcc2556a6a7d0321518696659d0f19b7f27a037075c83aea1785ab6990,exact,,2026-09-29
CZ,statistics_microdata,legal_basis,https://www.zakonyprolidi.cz/cs/1995-89,200,text/html,6b8287bfa01b4641e117ec971318b63f409d1e330cb5d02d871a3eb803c46d92,exact,https://web.archive.org/web/20260412092934/https://www.zakonyprolidi.cz/cs/1995-89,2026-09-29
CZ,statistics_microdata,operator,https://www.zakonyprolidi.cz/cs/1995-89,200,text/html,6b8287bfa01b4641e117ec971318b63f409d1e330cb5d02d871a3eb803c46d92,exact,https://web.archive.org/web/20260412092934/https://www.zakonyprolidi.cz/cs/1995-89,2026-09-29
CZ,tax,holding_name,https://financnisprava.gov.cz/assets/cs/prilohy/fs-financni-sprava-cr/OR_FS_UZ_D4.pdf,200,application/pdf,f486fe8aec13bede3fdb0d4842eb957ea242a179bfbe48f6a55ae12313ff52c3,exact,,2026-09-29
CZ,tax,legal_basis,https://www.zakonyprolidi.cz/cs/2009-280,200,text/html,f448dc75e45a739d032559117bcc4e547c3006de326af75c1caee80665a23d8f,exact,https://web.archive.org/web/20260508203217/https://www.zakonyprolidi.cz/cs/2009-280,2026-09-29
CZ,trust_services_pki,holding_name,https://www.zakonyprolidi.cz/cs/2016-297,200,text/html,758ef5decde63687fe3f32742278395d8572e104ced4fdf3ea3242a58143ef3a,exact,https://web.archive.org/web/20260503120919/https://www.zakonyprolidi.cz/cs/2016-297,2026-09-29
CZ,trust_services_pki,legal_basis,https://www.zakonyprolidi.cz/cs/2016-297,200,text/html,758ef5decde63687fe3f32742278395d8572e104ced4fdf3ea3242a58143ef3a,exact,https://web.archive.org/web/20260503120919/https://www.zakonyprolidi.cz/cs/2016-297,2026-09-29
CZ,trust_services_pki,operator,https://www.zakonyprolidi.cz/cs/2016-297,200,text/html,758ef5decde63687fe3f32742278395d8572e104ced4fdf3ea3242a58143ef3a,exact,https://web.archive.org/web/20260503120919/https://www.zakonyprolidi.cz/cs/2016-297,2026-09-29
CZ,vehicle_licensing,holding_name,https://www.zakonyprolidi.cz/cs/2000-361,200,text/html,dd5cd6b17f59818c3b0ff41bd1a3937ad25110c56e4305459ef5f48e675e3a78,exact,https://web.archive.org/web/20260711182736/https://www.zakonyprolidi.cz/cs/2000-361,2026-09-29
CZ,vehicle_licensing,holding_name,https://www.zakonyprolidi.cz/cs/2001-56,200,text/html,c78502fe1a32e41998dffd4e4b611356841b7d29f2a6ea0fa801565eca8b666f,exact,https://web.archive.org/web/20260323232108/https://www.zakonyprolidi.cz/cs/2001-56,2026-09-29
CZ,vehicle_licensing,operator,https://www.zakonyprolidi.cz/cs/2000-361,200,text/html,dd5cd6b17f59818c3b0ff41bd1a3937ad25110c56e4305459ef5f48e675e3a78,exact,https://web.archive.org/web/20260711182736/https://www.zakonyprolidi.cz/cs/2000-361,2026-09-29
CZ,water_control,legal_basis,https://www.zakonyprolidi.cz/cs/2001-254,200,text/html,ad284a2c4aeb0bf0625b167c26fa257fa13c5504b793a7bdf4bd571091a8f63a,exact,https://web.archive.org/web/20260423062345/https://www.zakonyprolidi.cz/cs/2001-254,2026-09-29
CZ,water_control,operator,https://www.zakonyprolidi.cz/cs/2001-254,200,text/html,ad284a2c4aeb0bf0625b167c26fa257fa13c5504b793a7bdf4bd571091a8f63a,exact,https://web.archive.org/web/20260423062345/https://www.zakonyprolidi.cz/cs/2001-254,2026-09-29
DE,beneficial_ownership,legal_basis,https://www.gesetze-im-internet.de/gwg_2017/__18.html,200,text/html,7f75f2f2972384614d6b8008c74a02793791513051638fb727b836042b2c498a,exact,https://web.archive.org/web/20241226225736/https://www.gesetze-im-internet.de/gwg_2017/__18.html,2026-09-29
DE,beneficial_ownership,operator,https://www.gesetze-im-internet.de/tbelv/__1.html,200,text/html,53676a52c7187f19d9f10c87850427874c19b890773a6df2d16c90a495b5f6fa,exact,,2026-09-29
DE,benefits_pensions,holding_name,https://www.gesetze-im-internet.de/sgb_6/__149.html,200,text/html,f683a7b752754ae451b17eb709d782b4ca5afe608759251359976b0b80b713a6,exact,https://web.archive.org/web/20260305102912/https://www.gesetze-im-internet.de/sgb_6/__149.html,2026-09-29
DE,benefits_pensions,operator,https://www.gesetze-im-internet.de/sgb_6/__145.html,200,text/html,bd57b1aa31c95b846e8b567d7393ec7717ab3006206534609c857971d587f5b8,exact,https://web.archive.org/web/20260910135714/https://www.gesetze-im-internet.de/sgb_6/__145.html,2026-09-29
DE,border_control,holding_name,https://www.gesetze-im-internet.de/azrg/__1.html,200,text/html,ba492b8c7f06cb8952327298a0df94ee3c7766d946fd7444051a1ef3ce36b958,exact,https://web.archive.org/web/20250215034909/https://www.gesetze-im-internet.de/azrg/__1.html,2026-09-29
DE,border_control,holding_name,https://www.gesetze-im-internet.de/vwdg/__1.html,200,text/html,e1646b91917067f8ea1b4b108dba9c9fac15b8283ba029cdc1e8b1b970b67be9,exact,https://web.archive.org/web/20240422124244/https://www.gesetze-im-internet.de/vwdg/__1.html,2026-09-29
DE,border_control,operator,https://www.gesetze-im-internet.de/bkag_2018/__3.html,200,text/html,8a0a0c2b613563f94569dc60d1752cd2a7918aa72c95955fcd768aaddcdf7169,exact,https://web.archive.org/web/20260227115654/https://www.gesetze-im-internet.de/bkag_2018/__3.html,2026-09-29
DE,breeder_documents,holding_name,https://www.gesetze-im-internet.de/pstg/__6.html,200,text/html,f529c47c73b866105159fdd0db60852f57eaf83530f61e119d13013823feedf9,exact,https://web.archive.org/web/20250912133200/https://www.gesetze-im-internet.de/pstg/__6.html,2026-09-29
DE,breeder_documents,operator,https://www.gesetze-im-internet.de/pstg/__3.html,200,text/html,b5f7313c858202dbb46066bb6c880d2a4f5ac4c6c20e9d26057057b291548b22,exact,,2026-09-29
DE,business_registry,legal_basis,https://www.gesetze-im-internet.de/hgb/__8.html,200,text/html,cf624105a2662ebf2d7c48fe57f40e84d6a6118485f88a50d654266150f32503,exact,https://web.archive.org/web/20260128064431/https://www.gesetze-im-internet.de/hgb/__8.html,2026-09-29
DE,business_registry,operator,https://www.gesetze-im-internet.de/hgb/__8b.html,200,text/html,91d69f569590877c96e968ec7fe3130267d13685d0f77df71b9002984d611219,exact,https://web.archive.org/web/20260101080842/https://www.gesetze-im-internet.de/hgb/__8b.html,2026-09-29
DE,central_bank,legal_basis,https://www.gesetze-im-internet.de/bbankg/__3.html,200,text/html,1a252a86772ac17cbeafa07c0fc9b7ff6008fc88b906cf966d454308221ee7a9,exact,https://web.archive.org/web/20241206140449/https://www.gesetze-im-internet.de/bbankg/__3.html,2026-09-29
DE,civil_registry,holding_name,https://www.gesetze-im-internet.de/bmg/__2.html,200,text/html,243da183cfd5e209e97ae25785580dd2151a9c28381a0b3c0d12dc1e9ef08d1c,exact,https://web.archive.org/web/20260102165107/https://www.gesetze-im-internet.de/bmg/__2.html,2026-09-29
DE,civil_registry,holding_name,https://www.gesetze-im-internet.de/pstg/__3.html,200,text/html,b5f7313c858202dbb46066bb6c880d2a4f5ac4c6c20e9d26057057b291548b22,exact,,2026-09-29
DE,civil_registry,legal_basis,https://www.gesetze-im-internet.de/bmg/__2.html,200,text/html,243da183cfd5e209e97ae25785580dd2151a9c28381a0b3c0d12dc1e9ef08d1c,exact,https://web.archive.org/web/20260102165107/https://www.gesetze-im-internet.de/bmg/__2.html,2026-09-29
DE,civil_registry,legal_basis,https://www.gesetze-im-internet.de/idnrg/__1.html,200,text/html,9b028d43548b0d2b41972c8e405dd89f49e7750f644922c0283dfbdfd084c5a8,exact,https://web.archive.org/web/20240911155254/https://www.gesetze-im-internet.de/idnrg/__1.html,2026-09-29
DE,civil_registry,legal_basis,https://www.gesetze-im-internet.de/pstg/__3.html,200,text/html,b5f7313c858202dbb46066bb6c880d2a4f5ac4c6c20e9d26057057b291548b22,exact,,2026-09-29
DE,civil_registry,operator,https://www.gesetze-im-internet.de/ao_1977/__139b.html,200,text/html,600db78f9ff553e15a0d3e75809dbdd694792b40010945fbdbd7323f1bad1d3a,exact,https://web.archive.org/web/20260227090600/https://www.gesetze-im-internet.de/ao_1977/__139b.html,2026-09-29
DE,crisis_management,holding_name,https://www.bbk.bund.de/DE/Warnung-Vorsorge/Warnung-in-Deutschland/MoWaS/mowas_node.html,200,text/html,5a8abbcb59bb1c7ad43dec073ec0b7edc98b33c58c8653eabd23131513dcbc58,exact,https://web.archive.org/web/20260924105236/https://www.bbk.bund.de/DE/Warnung-Vorsorge/Warnung-in-Deutschland/MoWaS/mowas_node.html,2026-09-29
DE,crisis_management,legal_basis,https://www.gesetze-im-internet.de/zsg/__6.html,200,text/html,0c74245ca2931f799b063ef9da3d7d138771014091bc961bd700c27d715b6518,exact,https://web.archive.org/web/20250904083141/https://www.gesetze-im-internet.de/zsg/__6.html,2026-09-29
DE,customs,holding_name,https://www.zoll.de/DE/Fachthemen/Zoelle/ATLAS/atlas_node.html,200,text/html,16a81c2cdad94a2cae9921576b481c0b9761a44a8d73cfb7d8ab25373a74531e,exact,https://web.archive.org/web/20260618015312/https://www.zoll.de/DE/Fachthemen/Zoelle/ATLAS/atlas_node.html,2026-09-29
DE,digital_identity_credentials,holding_name,https://ozg.brandenburg.de/ozg/de/it-infrastrukturen/it-basiskomponenten/bundid-nutzerkonto-deutschlandid/,200,text/html,749824054fdb4054c6385d44ca3f126dd19bb6add33855ef0a256dbd67457664,exact,,2026-09-29
DE,digital_identity_credentials,hosting,https://ozg.brandenburg.de/ozg/de/it-infrastrukturen/it-basiskomponenten/bundid-nutzerkonto-deutschlandid/,200,text/html,749824054fdb4054c6385d44ca3f126dd19bb6add33855ef0a256dbd67457664,exact,,2026-09-29
DE,digital_identity_credentials,legal_basis,https://www.gesetze-im-internet.de/ozg/__3.html,200,text/html,be25f8307e42869129b55843615b12ede162fab218515daf154efbc6b989f445,exact,https://web.archive.org/web/20260213222849/https://www.gesetze-im-internet.de/ozg/__3.html,2026-09-29
DE,digital_identity_credentials,legal_basis,https://www.gesetze-im-internet.de/pauswg/__18.html,200,text/html,cc63589ea51eb8c73d07a07424af22adeb6278b7030cc818685a49f34e515ff8,exact,https://web.archive.org/web/20260225074839/https://www.gesetze-im-internet.de/pauswg/__18.html,2026-09-29
DE,electoral_management,legal_basis,https://www.gesetze-im-internet.de/bwahlg/__9.html,200,text/html,22f5da301b43c1fd6332d370ca00fe9b7bd7e3d690f13181f480b6184f4c0f2e,exact,,2026-09-29
DE,electoral_roll,hosting,https://www.gesetze-im-internet.de/bwo_1985/__14.html,200,text/html,76a424582211e2f0e314058c6721b79af66a5945f49e86092e2c1a6c7b5047e7,exact,https://web.archive.org/web/20251211000638/https://www.gesetze-im-internet.de/bwo_1985/__14.html,2026-09-29
DE,electoral_roll,legal_basis,https://www.gesetze-im-internet.de/bwo_1985/__14.html,200,text/html,76a424582211e2f0e314058c6721b79af66a5945f49e86092e2c1a6c7b5047e7,exact,https://web.archive.org/web/20251211000638/https://www.gesetze-im-internet.de/bwo_1985/__14.html,2026-09-29
DE,electoral_roll,operator,https://www.bundeswahlleiterin.de/info/presse/mitteilungen/bundestagswahl-2025/05_25_wahlbenachrichtigung.html,200,text/html,5b92b2162aad70fb16afed9861c9b705026e6b1483efbf6ddcb544152460f2d0,exact,,2026-09-29
DE,emergency_communications,legal_basis,https://www.gesetze-im-internet.de/bdbosg/__1.html,200,text/html,e3ac35f00c6b6031d30263107b5e430219f39c7e6731adc2cc48a0bf23ad12d1,exact,https://web.archive.org/web/20211207215735/https://www.gesetze-im-internet.de/bdbosg/__1.html,2026-09-29
DE,extra:bank_account_register,legal_basis,https://www.gesetze-im-internet.de/kredwg/__24c.html,200,text/html,44031b17cf4f08e3d8e925ea2be2a76182454c19c8cdd598f9a3ce7791271b34,exact,https://web.archive.org/web/20260515223852/https://www.gesetze-im-internet.de/kredwg/__24c.html,2026-09-29
DE,extra:bank_account_register,operator,https://www.gesetze-im-internet.de/ao_1977/__93b.html,200,text/html,f438ae279e892a783f44f845e4604d563e375a95b511b9c1cc5c4dc5db8bcd8e,exact,https://web.archive.org/web/20260707163317/https://www.gesetze-im-internet.de/ao_1977/__93b.html,2026-09-29
DE,extra:notarial_deeds_archive,operator,https://www.gesetze-im-internet.de/bnoto/__78h.html,200,text/html,7bcec51b269cb5ac8eeb08d3ecebaee506c0ec44c989ca26c637c873058596b6,exact,https://web.archive.org/web/20240123145647/https://www.gesetze-im-internet.de/bnoto/__78h.html,2026-09-29
DE,extra:succession_register,operator,https://www.gesetze-im-internet.de/bnoto/__78c.html,200,text/html,a7ad48bcb84dd33c21ba49ce6afd31dc13d3032a5719c6a047c0db1aebfcab31,exact,https://web.archive.org/web/20250930005520/https://www.gesetze-im-internet.de/bnoto/__78c.html,2026-09-29
DE,facial_biometric,holding_name,https://www.gesetze-im-internet.de/pa_g_1986/__21.html,200,text/html,5f9b5290155c29b8216b10aac5d51afeaffd2d9d58eb36dd80d2d0cad7ddcf1c,exact,https://web.archive.org/web/20250311180221/https://www.gesetze-im-internet.de/pa_g_1986/__21.html,2026-09-29
DE,facial_biometric,holding_name,https://www.gesetze-im-internet.de/pauswg/__23.html,200,text/html,4da12965657596dd1926d7d818b320dcfaa5792a084f291b4120c2b473a5212e,exact,https://web.archive.org/web/20251009222823/https://www.gesetze-im-internet.de/pauswg/__23.html,2026-09-29
DE,facial_biometric,hosting,https://www.gesetze-im-internet.de/pauswg/__26.html,200,text/html,d15addc566d41edb7aa16d2cf8f4ed57c6d92fab3e50ca00cc4efbdf14bbaaad,exact,https://web.archive.org/web/20251117090709/https://www.gesetze-im-internet.de/pauswg/__26.html,2026-09-29
DE,facial_biometric,operator,https://www.gesetze-im-internet.de/pauswg/__26.html,200,text/html,d15addc566d41edb7aa16d2cf8f4ed57c6d92fab3e50ca00cc4efbdf14bbaaad,exact,https://web.archive.org/web/20251117090709/https://www.gesetze-im-internet.de/pauswg/__26.html,2026-09-29
DE,fingerprint_biometric,legal_basis,https://www.gesetze-im-internet.de/pauswg/__5.html,200,text/html,731387075b6178d21161b3f9f2eb5978843429e419e8f8ec54d5b4cdff91ecb7,exact,https://web.archive.org/web/20260904162618/https://www.gesetze-im-internet.de/pauswg/__5.html,2026-09-29
DE,fingerprint_biometric,not_held,https://www.gesetze-im-internet.de/pauswg/__26.html,200,text/html,d15addc566d41edb7aa16d2cf8f4ed57c6d92fab3e50ca00cc4efbdf14bbaaad,exact,https://web.archive.org/web/20251117090709/https://www.gesetze-im-internet.de/pauswg/__26.html,2026-09-29
DE,firearms_register,legal_basis,https://www.gesetze-im-internet.de/waffrg/__1.html,200,text/html,0075c08a5e65b3945284169ab7064be74690d03a11bff2dad0d83fa4cd68b5bd,exact,,2026-09-29
DE,firearms_register,operator,https://www.gesetze-im-internet.de/waffrg/__3.html,200,text/html,db3a2e282fde0ebfb78984c2b2a2bba0ccf5787ea360c8aab821ac30155fb8ae,exact,https://web.archive.org/web/20240806134530/https://www.gesetze-im-internet.de/waffrg/__3.html,2026-09-29
DE,geospatial,legal_basis,https://www.gesetze-im-internet.de/bgeorg/__3.html,200,text/html,b1405530e1d7f408ce40fa25182678d7162c7dda375110979e800d42b061e3d4,exact,https://web.archive.org/web/20250208170411/https://www.gesetze-im-internet.de/bgeorg/__3.html,2026-09-29
DE,government_payroll,legal_basis,https://www.gesetze-im-internet.de/bbg_2009/__106.html,200,text/html,2722a6194ec4daace81bbce6ddd73b12cffd3de5f5e9420f28d1e06ee136f0fa,exact,https://web.archive.org/web/20240501192413/https://www.gesetze-im-internet.de/bbg_2009/__106.html,2026-09-29
DE,government_payroll,operator,https://www.bva.bund.de/DE/Services/Bundesbedienstete/Arbeit-Beruf/Besoldung/besoldung_node.html,200,text/html,5a711e20416da65bab2ec4eb3ca6a1c94864f8d638964c09548e62b4cd96c600,exact,https://web.archive.org/web/20260126123353/https://www.bva.bund.de/DE/Services/Bundesbedienstete/Arbeit-Beruf/Besoldung/besoldung_node.html,2026-09-29
DE,grid_control,legal_basis,https://www.gesetze-im-internet.de/enwg_2005/__12.html,200,text/html,ea89aed2974e3f26db9f1119daa993f05b456736f562fc066c2360331759ba4b,exact,,2026-09-29
DE,grid_control,operator,https://www.netztransparenz.de/,200,text/html,050ddc907c62eaa632455dcbb6bbd42523bb86a5d86c5629311c2b4c0c79e849,exact,https://web.archive.org/web/20230610105347/https://www.netztransparenz.de/,2026-09-29
DE,health_insurance,legal_basis,https://www.gesetze-im-internet.de/sgb_5/__284.html,200,text/html,e70c051ca5fe2fd5a251be6be2d02f83c79d8ff5d63dfd36d7b65ec8929fc87d,exact,https://web.archive.org/web/20260219012120/https://www.gesetze-im-internet.de/sgb_5/__284.html,2026-09-29
DE,health_records,hosting,https://www.gematik.de/anwendungen/epa-fuer-alle/faq,200,text/html,15225bceffed40d0bf6962689ddc3252d5031bbb5c6e1f9a76c7aad03ac564d4,exact,https://web.archive.org/web/20260213071428/https://www.gematik.de/anwendungen/epa-fuer-alle/faq/,2026-09-29
DE,health_records,legal_basis,https://www.gesetze-im-internet.de/sgb_5/__341.html,200,text/html,906435c82a9e327d3625ea0d4838727c74ea377c6256b24f8c8a2976dee78b50,exact,https://web.archive.org/web/20260219012112/https://www.gesetze-im-internet.de/sgb_5/__341.html,2026-09-29
DE,indicator:C1,indicator,https://www.itzbund.de/DE/dasitzbund/ueber-uns/ueber-uns.html,200,text/html,b7f5ea000bbce1bcb0f341678ad0d972546d33a62e599c32e9a7733d2d31a55b,exact,https://web.archive.org/web/20260302061921/https://www.itzbund.de/DE/dasitzbund/ueber-uns/ueber-uns.html,2026-09-29
DE,indicator:C1,indicator,https://www.itzbund.de/DE/leistungsportfolio/hostingundbetrieb/hostingundbetrieb.html,200,text/html,8efd08ff5f3fd4715ffa7bbf7f5727405a4e6200d588befe438472d132dba993,exact,https://web.archive.org/web/20260223163818/https://www.itzbund.de/DE/leistungsportfolio/hostingundbetrieb/hostingundbetrieb.html,2026-09-29
DE,indicator:C2,indicator,https://www.itzbund.de/DE/itloesungen/egovernment/bundescloud/bundescloud.html,200,text/html,675ee748c6ddd72a0026f2f082285a503d62e63586e88727a5c868c51a61b1cd,exact,https://web.archive.org/web/20260708195922/https://www.itzbund.de/DE/itloesungen/egovernment/bundescloud/bundescloud.html,2026-09-29
DE,indicator:K1,indicator,https://www.bsi.bund.de/DE/Themen/Oeffentliche-Verwaltung/Moderner-Staat/Verwaltungs-PKI/verwaltungs-pki_node.html,200,text/html,2e288196d6ab6e31450ec7ede388ec93c450df72857f3836965aca37a41051a2,exact,https://web.archive.org/web/20260213021318/https://www.bsi.bund.de/DE/Themen/Oeffentliche-Verwaltung/Moderner-Staat/Verwaltungs-PKI/verwaltungs-pki_node.html,2026-09-29
DE,indicator:K1,indicator,https://www.d-trust.net/de/ueber-uns,200,text/html,af6ec3445bf41ee15986aed3b779687ed14ad76dd90424d8391b564aa6401e08,exact,https://web.archive.org/web/20260902212705/https://www.d-trust.net/de/ueber-uns,2026-09-29
DE,indicator:K2,indicator,https://id.bund.de/de,200,text/html,2f4590f7e89b6665ac73b3d3c0f6f12bda1f9b03656fb95e2d5fcd853d696be6,not_found,,2026-09-29
DE,indicator:K2,indicator,https://www.bundesdruckerei.de/de/konzern,200,text/html,6287971476accebc4efd0a023dd737d16f50b626feee4b1c036b1665ee219b13,exact,https://web.archive.org/web/20260727120331/https://www.bundesdruckerei.de/de/konzern,2026-09-29
DE,indicator:K2,indicator,https://www.gesetze-im-internet.de/pauswg/__4.html,200,text/html,98953671f68d32ce151b054879ce2a6867bdccf29ba6cc92bba5b06e631916f3,exact,https://web.archive.org/web/20260309012726/https://www.gesetze-im-internet.de/pauswg/__4.html,2026-09-29
DE,indicator:L1,indicator,https://www.bsi.bund.de/SharedDocs/Downloads/DE/BSI/Mindeststandards/Mindeststandard_Nutzung_externer_Cloud-Dienste_Version_2_1.pdf?__blob=publicationFile&v=4,200,application/pdf,5665e22bd1feac42cbcfc69898ae78c2971a8810beca5b14639b1910297d5a2d,exact,https://web.archive.org/web/20260701150216/https://www.bsi.bund.de/SharedDocs/Downloads/DE/BSI/Mindeststandards/Mindeststandard_Nutzung_externer_Cloud-Dienste_Version_2_1.pdf?__blob=publicationFile&v=4,2026-09-29
DE,indicator:L1,indicator,https://www.verwaltungsvorschriften-im-internet.de/bsvwvbund_13032023_SII554001405.htm,200,text/html,afc7c4c606be2c0e6ab71d41d8da3a6afa9fb0e483d13c72b1b8da6ec3ba0894,exact,https://web.archive.org/web/20260928140800/https://www.verwaltungsvorschriften-im-internet.de/bsvwvbund_13032023_SII554001405.htm,2026-09-30
DE,indicator:L2,indicator,https://www.gesetze-im-internet.de/s_g/__4.html,200,text/html,38468296a4e876fe3afc9b72c977ecb59a340118b87cd65bca1f69a17cda6325,exact,https://web.archive.org/web/20250821134415/https://www.gesetze-im-internet.de/s_g/__4.html,2026-09-29
DE,indicator:L3,indicator,https://www.bsi.bund.de/DE/Themen/Unternehmen-und-Organisationen/Informationen-und-Empfehlungen/Empfehlungen-nach-Angriffszielen/Cloud-Computing/C3A/C3A_node.html,200,text/html,7acfdc4962b92be74db0736a3397f6c070a99a6aca009a1753b2e5ba5ee76754,exact,https://web.archive.org/web/20260427064001/https://www.bsi.bund.de/DE/Themen/Unternehmen-und-Organisationen/Informationen-und-Empfehlungen/Empfehlungen-nach-Angriffszielen/Cloud-Computing/C3A/C3A_node.html,2026-09-29
DE,indicator:L3,indicator,https://www.bsi.bund.de/SharedDocs/Downloads/EN/BSI/Publications/CloudComputing/C3A_Cloud_Computing_Autonomy.pdf?__blob=publicationFile,200,application/pdf,d985b4e7a9969aefda5882a02eeaf4fd97636b2a3ae30f868b25c01a5dcffe2d,exact,https://web.archive.org/web/20260427044355/https://www.bsi.bund.de/SharedDocs/Downloads/EN/BSI/Publications/CloudComputing/C3A_Cloud_Computing_Autonomy.pdf?__blob=publicationFile,2026-09-29
DE,intelligence,holding_name,https://www.gesetze-im-internet.de/bverfschg/__6.html,200,text/html,8c0fca5329d5b7bdc69ea2aa69fc104f11351e76e122d27fb3a7d8780823192c,exact,https://web.archive.org/web/20260101153538/https://www.gesetze-im-internet.de/bverfschg/__6.html,2026-09-29
DE,intelligence,legal_basis,https://www.gesetze-im-internet.de/bndg/__1.html,200,text/html,f37b0f6586238d6d58961e5b9401f9b31fe80018f4feb6167365a5202467d891,exact,,2026-09-29
DE,issuance_history,holding_name,https://www.gesetze-im-internet.de/pauswg/__23.html,200,text/html,4da12965657596dd1926d7d818b320dcfaa5792a084f291b4120c2b473a5212e,exact,https://web.archive.org/web/20251009222823/https://www.gesetze-im-internet.de/pauswg/__23.html,2026-09-29
DE,issuance_history,legal_basis,https://www.gesetze-im-internet.de/pa_g_1986/__21.html,200,text/html,5f9b5290155c29b8216b10aac5d51afeaffd2d9d58eb36dd80d2d0cad7ddcf1c,exact,https://web.archive.org/web/20250311180221/https://www.gesetze-im-internet.de/pa_g_1986/__21.html,2026-09-29
DE,issuance_history,operator,https://www.gesetze-im-internet.de/pauswg/__26.html,200,text/html,d15addc566d41edb7aa16d2cf8f4ed57c6d92fab3e50ca00cc4efbdf14bbaaad,exact,https://web.archive.org/web/20251117090709/https://www.gesetze-im-internet.de/pauswg/__26.html,2026-09-29
DE,judicial_criminal,operator,https://www.gesetze-im-internet.de/bzrg/__1.html,200,text/html,4095fc9b95a0880eec45e688b06dbd1abe4bdc4d32b2f719dcc84ba8dfea7402,exact,https://web.archive.org/web/20251225083011/https://www.gesetze-im-internet.de/bzrg/__1.html,2026-09-29
DE,land_property,legal_basis,https://www.gesetze-im-internet.de/gbo/__126.html,200,text/html,21b9443cd5c7fa06b5e0b37a739a86c57e5c21c8f40aa728107d76b0d70aa28e,exact,https://web.archive.org/web/20260110231548/https://www.gesetze-im-internet.de/gbo/__126.html,2026-09-29
DE,land_property,operator,https://www.gesetze-im-internet.de/gbo/__1.html,200,text/html,ab3e529dc7c7ae35c6bdd90759e7226a1467fb3aafbfe083a5f0d7a1f8e77571,exact,https://web.archive.org/web/20241223191656/https://www.gesetze-im-internet.de/gbo/__1.html,2026-09-29
DE,national_archives,holding_name,https://www.bundesarchiv.de/unterlagen-abgeben/behoerdenberatung-zu-schriftgut-und-informationsverwaltung/nutzung-des-digitalen-zwischenarchivs-dzab/,200,text/html,dcd4093d65bfc846a1570ca69d3995c84162689fba1dc13a8d75cb8d670c2168,exact,https://web.archive.org/web/20260618022322/https://www.bundesarchiv.de/unterlagen-abgeben/behoerdenberatung-zu-schriftgut-und-informationsverwaltung/nutzung-des-digitalen-zwischenarchivs-dzab/,2026-09-29
DE,national_archives,legal_basis,https://www.gesetze-im-internet.de/barchg_2017/__3.html,200,text/html,bd12206ea82a7e2389630e1ec19147a2bcbb553973fb9755ed6ac69540f7699b,exact,https://web.archive.org/web/20240714044717/https://www.gesetze-im-internet.de/barchg_2017/__3.html,2026-09-29
DE,official_gazette,hosting,https://www.recht.bund.de/de/serviceseiten/impressum/impressum_node.html,robots-denied,,,fetch_failed,,2026-09-29
DE,official_gazette,legal_basis,https://www.gesetze-im-internet.de/vkbkmg/__1.html,200,text/html,12336027830e2e680e4151a679df15f4d7116a21c70c1a07fb2371ccd024c64a,exact,,2026-09-29
DE,official_gazette,legal_basis,https://www.gesetze-im-internet.de/vkbkmg/__7.html,200,text/html,b8e5dc904b0e1b95e40e75848505a38de578ad78fc9cb625deb62bd7b27e9bd9,exact,,2026-09-29
DE,police_records,legal_basis,https://www.gesetze-im-internet.de/bkag_2018/__13.html,200,text/html,4a0d200ef5befb61bca24e5965763bcc0098b6504b736efc7dae14c10b2243a5,exact,https://web.archive.org/web/20250601015044/https://www.gesetze-im-internet.de/bkag_2018/__13.html,2026-09-29
DE,police_records,operator,https://www.gesetze-im-internet.de/bkag_2018/__29.html,200,text/html,667c01da8df39b953cdee190e3a11c9b5ce80e1a440239fd1331e39c9345d1aa,exact,https://web.archive.org/web/20260908002421/https://www.gesetze-im-internet.de/bkag_2018/__29.html,2026-09-29
DE,public_finance,legal_basis,https://www.gesetze-im-internet.de/bho/__79.html,200,text/html,b4e74b98f5ff91630d598f836f23879389f97049aced73b959838e31dd961c62,exact,https://web.archive.org/web/20240530133433/https://www.gesetze-im-internet.de/bho/__79.html,2026-09-29
DE,public_finance,operator,https://www.gesetze-im-internet.de/bho/__79.html,200,text/html,b4e74b98f5ff91630d598f836f23879389f97049aced73b959838e31dd961c62,exact,https://web.archive.org/web/20240530133433/https://www.gesetze-im-internet.de/bho/__79.html,2026-09-29
DE,public_health_surveillance,legal_basis,https://www.gesetze-im-internet.de/ifsg/__14.html,200,text/html,1d59aa757d442eae3bc7eb43f558b178cd6e2ef621f1f55b51074ace45fd55e8,exact,https://web.archive.org/web/20250529130446/https://www.gesetze-im-internet.de/ifsg/__14.html,2026-09-29
DE,residence_permits,holding_name,https://www.gesetze-im-internet.de/azrg/__1.html,200,text/html,ba492b8c7f06cb8952327298a0df94ee3c7766d946fd7444051a1ef3ce36b958,exact,https://web.archive.org/web/20250215034909/https://www.gesetze-im-internet.de/azrg/__1.html,2026-09-29
DE,residence_permits,operator,https://www.gesetze-im-internet.de/azrg/__1.html,200,text/html,ba492b8c7f06cb8952327298a0df94ee3c7766d946fd7444051a1ef3ce36b958,exact,https://web.archive.org/web/20250215034909/https://www.gesetze-im-internet.de/azrg/__1.html,2026-09-29
DE,statistics_microdata,legal_basis,https://www.gesetze-im-internet.de/bstatg_1987/__16.html,200,text/html,8084cc63508fc4e06f6722b2930789c7e76015790d91a14d0806a5f854c33cdc,exact,https://web.archive.org/web/20250725070811/https://www.gesetze-im-internet.de/bstatg_1987/__16.html,2026-09-29
DE,statistics_microdata,operator,https://www.gesetze-im-internet.de/bstatg_1987/__2.html,200,text/html,09ad0a5a4d7bac108a4cd2c7351d38565c6e92e8bd554b08543b571d7e86d5e6,exact,https://web.archive.org/web/20250816041910/https://www.gesetze-im-internet.de/bstatg_1987/__2.html,2026-09-29
DE,tax,legal_basis,https://www.gesetze-im-internet.de/konsens-g/__1.html,200,text/html,1af986bd670ba1067487d1104b2114a0e3a04b58c80e268f2a033f8fda72d1d8,exact,https://web.archive.org/web/20260210045157/https://www.gesetze-im-internet.de/konsens-g/__1.html,2026-09-29
DE,tax,operator,https://www.gesetze-im-internet.de/ao_1977/__139b.html,200,text/html,600db78f9ff553e15a0d3e75809dbdd694792b40010945fbdbd7323f1bad1d3a,exact,https://web.archive.org/web/20260227090600/https://www.gesetze-im-internet.de/ao_1977/__139b.html,2026-09-29
DE,trust_services_pki,holding_name,https://www.bsi.bund.de/DE/Themen/Oeffentliche-Verwaltung/Elektronische-Identitaeten/Public-Key-Infrastrukturen/public-key-infrastrukturen_node.html,200,text/html,a19d22e0ede0d671c55023fb6075a7e453f72f7481e61b912d3cd33a76e63e86,exact,,2026-09-29
DE,trust_services_pki,holding_name,https://www.bsi.bund.de/DE/Themen/Oeffentliche-Verwaltung/Moderner-Staat/Verwaltungs-PKI/verwaltungs-pki_node.html,200,text/html,4981c0e9e867704a95b59b0118cd3d4065fab029b7789cc5527bdc41c6193d42,exact,https://web.archive.org/web/20260213021318/https://www.bsi.bund.de/DE/Themen/Oeffentliche-Verwaltung/Moderner-Staat/Verwaltungs-PKI/verwaltungs-pki_node.html,2026-09-29
DE,trust_services_pki,hosting,https://www.bsi.bund.de/DE/Themen/Oeffentliche-Verwaltung/Moderner-Staat/Verwaltungs-PKI/verwaltungs-pki_node.html,200,text/html,4981c0e9e867704a95b59b0118cd3d4065fab029b7789cc5527bdc41c6193d42,exact,https://web.archive.org/web/20260213021318/https://www.bsi.bund.de/DE/Themen/Oeffentliche-Verwaltung/Moderner-Staat/Verwaltungs-PKI/verwaltungs-pki_node.html,2026-09-29
DE,trust_services_pki,legal_basis,https://www.gesetze-im-internet.de/vdg/__2.html,200,text/html,5493bb554cf59b02e0440a1fc505da1ff321c05b20d91bb33dd92041e3de5471,exact,https://web.archive.org/web/20260420063015/https://www.gesetze-im-internet.de/vdg/__2.html,2026-09-29
DE,vehicle_licensing,legal_basis,https://www.gesetze-im-internet.de/stvg/__31.html,200,text/html,fadb5337fd75ed0aba4bbf15eb3b66d2bda010ccaea4725de8536dee5d44d42d,exact,https://web.archive.org/web/20251117061329/https://www.gesetze-im-internet.de/stvg/__31.html,2026-09-29
DE,vehicle_licensing,legal_basis,https://www.gesetze-im-internet.de/stvg/__48.html,200,text/html,690077e9ad06df69a1a7a00b3921ea76a00f0b6a685a7f4b876094f12ff72dd4,exact,https://web.archive.org/web/20250219144555/https://www.gesetze-im-internet.de/stvg/__48.html,2026-09-29
DE,vehicle_licensing,record_count,https://www.kba.de/DE/Statistik/Kraftfahrer/Fahrerlaubnisse/Fahrerlaubnisbestand/fahrerlaubnisbestand_node.html,200,text/html,a8d8ad92d5643679662ad17f3659fcb7e1de17078538966b0d6e191850d0b603,exact,https://web.archive.org/web/20260904013001/https://www.kba.de/DE/Statistik/Kraftfahrer/Fahrerlaubnisse/Fahrerlaubnisbestand/fahrerlaubnisbestand_node.html,2026-09-29
DK,authentication_audit_log,foreign_dependency,https://www.retsinformation.dk/eli/lta/2025/291/xml,200,application/xml,5ecb54149b3d0ca491e693ea1a49d2a9d962af798d34f7f8ea44b60069021365,not_found,,2026-09-29
DK,authentication_audit_log,holding_name,https://www.retsinformation.dk/eli/lta/2025/333/xml,200,application/xml,2323fd3517f75f5761a072c05bbeb20c4ade6ab0b4529406c025dd4c38da9786,exact,,2026-09-29
DK,authentication_audit_log,hosting,https://digst.dk/nyheder/nyhedsarkiv/2026/januar/drift-af-nemlog-in-sendes-i-udbud/,200,text/html,adef8a7a45ea6e08c74eceb8cd179c4e8a7292c1eb6bc057b4943ef58c7944a8,exact,https://web.archive.org/web/20260514131623/https://digst.dk/nyheder/nyhedsarkiv/2026/januar/drift-af-nemlog-in-sendes-i-udbud/,2026-09-29
DK,authentication_audit_log,legal_basis,https://www.retsinformation.dk/eli/lta/2025/333/xml,200,application/xml,2323fd3517f75f5761a072c05bbeb20c4ade6ab0b4529406c025dd4c38da9786,exact,,2026-09-29
DK,authentication_audit_log,operator,https://digst.dk/nyheder/nyhedsarkiv/2026/januar/drift-af-nemlog-in-sendes-i-udbud/,200,text/html,adef8a7a45ea6e08c74eceb8cd179c4e8a7292c1eb6bc057b4943ef58c7944a8,exact,https://web.archive.org/web/20260514131623/https://digst.dk/nyheder/nyhedsarkiv/2026/januar/drift-af-nemlog-in-sendes-i-udbud/,2026-09-29
DK,authentication_audit_log,record_count,https://digst.dk/tal-og-statistik/,200,text/html,2a2a7f952cb673583596f98492b3d68e93d84b9beb7f89731c9c1bce26c2ffb8,exact,,2026-09-29
DK,beneficial_ownership,holding_name,https://www.retsinformation.dk/eli/lta/2026/246/xml,200,application/xml,1b157eebad51b0fc9f57d8e41133eae5522028c183cbfa5d2007e76653aa3390,exact,,2026-09-29
DK,beneficial_ownership,legal_basis,https://www.retsinformation.dk/eli/lta/2025/331/xml,200,application/xml,a038c91340eaf0979c09fdd038e5993863ea5b00e183acb0aa00277ff9e1a100,exact,,2026-09-29
DK,beneficial_ownership,operator,https://www.retsinformation.dk/eli/lta/2026/246/xml,200,application/xml,1b157eebad51b0fc9f57d8e41133eae5522028c183cbfa5d2007e76653aa3390,not_found,,2026-09-29
DK,benefits_pensions,holding_name,https://www.retsinformation.dk/eli/lta/2024/1034/xml,200,application/xml,a320c4f73f642ea77a701a7beebf3d874ac339f40cba7e869ef8a8e56c51d0d5,not_found,,2026-09-29
DK,benefits_pensions,legal_basis,https://www.retsinformation.dk/eli/lta/2016/1506/xml,200,application/xml,e798f9f06ffceff737e270b5b5dc119d45630144dc4ae39f7d6c79780d5f1e94,not_found,,2026-09-29
DK,benefits_pensions,operator,https://www.atp.dk/vores-opgaver,200,text/html,228ad9c604c199fc9608bbfa8b621fa87ca47d68727a8957826f0d99a5fc6bab,exact,https://web.archive.org/web/20260615021716/https://www.atp.dk/vores-opgaver,2026-09-29
DK,border_control,foreign_dependency,https://www.nyidanmark.dk/da/Ord-og-begreber/F%C3%A6lles/Biometri---Opbevaring-af-fingeraftryk-og-ansigtsfoto,200,text/html,eac745cc2d37118610a322ae13091ccf7738da5445f15d7e579f6b26ed50a523,exact,,2026-09-29
DK,border_control,legal_basis,https://www.retsinformation.dk/eli/lta/2021/721/xml,200,application/xml,ab312498cb30e04838f419f7fe2e4848d2d4f91c8d7069a7252fa6e3c35aacdb,exact,,2026-09-29
DK,border_control,operator,https://www.retsinformation.dk/eli/lta/2021/721/xml,200,application/xml,ab312498cb30e04838f419f7fe2e4848d2d4f91c8d7069a7252fa6e3c35aacdb,not_found,,2026-09-29
DK,breeder_documents,holding_name,https://www.retsinformation.dk/eli/retsinfo/2021/9447/xml,200,application/xml,63498c2597a27805d43d79c050dedb5e318ed2acfa75846a05dd4cf33729da7c,exact,,2026-09-29
DK,breeder_documents,hosting,https://www.cpr.dk/cpr-nyt/nyhedsarkiv/2022/sep/ny-kontrakt-om-cpr-opgaven,200,text/html,f9cd60cb16908f00b23b41a49b1726214f284a47a295e259d67622006d61a609,exact,https://web.archive.org/web/20260609021821/https://www.cpr.dk/cpr-nyt/nyhedsarkiv/2022/sep/ny-kontrakt-om-cpr-opgaven,2026-09-29
DK,breeder_documents,legal_basis,https://www.retsinformation.dk/eli/retsinfo/2021/9447/xml,200,application/xml,63498c2597a27805d43d79c050dedb5e318ed2acfa75846a05dd4cf33729da7c,exact,,2026-09-29
DK,business_registry,holding_name,https://www.retsinformation.dk/eli/lta/2026/246/xml,200,application/xml,1b157eebad51b0fc9f57d8e41133eae5522028c183cbfa5d2007e76653aa3390,not_found,,2026-09-29
DK,business_registry,legal_basis,https://www.retsinformation.dk/eli/lta/2026/246/xml,200,application/xml,1b157eebad51b0fc9f57d8e41133eae5522028c183cbfa5d2007e76653aa3390,exact,,2026-09-29
DK,central_bank,foreign_dependency,https://www.nationalbanken.dk/da/viden-og-nyheder/publikationer-og-taler/rapport/2026/overvaagning-af-den-finansielle-infrastruktur-2025,200,text/html,2ace205c99ff138a9c969be65f76c9348501dbe2c231f1cb12691e23be2e4ee4,exact,https://web.archive.org/web/20260513094446/https://www.nationalbanken.dk/da/viden-og-nyheder/publikationer-og-taler/rapport/2026/overvaagning-af-den-finansielle-infrastruktur-2025,2026-09-29
DK,central_bank,holding_name,https://www.nationalbanken.dk/da/viden-og-nyheder/publikationer-og-taler/rapport/2026/overvaagning-af-den-finansielle-infrastruktur-2025,200,text/html,2ace205c99ff138a9c969be65f76c9348501dbe2c231f1cb12691e23be2e4ee4,exact,https://web.archive.org/web/20260513094446/https://www.nationalbanken.dk/da/viden-og-nyheder/publikationer-og-taler/rapport/2026/overvaagning-af-den-finansielle-infrastruktur-2025,2026-09-29
DK,central_bank,hosting,https://www.nationalbanken.dk/da/viden-og-nyheder/publikationer-og-taler/rapport/2026/overvaagning-af-den-finansielle-infrastruktur-2025,200,text/html,2ace205c99ff138a9c969be65f76c9348501dbe2c231f1cb12691e23be2e4ee4,exact,https://web.archive.org/web/20260513094446/https://www.nationalbanken.dk/da/viden-og-nyheder/publikationer-og-taler/rapport/2026/overvaagning-af-den-finansielle-infrastruktur-2025,2026-09-29
DK,civil_registry,foreign_dependency,https://www.cpr.dk/cpr-nyt/nyhedsarkiv/2022/sep/ny-kontrakt-om-cpr-opgaven,200,text/html,f9cd60cb16908f00b23b41a49b1726214f284a47a295e259d67622006d61a609,exact,https://web.archive.org/web/20260609021821/https://www.cpr.dk/cpr-nyt/nyhedsarkiv/2022/sep/ny-kontrakt-om-cpr-opgaven,2026-09-29
DK,civil_registry,holding_name,https://www.retsinformation.dk/eli/lta/2023/1010/xml,200,application/xml,002ea9211948a102081c9402ffec0ec795fa212182cc1bb4505a88ad82367d7c,exact,,2026-09-29
DK,civil_registry,hosting,https://www.cpr.dk/cpr-nyt/nyhedsarkiv/2022/sep/ny-kontrakt-om-cpr-opgaven,200,text/html,f9cd60cb16908f00b23b41a49b1726214f284a47a295e259d67622006d61a609,exact,https://web.archive.org/web/20260609021821/https://www.cpr.dk/cpr-nyt/nyhedsarkiv/2022/sep/ny-kontrakt-om-cpr-opgaven,2026-09-29
DK,civil_registry,hosting,https://www.retsinformation.dk/eli/lta/2025/291/xml,200,application/xml,5ecb54149b3d0ca491e693ea1a49d2a9d962af798d34f7f8ea44b60069021365,not_found,,2026-09-29
DK,civil_registry,legal_basis,https://www.retsinformation.dk/eli/lta/2023/1010/xml,200,application/xml,002ea9211948a102081c9402ffec0ec795fa212182cc1bb4505a88ad82367d7c,exact,,2026-09-29
DK,civil_registry,legal_basis,https://www.retsinformation.dk/eli/lta/2025/291/xml,200,application/xml,5ecb54149b3d0ca491e693ea1a49d2a9d962af798d34f7f8ea44b60069021365,not_found,,2026-09-29
DK,civil_registry,operator,https://www.cpr.dk/om-cpr-kontoret,200,text/html,894877ba9c6dfe50f280a955ba59da163ddde843a16970e83a6b65469d87f792,exact,https://web.archive.org/web/20260517144602/https://www.cpr.dk/om-cpr-kontoret,2026-09-29
DK,civil_registry,record_count,https://www.cpr.dk/,200,text/html,642e0c5770cb4b146993eb40b0b414820ac11001b04ab9a294a18c530a4e7a49,exact,https://web.archive.org/web/20260831062401/https://www.cpr.dk/,2026-09-29
DK,customs,holding_name,https://toldst.dk/erhverv/toldsystemer/dms,200,text/html,4fa52822c446a7a88f624509131f57804b5b6bfd52f7d57805013994f6924f13,exact,,2026-09-29
DK,customs,legal_basis,https://www.retsinformation.dk/eli/lta/2022/29/xml,200,application/xml,f356c38e0834a55f45687b4550269ed31ac89326239fc2211315b907ed1ecaae,not_found,,2026-09-29
DK,customs,operator,https://toldst.dk/nyheder/nyt-om-told/dms-import-er-nu-i-fuld-drift,200,text/html,5272f559d29dba5073031a5eb131e102c2469518110532244b38bd91e969533f,exact,,2026-09-29
DK,defence_command,data_size,https://www.fmi.dk/da/it-og-cyberomraadet/,200,text/html,feb1334753b411ab08e68b84b374972aa0f92feaf2bd9991d9473ed93992cc9b,exact,https://web.archive.org/web/20260917165816/https://www.fmi.dk/da/it-og-cyberomraadet/,2026-09-29
DK,defence_command,hosting,https://www.fmi.dk/da/it-og-cyberomraadet/,200,text/html,feb1334753b411ab08e68b84b374972aa0f92feaf2bd9991d9473ed93992cc9b,exact,https://web.archive.org/web/20260917165816/https://www.fmi.dk/da/it-og-cyberomraadet/,2026-09-29
DK,defence_command,operator,https://www.fmi.dk/da/it-og-cyberomraadet/,200,text/html,feb1334753b411ab08e68b84b374972aa0f92feaf2bd9991d9473ed93992cc9b,exact,https://web.archive.org/web/20260917165816/https://www.fmi.dk/da/it-og-cyberomraadet/,2026-09-29
DK,digital_identity_credentials,foreign_dependency,https://digst.dk/nyheder/nyhedsarkiv/2024/november/mitid-og-nemlog-ins-udviklings-og-driftsleverandoer-faar-ny-ejer/,200,text/html,5f54aeaeea8e2e3c945a26120998b4cacf61497584a374b0482f5c9c5915c9aa,exact,https://web.archive.org/web/20260412115304/https://digst.dk/nyheder/nyhedsarkiv/2024/november/mitid-og-nemlog-ins-udviklings-og-driftsleverandoer-faar-ny-ejer/,2026-09-29
DK,digital_identity_credentials,holding_name,https://www.retsinformation.dk/eli/lta/2025/333/xml,200,application/xml,2323fd3517f75f5761a072c05bbeb20c4ade6ab0b4529406c025dd4c38da9786,not_found,,2026-09-29
DK,digital_identity_credentials,hosting,https://digst.dk/nyheder/nyhedsarkiv/2024/november/mitid-og-nemlog-ins-udviklings-og-driftsleverandoer-faar-ny-ejer/,200,text/html,5f54aeaeea8e2e3c945a26120998b4cacf61497584a374b0482f5c9c5915c9aa,exact,https://web.archive.org/web/20260412115304/https://digst.dk/nyheder/nyhedsarkiv/2024/november/mitid-og-nemlog-ins-udviklings-og-driftsleverandoer-faar-ny-ejer/,2026-09-29
DK,digital_identity_credentials,hosting,https://www.retsinformation.dk/eli/lta/2025/291/xml,200,application/xml,5ecb54149b3d0ca491e693ea1a49d2a9d962af798d34f7f8ea44b60069021365,not_found,,2026-09-29
DK,digital_identity_credentials,legal_basis,https://www.retsinformation.dk/eli/lta/2025/333/xml,200,application/xml,2323fd3517f75f5761a072c05bbeb20c4ade6ab0b4529406c025dd4c38da9786,exact,,2026-09-29
DK,digital_identity_credentials,operator,https://www.retsinformation.dk/eli/lta/2025/333/xml,200,application/xml,2323fd3517f75f5761a072c05bbeb20c4ade6ab0b4529406c025dd4c38da9786,not_found,,2026-09-29
DK,digital_identity_credentials,record_count,https://digst.dk/tal-og-statistik/,200,text/html,2a2a7f952cb673583596f98492b3d68e93d84b9beb7f89731c9c1bce26c2ffb8,exact,,2026-09-29
DK,electoral_management,foreign_dependency,https://www.dr.dk/nyheder/penge/it-selskabet-kmd-solgt-til-japansk-teknologikoncern,200,text/html,232184e63b2c36cf94d0fb3041c4e4fc74e5a12ccd9f68c7a6ffeacaadc8edeb,exact,https://web.archive.org/web/20251008062922/https://www.dr.dk/nyheder/penge/it-selskabet-kmd-solgt-til-japansk-teknologikoncern,2026-09-29
DK,electoral_management,holding_name,https://www.dst.dk/da/Statistik/dokumentation/statistikdokumentation/folketingsvalg--folkeafstemninger-og-europa-parlamentsvalg/praecision-og-paalidelighed,200,text/html,db671f6172d63552560b3e33aabc55966fa64752203a900644e833515916422f,exact,https://web.archive.org/web/20260611190526/https://www.dst.dk/da/Statistik/dokumentation/statistikdokumentation/folketingsvalg--folkeafstemninger-og-europa-parlamentsvalg/praecision-og-paalidelighed,2026-09-29
DK,electoral_roll,holding_name,https://www.retsinformation.dk/eli/lta/2026/805/xml,200,application/xml,9b1ff8192f8b91da7c21691575567a458be59aada15b66e53c2b031319b25ef6,not_found,,2026-09-29
DK,electoral_roll,legal_basis,https://www.retsinformation.dk/eli/lta/2026/805/xml,200,application/xml,9b1ff8192f8b91da7c21691575567a458be59aada15b66e53c2b031319b25ef6,not_found,,2026-09-29
DK,electoral_roll,operator,https://www.retsinformation.dk/eli/lta/2026/805/xml,200,application/xml,9b1ff8192f8b91da7c21691575567a458be59aada15b66e53c2b031319b25ef6,exact,,2026-09-29
DK,emergency_communications,holding_name,https://sikkerhedsnet.dk/om-sine,200,text/html,56473982faf5b1386b028638330b20e13e199d385cad44fa681102d771360f49,exact,https://web.archive.org/web/20260710203543/https://sikkerhedsnet.dk/om-sine,2026-09-29
DK,emergency_communications,hosting,https://sikkerhedsnet.dk/om-sine,200,text/html,56473982faf5b1386b028638330b20e13e199d385cad44fa681102d771360f49,exact,https://web.archive.org/web/20260710203543/https://sikkerhedsnet.dk/om-sine,2026-09-29
DK,emergency_communications,hosting,https://www.retsinformation.dk/eli/lta/2025/291/xml,200,application/xml,5ecb54149b3d0ca491e693ea1a49d2a9d962af798d34f7f8ea44b60069021365,not_found,,2026-09-29
DK,emergency_communications,operator,https://sikkerhedsnet.dk/om-cfb,200,text/html,5d44ea87e12ce0a8317a1f7e7e7ae2765fa655fbeb5d9c61d28da74ea72944f9,exact,,2026-09-29
DK,extra:government_mail,hosting,https://www.retsinformation.dk/eli/lta/2025/291/xml,200,application/xml,5ecb54149b3d0ca491e693ea1a49d2a9d962af798d34f7f8ea44b60069021365,not_found,,2026-09-29
DK,extra:payment_account_register,record_count,https://digst.dk/tal-og-statistik/,200,text/html,2a2a7f952cb673583596f98492b3d68e93d84b9beb7f89731c9c1bce26c2ffb8,exact,,2026-09-29
DK,facial_biometric,holding_name,https://www.nyidanmark.dk/da/Ord-og-begreber/F%C3%A6lles/Biometri---Opbevaring-af-fingeraftryk-og-ansigtsfoto,200,text/html,eac745cc2d37118610a322ae13091ccf7738da5445f15d7e579f6b26ed50a523,exact,,2026-09-29
DK,facial_biometric,holding_name,https://www.retsinformation.dk/eli/ft/201012L00202/xml,200,application/xml,b1dd2c18d4468626c27024cc6ea8ada8f7ba356e71af531829617bd70a28fc47,exact,,2026-09-29
DK,facial_biometric,legal_basis,https://www.retsinformation.dk/eli/lta/2025/1183/xml,200,application/xml,cbf2a3161e1d592e9fb217a085ac5a3626278e384b671344eda4434b1bda8eab,exact,,2026-09-29
DK,facial_biometric,operator,https://www.nyidanmark.dk/da/Ord-og-begreber/F%C3%A6lles/Biometri---Opbevaring-af-fingeraftryk-og-ansigtsfoto,200,text/html,eac745cc2d37118610a322ae13091ccf7738da5445f15d7e579f6b26ed50a523,exact,,2026-09-29
DK,fingerprint_biometric,holding_name,https://www.nyidanmark.dk/da/Ord-og-begreber/F%C3%A6lles/Biometri---Opbevaring-af-fingeraftryk-og-ansigtsfoto,200,text/html,eac745cc2d37118610a322ae13091ccf7738da5445f15d7e579f6b26ed50a523,exact,,2026-09-29
DK,fingerprint_biometric,legal_basis,https://www.retsinformation.dk/eli/ft/201012L00202/xml,200,application/xml,b1dd2c18d4468626c27024cc6ea8ada8f7ba356e71af531829617bd70a28fc47,not_found,,2026-09-29
DK,fingerprint_biometric,legal_basis,https://www.retsinformation.dk/eli/lta/2025/1183/xml,200,application/xml,cbf2a3161e1d592e9fb217a085ac5a3626278e384b671344eda4434b1bda8eab,exact,,2026-09-29
DK,fingerprint_biometric,operator,https://www.nyidanmark.dk/da/Ord-og-begreber/F%C3%A6lles/Biometri---Opbevaring-af-fingeraftryk-og-ansigtsfoto,200,text/html,eac745cc2d37118610a322ae13091ccf7738da5445f15d7e579f6b26ed50a523,exact,,2026-09-29
DK,firearms_register,holding_name,https://politi.dk/om-hjemmesiden/politiets-brug-af-personoplysninger,200,text/html,4cfd4950e4e6668e133e3b15a92869bfd087518147a41b80c97acf84e4968ad9,exact,https://web.archive.org/web/20260915161055/https://politi.dk/om-hjemmesiden/politiets-brug-af-personoplysninger,2026-09-29
DK,firearms_register,legal_basis,https://www.retsinformation.dk/eli/lta/2021/1736/xml,200,application/xml,d9673d8509f2929940c0235cfd1c815d8525bdcd7ca85c2d716bc5e9b7159945,not_found,,2026-09-29
DK,firearms_register,operator,https://politi.dk/om-hjemmesiden/politiets-brug-af-personoplysninger,200,text/html,4cfd4950e4e6668e133e3b15a92869bfd087518147a41b80c97acf84e4968ad9,exact,https://web.archive.org/web/20260915161055/https://politi.dk/om-hjemmesiden/politiets-brug-af-personoplysninger,2026-09-29
DK,geospatial,holding_name,https://www.retsinformation.dk/eli/lta/2017/136/xml,200,application/xml,608cdd8c5004be70b908ff837b7046e4cf4c31b72a3a2f09464d3aa37b8f2ff0,exact,,2026-09-29
DK,geospatial,hosting,https://www.retsinformation.dk/eli/lta/2025/291/xml,200,application/xml,5ecb54149b3d0ca491e693ea1a49d2a9d962af798d34f7f8ea44b60069021365,not_found,,2026-09-29
DK,government_payroll,holding_name,https://www.retsinformation.dk/eli/lta/2025/291/xml,200,application/xml,5ecb54149b3d0ca491e693ea1a49d2a9d962af798d34f7f8ea44b60069021365,not_found,,2026-09-29
DK,government_payroll,legal_basis,https://www.retsinformation.dk/eli/lta/2018/116/xml,200,application/xml,f9533703dd470cf143f82e1169955e2c679c739bedb4e9b144490f12e238533d,exact,,2026-09-29
DK,government_payroll,record_count,https://oes.dk/digitale-loesninger/statens-loenloesning/,200,text/html,0285bdf60410eceecbf5134eb4d4ace265110cbcaace39568abd963e9149f7cd,exact,,2026-09-29
DK,grid_control,holding_name,https://www.retsinformation.dk/eli/lta/2023/271/xml,200,application/xml,2875aa1a5c3583c95aff75032b93825f851469af831ac4d75f145a9272aa7c7b,exact,,2026-09-29
DK,grid_control,legal_basis,https://www.retsinformation.dk/eli/lta/2023/271/xml,200,application/xml,2875aa1a5c3583c95aff75032b93825f851469af831ac4d75f145a9272aa7c7b,exact,,2026-09-29
DK,health_insurance,holding_name,https://www.retsinformation.dk/eli/lta/2025/275/xml,200,application/xml,5387281e1c5f74794ba5d82358fc854c635b297c64527cdddeae5125bd461f1b,not_found,,2026-09-29
DK,health_insurance,legal_basis,https://www.retsinformation.dk/eli/lta/2025/529/xml,200,application/xml,a64bd05461ca9f952d791a9589597a12f8aec4db12bb446638e97f77eb29b287,exact,,2026-09-29
DK,health_insurance,operator,https://www.retsinformation.dk/eli/lta/2025/275/xml,200,application/xml,5387281e1c5f74794ba5d82358fc854c635b297c64527cdddeae5125bd461f1b,exact,,2026-09-29
DK,health_records,holding_name,https://www.retsinformation.dk/eli/lta/2025/275/xml,200,application/xml,5387281e1c5f74794ba5d82358fc854c635b297c64527cdddeae5125bd461f1b,exact,,2026-09-29
DK,health_records,hosting,https://www.retsinformation.dk/eli/lta/2025/291/xml,200,application/xml,5ecb54149b3d0ca491e693ea1a49d2a9d962af798d34f7f8ea44b60069021365,not_found,,2026-09-29
DK,health_records,legal_basis,https://www.retsinformation.dk/eli/lta/2025/275/xml,200,application/xml,5387281e1c5f74794ba5d82358fc854c635b297c64527cdddeae5125bd461f1b,not_found,,2026-09-29
DK,indicator:C1,indicator,https://statens-it.dk/media/0iwny3lc/statens-it-aaarsrapport-2025.pdf,200,application/pdf,4f70bf9838135e45dbafb949499d01cb928ccedd0fc707eaff537afa2e39600b,exact,https://web.archive.org/web/20260904155709/https://statens-it.dk/media/0iwny3lc/statens-it-aaarsrapport-2025.pdf,2026-09-29
DK,indicator:C1,indicator,https://statens-it.dk/om-os/om-statens-it/,200,text/html,2c54ac0547d1c8ea7c6eee32418916e4d98a539da2ae8676f37bc92f24d580ea,exact,,2026-09-29
DK,indicator:C2,indicator,https://statens-it.dk/media/0iwny3lc/statens-it-aaarsrapport-2025.pdf,200,application/pdf,4f70bf9838135e45dbafb949499d01cb928ccedd0fc707eaff537afa2e39600b,exact,https://web.archive.org/web/20260904155709/https://statens-it.dk/media/0iwny3lc/statens-it-aaarsrapport-2025.pdf,2026-09-29
DK,indicator:K1,indicator,https://certifikat.gov.dk/,200,text/html,1962150b813cdccb3cfdc7a40df92454ff54ff1fa388cfacd3558f3ed6b14336,exact,https://web.archive.org/web/20251210103253/https://certifikat.gov.dk/,2026-09-29
DK,indicator:K1,indicator,https://www.ca1.gov.dk/,200,text/html,6defc671272b5ab316f5d8dc14cc9413c7e919c538836b2b1a9fdcd6d4937d26,exact,https://web.archive.org/web/20260608195922/https://www.ca1.gov.dk/,2026-09-29
DK,indicator:K2,indicator,https://digst.dk/it-loesninger/mitid/om-mitid/,200,text/html,cfe3a4800d57aee90f31aef2a5491d1a97d95a6680d7065d77bced9b0e8be266,exact,https://web.archive.org/web/20260417215119/https://digst.dk/it-loesninger/mitid/om-mitid/,2026-09-29
DK,indicator:L1,indicator,https://www.retsinformation.dk/eli/retsinfo/2014/10338/xml,200,application/xml,ada7312cfab39b4c43d44ce539c67744dfc712763e0d03b5d1ad8e41c8621329,exact,,2026-09-29
DK,indicator:L2,indicator,https://www.retsinformation.dk/eli/retsinfo/2014/10338/xml,200,application/xml,ada7312cfab39b4c43d44ce539c67744dfc712763e0d03b5d1ad8e41c8621329,exact,,2026-09-29
DK,intelligence,holding_name,https://www.retsinformation.dk/eli/lta/2017/1287/xml,200,application/xml,153520fb551c70685b2603727c3fb252e1d258f982ecbb9a7d0715037f12b110,exact,,2026-09-29
DK,intelligence,holding_name,https://www.retsinformation.dk/eli/lta/2017/231/xml,200,application/xml,d927b95d8f83a725745d841af061502f5976fab126ba3d5b4e64043e14193b8d,exact,,2026-09-29
DK,intelligence,legal_basis,https://www.retsinformation.dk/eli/lta/2017/1287/xml,200,application/xml,153520fb551c70685b2603727c3fb252e1d258f982ecbb9a7d0715037f12b110,exact,,2026-09-29
DK,issuance_history,holding_name,https://politi.dk/om-hjemmesiden/politiets-brug-af-personoplysninger,200,text/html,4cfd4950e4e6668e133e3b15a92869bfd087518147a41b80c97acf84e4968ad9,exact,https://web.archive.org/web/20260915161055/https://politi.dk/om-hjemmesiden/politiets-brug-af-personoplysninger,2026-09-29
DK,issuance_history,hosting,https://www.retsinformation.dk/eli/lta/2025/291/xml,200,application/xml,5ecb54149b3d0ca491e693ea1a49d2a9d962af798d34f7f8ea44b60069021365,exact,,2026-09-29
DK,issuance_history,legal_basis,https://www.retsinformation.dk/eli/lta/2021/2693/xml,200,application/xml,e646759353c84f43670d398567e91fa5f5518bb27eab9866a0ca3ff67e0b85c9,exact,,2026-09-29
DK,issuance_history,operator,https://politi.dk/om-hjemmesiden/politiets-brug-af-personoplysninger,200,text/html,4cfd4950e4e6668e133e3b15a92869bfd087518147a41b80c97acf84e4968ad9,exact,https://web.archive.org/web/20260915161055/https://politi.dk/om-hjemmesiden/politiets-brug-af-personoplysninger,2026-09-29
DK,judicial_criminal,holding_name,https://politi.dk/om-hjemmesiden/politiets-brug-af-personoplysninger,200,text/html,4cfd4950e4e6668e133e3b15a92869bfd087518147a41b80c97acf84e4968ad9,exact,https://web.archive.org/web/20260915161055/https://politi.dk/om-hjemmesiden/politiets-brug-af-personoplysninger,2026-09-29
DK,judicial_criminal,hosting,https://www.retsinformation.dk/eli/lta/2025/291/xml,200,application/xml,5ecb54149b3d0ca491e693ea1a49d2a9d962af798d34f7f8ea44b60069021365,exact,,2026-09-29
DK,judicial_criminal,legal_basis,https://www.retsinformation.dk/eli/lta/2026/589/xml,200,application/xml,cd2c0f9a7c096ff93267f5774307de401cce1a92f0b2fb57be24fb8b2471a4bb,not_found,,2026-09-29
DK,judicial_criminal,operator,https://politi.dk/om-hjemmesiden/politiets-brug-af-personoplysninger,200,text/html,4cfd4950e4e6668e133e3b15a92869bfd087518147a41b80c97acf84e4968ad9,exact,https://web.archive.org/web/20260915161055/https://politi.dk/om-hjemmesiden/politiets-brug-af-personoplysninger,2026-09-29
DK,land_property,holding_name,https://www.retsinformation.dk/eli/lta/2026/285/xml,200,application/xml,b474ff867220a1c34b4cf7be06d6ac5666adc8ec1b7de0bbf7072ab0d103fb73,not_found,,2026-09-29
DK,land_property,legal_basis,https://www.retsinformation.dk/eli/lta/2026/285/xml,200,application/xml,b474ff867220a1c34b4cf7be06d6ac5666adc8ec1b7de0bbf7072ab0d103fb73,exact,,2026-09-29
DK,land_property,operator,https://www.rigsrevisionen.dk/revisionssager-arkiv/2010/aug/beretning-om-det-digitale-tinglysningsprojekt,200,text/html,b4280e2ec8182ebd5b6bd044a947ed885c7635c6c2d6af946baf121452bd60d6,exact,https://web.archive.org/web/20260606201958/https://www.rigsrevisionen.dk/revisionssager-arkiv/2010/aug/beretning-om-det-digitale-tinglysningsprojekt,2026-09-29
DK,national_archives,holding_name,https://www.retsinformation.dk/eli/lta/2016/1201/xml,200,application/xml,f0d2bf05061b9643bc41d00539e2340e311bc6b5662f0a6bc1facc8175b9aead,not_found,,2026-09-29
DK,national_archives,hosting,https://www.retsinformation.dk/eli/lta/2025/291/xml,200,application/xml,5ecb54149b3d0ca491e693ea1a49d2a9d962af798d34f7f8ea44b60069021365,exact,,2026-09-29
DK,national_archives,legal_basis,https://www.retsinformation.dk/eli/lta/2016/1201/xml,200,application/xml,f0d2bf05061b9643bc41d00539e2340e311bc6b5662f0a6bc1facc8175b9aead,exact,,2026-09-29
DK,official_gazette,holding_name,https://www.retsinformation.dk/eli/lta/2016/1098/xml,200,application/xml,88093c7debbe0c119b6c8fb7291397aab554639537cf409a0d4bfdb9e0a2e18c,not_found,,2026-09-29
DK,official_gazette,legal_basis,https://www.retsinformation.dk/eli/lta/2016/1098/xml,200,application/xml,88093c7debbe0c119b6c8fb7291397aab554639537cf409a0d4bfdb9e0a2e18c,exact,,2026-09-29
DK,police_records,holding_name,https://politi.dk/om-hjemmesiden/politiets-brug-af-personoplysninger,200,text/html,4cfd4950e4e6668e133e3b15a92869bfd087518147a41b80c97acf84e4968ad9,exact,https://web.archive.org/web/20260915161055/https://politi.dk/om-hjemmesiden/politiets-brug-af-personoplysninger,2026-09-29
DK,police_records,holding_name,https://www.retsinformation.dk/eli/lta/2022/873/xml,200,application/xml,a0ed0fe344d5a1563706f8561f87f161b369153f7afb56a515bdbda361ceffcb,exact,,2026-09-29
DK,police_records,hosting,https://www.retsinformation.dk/eli/lta/2025/291/xml,200,application/xml,5ecb54149b3d0ca491e693ea1a49d2a9d962af798d34f7f8ea44b60069021365,exact,,2026-09-29
DK,police_records,legal_basis,https://politi.dk/om-hjemmesiden/politiets-brug-af-personoplysninger,200,text/html,4cfd4950e4e6668e133e3b15a92869bfd087518147a41b80c97acf84e4968ad9,exact,https://web.archive.org/web/20260915161055/https://politi.dk/om-hjemmesiden/politiets-brug-af-personoplysninger,2026-09-29
DK,public_finance,holding_name,https://oes.dk/digitale-loesninger/navision-stat/,200,text/html,3299449d23a249b8a0a7c4cda7f24852f67dc927c684b9b6f621573a3289e3b8,exact,https://web.archive.org/web/20260629120500/https://oes.dk/digitale-loesninger/navision-stat/,2026-09-29
DK,public_finance,holding_name,https://oes.dk/digitale-loesninger/statens-bevillings-og-regnskabsloesning/,200,text/html,2a715ba9bc7b4f915013672bca30f36bebaaaac79dd6db5a6fceb0a992c64ebf,exact,https://web.archive.org/web/20260606021813/https://oes.dk/digitale-loesninger/statens-bevillings-og-regnskabsloesning/,2026-09-29
DK,public_finance,legal_basis,https://www.retsinformation.dk/eli/lta/2018/116/xml,200,application/xml,f9533703dd470cf143f82e1169955e2c679c739bedb4e9b144490f12e238533d,exact,,2026-09-29
DK,public_health_surveillance,holding_name,https://www.retsinformation.dk/eli/lta/2025/275/xml,200,application/xml,5387281e1c5f74794ba5d82358fc854c635b297c64527cdddeae5125bd461f1b,exact,,2026-09-29
DK,public_health_surveillance,legal_basis,https://www.retsinformation.dk/eli/lta/2025/275/xml,200,application/xml,5387281e1c5f74794ba5d82358fc854c635b297c64527cdddeae5125bd461f1b,not_found,,2026-09-29
DK,residence_permits,holding_name,https://nyidanmark.dk/da/Collaborators/uip,200,text/html,4ee345fa4d51c40fa0df1e09148d312c2cecad2c09176fc7d5a3102a3e3ed84b,exact,,2026-09-29
DK,residence_permits,legal_basis,https://www.retsinformation.dk/eli/lta/2025/1183/xml,200,application/xml,cbf2a3161e1d592e9fb217a085ac5a3626278e384b671344eda4434b1bda8eab,not_found,,2026-09-29
DK,residence_permits,operator,https://www.dst.dk/da/Statistik/dokumentation/statistikdokumentation/asylansoegninger-og-opholdstilladelser/statistisk-behandling,200,text/html,3f5fbca65e40a84527b4cf730146463680119378c8a266e3a90a36e7a5203d1c,exact,,2026-09-29
DK,statistics_microdata,holding_name,https://www.retsinformation.dk/eli/lta/2018/610/xml,200,application/xml,4cf6ca82f689d2b8f1a9e915416a343ed02bd5dc7c4f356194e42f2ffe09693a,not_found,,2026-09-29
DK,tax,holding_name,https://www.retsinformation.dk/eli/lta/2025/1054/xml,200,application/xml,8ec7d68631c99b4512dccad700927e13c2d326a8266db58d1086743e75a6993e,not_found,,2026-09-29
DK,tax,hosting,https://ufst.dk/om-styrelsen/vores-opgaver/fakta-om-styrelsen,200,text/html,331f31530230963adf91d2326ff2b320509a2db607af9c4ee0d36396a3b8f154,exact,https://web.archive.org/web/20260316143737/https://ufst.dk/om-styrelsen/vores-opgaver/fakta-om-styrelsen,2026-09-29
DK,tax,operator,https://www.retsinformation.dk/eli/lta/2025/1054/xml,200,application/xml,8ec7d68631c99b4512dccad700927e13c2d326a8266db58d1086743e75a6993e,exact,,2026-09-29
DK,trust_services_pki,holding_name,https://www.ca1.gov.dk/,200,text/html,7fe4a781e54f22b7946267dbed99f3e7a307d8e635c612a284bb4c7370cf603d,exact,https://web.archive.org/web/20260608195922/https://www.ca1.gov.dk/,2026-09-29
DK,trust_services_pki,holding_name,https://www.ca1.gov.dk/certifikater/,200,text/html,194dc50b48ddcea31ff44259effeb75e6e122a1e8b1a050c1b3d8f2367122887,exact,https://web.archive.org/web/20250710144633/https://www.ca1.gov.dk/certifikater/,2026-09-29
DK,trust_services_pki,legal_basis,https://www.retsinformation.dk/eli/lta/2016/617/xml,200,application/xml,405c48a667a605c99ac94db7b5396f6fe8baeb29e9e9b5033fba3942f981206c,exact,,2026-09-29
DK,trust_services_pki,operator,https://www.ca1.gov.dk/,200,text/html,7fe4a781e54f22b7946267dbed99f3e7a307d8e635c612a284bb4c7370cf603d,exact,https://web.archive.org/web/20260608195922/https://www.ca1.gov.dk/,2026-09-29
DK,vehicle_licensing,holding_name,https://www.retsinformation.dk/eli/lta/2023/179/xml,200,application/xml,901e8ade920e0eaf64bca2df7f6a1587aa784e729e42d25c3ca17dd91652a222,exact,,2026-09-29
DK,vehicle_licensing,legal_basis,https://www.retsinformation.dk/eli/lta/2023/179/xml,200,application/xml,901e8ade920e0eaf64bca2df7f6a1587aa784e729e42d25c3ca17dd91652a222,not_found,,2026-09-29
DK,water_control,holding_name,https://www.retsinformation.dk/eli/lta/2024/1149/xml,200,application/xml,3929992cd4a056c149b93c31eec75ec7b1a49c384e443bce3dee44af81c6600e,not_found,,2026-09-29
EE,beneficial_ownership,legal_basis,https://web.archive.org/web/20250419091429/https://www.riigiteataja.ee/akt/RahaPTS,200,text/html,48c719476bf81e0524adf089d73031846dc0fcf3fd01ebc0876491b5ec280e53,exact,,2026-09-29
EE,beneficial_ownership,operator,https://web.archive.org/web/20250419091429/https://www.riigiteataja.ee/akt/RahaPTS,200,text/html,48c719476bf81e0524adf089d73031846dc0fcf3fd01ebc0876491b5ec280e53,exact,,2026-09-29
EE,benefits_pensions,legal_basis,https://web.archive.org/web/20251020072142/https://www.riigiteataja.ee/akt/SHS,200,text/html,4c032ac9c05793acd30f65e064679e3f42de4a890fb005a6b8e394b8d08fc6ba,exact,,2026-09-29
EE,benefits_pensions,operator,https://web.archive.org/web/20251020072142/https://www.riigiteataja.ee/akt/SHS,200,text/html,4c032ac9c05793acd30f65e064679e3f42de4a890fb005a6b8e394b8d08fc6ba,exact,,2026-09-29
EE,border_control,foreign_dependency,https://web.archive.org/web/20251215054605/https://www.riigiteataja.ee/akt/vms,200,text/html,9bef95893b05befa3d1a098b96c198e7c9dd5d1880e444caa0c08a4f251b519c,exact,,2026-09-29
EE,border_control,legal_basis,https://web.archive.org/web/20260513193215/https://www.riigiteataja.ee/akt/PPVS,200,text/html,e7242f1d549c49444d05ba8139b1f3e0d29b4fe50c4a2a0d2dfe122b537246b3,exact,,2026-09-29
EE,civil_registry,legal_basis,https://web.archive.org/web/20251211184747/https://www.riigiteataja.ee/akt/RRS,200,text/html,ef1cab11d68dd4f180033f673b4cf478a0c8e124b41514465b2f3581991d995d,exact,,2026-09-29
EE,education,operator,https://web.archive.org/web/20250426205540/https://www.riigiteataja.ee/akt/HaS,200,text/html,20467ff57c2f3cc15cf888767d248e037254e81e2f576cc3fd2ec8f3f745bbe7,exact,,2026-09-29
EE,electoral_management,operator,https://web.archive.org/web/20260218005759/https://www.riigiteataja.ee/akt/RKVS,200,text/html,628c7aed1fe24bbc51db4d37eb07c81e2f49d9a98e697866a3be37c67b7e5e81,exact,,2026-09-29
EE,facial_biometric,holding_name,https://web.archive.org/web/20260313205329/https://www.riigiteataja.ee/akt/itds,200,text/html,1f8fdfe71d16667d6623e473480773374543d54e2c2c1eaf005e45459452eb7d,exact,,2026-09-29
EE,facial_biometric,operator,https://web.archive.org/web/20260313205329/https://www.riigiteataja.ee/akt/itds,200,text/html,1f8fdfe71d16667d6623e473480773374543d54e2c2c1eaf005e45459452eb7d,exact,,2026-09-29
EE,fingerprint_biometric,legal_basis,https://web.archive.org/web/20260313205329/https://www.riigiteataja.ee/akt/itds,200,text/html,1f8fdfe71d16667d6623e473480773374543d54e2c2c1eaf005e45459452eb7d,exact,,2026-09-29
EE,fingerprint_biometric,operator,https://web.archive.org/web/20260313205329/https://www.riigiteataja.ee/akt/itds,200,text/html,1f8fdfe71d16667d6623e473480773374543d54e2c2c1eaf005e45459452eb7d,exact,,2026-09-29
EE,firearms_register,operator,https://web.archive.org/web/20251115135104/https://www.riigiteataja.ee/akt/RelvS,200,text/html,557b889152a843462a2f48a36cacb30e784ebaa9c7d6adc95d6a1ee073de0f34,exact,,2026-09-29
EE,health_records,operator,https://web.archive.org/web/20260415062508/https://www.riigiteataja.ee/akt/TTKS,200,text/html,797e8c6ecb84ceca983fc8f49516db95fd6dc1eff2a46f7416ce8b7f9a374646,exact,,2026-09-29
EE,indicator:C1,indicator,https://www.riigikontroll.ee/sites/default/files/arhivaalid/2462/RKTR_2462_2-1.4_2213_001-2.pdf,200,application/pdf,e080bdbbc3df1fc9c21d4b90673181309f4958c15526e5405faf2dcd9a7b6414,exact,,2026-09-29
EE,indicator:C1,indicator,https://www.riigipilv.ee/riigipilvest/riigipilve-tehniline-lahendus,200,text/html,ad8b1a7beedf0c0dfe8eac048e80e47b7948238f04e3cf53603381b16de6fc00,exact,,2026-09-29
EE,indicator:C1,indicator,https://www.riigipilv.ee/riigipilvest/riigipilvest-kkk/mis-saab-riigipilvest-eriolukorras,200,text/html,923921b20c9ec7e9045419f0c70ccc3338f826448d881910ad82b6e92de7c779,exact,,2026-09-29
EE,indicator:C2,indicator,https://www.riigikontroll.ee/sites/default/files/arhivaalid/2462/RKTR_2462_2-1.4_2213_001-2.pdf,200,application/pdf,e080bdbbc3df1fc9c21d4b90673181309f4958c15526e5405faf2dcd9a7b6414,exact,,2026-09-29
EE,indicator:C2,indicator,https://www.riigipilv.ee/et,200,text/html,4c9315d3c06015d5ae76f48c49faf264dddbd719c07185de7a5f50a8a8325b9a,exact,,2026-09-29
EE,indicator:C2,indicator,https://www.riigipilv.ee/riigipilvest/kliendid,200,text/html,8a57023125ee0c96ec9c678dfdb2bcfefc032572f395d50974a1d821c8239618,exact,https://web.archive.org/web/20260510204636/https://www.riigipilv.ee/riigipilvest/kliendid,2026-09-29
EE,indicator:K1,indicator,https://repository.eidpki.ee/about,200,text/html,7408c4b3e0929b1c32c45c1321a2a20f379f398f35f9a02db917017d93f2dd7f,exact,https://web.archive.org/web/20260123205032/http://repository.eidpki.ee/about/,2026-09-29
EE,indicator:K1,indicator,https://repository.eidpki.ee/static/documents/root-cp_v-2.0_04.06.2026_allkirjastatud.pdf,200,application/octet-stream,d7928249271bc52cdbefd98c1e5b55e9d3627a0362f7080f5a4f0ff2ce34905d,exact,,2026-09-29
EE,indicator:K2,indicator,https://repository.eidpki.ee/static/documents/eid-cp-v-2.0_04.06.2026_allkirjastatud.pdf,200,application/octet-stream,e12488dc1ef15c2939d8ce97336fd0dd738f510197f538fb1ea5315f9b89e09b,exact,,2026-09-29
EE,indicator:L1,indicator,https://www.riigikontroll.ee/sites/default/files/arhivaalid/2462/RKTR_2462_2-1.4_2213_001-2.pdf,200,application/pdf,e080bdbbc3df1fc9c21d4b90673181309f4958c15526e5405faf2dcd9a7b6414,exact,,2026-09-29
EE,indicator:L2,indicator,https://www.teabeamet.ee/nsa/kkk.html,200,text/html,ca48bab7e58fe50100dd9d80866e86f424f05aa482055d327528522334fe3445,exact,,2026-09-29
EE,indicator:L2,indicator,https://www.teabeamet.ee/nsa/tabelid.html,200,text/html,6d55ce6972a651c4d255805ede91696adfe4cb803f165e133063b9492e05c7dd,exact,,2026-09-29
EE,issuance_history,legal_basis,https://web.archive.org/web/20260313205329/https://www.riigiteataja.ee/akt/itds,200,text/html,1f8fdfe71d16667d6623e473480773374543d54e2c2c1eaf005e45459452eb7d,loose,,2026-09-29
EE,judicial_criminal,legal_basis,https://web.archive.org/web/20250803214052/https://www.riigiteataja.ee/akt/KarRS,200,text/html,ee80e234ef2fc71c055a0a4a1981113b7d5ba41572af4cd083182b9a0103a01a,loose,,2026-09-29
EE,judicial_criminal,operator,https://web.archive.org/web/20250803214052/https://www.riigiteataja.ee/akt/KarRS,200,text/html,ee80e234ef2fc71c055a0a4a1981113b7d5ba41572af4cd083182b9a0103a01a,loose,,2026-09-29
EE,land_property,operator,https://web.archive.org/web/20250807000745/https://www.riigiteataja.ee/akt/KRS,200,text/html,fe484fe68dd016befad536618161cc8b9d66b7c67a938339106398dc6d151fe0,exact,,2026-09-29
EE,police_records,legal_basis,https://web.archive.org/web/20260513193215/https://www.riigiteataja.ee/akt/PPVS,200,text/html,e7242f1d549c49444d05ba8139b1f3e0d29b4fe50c4a2a0d2dfe122b537246b3,exact,,2026-09-29
EE,police_records,operator,https://web.archive.org/web/20260513193215/https://www.riigiteataja.ee/akt/PPVS,200,text/html,e7242f1d549c49444d05ba8139b1f3e0d29b4fe50c4a2a0d2dfe122b537246b3,exact,,2026-09-29
EE,residence_permits,legal_basis,https://web.archive.org/web/20251215054605/https://www.riigiteataja.ee/akt/vms,200,text/html,9bef95893b05befa3d1a098b96c198e7c9dd5d1880e444caa0c08a4f251b519c,exact,,2026-09-29
EE,residence_permits,operator,https://web.archive.org/web/20251215054605/https://www.riigiteataja.ee/akt/vms,200,text/html,9bef95893b05befa3d1a098b96c198e7c9dd5d1880e444caa0c08a4f251b519c,exact,,2026-09-29
EE,trust_services_pki,legal_basis,https://web.archive.org/web/20260315144913/https://www.riigiteataja.ee/akt/EUTS,200,text/html,c3790c001f0ce41809468e1d0ffaa37d0fd4f625588ef4e909ff2cbd5bf2f7b7,loose,,2026-09-29
EE,trust_services_pki,operator,https://web.archive.org/web/20260315144913/https://www.riigiteataja.ee/akt/EUTS,200,text/html,c3790c001f0ce41809468e1d0ffaa37d0fd4f625588ef4e909ff2cbd5bf2f7b7,loose,,2026-09-29
EL,authentication_audit_log,holding_name,https://wallet.gov.gr/privacy/,200,text/html,8a92795aae960afe2b847b5accc303684a49ee9c0a832d8e27c790bf8beb71cd,exact,https://web.archive.org/web/20260513043821/https://wallet.gov.gr/privacy/,2026-09-29
EL,authentication_audit_log,operator,https://wallet.gov.gr/privacy/,200,text/html,8a92795aae960afe2b847b5accc303684a49ee9c0a832d8e27c790bf8beb71cd,exact,https://web.archive.org/web/20260513043821/https://wallet.gov.gr/privacy/,2026-09-29
EL,beneficial_ownership,holding_name,https://www.lawspot.gr/nomothesia/nomos-4557-2018/,200,text/html,4beec7490b4bc1d5902e4b74512d68cef4844622d847059b402824a93f42765c,exact,,2026-09-29
EL,beneficial_ownership,legal_basis,https://www.lawspot.gr/nomothesia/nomos-4557-2018/,200,text/html,4beec7490b4bc1d5902e4b74512d68cef4844622d847059b402824a93f42765c,exact,,2026-09-29
EL,benefits_pensions,holding_name,https://digitalstrategy.gov.gr/project/psifiopoiisi_asfalistikis_istorias_e-efka,200,text/html,c6e01f3d1b36a00ef666b5cc727fb35ebb5205b271c5f21a59bd3b63597b3601,exact,https://web.archive.org/web/20250918090757/https://digitalstrategy.gov.gr/project/psifiopoiisi_asfalistikis_istorias_e-efka,2026-09-29
EL,benefits_pensions,legal_basis,https://www.lawspot.gr/nomothesia/nomos-4387-2016/,200,text/html,0d3d968e861d6d6271575522cd66d3746a6161ac916a93e983fba8a96d078f84,exact,,2026-09-29
EL,benefits_pensions,record_count,https://www.idika.gr/erga/eniaio-systima-syntaxeon-eseps-ilios/,200,text/html,5f77225a6998296d879c6f7c5a86a48b7c765913639644002bad52c2e9467ebc,exact,https://web.archive.org/web/20260804115242/https://www.idika.gr/erga/eniaio-systima-syntaxeon-eseps-ilios/,2026-09-29
EL,border_control,holding_name,https://www.lawspot.gr/nomothesia/nomos-4249-2014/,200,text/html,9c63467372393a7238e53d7225b8220b59b87f376c944932e4f0e34a22083f7a,exact,,2026-09-29
EL,border_control,operator,https://www.lawspot.gr/nomothesia/nomos-4249-2014/,200,text/html,9c63467372393a7238e53d7225b8220b59b87f376c944932e4f0e34a22083f7a,exact,,2026-09-29
EL,breeder_documents,holding_name,https://www.lawspot.gr/nomothesia/nomos-4483-2017/,200,text/html,e8e65f71d79b61c20ef73855cc37d0e551ee95585e05e1c25ff14fe0a1a89b5d,exact,,2026-09-29
EL,breeder_documents,holding_name,https://www.passport.gov.gr/npc/data.html,200,text/html,4705712d803551d28a0f6c2760e73e016993965f0c00a1d703f99a1f00dfbac8,exact,https://web.archive.org/web/20260902152156/https://www.passport.gov.gr/npc/data.html,2026-09-29
EL,business_registry,holding_name,https://www.e-nomothesia.gr/kat-x/nomos-4919-2022-phek-71a-7-4-2022.html,403,text/html,,fetch_failed,,2026-09-29
EL,business_registry,operator,https://www.e-nomothesia.gr/kat-x/nomos-4919-2022-phek-71a-7-4-2022.html,403,text/html,,fetch_failed,,2026-09-29
EL,civil_registry,holding_name,https://www.lawspot.gr/nomothesia/nomos-4483-2017/,200,text/html,e8e65f71d79b61c20ef73855cc37d0e551ee95585e05e1c25ff14fe0a1a89b5d,exact,,2026-09-29
EL,civil_registry,holding_name,https://www.lawspot.gr/nomothesia/nomos-4727-2020/,200,text/html,b01cf3a21f89938636767f5a6cc1a38e8994db631ab22377efb0f2c2a599fb48,exact,https://web.archive.org/web/20260309090533/https://www.lawspot.gr/nomothesia/nomos-4727-2020/,2026-09-29
EL,civil_registry,hosting,https://www.lawspot.gr/nomothesia/nomos-4483-2017/,200,text/html,e8e65f71d79b61c20ef73855cc37d0e551ee95585e05e1c25ff14fe0a1a89b5d,exact,,2026-09-29
EL,civil_registry,legal_basis,https://www.lawspot.gr/nomothesia/nomos-4483-2017/,200,text/html,e8e65f71d79b61c20ef73855cc37d0e551ee95585e05e1c25ff14fe0a1a89b5d,exact,,2026-09-29
EL,crisis_management,holding_name,https://www.lawspot.gr/nomothesia/nomos-3013-2002/,200,text/html,b02b6faf5718fb6cd9bd1bce8bb59900ff4b266aec1616c97c9091ab23cdf678,exact,,2026-09-29
EL,customs,holding_name,https://digitalstrategy.gov.gr/project/icisnet,200,text/html,4a5ad551c3284f3daa673a618b184495df94cb52a7d598a038ca68991e3c3d0f,exact,,2026-09-29
EL,customs,hosting,https://digitalstrategy.gov.gr/project/anavathmisi_diathesimotitas_efedreias_asfaleias_dedomenon_poy_filoxenoyntai_stis_ypodomes_tis_ggpsdd,200,text/html,e55aa241e6ae4b5e338f49ab16d31559486e18e2b0ca8a9256bcf253a7789e41,exact,https://web.archive.org/web/20260514161810/https://digitalstrategy.gov.gr/project/anavathmisi_diathesimotitas_efedreias_asfaleias_dedomenon_poy_filoxenoyntai_stis_ypodomes_tis_ggpsdd,2026-09-29
EL,customs,legal_basis,https://www.lawspot.gr/nomothesia/nomos-4389-2016/,200,text/html,b73599e44c27ffc3082ffb4553e1fdaaa08488620e5c73ac749ec3487d2a6644,exact,,2026-09-29
EL,digital_identity_credentials,holding_name,https://wallet.gov.gr/,200,text/html,739eb1bac1193e33f2e9f963a1f28323bd513bdec4f79b745a08180e58ef0ec2,exact,https://web.archive.org/web/20260905163745/https://wallet.gov.gr/,2026-09-29
EL,digital_identity_credentials,hosting,https://wallet.gov.gr/privacy/,200,text/html,8a92795aae960afe2b847b5accc303684a49ee9c0a832d8e27c790bf8beb71cd,exact,https://web.archive.org/web/20260513043821/https://wallet.gov.gr/privacy/,2026-09-29
EL,digital_identity_credentials,legal_basis,https://wallet.gov.gr/privacy/,200,text/html,8a92795aae960afe2b847b5accc303684a49ee9c0a832d8e27c790bf8beb71cd,exact,https://web.archive.org/web/20260513043821/https://wallet.gov.gr/privacy/,2026-09-29
EL,digital_identity_credentials,legal_basis,https://www.lawspot.gr/nomothesia/nomos-4727-2020/,200,text/html,b01cf3a21f89938636767f5a6cc1a38e8994db631ab22377efb0f2c2a599fb48,exact,https://web.archive.org/web/20260309090533/https://www.lawspot.gr/nomothesia/nomos-4727-2020/,2026-09-29
EL,digital_identity_credentials,operator,https://www.lawspot.gr/nomothesia/nomos-4727-2020/,200,text/html,b01cf3a21f89938636767f5a6cc1a38e8994db631ab22377efb0f2c2a599fb48,exact,https://web.archive.org/web/20260309090533/https://www.lawspot.gr/nomothesia/nomos-4727-2020/,2026-09-29
EL,education,record_count,https://digitalstrategy.gov.gr/project/myschool,200,text/html,8a558d95566d4b0923380680d9df19784132a42c9f13723a8a5e79bcc53235a3,exact,https://web.archive.org/web/20240416211029/https://digitalstrategy.gov.gr/project/myschool,2026-09-29
EL,electoral_management,holding_name,https://digitalstrategy.gov.gr/project/anavathmisi_kai_oloklirosi_systimaton_eklogikis_diadikasias,200,text/html,ea689b0db84f3f845fe19bb6228b0b6dfa381a134e2849ccdaf8be8f76778a2b,exact,https://web.archive.org/web/20260125091322/https://digitalstrategy.gov.gr/project/anavathmisi_kai_oloklirosi_systimaton_eklogikis_diadikasias,2026-09-29
EL,electoral_management,holding_name,https://www.lawspot.gr/nomothesia/proedriko-diatagma-26-2012/,200,text/html,a82816c89a74f8564f7d2416eb25b07c45d08633b4ad0c2462cd061290cfe27d,exact,,2026-09-29
EL,electoral_roll,holding_name,https://www.lawspot.gr/nomothesia/proedriko-diatagma-26-2012/,200,text/html,a82816c89a74f8564f7d2416eb25b07c45d08633b4ad0c2462cd061290cfe27d,exact,,2026-09-29
EL,electoral_roll,legal_basis,https://www.lawspot.gr/nomothesia/proedriko-diatagma-26-2012/,200,text/html,a82816c89a74f8564f7d2416eb25b07c45d08633b4ad0c2462cd061290cfe27d,exact,,2026-09-29
EL,extra:critical infrastructure security,holding_name,https://digitalstrategy.gov.gr/project/asset_registry,200,text/html,3b68bd04793f9cce6213575e96a47770b97a08edb3ac2b189f22e807fb0f3c09,exact,https://web.archive.org/web/20260315152716/https://digitalstrategy.gov.gr/project/asset_registry,2026-09-29
EL,extra:government hosting platform,foreign_dependency,https://digitalstrategy.gov.gr/project/g-cloud_next_generation,200,text/html,cfd7a6107c5eeeebbf359b9b39ee4ac5cf3a680e5bbeb65928633b4dcfd5804f,exact,https://web.archive.org/web/20260413121026/https://digitalstrategy.gov.gr/project/g-cloud_next_generation,2026-09-29
EL,extra:government hosting platform,holding_name,https://digitalstrategy.gov.gr/project/g-cloud,200,text/html,0d317dd969df7e3d62fd496a75d44e71041ee6d0cee6c0670e36a1ac4a4bafe7,exact,https://web.archive.org/web/20260413104922/https://digitalstrategy.gov.gr/project/g-cloud,2026-09-29
EL,extra:identity (sectoral identifier),operator,https://www.idika.gr/erga/ethniko-mitroo-amka/,200,text/html,ff4a12c4fc27adcddee1d53ef11cb96583fbb7681f93f27888b0a72827b9c58c,exact,https://web.archive.org/web/20260908090754/https://www.idika.gr/erga/ethniko-mitroo-amka/,2026-09-29
EL,extra:identity (sectoral identifier),operator,https://www.idika.gr/etaireia/profil/,200,text/html,5269a6a2e479e8ce8da6c3925e2eef4f508cac201a18405e2f222ea0622e4701,exact,https://web.archive.org/web/20260908090257/https://www.idika.gr/etaireia/profil/,2026-09-29
EL,extra:interoperability hub,holding_name,https://www.lawspot.gr/nomothesia/nomos-4727-2020/,200,text/html,b01cf3a21f89938636767f5a6cc1a38e8994db631ab22377efb0f2c2a599fb48,exact,https://web.archive.org/web/20260309090533/https://www.lawspot.gr/nomothesia/nomos-4727-2020/,2026-09-29
EL,facial_biometric,holding_name,https://www.passport.gov.gr/e-passport/biometrics.html,200,text/html,b1bf4871dcce39e760ba4b560af1133ab627760433ed23f4bbcc8bda93b3a97f,exact,,2026-09-29
EL,facial_biometric,holding_name,https://www.passport.gov.gr/npc/data.html,200,text/html,4705712d803551d28a0f6c2760e73e016993965f0c00a1d703f99a1f00dfbac8,exact,https://web.archive.org/web/20260902152156/https://www.passport.gov.gr/npc/data.html,2026-09-29
EL,facial_biometric,legal_basis,https://www.passport.gov.gr/npc/data.html,200,text/html,4705712d803551d28a0f6c2760e73e016993965f0c00a1d703f99a1f00dfbac8,exact,https://web.archive.org/web/20260902152156/https://www.passport.gov.gr/npc/data.html,2026-09-29
EL,fingerprint_biometric,holding_name,https://www.passport.gov.gr/npc/data.html,200,text/html,4705712d803551d28a0f6c2760e73e016993965f0c00a1d703f99a1f00dfbac8,exact,https://web.archive.org/web/20260902152156/https://www.passport.gov.gr/npc/data.html,2026-09-29
EL,geospatial,holding_name,https://digitalstrategy.gov.gr/project/anavathmisi_exoplismoy_ktimatologioy_gia_leitoyrgia_se_eikoniko_perivallon_virtualization,200,text/html,ded4dc1f191969b4528db88f66f6fd7dd47ae2c75d79689b18a49765239c0ed8,exact,https://web.archive.org/web/20251119054015/https://digitalstrategy.gov.gr/project/anavathmisi_exoplismoy_ktimatologioy_gia_leitoyrgia_se_eikoniko_perivallon_virtualization,2026-09-29
EL,geospatial,holding_name,https://www.lawspot.gr/nomothesia/nomos-3882-2010/,200,text/html,f0a858953f7fd3abd4e58d4a1143b3c925c462a32c120decbe20206fd30a4e06,exact,,2026-09-29
EL,government_payroll,holding_name,https://digitalstrategy.gov.gr/project/kentriko_systima_diacheirisis_anthropinoy_dynamikoy,200,text/html,feceaaa06669375dc48caef68978b3d06652bd8d00fbb572d94be804c679901b,exact,https://web.archive.org/web/20260413104530/https://digitalstrategy.gov.gr/project/kentriko_systima_diacheirisis_anthropinoy_dynamikoy,2026-09-29
EL,government_payroll,operator,https://digitalstrategy.gov.gr/project/misthodosia,200,text/html,f3da0e39bd49e553bd15a03040c2f4f0327b95312a436bab010cd5f0db5a2f58,exact,https://web.archive.org/web/20260413121425/https://digitalstrategy.gov.gr/project/misthodosia,2026-09-29
EL,government_payroll,record_count,https://digitalstrategy.gov.gr/project/misthodosia,200,text/html,f3da0e39bd49e553bd15a03040c2f4f0327b95312a436bab010cd5f0db5a2f58,exact,https://web.archive.org/web/20260413121425/https://digitalstrategy.gov.gr/project/misthodosia,2026-09-29
EL,grid_control,foreign_dependency,https://www.admie.gr/i-etaireia/metohoi/state-grid,200,text/html,ed4d0e16e1de54cd4f31b94a442b33806f68568c5117f352fd8c765112767cec,exact,https://web.archive.org/web/20240920130152/https://www.admie.gr/i-etaireia/metohoi/state-grid,2026-09-29
EL,health_insurance,holding_name,https://www.idika.gr/erga/ilektroniki-syntagografisi/,200,text/html,45d2794fa07bc08e6926a525b3fff29f3b3d305a25f9626947c146a79974b163,exact,https://web.archive.org/web/20260903145627/https://www.idika.gr/erga/ilektroniki-syntagografisi/,2026-09-29
EL,health_insurance,legal_basis,https://www.lawspot.gr/nomothesia/nomos-3918-2011/,200,text/html,14d9b0f295f6848be5a2610881663db8c540dbbc3de4b7a5ee152813d9d1c557,exact,,2026-09-29
EL,health_records,holding_name,https://www.e-nomothesia.gr/kat-x/nomos-4600-2019-phek-43a-9-3-2019.html,403,text/html,,fetch_failed,,2026-09-29
EL,health_records,holding_name,https://www.ehealthrecord.gov.gr/ehfy-overview-details,200,text/html,3d086d7d2f7fe05f64eb8d1aaba80ce2a16ef85ce6ec8cf478e5254cb2715912,exact,,2026-09-29
EL,health_records,hosting,https://digitalstrategy.gov.gr/project/systima_diakyvernisis_dedomenon_gia_ton_tomea_tis_ygeias,200,text/html,1036bee890f6520e268da4ebd29e8927f286429e94696368ebebe0d38b23b556,exact,https://web.archive.org/web/20260413103817/https://digitalstrategy.gov.gr/project/systima_diakyvernisis_dedomenon_gia_ton_tomea_tis_ygeias,2026-09-29
EL,health_records,legal_basis,https://www.e-nomothesia.gr/kat-x/nomos-4600-2019-phek-43a-9-3-2019.html,403,text/html,,fetch_failed,,2026-09-29
EL,health_records,operator,https://www.e-nomothesia.gr/kat-x/nomos-4600-2019-phek-43a-9-3-2019.html,403,text/html,,fetch_failed,,2026-09-29
EL,indicator:C1,indicator,https://grnet.gr/en/infrastructures/grnet-datacenters/,200,text/html,0c91c38574dff15de29e9d6a01f15d4f120c507dd5e1dc5fcd4568c210a164e1,exact,https://web.archive.org/web/20260920044608/https://grnet.gr/en/infrastructures/grnet-datacenters/,2026-09-29
EL,indicator:C1,indicator,https://www.ktpae.gr/erga/parochi-nefo-ypologistikon-ypodomon-kai-ypiresion-cloud-services/,200,text/html; rendered,dc57f57cc5712c16d92363b86b8113c58fe2cba5b5f8b184695611dbe0848f84,exact,,2026-09-30
EL,indicator:C2,indicator,https://www.ktpae.gr/erga/government-cloud-g-cloud/,200,text/html; rendered,6cc0a2b4a2283d11b96de5c20f158b3f9eb4ff735aa48e2a510402ccaf9d25e9,exact,https://web.archive.org/web/20260829044912/https://www.ktpae.gr/erga/government-cloud-g-cloud/,2026-09-30
EL,indicator:C2,indicator,https://www.lawspot.gr/nomothesia/n-4727-2020/arthro-87-nomos-4727-2020-kyvernitika-nefi/,200,text/html,7fddef2696eb88290fd312fc2ad6abdc634fcf33e0cab882877ad8ad2709534d,exact,,2026-09-29
EL,indicator:K1,indicator,https://aped.gov.gr/,200,text/html,dfdf7b2e3f4df2e2c92befb63ba9b3a4905a0472155429d2b8a88a2745dc0de8,exact,https://web.archive.org/web/20260922185215/https://aped.gov.gr/,2026-09-29
EL,indicator:K1,indicator,https://aped.gov.gr/about-aped/,200,text/html,043292f3fad214bf24e2ccc6206b1e560e3553dc2ab71f02c76e16b0cf5d9bc3,exact,https://web.archive.org/web/20260413053433/https://aped.gov.gr/about-aped/,2026-09-29
EL,indicator:K2,indicator,https://www.lawspot.gr/nomothesia/n-4727-2020/arthro-25-nomos-4727-2020-taytopoiisi-gia-tin-ekdosi/,200,text/html,a5ccb6d174842b7e1bd9c200216e67ffc4a316b598a59eb10c991830994f141f,exact,,2026-09-29
EL,indicator:L1,indicator,https://www.lawspot.gr/nomothesia/n-4727-2020/arthro-1-nomos-4727-2020-skopos-kai-pedio-efarmogis-toy/,200,text/html,1f1e5ac5d6b5fc3025fff2c0a7cf2eeb2a7e2e3af13caf4e97ea44d18886d499,exact,,2026-09-29
EL,indicator:L1,indicator,https://www.lawspot.gr/nomothesia/n-4727-2020/arthro-87-nomos-4727-2020-kyvernitika-nefi/,200,text/html,7fddef2696eb88290fd312fc2ad6abdc634fcf33e0cab882877ad8ad2709534d,exact,,2026-09-29
EL,indicator:L2,indicator,https://www.e-nomothesia.gr/kat-enoples-dynameis/upourgike-apophase-ph-120-01-510313-s94-2018.html,403,text/html,,fetch_failed,,2026-09-29
EL,indicator:L2,indicator,https://www.lawspot.gr/nomothesia/n-4727-2020/arthro-1-nomos-4727-2020-skopos-kai-pedio-efarmogis-toy/,200,text/html,1f1e5ac5d6b5fc3025fff2c0a7cf2eeb2a7e2e3af13caf4e97ea44d18886d499,exact,,2026-09-29
EL,indicator:L2,indicator,https://www.newsbeast.gr/greece/arthro/3026379/pos-diavathmizonte-ta-aporrita-engrafa-stin-ellada,timeout,,,fetch_failed,,2026-09-29
EL,intelligence,legal_basis,https://www.lawspot.gr/nomothesia/nomos-3649-2008/,200,text/html,f56a9e02caee223a905992a172f962fdfa3d56dd3e9f3d327374214a043a6638,exact,https://web.archive.org/web/20260122165151/https://www.lawspot.gr/nomothesia/nomos-3649-2008/,2026-09-29
EL,intelligence,operator,https://www.lawspot.gr/nomothesia/nomos-3649-2008/,200,text/html,f56a9e02caee223a905992a172f962fdfa3d56dd3e9f3d327374214a043a6638,exact,https://web.archive.org/web/20260122165151/https://www.lawspot.gr/nomothesia/nomos-3649-2008/,2026-09-29
EL,issuance_history,holding_name,https://www.passport.gov.gr/npc/data.html,200,text/html,4705712d803551d28a0f6c2760e73e016993965f0c00a1d703f99a1f00dfbac8,exact,https://web.archive.org/web/20260902152156/https://www.passport.gov.gr/npc/data.html,2026-09-29
EL,issuance_history,legal_basis,https://www.lawspot.gr/nomothesia/nomos-3103-2003/,200,text/html,5c33a82130205077798122d49abcfd7c6aefb8cb324236fced928cfc4a0b1fde,exact,,2026-09-29
EL,issuance_history,legal_basis,https://www.lawspot.gr/nomothesia/nomos-4249-2014/,200,text/html,9c63467372393a7238e53d7225b8220b59b87f376c944932e4f0e34a22083f7a,exact,,2026-09-29
EL,judicial_criminal,holding_name,https://digitalstrategy.gov.gr/project/olokliromeno_systima_diacheirisis_ypotheseon_gia_tin_politiki_kai_poiniki_dikaiosyni_osddy-pp_b_fasi,200,text/html,1cb61aaba7ca8e8f83fdd127ddf85415c7723507e0ca3008371778941a69c314,exact,https://web.archive.org/web/20260125083202/https://digitalstrategy.gov.gr/project/olokliromeno_systima_diacheirisis_ypotheseon_gia_tin_politiki_kai_poiniki_dikaiosyni_osddy-pp_b_fasi,2026-09-29
EL,judicial_criminal,holding_name,https://www.lawspot.gr/nomothesia/nomos-4620-2019/,200,text/html,11aa87119e5f8f2fb0a7dcd9a38c7bd40b3fadd091e9c3290a09e9d9c58d4e5c,exact,https://web.archive.org/web/20260308031021/https://www.lawspot.gr/nomothesia/nomos-4620-2019/,2026-09-29
EL,judicial_criminal,legal_basis,https://www.lawspot.gr/nomothesia/nomos-4620-2019/,200,text/html,11aa87119e5f8f2fb0a7dcd9a38c7bd40b3fadd091e9c3290a09e9d9c58d4e5c,exact,https://web.archive.org/web/20260308031021/https://www.lawspot.gr/nomothesia/nomos-4620-2019/,2026-09-29
EL,land_property,holding_name,https://digitalstrategy.gov.gr/project/psifiopoiisi_archeioy_ypothikofylakeion_gia_to_ethniko_ktimatologio,200,text/html,0c0c62e027686c94069b8db0400b82fd7e424728ee5927c89f62b48b4f8b9a00,exact,https://web.archive.org/web/20250613012620/https://digitalstrategy.gov.gr/project/psifiopoiisi_archeioy_ypothikofylakeion_gia_to_ethniko_ktimatologio,2026-09-29
EL,land_property,hosting,https://digitalstrategy.gov.gr/project/anavathmisi_exoplismoy_ktimatologioy_gia_leitoyrgia_se_eikoniko_perivallon_virtualization,200,text/html,ded4dc1f191969b4528db88f66f6fd7dd47ae2c75d79689b18a49765239c0ed8,exact,https://web.archive.org/web/20251119054015/https://digitalstrategy.gov.gr/project/anavathmisi_exoplismoy_ktimatologioy_gia_leitoyrgia_se_eikoniko_perivallon_virtualization,2026-09-29
EL,land_property,legal_basis,https://www.lawspot.gr/nomothesia/nomos-4512-2018/,200,text/html,04f775c218afa987a8cfe08eac9493ef6e51debad04bd9a08efa641262beb9ae,exact,,2026-09-29
EL,land_property,operator,https://www.lawspot.gr/nomothesia/nomos-4512-2018/,200,text/html,04f775c218afa987a8cfe08eac9493ef6e51debad04bd9a08efa641262beb9ae,exact,,2026-09-29
EL,national_archives,holding_name,https://digitalstrategy.gov.gr/project/psifiopoiisi_ton_genikon_archeion_toy_kratoys,200,text/html,3e1d408031a98bae167eb83a312877ec273bc2ed9ad6f35b6865bf6f0d726c1c,exact,https://web.archive.org/web/20260413121410/https://digitalstrategy.gov.gr/project/psifiopoiisi_ton_genikon_archeion_toy_kratoys,2026-09-29
EL,national_archives,holding_name,https://gak.gr/,200,text/html,bce26645d5a8447bef8a2e77937e383f61ee5660374acaa4baa278e28323e294,exact,https://web.archive.org/web/20190724024231/http://gak.gr/,2026-09-29
EL,official_gazette,holding_name,https://et.gr/yphresia/mission/,200,text/html,cf102536a626d9c9ba1910fbf4472ca6c7efb7a9d765266d5514db291e5b5d74,exact,https://web.archive.org/web/20260514100450/https://et.gr/yphresia/mission/,2026-09-29
EL,official_gazette,operator,https://et.gr/yphresia/mission/,200,text/html,cf102536a626d9c9ba1910fbf4472ca6c7efb7a9d765266d5514db291e5b5d74,exact,https://web.archive.org/web/20260514100450/https://et.gr/yphresia/mission/,2026-09-29
EL,police_records,holding_name,https://www.lawspot.gr/nomothesia/nomos-4249-2014/,200,text/html,9c63467372393a7238e53d7225b8220b59b87f376c944932e4f0e34a22083f7a,exact,,2026-09-29
EL,police_records,hosting,https://www.lawspot.gr/nomothesia/nomos-4249-2014/,200,text/html,9c63467372393a7238e53d7225b8220b59b87f376c944932e4f0e34a22083f7a,exact,,2026-09-29
EL,public_finance,holding_name,https://digitalstrategy.gov.gr/project/government_erp,200,text/html,a060210c574781251f29e8b00bb5348da36f705ae039eb22dc0d8c63c92ee803,exact,https://web.archive.org/web/20260413112148/https://digitalstrategy.gov.gr/project/government_erp,2026-09-29
EL,public_finance,hosting,https://digitalstrategy.gov.gr/project/g-cloud,200,text/html,0d317dd969df7e3d62fd496a75d44e71041ee6d0cee6c0670e36a1ac4a4bafe7,exact,https://web.archive.org/web/20260413104922/https://digitalstrategy.gov.gr/project/g-cloud,2026-09-29
EL,public_health_surveillance,holding_name,https://www.lawspot.gr/nomothesia/nomos-4633-2019/,200,text/html,8f6d7db6fd9efb0fd549a9047881bd36df38ab0d507bc189c3d63fe2fa178e97,exact,https://web.archive.org/web/20260121092729/https://www.lawspot.gr/nomothesia/nomos-4633-2019/,2026-09-29
EL,public_health_surveillance,operator,https://www.lawspot.gr/nomothesia/nomos-4633-2019/,200,text/html,8f6d7db6fd9efb0fd549a9047881bd36df38ab0d507bc189c3d63fe2fa178e97,exact,https://web.archive.org/web/20260121092729/https://www.lawspot.gr/nomothesia/nomos-4633-2019/,2026-09-29
EL,residence_permits,holding_name,https://migration.gov.gr/migration-policy/dioikisi/,200,text/html,5e709e63c22cca61fc8be55e847a84a0adbf5eeab07cf099218ef4de511971e2,exact,https://web.archive.org/web/20260923144946/https://migration.gov.gr/migration-policy/dioikisi/,2026-09-29
EL,residence_permits,hosting,https://digitalstrategy.gov.gr/project/tier-4_datacenter,200,text/html,188cb012434735f2884b943ecb2d350c0d2a1886fd01649045b76ec8e7d9c65d,exact,https://web.archive.org/web/20260125084953/https://digitalstrategy.gov.gr/project/tier-4_datacenter,2026-09-29
EL,residence_permits,record_count,https://migration.gov.gr/wp-content/uploads/2026/09/%CE%A0%CE%91%CE%A1%CE%91%CE%A1%CE%A4%CE%97%CE%9C%CE%91-%CE%92_%CE%91%CF%8D%CE%B3%CE%BF%CF%85%CF%83%CF%84%CE%BF%CF%82-_2026_%CE%A5%CE%9C%CE%91-GR-%CE%95%CE%BD%CE%B7%CE%BC%CE%B5%CF%81%CF%89%CF%84%CE%B9%CE%BA%CF%8C-%CE%91%CF%8D%CE%B3%CE%BF%CF%85%CF%83%CF%84%CE%BF%CF%82-%CE%92-%CE%9D%CF%8C%CE%BC%CE%B9%CE%BC%CE%B7-%CE%9C%CE%B5%CF%84%CE%B1%CE%BD%CE%AC%CF%83%CF%84%CE%B5%CF%85%CF%83%CE%B7.pdf,200,application/pdf,c7df74d8fa7419182031eb233df6bc1c484c1be6819421d8487ca1920a3845ad,exact,,2026-09-29
EL,statistics_microdata,operator,https://www.lawspot.gr/nomothesia/nomos-3832-2010/,200,text/html,1de05e638b99599f01e8ba3222f6159fb0dbf2096e1ed43faf6ac7a4e375644a,exact,,2026-09-29
EL,tax,holding_name,https://digitalstrategy.gov.gr/project/anaptyxi_neoy_enopoiimenoy_olokliromenoy_pliroforiakoy_systimatos_forologias_tis_aade,200,text/html,0ca816ea6b6e287ca2e1e714c70403c20265832dd68d6f0be2b9afb037b18d56,exact,,2026-09-29
EL,tax,hosting,https://digitalstrategy.gov.gr/project/anavathmisi_diathesimotitas_efedreias_asfaleias_dedomenon_poy_filoxenoyntai_stis_ypodomes_tis_ggpsdd,200,text/html,e55aa241e6ae4b5e338f49ab16d31559486e18e2b0ca8a9256bcf253a7789e41,exact,https://web.archive.org/web/20260514161810/https://digitalstrategy.gov.gr/project/anavathmisi_diathesimotitas_efedreias_asfaleias_dedomenon_poy_filoxenoyntai_stis_ypodomes_tis_ggpsdd,2026-09-29
EL,tax,hosting,https://www.lawspot.gr/nomothesia/nomos-4389-2016/,200,text/html,b73599e44c27ffc3082ffb4553e1fdaaa08488620e5c73ac749ec3487d2a6644,exact,,2026-09-29
EL,tax,operator,https://www.lawspot.gr/nomothesia/nomos-4389-2016/,200,text/html,b73599e44c27ffc3082ffb4553e1fdaaa08488620e5c73ac749ec3487d2a6644,exact,,2026-09-29
EL,trust_services_pki,holding_name,https://www.lawspot.gr/nomothesia/nomos-4727-2020/,200,text/html,b01cf3a21f89938636767f5a6cc1a38e8994db631ab22377efb0f2c2a599fb48,exact,https://web.archive.org/web/20260309090533/https://www.lawspot.gr/nomothesia/nomos-4727-2020/,2026-09-29
EL,trust_services_pki,holding_name,https://www.passport.gov.gr/e-passport/csca-epassport.html,200,text/html,26a1a56873961e454e387ffb640380737d5f311ca06847e10743df179d2960ec,exact,https://web.archive.org/web/20260902152156/https://www.passport.gov.gr/e-passport/csca-epassport.html,2026-09-29
EL,trust_services_pki,legal_basis,https://www.lawspot.gr/nomothesia/nomos-4727-2020/,200,text/html,b01cf3a21f89938636767f5a6cc1a38e8994db631ab22377efb0f2c2a599fb48,exact,https://web.archive.org/web/20260309090533/https://www.lawspot.gr/nomothesia/nomos-4727-2020/,2026-09-29
EL,vehicle_licensing,holding_name,https://digitalstrategy.gov.gr/project/aplopoiisi_k_psifiopoiisi_tis_ekdosis_adeion_odigisis,200,text/html,718ea711e92457ccabddbad1d40c14b610978b9899fe6fd7c7e6fc4e287cb819,exact,https://web.archive.org/web/20250424200309/https://digitalstrategy.gov.gr/project/aplopoiisi_k_psifiopoiisi_tis_ekdosis_adeion_odigisis,2026-09-29
EL,vehicle_licensing,holding_name,https://wallet.gov.gr/privacy/,200,text/html,8a92795aae960afe2b847b5accc303684a49ee9c0a832d8e27c790bf8beb71cd,exact,https://web.archive.org/web/20260513043821/https://wallet.gov.gr/privacy/,2026-09-29
EL,water_control,operator,https://www.eydap.gr/TheCompany/,200,text/html,0a349535dd427166da262fa9f7c11743e7d5fc42f59d2fc50b1a544afff0e95a,exact,,2026-09-29
ES,beneficial_ownership,holding_name,https://www.boe.es/buscar/act.php?id=BOE-A-2023-16159,200,text/html,70d7963c8ef8254c188cce9633f4887aab182d5faee03fc21b67d2750c3bddc2,exact,https://web.archive.org/web/20260925090949/https://www.boe.es/buscar/act.php?id=BOE-A-2023-16159,2026-09-29
ES,beneficial_ownership,legal_basis,https://www.boe.es/buscar/act.php?id=BOE-A-2023-16159,200,text/html,70d7963c8ef8254c188cce9633f4887aab182d5faee03fc21b67d2750c3bddc2,exact,https://web.archive.org/web/20260925090949/https://www.boe.es/buscar/act.php?id=BOE-A-2023-16159,2026-09-29
ES,benefits_pensions,hosting,https://www.boe.es/buscar/act.php?id=BOE-A-2015-11724,200,text/html,bd1a8064b0001da8a62ff8f8e336f1a71fb22f31d50646170f8684cf67e0c6ff,exact,https://web.archive.org/web/20260926075037/https://www.boe.es/buscar/act.php?id=BOE-A-2015-11724,2026-09-29
ES,benefits_pensions,operator,https://www.boe.es/buscar/act.php?id=BOE-A-2015-11724,200,text/html,bd1a8064b0001da8a62ff8f8e336f1a71fb22f31d50646170f8684cf67e0c6ff,exact,https://web.archive.org/web/20260926075037/https://www.boe.es/buscar/act.php?id=BOE-A-2015-11724,2026-09-29
ES,border_control,legal_basis,https://www.boe.es/buscar/act.php?id=BOE-A-2024-24099,200,text/html,0d0182044ca92769033c6f71d9ce1533015912a724a82b91fd5659c9ead1d01a,exact,,2026-09-29
ES,border_control,operator,https://www.boe.es/buscar/act.php?id=BOE-A-2024-3793,200,text/html,a23ea8e959fa1138d686fcf002bafd25ce7a1fcb2c12f650c4b921562c0e1dec,exact,,2026-09-29
ES,breeder_documents,holding_name,https://www.boe.es/buscar/act.php?id=BOE-A-2011-12628,200,text/html,7e08644a948de608fdaef1fc49f79cd4fd476fe2151b0ffa00c6042009f4215c,exact,https://web.archive.org/web/20260923020539/https://www.boe.es/buscar/act.php?id=BOE-A-2011-12628,2026-09-29
ES,breeder_documents,legal_basis,https://www.boe.es/buscar/act.php?id=BOE-A-2011-12628,200,text/html,7e08644a948de608fdaef1fc49f79cd4fd476fe2151b0ffa00c6042009f4215c,exact,https://web.archive.org/web/20260923020539/https://www.boe.es/buscar/act.php?id=BOE-A-2011-12628,2026-09-29
ES,business_registry,legal_basis,https://www.boe.es/buscar/act.php?id=BOE-A-1996-17533,200,text/html,8f13ee6365d3cbdf4fb26300a286db1b2d2a3011e53c54c2e74b7b972617225d,exact,https://web.archive.org/web/20260924114427/https://www.boe.es/buscar/act.php?id=BOE-A-1996-17533,2026-09-29
ES,central_bank,legal_basis,https://www.boe.es/buscar/act.php?id=BOE-A-1994-12553,200,text/html,71da23ac4ff16a6805f6965ce8d678f7f831d328ca923eed0cada0e5069d8613,exact,,2026-09-29
ES,civil_registry,holding_name,https://www.boe.es/buscar/act.php?id=BOE-A-2011-12628,200,text/html,7e08644a948de608fdaef1fc49f79cd4fd476fe2151b0ffa00c6042009f4215c,exact,https://web.archive.org/web/20260923020539/https://www.boe.es/buscar/act.php?id=BOE-A-2011-12628,2026-09-29
ES,civil_registry,holding_name,https://www.boe.es/buscar/act.php?id=BOE-A-2025-6601,200,text/html,2662284cc398347998104b792dda394ab14df3acdc23898258fcac7dbc51101d,exact,https://web.archive.org/web/20260716095158/https://www.boe.es/buscar/act.php?id=BOE-A-2025-6601,2026-09-29
ES,civil_registry,legal_basis,https://www.boe.es/buscar/act.php?id=BOE-A-1985-5392,200,text/html,60617f95b27387d2938550ea6073c203ead7c03bb21a94796c0501fc60d07c82,exact,https://web.archive.org/web/20260923004539/https://www.boe.es/buscar/act.php?id=BOE-A-1985-5392,2026-09-29
ES,civil_registry,legal_basis,https://www.boe.es/buscar/act.php?id=BOE-A-2011-12628,200,text/html,7e08644a948de608fdaef1fc49f79cd4fd476fe2151b0ffa00c6042009f4215c,exact,https://web.archive.org/web/20260923020539/https://www.boe.es/buscar/act.php?id=BOE-A-2011-12628,2026-09-29
ES,civil_registry,operator,https://www.boe.es/buscar/act.php?id=BOE-A-2011-12628,200,text/html,7e08644a948de608fdaef1fc49f79cd4fd476fe2151b0ffa00c6042009f4215c,exact,https://web.archive.org/web/20260923020539/https://www.boe.es/buscar/act.php?id=BOE-A-2011-12628,2026-09-29
ES,crisis_management,legal_basis,https://www.boe.es/buscar/act.php?id=BOE-A-2015-7730,200,text/html,ceeb34766fa7de685d8eb8898595131ebd5e450e5a22cb370104f2cbc31639a5,exact,https://web.archive.org/web/20260923215549/https://www.boe.es/buscar/act.php?id=BOE-A-2015-7730,2026-09-29
ES,crisis_management,operator,https://www.boe.es/buscar/act.php?id=BOE-A-2015-10389,200,text/html,af7e07f9bef1efb8079576656ea1ccad7d0ae6f03c4b49c0a1b28b3275ef3a41,exact,https://web.archive.org/web/20260926173523/https://www.boe.es/buscar/act.php?id=BOE-A-2015-10389,2026-09-29
ES,crisis_management,operator,https://www.boe.es/buscar/act.php?id=BOE-A-2024-3793,200,text/html,a23ea8e959fa1138d686fcf002bafd25ce7a1fcb2c12f650c4b921562c0e1dec,exact,,2026-09-29
ES,customs,legal_basis,https://www.boe.es/buscar/act.php?id=BOE-A-1990-31180,200,text/html,45e35b4613f5d6f3711e3fddd02dfe5e8858445ad91b7b700b709c720ba9a165,exact,https://web.archive.org/web/20260803023552/https://www.boe.es/buscar/act.php?id=BOE-A-1990-31180,2026-09-29
ES,customs,operator,https://www.boe.es/buscar/act.php?id=BOE-A-1994-12973,200,text/html,dbc4f2e5a71e5a771979c30d6c86842ea6304f9c7711e40d3ef7c2955282c4b3,exact,https://web.archive.org/web/20240625182645/https://www.boe.es/buscar/act.php?id=BOE-A-1994-12973,2026-09-29
ES,defence_command,operator,https://www.boe.es/buscar/act.php?id=BOE-A-2024-3791,200,text/html,022529f67898619fb6764b387cc8ac1b1e0d9e17e371dc28b952c612e6c34fe9,exact,https://web.archive.org/web/20260926222912/https://www.boe.es/buscar/act.php?id=BOE-A-2024-3791,2026-09-29
ES,digital_identity_credentials,hosting,https://clave.gob.es/dnin/que-es,200,text/html,fdf6a14aac9b8e02e42ce6d5cd44c5d03fb7bf9513dd481ea7cacaa849fcdbfd,exact,https://web.archive.org/web/20260605215829/https://clave.gob.es/dnin/que-es,2026-09-29
ES,digital_identity_credentials,legal_basis,https://www.boe.es/buscar/doc.php?id=BOE-A-2014-10264,200,text/html,1f1c8d428d81e37c31a89650371fef9c6c26d98d968d2e8cd719095eb70726c5,exact,https://web.archive.org/web/20260510121930/https://www.boe.es/buscar/doc.php?id=BOE-A-2014-10264,2026-09-29
ES,digital_identity_credentials,operator,https://www.boe.es/buscar/doc.php?id=BOE-A-2014-10264,200,text/html,1f1c8d428d81e37c31a89650371fef9c6c26d98d968d2e8cd719095eb70726c5,exact,https://web.archive.org/web/20260510121930/https://www.boe.es/buscar/doc.php?id=BOE-A-2014-10264,2026-09-29
ES,education,legal_basis,https://www.boe.es/buscar/act.php?id=BOE-A-2010-12621,200,text/html,ee617424bf900bfef5ecf72507538a1b676495a026da1a1d1100afa0a0f212c9,exact,https://web.archive.org/web/20260422211016/https://www.boe.es/buscar/act.php?id=BOE-A-2010-12621,2026-09-29
ES,education,operator,https://www.boe.es/buscar/act.php?id=BOE-A-2010-12621,200,text/html,ee617424bf900bfef5ecf72507538a1b676495a026da1a1d1100afa0a0f212c9,exact,https://web.archive.org/web/20260422211016/https://www.boe.es/buscar/act.php?id=BOE-A-2010-12621,2026-09-29
ES,electoral_management,legal_basis,https://www.boe.es/buscar/act.php?id=BOE-A-1985-11672,200,text/html,4a13ef93b5c7ac63f2c32fb04ab301bdad9b7b870505a5a8096577e963bde4f4,exact,https://web.archive.org/web/20260921205319/https://www.boe.es/buscar/act.php?id=BOE-A-1985-11672,2026-09-29
ES,electoral_management,operator,https://www.boe.es/buscar/act.php?id=BOE-A-2024-3793,200,text/html,a23ea8e959fa1138d686fcf002bafd25ce7a1fcb2c12f650c4b921562c0e1dec,exact,,2026-09-29
ES,electoral_roll,legal_basis,https://www.boe.es/buscar/act.php?id=BOE-A-1985-11672,200,text/html,4a13ef93b5c7ac63f2c32fb04ab301bdad9b7b870505a5a8096577e963bde4f4,exact,https://web.archive.org/web/20260921205319/https://www.boe.es/buscar/act.php?id=BOE-A-1985-11672,2026-09-29
ES,electoral_roll,operator,https://www.boe.es/buscar/act.php?id=BOE-A-1985-11672,200,text/html,4a13ef93b5c7ac63f2c32fb04ab301bdad9b7b870505a5a8096577e963bde4f4,exact,https://web.archive.org/web/20260921205319/https://www.boe.es/buscar/act.php?id=BOE-A-1985-11672,2026-09-29
ES,emergency_communications,holding_name,https://www.boe.es/buscar/act.php?id=BOE-A-2024-3793,200,text/html,a23ea8e959fa1138d686fcf002bafd25ce7a1fcb2c12f650c4b921562c0e1dec,exact,,2026-09-29
ES,emergency_communications,operator,https://www.boe.es/buscar/act.php?id=BOE-A-1997-14058,200,text/html,b33e9a95c2e6c4e28768862118210659efcbd7843897ed6765ec4d7b27d280e8,exact,,2026-09-29
ES,extra:government_cloud_and_data_centres,hosting,https://www.boe.es/buscar/act.php?id=BOE-A-2024-22929,200,text/html,00c5f17a2966acd4c5592123a2dce6a6c702b98f12a911dce557093456b748f6,exact,https://web.archive.org/web/20260420153252/https://www.boe.es/buscar/act.php?id=BOE-A-2024-22929,2026-09-29
ES,extra:government_cloud_and_data_centres,operator,https://www.boe.es/buscar/act.php?id=BOE-A-2024-22929,200,text/html,00c5f17a2966acd4c5592123a2dce6a6c702b98f12a911dce557093456b748f6,exact,https://web.archive.org/web/20260420153252/https://www.boe.es/buscar/act.php?id=BOE-A-2024-22929,2026-09-29
ES,extra:government_network,operator,https://www.boe.es/buscar/act.php?id=BOE-A-2024-22929,200,text/html,00c5f17a2966acd4c5592123a2dce6a6c702b98f12a911dce557093456b748f6,exact,https://web.archive.org/web/20260420153252/https://www.boe.es/buscar/act.php?id=BOE-A-2024-22929,2026-09-29
ES,extra:representation_register,legal_basis,https://www.boe.es/buscar/act.php?id=BOE-A-2015-10565,200,text/html,ef065c4d5aaa12a238b7d401020f603060c9aaee9cf38bd6342e60c7c436e23d,exact,https://web.archive.org/web/20260927161457/https://www.boe.es/buscar/act.php?id=BOE-A-2015-10565,2026-09-29
ES,facial_biometric,legal_basis,https://www.boe.es/buscar/act.php?id=BOE-A-2003-13978,200,text/html,6889af5a4132fda2302bc6d63b221fdbb4b5fb62764af3350696a00ab83949e5,exact,,2026-09-29
ES,facial_biometric,legal_basis,https://www.boe.es/buscar/act.php?id=BOE-A-2025-6601,200,text/html,2662284cc398347998104b792dda394ab14df3acdc23898258fcac7dbc51101d,exact,https://web.archive.org/web/20260716095158/https://www.boe.es/buscar/act.php?id=BOE-A-2025-6601,2026-09-29
ES,facial_biometric,operator,https://www.boe.es/buscar/act.php?id=BOE-A-2025-6601,200,text/html,2662284cc398347998104b792dda394ab14df3acdc23898258fcac7dbc51101d,exact,https://web.archive.org/web/20260716095158/https://www.boe.es/buscar/act.php?id=BOE-A-2025-6601,2026-09-29
ES,fingerprint_biometric,holding_name,https://www.boe.es/buscar/act.php?id=BOE-A-2025-6601,200,text/html,2662284cc398347998104b792dda394ab14df3acdc23898258fcac7dbc51101d,exact,https://web.archive.org/web/20260716095158/https://www.boe.es/buscar/act.php?id=BOE-A-2025-6601,2026-09-29
ES,fingerprint_biometric,legal_basis,https://www.boe.es/buscar/act.php?id=BOE-A-2003-13978,200,text/html,6889af5a4132fda2302bc6d63b221fdbb4b5fb62764af3350696a00ab83949e5,exact,,2026-09-29
ES,fingerprint_biometric,legal_basis,https://www.boe.es/buscar/act.php?id=BOE-A-2025-6601,200,text/html,2662284cc398347998104b792dda394ab14df3acdc23898258fcac7dbc51101d,exact,https://web.archive.org/web/20260716095158/https://www.boe.es/buscar/act.php?id=BOE-A-2025-6601,2026-09-29
ES,fingerprint_biometric,operator,https://www.boe.es/buscar/act.php?id=BOE-A-2025-6601,200,text/html,2662284cc398347998104b792dda394ab14df3acdc23898258fcac7dbc51101d,exact,https://web.archive.org/web/20260716095158/https://www.boe.es/buscar/act.php?id=BOE-A-2025-6601,2026-09-29
ES,firearms_register,legal_basis,https://www.boe.es/buscar/act.php?id=BOE-A-1993-6202,200,text/html,a3b0885ca7b401e95d7a04c791d4d733f622a58789bfa07d7089d2fa42404d7b,exact,https://web.archive.org/web/20260928025859/https://www.boe.es/buscar/act.php?id=BOE-A-1993-6202,2026-09-29
ES,geospatial,holding_name,https://www.boe.es/buscar/act.php?id=BOE-A-2010-10707,200,text/html,9902d785da1c9ef52c2597dfe86463da178632ffb860c5a3f8812a0716ca0796,exact,https://web.archive.org/web/20260804161511/https://www.boe.es/buscar/act.php?id=BOE-A-2010-10707,2026-09-29
ES,geospatial,operator,https://www.boe.es/buscar/act.php?id=BOE-A-2010-10707,200,text/html,9902d785da1c9ef52c2597dfe86463da178632ffb860c5a3f8812a0716ca0796,exact,https://web.archive.org/web/20260804161511/https://www.boe.es/buscar/act.php?id=BOE-A-2010-10707,2026-09-29
ES,government_payroll,holding_name,https://www.boe.es/buscar/act.php?id=BOE-A-2000-1007,200,text/html,d8aff8c1a17b5841868c31c5bd14c2b0e55a1fa4f66a303f0c95f9d51f4c69fe,exact,,2026-09-29
ES,government_payroll,legal_basis,https://www.boe.es/buscar/act.php?id=BOE-A-2000-1007,200,text/html,d8aff8c1a17b5841868c31c5bd14c2b0e55a1fa4f66a303f0c95f9d51f4c69fe,exact,,2026-09-29
ES,grid_control,legal_basis,https://www.boe.es/buscar/act.php?id=BOE-A-2013-13645,200,text/html,5ac5e3ed20075c65cb58da123dcd60d6341d94760c22e298924a325aba709c50,exact,https://web.archive.org/web/20260928104552/https://www.boe.es/buscar/act.php?id=BOE-A-2013-13645,2026-09-29
ES,grid_control,operator,https://www.boe.es/buscar/act.php?id=BOE-A-2013-13645,200,text/html,5ac5e3ed20075c65cb58da123dcd60d6341d94760c22e298924a325aba709c50,exact,https://web.archive.org/web/20260928104552/https://www.boe.es/buscar/act.php?id=BOE-A-2013-13645,2026-09-29
ES,health_insurance,holding_name,https://www.boe.es/buscar/act.php?id=BOE-A-2004-2591,200,text/html,3ce1ad7e25c2fdd556a7e874fde3dc9c1248e0770a9b6371c3ea8d2144fffb7f,exact,https://web.archive.org/web/20260514195911/https://www.boe.es/buscar/act.php?id=BOE-A-2004-2591,2026-09-29
ES,health_insurance,operator,https://www.boe.es/buscar/act.php?id=BOE-A-2004-2591,200,text/html,3ce1ad7e25c2fdd556a7e874fde3dc9c1248e0770a9b6371c3ea8d2144fffb7f,exact,https://web.archive.org/web/20260514195911/https://www.boe.es/buscar/act.php?id=BOE-A-2004-2591,2026-09-29
ES,health_records,legal_basis,https://www.boe.es/buscar/act.php?id=BOE-A-2003-10715,200,text/html,c1e51762fae869bc4ce44911f904f44f921f5d5263dbabf7d80b0e74c6a15c57,exact,https://web.archive.org/web/20260906102038/https://www.boe.es/buscar/act.php?id=BOE-A-2003-10715,2026-09-29
ES,indicator:C1,indicator,https://interoperable-europe.ec.europa.eu/sites/default/files/inline-files/NIFO_2024_Supporting%20document_Spain_vFINAL.pdf,200,application/pdf,91429262784f2712429aaf4795b548691005d508f6379eb183e48cf7577932a6,exact,https://web.archive.org/web/20251013013711/https://interoperable-europe.ec.europa.eu/sites/default/files/inline-files/NIFO_2024_Supporting%20document_Spain_vFINAL.pdf,2026-09-29
ES,indicator:C1,indicator,https://www.boe.es/buscar/act.php?id=BOE-A-2024-22929,200,text/html,8a68255aab8a73d263f7dc7e75089ed069403fae63795950c16e9bb2d4819c13,exact,https://web.archive.org/web/20260420153252/https://www.boe.es/buscar/act.php?id=BOE-A-2024-22929,2026-09-29
ES,indicator:C2,indicator,https://www.boe.es/buscar/act.php?id=BOE-A-2024-22929,200,text/html,8a68255aab8a73d263f7dc7e75089ed069403fae63795950c16e9bb2d4819c13,exact,https://web.archive.org/web/20260420153252/https://www.boe.es/buscar/act.php?id=BOE-A-2024-22929,2026-09-29
ES,indicator:K1,indicator,https://tsl.digital.gob.es/TSL.xml,200,application/xml,19edfb5923cd27289ba78548255ca79ae5c9ae4b7dc8a5a334170d4a821a73cf,exact,,2026-09-29
ES,indicator:K1,indicator,https://www.boe.es/buscar/act.php?id=BOE-A-1997-28053,200,text/html,32b0517e265f9361c6e69450676d9a9feb3044def967d99f3cb1ea4005436396,exact,https://web.archive.org/web/20260823103301/https://www.boe.es/buscar/act.php?id=BOE-A-1997-28053,2026-09-29
ES,indicator:K1,indicator,https://www.boe.es/eli/es/rd/1999/06/25/1114/con,200,text/html,6690ca20f7d17ac795fa7ba6d4c3901f9755b63c01257b4d3b1400ab5c472854,exact,,2026-09-29
ES,indicator:K2,indicator,https://interoperable-europe.ec.europa.eu/sites/default/files/inline-files/NIFO_2024_Supporting%20document_Spain_vFINAL.pdf,200,application/pdf,91429262784f2712429aaf4795b548691005d508f6379eb183e48cf7577932a6,exact,https://web.archive.org/web/20251013013711/https://interoperable-europe.ec.europa.eu/sites/default/files/inline-files/NIFO_2024_Supporting%20document_Spain_vFINAL.pdf,2026-09-29
ES,indicator:K2,indicator,https://www.boe.es/buscar/act.php?id=BOE-A-2025-6601,200,text/html,c8018634bfa1345b4f04b550133d012b0be66df8a6fd6d1165d8cb59d1ccd5f1,exact,https://web.archive.org/web/20260716095158/https://www.boe.es/buscar/act.php?id=BOE-A-2025-6601,2026-09-29
ES,indicator:L1,indicator,https://www.boe.es/buscar/act.php?id=BOE-A-2015-10566,200,text/html,0e76f600a3bbf1b2b0c016865b7b59880a27282a773b6f3b633f5be9d7e25ba8,exact,https://web.archive.org/web/20260924022258/https://www.boe.es/buscar/act.php?id=BOE-A-2015-10566,2026-09-29
ES,indicator:L2,indicator,https://www.boe.es/buscar/act.php?id=BOE-A-1968-444,200,text/html,9bbee5a9adeba75352f802b49e167b3833fd0dfa880ed55ebe4e9b65414ffbd7,exact,https://web.archive.org/web/20260908031744/https://www.boe.es/buscar/act.php?id=BOE-A-1968-444,2026-09-29
ES,indicator:L3,indicator,https://www.boe.es/buscar/act.php?id=BOE-A-2022-7191,200,text/html,3033005a78fdee190594af4a8c18032d87835951823993ac9e22655e65bf3562,exact,https://web.archive.org/web/20260906121058/https://www.boe.es/buscar/act.php?id=BOE-A-2022-7191,2026-09-29
ES,intelligence,hosting,https://www.boe.es/buscar/act.php?id=BOE-A-2002-8628,200,text/html,74b67fc071b28f8e8f675ffe6cbe552ea54e6fc554ee6c97434d7ffa56f2cca6,exact,https://web.archive.org/web/20260718103759/https://www.boe.es/buscar/act.php?id=BOE-A-2002-8628,2026-09-29
ES,intelligence,legal_basis,https://www.boe.es/buscar/act.php?id=BOE-A-2002-8628,200,text/html,74b67fc071b28f8e8f675ffe6cbe552ea54e6fc554ee6c97434d7ffa56f2cca6,exact,https://web.archive.org/web/20260718103759/https://www.boe.es/buscar/act.php?id=BOE-A-2002-8628,2026-09-29
ES,issuance_history,legal_basis,https://www.boe.es/buscar/act.php?id=BOE-A-2003-13978,200,text/html,6889af5a4132fda2302bc6d63b221fdbb4b5fb62764af3350696a00ab83949e5,exact,,2026-09-29
ES,issuance_history,legal_basis,https://www.boe.es/buscar/act.php?id=BOE-A-2025-6601,200,text/html,2662284cc398347998104b792dda394ab14df3acdc23898258fcac7dbc51101d,exact,https://web.archive.org/web/20260716095158/https://www.boe.es/buscar/act.php?id=BOE-A-2025-6601,2026-09-29
ES,issuance_history,operator,https://www.boe.es/buscar/act.php?id=BOE-A-2024-3793,200,text/html,a23ea8e959fa1138d686fcf002bafd25ce7a1fcb2c12f650c4b921562c0e1dec,exact,,2026-09-29
ES,judicial_criminal,holding_name,https://www.boe.es/buscar/act.php?id=BOE-A-2009-2073,200,text/html,23a4700483239185221ca14860b4207b2bf4fd63209539e68299c8b551683075,exact,,2026-09-29
ES,judicial_criminal,operator,https://www.boe.es/buscar/act.php?id=BOE-A-2009-2073,200,text/html,23a4700483239185221ca14860b4207b2bf4fd63209539e68299c8b551683075,exact,,2026-09-29
ES,land_property,legal_basis,https://www.boe.es/buscar/act.php?id=BOE-A-1946-2453,200,text/html,fdb71e2e00bed6a7fa9915becb7b9f0c8f581f0c8bd04972e916a404c0a110e1,exact,https://web.archive.org/web/20260921184150/https://www.boe.es/buscar/act.php?id=BOE-A-1946-2453,2026-09-29
ES,land_property,legal_basis,https://www.boe.es/buscar/act.php?id=BOE-A-2004-4163,200,text/html,335bdbb066f97d92005d261dab0aa86ec94cc9bd2e3b15e7750a01ba3ac68fbf,exact,https://web.archive.org/web/20260902100910/https://www.boe.es/buscar/act.php?id=BOE-A-2004-4163,2026-09-29
ES,national_archives,legal_basis,https://www.boe.es/buscar/act.php?id=BOE-A-2015-10565,200,text/html,ef065c4d5aaa12a238b7d401020f603060c9aaee9cf38bd6342e60c7c436e23d,exact,https://web.archive.org/web/20260927161457/https://www.boe.es/buscar/act.php?id=BOE-A-2015-10565,2026-09-29
ES,national_archives,operator,https://www.boe.es/buscar/act.php?id=BOE-A-2011-18541,200,text/html,c54635cafdcf8e49e6e3574d703636aadc55e80fbc02cd430c53e28ae7c62409,exact,https://web.archive.org/web/20260214053523/https://www.boe.es/buscar/act.php?id=BOE-A-2011-18541,2026-09-29
ES,national_archives,operator,https://www.boe.es/buscar/act.php?id=BOE-A-2024-22929,200,text/html,00c5f17a2966acd4c5592123a2dce6a6c702b98f12a911dce557093456b748f6,exact,https://web.archive.org/web/20260420153252/https://www.boe.es/buscar/act.php?id=BOE-A-2024-22929,2026-09-29
ES,official_gazette,holding_name,https://www.boe.es/buscar/act.php?id=BOE-A-2008-2389,200,text/html,4f039c6aadefe28ac7ba1d47f87f57c834e7f226451c7b9a9494809f716e21c2,exact,https://web.archive.org/web/20260912062918/https://www.boe.es/buscar/act.php?id=BOE-A-2008-2389,2026-09-29
ES,official_gazette,legal_basis,https://www.boe.es/buscar/act.php?id=BOE-A-2008-2389,200,text/html,4f039c6aadefe28ac7ba1d47f87f57c834e7f226451c7b9a9494809f716e21c2,exact,https://web.archive.org/web/20260912062918/https://www.boe.es/buscar/act.php?id=BOE-A-2008-2389,2026-09-29
ES,official_gazette,operator,https://www.boe.es/buscar/act.php?id=BOE-A-2008-2389,200,text/html,4f039c6aadefe28ac7ba1d47f87f57c834e7f226451c7b9a9494809f716e21c2,exact,https://web.archive.org/web/20260912062918/https://www.boe.es/buscar/act.php?id=BOE-A-2008-2389,2026-09-29
ES,police_records,legal_basis,https://www.boe.es/buscar/act.php?id=BOE-A-2021-8806,200,text/html,f6b52601182e3e0a1da071a76343b19b37cc3cfaa6fe0d0ce9b467b99af9674d,exact,https://web.archive.org/web/20260616192342/https://www.boe.es/buscar/act.php?id=BOE-A-2021-8806,2026-09-29
ES,police_records,operator,https://www.boe.es/buscar/act.php?id=BOE-A-2024-3793,200,text/html,a23ea8e959fa1138d686fcf002bafd25ce7a1fcb2c12f650c4b921562c0e1dec,exact,,2026-09-29
ES,public_finance,operator,https://www.boe.es/buscar/act.php?id=BOE-A-2003-21614,200,text/html,4d46dd43b7e09f8bd55044488ef4627581861206a3e57c334b35bd37003a4a6f,exact,https://web.archive.org/web/20260915045909/https://www.boe.es/buscar/act.php?id=BOE-A-2003-21614,2026-09-29
ES,public_health_surveillance,legal_basis,https://www.boe.es/buscar/act.php?id=BOE-A-1996-1502,200,text/html,c20e8937327316bc3f92506c204692877444c88c7ea7e8c11b10c393b4fbc7f3,exact,https://web.archive.org/web/20260721095116/https://www.boe.es/buscar/act.php?id=BOE-A-1996-1502,2026-09-29
ES,residence_permits,holding_name,https://www.boe.es/buscar/act.php?id=BOE-A-2024-24099,200,text/html,0d0182044ca92769033c6f71d9ce1533015912a724a82b91fd5659c9ead1d01a,exact,,2026-09-29
ES,residence_permits,legal_basis,https://www.boe.es/buscar/act.php?id=BOE-A-2000-544,200,text/html,e446950ddeafe2835e6426c2ff0747c29d3dfb40b290c3456e039dc93e29ff73,exact,https://web.archive.org/web/20260914041104/https://www.boe.es/buscar/act.php?id=BOE-A-2000-544,2026-09-29
ES,statistics_microdata,holding_name,https://www.boe.es/buscar/act.php?id=BOE-A-1985-5392,200,text/html,60617f95b27387d2938550ea6073c203ead7c03bb21a94796c0501fc60d07c82,exact,https://web.archive.org/web/20260923004539/https://www.boe.es/buscar/act.php?id=BOE-A-1985-5392,2026-09-29
ES,statistics_microdata,legal_basis,https://www.boe.es/buscar/act.php?id=BOE-A-1989-10767,200,text/html,47ed2a14a0891c3aab61d2488905a0483c1b4fc9da03fcc0e8b969c8046332bd,exact,https://web.archive.org/web/20260716060905/https://www.boe.es/buscar/act.php?id=BOE-A-1989-10767,2026-09-29
ES,statistics_microdata,operator,https://www.boe.es/buscar/act.php?id=BOE-A-1989-10767,200,text/html,47ed2a14a0891c3aab61d2488905a0483c1b4fc9da03fcc0e8b969c8046332bd,exact,https://web.archive.org/web/20260716060905/https://www.boe.es/buscar/act.php?id=BOE-A-1989-10767,2026-09-29
ES,tax,holding_name,https://www.boe.es/buscar/act.php?id=BOE-A-2003-23186,200,text/html,b14e9b7c222e99d5103a5d50b17716431e47dc1b1966d02010d4c57c6c330b23,exact,https://web.archive.org/web/20260923155550/https://www.boe.es/buscar/act.php?id=BOE-A-2003-23186,2026-09-29
ES,tax,legal_basis,https://www.boe.es/buscar/act.php?id=BOE-A-1990-31180,200,text/html,45e35b4613f5d6f3711e3fddd02dfe5e8858445ad91b7b700b709c720ba9a165,exact,https://web.archive.org/web/20260803023552/https://www.boe.es/buscar/act.php?id=BOE-A-1990-31180,2026-09-29
ES,tax,operator,https://www.boe.es/buscar/act.php?id=BOE-A-1994-12973,200,text/html,dbc4f2e5a71e5a771979c30d6c86842ea6304f9c7711e40d3ef7c2955282c4b3,exact,https://web.archive.org/web/20240625182645/https://www.boe.es/buscar/act.php?id=BOE-A-1994-12973,2026-09-29
ES,trust_services_pki,legal_basis,https://www.boe.es/buscar/act.php?id=BOE-A-1997-28053,200,text/html,07c68730ce4b0cee130a1522deac2533ae91ddd93e310a6923f8cba81ff856f8,exact,https://web.archive.org/web/20260823103301/https://www.boe.es/buscar/act.php?id=BOE-A-1997-28053,2026-09-29
ES,trust_services_pki,legal_basis,https://www.boe.es/buscar/act.php?id=BOE-A-2020-14046,200,text/html,f20aa05ca31c8b338307356a6ca2895a1efa1760205f045a7b1c797a49401f75,exact,https://web.archive.org/web/20260817152335/https://www.boe.es/buscar/act.php?id=BOE-A-2020-14046,2026-09-29
ES,trust_services_pki,operator,https://www.boe.es/buscar/act.php?id=BOE-A-2025-6601,200,text/html,2662284cc398347998104b792dda394ab14df3acdc23898258fcac7dbc51101d,exact,https://web.archive.org/web/20260716095158/https://www.boe.es/buscar/act.php?id=BOE-A-2025-6601,2026-09-29
ES,vehicle_licensing,holding_name,https://www.boe.es/buscar/act.php?id=BOE-A-2015-11722,200,text/html,4944016eb3fd8ebc97fb9087e60078e36f733bcf7da74c0831daa62f3792daa8,exact,https://web.archive.org/web/20260927160300/https://www.boe.es/buscar/act.php?id=BOE-A-2015-11722,2026-09-29
ES,vehicle_licensing,legal_basis,https://www.boe.es/buscar/act.php?id=BOE-A-2015-11722,200,text/html,4944016eb3fd8ebc97fb9087e60078e36f733bcf7da74c0831daa62f3792daa8,exact,https://web.archive.org/web/20260927160300/https://www.boe.es/buscar/act.php?id=BOE-A-2015-11722,2026-09-29
ES,vehicle_licensing,operator,https://www.boe.es/buscar/act.php?id=BOE-A-2015-11722,200,text/html,4944016eb3fd8ebc97fb9087e60078e36f733bcf7da74c0831daa62f3792daa8,exact,https://web.archive.org/web/20260927160300/https://www.boe.es/buscar/act.php?id=BOE-A-2015-11722,2026-09-29
ES,water_control,operator,https://www.boe.es/buscar/act.php?id=BOE-A-2001-14276,200,text/html,c947f47191cec62f31f1869b8a9211c08e2c721a69c46f157d0c8d6cebe30683,exact,https://web.archive.org/web/20260804160059/https://www.boe.es/buscar/act.php?id=BOE-A-2001-14276,2026-09-29
FI,authentication_audit_log,holding_name,https://www.finlex.fi/fi/lainsaadanto/2016/571,200,text/html; rendered,522672626913554ff9c15b03ba19b247ed824a7c07866b5c9c95ea8a767b8add,exact,https://web.archive.org/web/20260919081102/https://www.finlex.fi/fi/lainsaadanto/2016/571,2026-09-30
FI,authentication_audit_log,legal_basis,https://www.finlex.fi/fi/lainsaadanto/2016/571,200,text/html; rendered,522672626913554ff9c15b03ba19b247ed824a7c07866b5c9c95ea8a767b8add,exact,https://web.archive.org/web/20260919081102/https://www.finlex.fi/fi/lainsaadanto/2016/571,2026-09-30
FI,authentication_audit_log,record_count,https://www.sttinfo.fi/tiedote/70085553/digi-ja-vaestotietovirasto-valitsi-vahvan-tunnistamisen-valityspalveluntarjoajaksi-telia-finland-oyjn?publisherId=3777&lang=fi,200,text/html,68a4348dc983dfb8875381335addd69c82f34432cf26322cfba030bdd90f7a61,exact,https://web.archive.org/web/20240202092418/https://www.sttinfo.fi/tiedote/70085553/digi-ja-vaestotietovirasto-valitsi-vahvan-tunnistamisen-valityspalveluntarjoajaksi-telia-finland-oyjn?publisherId=3777&lang=fi,2026-09-29
FI,beneficial_ownership,holding_name,https://www.finlex.fi/fi/lainsaadanto/2019/650,200,text/html; rendered,983067b789fbdd820ae4a38e8bd8d76635a8b06df65645a2e259d154485afec4,exact,https://web.archive.org/web/20260205004618/https://www.finlex.fi/fi/lainsaadanto/2019/650,2026-09-30
FI,beneficial_ownership,legal_basis,https://www.finlex.fi/fi/lainsaadanto/2023/564,200,text/html; rendered,2d1b4ee1b09cc4674f568ed3141ee66de0f5972656f6e7768f6893b2cfda336f,exact,https://web.archive.org/web/20251010152906/https://www.finlex.fi/fi/lainsaadanto/2023/564,2026-09-30
FI,benefits_pensions,operator,https://www.finlex.fi/fi/lainsaadanto/2001/731,200,text/html; rendered,966ceafa93db0871e08998813b68672d5a10158c4a1a1a58b38616a73dc431e1,exact,https://web.archive.org/web/20260204073312/https://www.finlex.fi/fi/lainsaadanto/2001/731,2026-09-30
FI,benefits_pensions,operator,https://www.finlex.fi/fi/lainsaadanto/2006/397,200,text/html; rendered,a810d5b1d451bf80b434270f1a8b9ac97ea9b01f4acbc283ee1bf2781772fbf6,exact,https://web.archive.org/web/20260606233738/https://www.finlex.fi/fi/lainsaadanto/2006/397,2026-09-30
FI,border_control,holding_name,https://www.finlex.fi/fi/lainsaadanto/2020/615,200,text/html; rendered,f38dfa5f76ec7b021ef698892efc2a9bbfff77cff1aa2df1ef30e1afdf9940b8,exact,https://web.archive.org/web/20260421162858/https://www.finlex.fi/fi/lainsaadanto/2020/615,2026-09-30
FI,border_control,operator,https://www.finlex.fi/fi/lainsaadanto/2019/639,200,text/html; rendered,e6e84b34dd0cbe138fd2467b8ee6e17bdfddfa79adf5781f56b87d1d9493cea9,exact,https://web.archive.org/web/20260508082001/https://www.finlex.fi/fi/lainsaadanto/2019/639,2026-09-30
FI,breeder_documents,holding_name,https://www.finlex.fi/fi/lainsaadanto/2009/661,200,text/html; rendered,f0ca9397bfaad3828da096519946239cc1c614398ba4fd5daf162369a439adb2,exact,https://web.archive.org/web/20260522204328/https://www.finlex.fi/fi/lainsaadanto/2009/661,2026-09-30
FI,breeder_documents,legal_basis,https://www.finlex.fi/fi/lainsaadanto/2009/661,200,text/html; rendered,f0ca9397bfaad3828da096519946239cc1c614398ba4fd5daf162369a439adb2,exact,https://web.archive.org/web/20260522204328/https://www.finlex.fi/fi/lainsaadanto/2009/661,2026-09-30
FI,business_registry,holding_name,https://www.finlex.fi/fi/lainsaadanto/2023/564,200,text/html; rendered,2d1b4ee1b09cc4674f568ed3141ee66de0f5972656f6e7768f6893b2cfda336f,exact,https://web.archive.org/web/20251010152906/https://www.finlex.fi/fi/lainsaadanto/2023/564,2026-09-30
FI,business_registry,operator,https://www.finlex.fi/fi/lainsaadanto/2023/564,200,text/html; rendered,2d1b4ee1b09cc4674f568ed3141ee66de0f5972656f6e7768f6893b2cfda336f,exact,https://web.archive.org/web/20251010152906/https://www.finlex.fi/fi/lainsaadanto/2023/564,2026-09-30
FI,central_bank,legal_basis,https://www.finlex.fi/fi/lainsaadanto/1998/214,200,text/html; rendered,45c1639ae2590c088f295c4de85378e49322df194439dd307a19ab063240cd7f,exact,https://web.archive.org/web/20260829034256/https://www.finlex.fi/fi/lainsaadanto/1998/214,2026-09-30
FI,civil_registry,holding_name,https://www.finlex.fi/fi/lainsaadanto/2009/661,200,text/html; rendered,f0ca9397bfaad3828da096519946239cc1c614398ba4fd5daf162369a439adb2,exact,https://web.archive.org/web/20260522204328/https://www.finlex.fi/fi/lainsaadanto/2009/661,2026-09-30
FI,civil_registry,legal_basis,https://www.finlex.fi/fi/lainsaadanto/2009/661,200,text/html; rendered,f0ca9397bfaad3828da096519946239cc1c614398ba4fd5daf162369a439adb2,exact,https://web.archive.org/web/20260522204328/https://www.finlex.fi/fi/lainsaadanto/2009/661,2026-09-30
FI,civil_registry,operator,https://www.finlex.fi/fi/lainsaadanto/2009/661,200,text/html; rendered,f0ca9397bfaad3828da096519946239cc1c614398ba4fd5daf162369a439adb2,exact,https://web.archive.org/web/20260522204328/https://www.finlex.fi/fi/lainsaadanto/2009/661,2026-09-30
FI,crisis_management,holding_name,https://www.finlex.fi/fi/lainsaadanto/2012/466,200,text/html,ade98cb64a9c125706983b49467858ae000ccd41db025f113c0bf77d775ffdb6,not_found,,2026-09-29
FI,crisis_management,operator,https://www.finlex.fi/fi/lainsaadanto/2003/262,200,text/html,27d4421e713cd192db3726271521511ff8b70e7e611728a3078f496521edc4d2,not_found,,2026-09-29
FI,customs,legal_basis,https://www.finlex.fi/fi/lainsaadanto/2016/304,200,text/html,790465e39abff17c682aea12cb1a5703b05111bf4d7807487689f9c69d0da7e9,not_found,,2026-09-29
FI,customs,operator,https://www.finlex.fi/fi/lainsaadanto/2019/650,200,text/html; rendered,983067b789fbdd820ae4a38e8bd8d76635a8b06df65645a2e259d154485afec4,exact,https://web.archive.org/web/20260205004618/https://www.finlex.fi/fi/lainsaadanto/2019/650,2026-09-30
FI,defence_command,operator,https://www.finlex.fi/fi/lainsaadanto/2019/332,200,text/html,97afe4079e52f6d5364895600cb47777c51276d451e88a1722390768367fa825,not_found,,2026-09-29
FI,digital_identity_credentials,hosting,https://www.sttinfo.fi/tiedote/70085553/digi-ja-vaestotietovirasto-valitsi-vahvan-tunnistamisen-valityspalveluntarjoajaksi-telia-finland-oyjn?publisherId=3777&lang=fi,200,text/html,68a4348dc983dfb8875381335addd69c82f34432cf26322cfba030bdd90f7a61,exact,https://web.archive.org/web/20240202092418/https://www.sttinfo.fi/tiedote/70085553/digi-ja-vaestotietovirasto-valitsi-vahvan-tunnistamisen-valityspalveluntarjoajaksi-telia-finland-oyjn?publisherId=3777&lang=fi,2026-09-29
FI,digital_identity_credentials,legal_basis,https://www.finlex.fi/fi/lainsaadanto/2009/661,200,text/html; rendered,f0ca9397bfaad3828da096519946239cc1c614398ba4fd5daf162369a439adb2,exact,https://web.archive.org/web/20260522204328/https://www.finlex.fi/fi/lainsaadanto/2009/661,2026-09-30
FI,digital_identity_credentials,operator,https://www.finlex.fi/fi/lainsaadanto/2016/571,200,text/html; rendered,522672626913554ff9c15b03ba19b247ed824a7c07866b5c9c95ea8a767b8add,exact,https://web.archive.org/web/20260919081102/https://www.finlex.fi/fi/lainsaadanto/2016/571,2026-09-30
FI,education,holding_name,https://www.finlex.fi/fi/lainsaadanto/2017/884,200,text/html,0aa838349591a934c9c67a5bbbf3b1e5d86f0e78c7c3f671aea84e3264a573be,not_found,,2026-09-29
FI,education,operator,https://www.finlex.fi/fi/lainsaadanto/2017/884,200,text/html,0aa838349591a934c9c67a5bbbf3b1e5d86f0e78c7c3f671aea84e3264a573be,not_found,,2026-09-29
FI,electoral_management,holding_name,https://www.finlex.fi/fi/lainsaadanto/1998/714,200,text/html,31723db7de05aa64b7c7bda39ad764d12c17a58fa10f5192e9bd2d792960821b,not_found,,2026-09-29
FI,electoral_management,operator,https://www.finlex.fi/fi/lainsaadanto/1998/714,200,text/html,31723db7de05aa64b7c7bda39ad764d12c17a58fa10f5192e9bd2d792960821b,not_found,,2026-09-29
FI,electoral_roll,legal_basis,https://www.finlex.fi/fi/lainsaadanto/1998/714,200,text/html,31723db7de05aa64b7c7bda39ad764d12c17a58fa10f5192e9bd2d792960821b,not_found,,2026-09-29
FI,electoral_roll,operator,https://www.finlex.fi/fi/lainsaadanto/1998/714,200,text/html,31723db7de05aa64b7c7bda39ad764d12c17a58fa10f5192e9bd2d792960821b,not_found,,2026-09-29
FI,emergency_communications,foreign_dependency,https://www.finlex.fi/fi/lainsaadanto/2015/10,200,text/html,6b1943d02198e15121060a1bca27a61ef2a937e791a883d545377fc77adc47f3,not_found,,2026-09-29
FI,emergency_communications,holding_name,https://www.finlex.fi/fi/lainsaadanto/2010/692,200,text/html,d35a6dfd85122435bbcbb0f99b818ce80bf56decdfaa8d995801cc063ad027ba,not_found,,2026-09-29
FI,emergency_communications,hosting,https://www.finlex.fi/fi/lainsaadanto/2015/10,200,text/html,6b1943d02198e15121060a1bca27a61ef2a937e791a883d545377fc77adc47f3,not_found,,2026-09-29
FI,extra:government_ict_platform,legal_basis,https://www.finlex.fi/fi/lainsaadanto/2013/1226,200,text/html,07ee89dfb246068a88a34d8d96e2351032655b8bfb17524b6d33602dedf6eef2,not_found,,2026-09-29
FI,extra:government_network,holding_name,https://www.finlex.fi/fi/lainsaadanto/2015/10,200,text/html,6b1943d02198e15121060a1bca27a61ef2a937e791a883d545377fc77adc47f3,not_found,,2026-09-29
FI,extra:government_network,operator,https://www.finlex.fi/fi/lainsaadanto/2015/10,200,text/html,6b1943d02198e15121060a1bca27a61ef2a937e791a883d545377fc77adc47f3,not_found,,2026-09-29
FI,extra:tax,operator,https://www.finlex.fi/fi/lainsaadanto/2018/53,200,text/html,080f7bdb2e84cbb039736abdaf5a3d95270331ccf5575068fb4b0d9c4a8c0de6,not_found,,2026-09-29
FI,facial_biometric,holding_name,https://www.finlex.fi/fi/lainsaadanto/2019/616,200,text/html,d40b79e7c536274175e4e4e16791290a01eeaf4957888e232ba8603c1e7f2297,not_found,https://web.archive.org/web/20260313135303/https://www.finlex.fi/fi/lainsaadanto/2019/616,2026-09-30
FI,facial_biometric,legal_basis,https://www.finlex.fi/fi/lainsaadanto/2006/671,200,text/html,2482ac24bad8535066c2f1a1ef346505e06c202476f6ede9913bb10142024812,not_found,https://web.archive.org/web/20260513033454/https://www.finlex.fi/fi/lainsaadanto/2006/671,2026-09-30
FI,fingerprint_biometric,holding_name,https://www.finlex.fi/fi/lainsaadanto/2006/671,200,text/html,2482ac24bad8535066c2f1a1ef346505e06c202476f6ede9913bb10142024812,not_found,https://web.archive.org/web/20260513033454/https://www.finlex.fi/fi/lainsaadanto/2006/671,2026-09-30
FI,fingerprint_biometric,holding_name,https://www.finlex.fi/fi/lainsaadanto/2016/663,200,text/html,2409abeeddc9d528fc282c37fc0b0d422ae573dd864dfdc10c6001858290c3c3,not_found,https://web.archive.org/web/20251216002139/https://www.finlex.fi/fi/lainsaadanto/2016/663,2026-09-30
FI,fingerprint_biometric,legal_basis,https://www.finlex.fi/fi/lainsaadanto/2006/671,200,text/html,2482ac24bad8535066c2f1a1ef346505e06c202476f6ede9913bb10142024812,not_found,https://web.archive.org/web/20260513033454/https://www.finlex.fi/fi/lainsaadanto/2006/671,2026-09-30
FI,firearms_register,holding_name,https://www.finlex.fi/fi/lainsaadanto/1998/1,200,text/html,a8e771c7fd7d367f76cad4cfb1313ad52c428f44df3b4736d5e93e66bdd89ab7,not_found,https://web.archive.org/web/20260922170558/https://www.finlex.fi/fi/lainsaadanto/1998/1,2026-09-30
FI,geospatial,holding_name,https://www.finlex.fi/fi/lainsaadanto/2009/661,200,text/html; rendered,f0ca9397bfaad3828da096519946239cc1c614398ba4fd5daf162369a439adb2,exact,https://web.archive.org/web/20260522204328/https://www.finlex.fi/fi/lainsaadanto/2009/661,2026-09-30
FI,geospatial,operator,https://www.finlex.fi/fi/lainsaadanto/2009/421,200,text/html,b80617a557f4eec3f95aace9ff5f9ac6622dcfe4cadf2c4878822ffa8dfccfde,not_found,https://web.archive.org/web/20260421235007/https://www.finlex.fi/fi/lainsaadanto/2009/421,2026-09-30
FI,government_payroll,holding_name,https://www.finlex.fi/fi/lainsaadanto/1991/305,200,text/html; rendered,f5703407f445c21b4e203f758e9376a2ddd4efecc081e66807ade63c9343f0d5,exact,https://web.archive.org/web/20260411111736/https://www.finlex.fi/fi/lainsaadanto/1991/305,2026-09-30
FI,grid_control,legal_basis,https://www.finlex.fi/fi/lainsaadanto/2013/588,200,text/html; rendered,574d4caf647ed657e5a910750db38504574e2475521a65d5e041e57d87df1f91,exact,https://web.archive.org/web/20260907020449/https://www.finlex.fi/fi/lainsaadanto/2013/588,2026-09-30
FI,grid_control,record_count,https://www.fingrid.fi/sahkomarkkinat/datahub/,200,text/html,9147566e631747e104443028beff2bc4111eb4839671d08c1a304cfe73205ef1,exact,https://web.archive.org/web/20260909143350/https://www.fingrid.fi/sahkomarkkinat/datahub/,2026-09-29
FI,health_insurance,operator,https://www.finlex.fi/fi/lainsaadanto/2004/1224,200,text/html; rendered,0325dc244324ec104af3033faf2d3b3ce9d3ed5b45b284d83196aad12d9cba93,exact,https://web.archive.org/web/20260821162244/https://www.finlex.fi/fi/lainsaadanto/2004/1224,2026-09-30
FI,health_records,operator,https://www.finlex.fi/fi/lainsaadanto/2023/703,200,text/html; rendered,86406914872b3c836e74beec1b573973afd920de2beeff1473fa170c1422df1e,exact,https://web.archive.org/web/20260429144903/https://www.finlex.fi/fi/lainsaadanto/2023/703,2026-09-30
FI,health_records,record_count,https://www.kanta.fi/tilastot,200,text/html,d868298bbe68d954a8b10edc8f5ec8d2e46aba85c60495690339e398b99566b8,exact,https://web.archive.org/web/20260909114736/https://www.kanta.fi/tilastot,2026-09-29
FI,indicator:C1,indicator,https://opendata.finlex.fi/finlex/avoindata/v1/akn/fi/act/statute-consolidated/2015/10/fin@,200,application/xml,a0446979aa7735b75b7b67ae32633e0d0037104bedfa1614af3c68c662c5a990,exact,,2026-09-29
FI,indicator:C1,indicator,https://www.erillisverkot.fi/palvelut/konesali-ja-suojatilat/,200,text/html,7a4e79a13117bc40807ff2afe41cf60262baea4487a65fb8d90edb7f66883fe1,exact,https://web.archive.org/web/20260727163800/https://www.erillisverkot.fi/palvelut/konesali-ja-suojatilat/,2026-09-29
FI,indicator:C2,indicator,https://www.erillisverkot.fi/palvelut/virtuaalinen-konesali/,200,text/html,784be47ce9e0a5119b05aefe6a5b4580aad139c21d423a6af6b8f1e10a9adfb2,exact,https://web.archive.org/web/20260727163800/https://www.erillisverkot.fi/palvelut/virtuaalinen-konesali/,2026-09-29
FI,indicator:K1,indicator,https://opendata.finlex.fi/finlex/avoindata/v1/akn/fi/act/statute/2009/661/fin@,200,application/xml,41855906b6da7f72b84241fd13d82541d3252193dda8b8d60a599dd1f256c94f,exact,,2026-09-29
FI,indicator:K2,indicator,https://dvv.fi/suomi.fi-tunnistus,200,text/html,216b090e92450c2e4f7ef46251ef3f3f2096cda62e0b9b394b0167efe5a25ec4,exact,,2026-09-29
FI,indicator:K2,indicator,https://opendata.finlex.fi/finlex/avoindata/v1/akn/fi/act/statute-consolidated/2016/571/fin@,200,application/xml,7b3b957e427f320a3208d55959829a544c2043999a87e9234f1c6854695fb317,exact,,2026-09-29
FI,indicator:L1,indicator,https://opendata.finlex.fi/finlex/avoindata/v1/akn/fi/act/statute-consolidated/2015/10/fin@,200,application/xml,a0446979aa7735b75b7b67ae32633e0d0037104bedfa1614af3c68c662c5a990,exact,,2026-09-29
FI,indicator:L2,indicator,https://opendata.finlex.fi/finlex/avoindata/v1/akn/fi/act/statute-consolidated/2019/1101/fin@,200,application/xml,432d9b2d1d2ace535f8da886a7353ff416495f0b6e914060a51e5434763b036c,exact,,2026-09-29
FI,intelligence,holding_name,https://www.finlex.fi/fi/lainsaadanto/2019/616,200,text/html,d40b79e7c536274175e4e4e16791290a01eeaf4957888e232ba8603c1e7f2297,not_found,https://web.archive.org/web/20260313135303/https://www.finlex.fi/fi/lainsaadanto/2019/616,2026-09-30
FI,intelligence,legal_basis,https://www.finlex.fi/fi/lainsaadanto/1992/110,200,text/html; rendered,bb4f12c833b6446bf3de5d43788146ac45d7a3ebf7632bbc5121dd89912e1667,exact,https://web.archive.org/web/20260719220328/https://www.finlex.fi/fi/lainsaadanto/1992/110,2026-09-30
FI,issuance_history,holding_name,https://www.finlex.fi/fi/lainsaadanto/2006/671,200,text/html,2482ac24bad8535066c2f1a1ef346505e06c202476f6ede9913bb10142024812,not_found,https://web.archive.org/web/20260513033454/https://www.finlex.fi/fi/lainsaadanto/2006/671,2026-09-30
FI,issuance_history,holding_name,https://www.finlex.fi/fi/lainsaadanto/2016/663,200,text/html,2409abeeddc9d528fc282c37fc0b0d422ae573dd864dfdc10c6001858290c3c3,not_found,https://web.archive.org/web/20251216002139/https://www.finlex.fi/fi/lainsaadanto/2016/663,2026-09-30
FI,issuance_history,legal_basis,https://www.finlex.fi/fi/lainsaadanto/2006/671,200,text/html,2482ac24bad8535066c2f1a1ef346505e06c202476f6ede9913bb10142024812,not_found,https://web.archive.org/web/20260513033454/https://www.finlex.fi/fi/lainsaadanto/2006/671,2026-09-30
FI,judicial_criminal,operator,https://www.finlex.fi/fi/lainsaadanto/1993/770,200,text/html; rendered,05778ca14272badda51462563a7bbf8e874324424a34b5307d10c248bd257cf1,exact,https://web.archive.org/web/20260704135252/https://www.finlex.fi/fi/lainsaadanto/1993/770,2026-09-30
FI,judicial_criminal,operator,https://www.finlex.fi/fi/lainsaadanto/2010/372,200,text/html; rendered,f74066456ad69f87dd49d084fef85b602b0801bcd23f5d662ab6937c5460c7f8,exact,https://web.archive.org/web/20260514104820/https://www.finlex.fi/fi/lainsaadanto/2010/372,2026-09-30
FI,land_property,holding_name,https://www.finlex.fi/fi/lainsaadanto/2002/453,200,text/html,21ecc30175d70e0cde2b7cda137a5d509156458ed5cd353634405c13f7a3cb8f,not_found,,2026-09-29
FI,land_property,operator,https://www.finlex.fi/fi/lainsaadanto/2002/453,200,text/html,21ecc30175d70e0cde2b7cda137a5d509156458ed5cd353634405c13f7a3cb8f,not_found,,2026-09-29
FI,national_archives,legal_basis,https://www.finlex.fi/fi/lainsaadanto/1994/831,200,text/html,e3507bc42eda7a04972a9200f83258236af9be05d4f6ab500a550a3859277062,not_found,,2026-09-29
FI,official_gazette,legal_basis,https://www.finlex.fi/fi/lainsaadanto/2000/188,200,text/html,c1800aa49a93ef374394967ed6e87cbf2f56780c3d5402eacbcc305fde1854b5,not_found,,2026-09-29
FI,official_gazette,operator,https://www.finlex.fi/fi/lainsaadanto/2000/188,200,text/html,c1800aa49a93ef374394967ed6e87cbf2f56780c3d5402eacbcc305fde1854b5,exact,https://web.archive.org/web/20260807164330/https://www.finlex.fi/fi/lainsaadanto/2000/188,2026-09-29
FI,police_records,operator,https://www.finlex.fi/fi/lainsaadanto/2019/616,200,text/html,d40b79e7c536274175e4e4e16791290a01eeaf4957888e232ba8603c1e7f2297,not_found,https://web.archive.org/web/20260313135303/https://www.finlex.fi/fi/lainsaadanto/2019/616,2026-09-30
FI,public_finance,operator,https://www.finlex.fi/fi/lainsaadanto/1991/305,200,text/html; rendered,f5703407f445c21b4e203f758e9376a2ddd4efecc081e66807ade63c9343f0d5,exact,https://web.archive.org/web/20260411111736/https://www.finlex.fi/fi/lainsaadanto/1991/305,2026-09-30
FI,public_health_surveillance,holding_name,https://www.finlex.fi/fi/lainsaadanto/2016/1227,200,text/html,367d6d20601514ac89c95e10989836c23e5619476cb2691c81a2fac328a2541e,not_found,,2026-09-29
FI,residence_permits,holding_name,https://www.finlex.fi/fi/lainsaadanto/2020/615,200,text/html; rendered,f38dfa5f76ec7b021ef698892efc2a9bbfff77cff1aa2df1ef30e1afdf9940b8,exact,https://web.archive.org/web/20260421162858/https://www.finlex.fi/fi/lainsaadanto/2020/615,2026-09-30
FI,residence_permits,operator,https://www.finlex.fi/fi/lainsaadanto/2020/615,200,text/html; rendered,f38dfa5f76ec7b021ef698892efc2a9bbfff77cff1aa2df1ef30e1afdf9940b8,exact,https://web.archive.org/web/20260421162858/https://www.finlex.fi/fi/lainsaadanto/2020/615,2026-09-30
FI,statistics_microdata,holding_name,https://www.finlex.fi/fi/lainsaadanto/2004/280,200,text/html,41de03a4d1b09c5e480ba817ae8649a02c9f0672b8d20842f5ddf20ba5e25da4,not_found,,2026-09-29
FI,tax,legal_basis,https://www.finlex.fi/fi/lainsaadanto/2010/503,200,text/html,abd1adcdcd44a16514441ca443e1e9757b66d79d088c86f06a809c5efa17edfe,not_found,,2026-09-29
FI,tax,operator,https://www.finlex.fi/fi/lainsaadanto/2010/503,200,text/html,abd1adcdcd44a16514441ca443e1e9757b66d79d088c86f06a809c5efa17edfe,not_found,,2026-09-29
FI,tax,operator,https://www.finlex.fi/fi/lainsaadanto/2018/53,200,text/html,080f7bdb2e84cbb039736abdaf5a3d95270331ccf5575068fb4b0d9c4a8c0de6,not_found,,2026-09-29
FI,trust_services_pki,holding_name,https://www.finlex.fi/fi/lainsaadanto/2009/661,200,text/html; rendered,f0ca9397bfaad3828da096519946239cc1c614398ba4fd5daf162369a439adb2,exact,https://web.archive.org/web/20260522204328/https://www.finlex.fi/fi/lainsaadanto/2009/661,2026-09-30
FI,trust_services_pki,operator,https://www.finlex.fi/fi/lainsaadanto/2006/671,200,text/html,2482ac24bad8535066c2f1a1ef346505e06c202476f6ede9913bb10142024812,not_found,https://web.archive.org/web/20260513033454/https://www.finlex.fi/fi/lainsaadanto/2006/671,2026-09-30
FI,vehicle_licensing,holding_name,https://www.finlex.fi/fi/lainsaadanto/2017/320,200,text/html,b8ca4b20bd4a26e4b563b0539b347ad7c5dcdce3fab50dd137fc32f80bfd0b83,not_found,,2026-09-29
FI,water_control,legal_basis,https://www.finlex.fi/fi/lainsaadanto/2010/620,200,text/html,b632f4a1eff9ed9434a0e7d8f5d88f0a4641f9954545b04b2dbc9b8aa4e8ab47,not_found,https://web.archive.org/web/20260919075443/https://www.finlex.fi/fi/lainsaadanto/2010/620,2026-09-30
FR,authentication_audit_log,holding_name,https://www.franceconnect.gouv.fr/cgu/politique-protection-donnees-personnelles/,200,text/html,44f62c78859c18d44371958a6172b704f66b1d0d0c4544674cd211e71a4ad7ad,exact,https://web.archive.org/web/20260907155638/https://www.franceconnect.gouv.fr/cgu/politique-protection-donnees-personnelles/,2026-09-29
FR,authentication_audit_log,legal_basis,https://www.franceconnect.gouv.fr/cgu/politique-protection-donnees-personnelles/,200,text/html,44f62c78859c18d44371958a6172b704f66b1d0d0c4544674cd211e71a4ad7ad,exact,https://web.archive.org/web/20260907155638/https://www.franceconnect.gouv.fr/cgu/politique-protection-donnees-personnelles/,2026-09-29
FR,beneficial_ownership,holding_name,https://www.inpi.fr/ressources/formalites-dentreprises/beneficiaires-effectifs,200,text/html,b906fbe17a51013785e7a3bc8ec7117ef8fc6538838125da6ec8355446ba9a0e,exact,https://web.archive.org/web/20260902100357/https://www.inpi.fr/ressources/formalites-dentreprises/beneficiaires-effectifs,2026-09-29
FR,beneficial_ownership,legal_basis,https://www.inpi.fr/ressources/formalites-dentreprises/beneficiaires-effectifs,200,text/html,b906fbe17a51013785e7a3bc8ec7117ef8fc6538838125da6ec8355446ba9a0e,exact,https://web.archive.org/web/20260902100357/https://www.inpi.fr/ressources/formalites-dentreprises/beneficiaires-effectifs,2026-09-29
FR,benefits_pensions,holding_name,https://www.lassuranceretraite.fr/portail-info/files/live/sites/pub/files/PDF/dossier-institutionnel-2025.pdf,200,application/pdf,1530baa16944a806d3fbe39b3336844dec0c07797a45e467eddb3d5fe16d16cd,exact,,2026-09-29
FR,benefits_pensions,operator,https://www.lassuranceretraite.fr/portail-info/files/live/sites/pub/files/PDF/dossier-institutionnel-2025.pdf,200,application/pdf,1530baa16944a806d3fbe39b3336844dec0c07797a45e467eddb3d5fe16d16cd,exact,,2026-09-29
FR,benefits_pensions,record_count,https://www.lassuranceretraite.fr/portail-info/files/live/sites/pub/files/PDF/dossier-institutionnel-2025.pdf,200,application/pdf,1530baa16944a806d3fbe39b3336844dec0c07797a45e467eddb3d5fe16d16cd,exact,,2026-09-29
FR,benefits_pensions,record_count,https://www.securite-sociale.fr/la-secu-cest-quoi/chiffres-cles,error,,,fetch_failed,,2026-09-29
FR,border_control,hosting,https://www.cnil.fr/fr/sis-systeme-dinformation-schengen,200,text/html,5dff3ad4eb6b6dd51c0688171985a2d3785739126713864654169f71abbca088,exact,https://web.archive.org/web/20160519062044/https://www.cnil.fr/fr/sis-systeme-dinformation-schengen,2026-09-29
FR,border_control,legal_basis,https://www.cnil.fr/fr/sis-systeme-dinformation-schengen,200,text/html,5dff3ad4eb6b6dd51c0688171985a2d3785739126713864654169f71abbca088,exact,https://web.archive.org/web/20160519062044/https://www.cnil.fr/fr/sis-systeme-dinformation-schengen,2026-09-29
FR,border_control,operator,https://www.cnil.fr/fr/sis-systeme-dinformation-schengen,200,text/html,5dff3ad4eb6b6dd51c0688171985a2d3785739126713864654169f71abbca088,exact,https://web.archive.org/web/20160519062044/https://www.cnil.fr/fr/sis-systeme-dinformation-schengen,2026-09-29
FR,breeder_documents,holding_name,https://www.diplomatie.gouv.fr/fr/services-aux-francaises-et-aux-francais/vie-administrative-et-elections/etat-civil/missions-du-service-central-d-etat-civil,200,text/html,32fb0a30c03b6ef432a93d1f98b86733689782ed5be965439c91cc2e01504ce5,exact,,2026-09-29
FR,breeder_documents,legal_basis,https://www.senat.fr/rap/l23-577/l23-5773.html,200,text/html,c470c6bda210712095e615dab5f7ab3a9601a794486261301e1287d8e2bad343,exact,,2026-09-29
FR,breeder_documents,operator,https://www.diplomatie.gouv.fr/fr/services-aux-francaises-et-aux-francais/vie-administrative-et-elections/etat-civil/missions-du-service-central-d-etat-civil,200,text/html,32fb0a30c03b6ef432a93d1f98b86733689782ed5be965439c91cc2e01504ce5,exact,,2026-09-29
FR,breeder_documents,record_count,https://www.diplomatie.gouv.fr/fr/services-aux-francaises-et-aux-francais/vie-administrative-et-elections/etat-civil/missions-du-service-central-d-etat-civil,200,text/html,32fb0a30c03b6ef432a93d1f98b86733689782ed5be965439c91cc2e01504ce5,exact,,2026-09-29
FR,breeder_documents,record_count,https://www.senat.fr/rap/l23-577/l23-5773.html,200,text/html,c470c6bda210712095e615dab5f7ab3a9601a794486261301e1287d8e2bad343,exact,,2026-09-29
FR,business_registry,holding_name,https://www.inpi.fr/decouvrir-inpi/formalites-dentreprises/guichet-unique-formalites-dentreprises-et-registre-national-entreprises,200,text/html,1666ef137a563defe3f4b1c9b135ae4726507cc24ef9379b17ab01a30e052409,exact,https://web.archive.org/web/20260418192503/https://www.inpi.fr/decouvrir-inpi/formalites-dentreprises/guichet-unique-formalites-dentreprises-et-registre-national-entreprises,2026-09-29
FR,business_registry,legal_basis,https://www.inpi.fr/decouvrir-inpi/formalites-dentreprises/guichet-unique-formalites-dentreprises-et-registre-national-entreprises,200,text/html,1666ef137a563defe3f4b1c9b135ae4726507cc24ef9379b17ab01a30e052409,exact,https://web.archive.org/web/20260418192503/https://www.inpi.fr/decouvrir-inpi/formalites-dentreprises/guichet-unique-formalites-dentreprises-et-registre-national-entreprises,2026-09-29
FR,business_registry,operator,https://www.inpi.fr/decouvrir-inpi/formalites-dentreprises/guichet-unique-formalites-dentreprises-et-registre-national-entreprises,200,text/html,1666ef137a563defe3f4b1c9b135ae4726507cc24ef9379b17ab01a30e052409,exact,https://web.archive.org/web/20260418192503/https://www.inpi.fr/decouvrir-inpi/formalites-dentreprises/guichet-unique-formalites-dentreprises-et-registre-national-entreprises,2026-09-29
FR,central_bank,hosting,https://www.banque-france.fr/fr/stabilite-financiere/cadre-institutionnel/systemes-operes-banque-de-france,200,text/html,7697c66a5794d042cfa9a70f74baef4437281018164c64729f13ebbf0aa23795,exact,https://web.archive.org/web/20260911125225/https://www.banque-france.fr/fr/stabilite-financiere/cadre-institutionnel/systemes-operes-banque-de-france,2026-09-29
FR,central_bank,operator,https://www.banque-france.fr/fr/stabilite-financiere/cadre-institutionnel/systemes-operes-banque-de-france,200,text/html,7697c66a5794d042cfa9a70f74baef4437281018164c64729f13ebbf0aa23795,exact,https://web.archive.org/web/20260911125225/https://www.banque-france.fr/fr/stabilite-financiere/cadre-institutionnel/systemes-operes-banque-de-france,2026-09-29
FR,civil_registry,holding_name,https://www.cnil.fr/fr/rnipp-repertoire-national-didentification-des-personnes-physiques,200,text/html,2553ed62d36188db13cddf2c2168026b4a1079a38bc6b6a99c652529d51be94b,exact,https://web.archive.org/web/20260828044632/https://www.cnil.fr/fr/rnipp-repertoire-national-didentification-des-personnes-physiques,2026-09-29
FR,civil_registry,legal_basis,https://www.insee.fr/fr/information/6665188,200,text/html,cd7613b44473b1b20ccbc9de564381403dd3e1ef9b8e5683fb6204cf82854a31,exact,https://web.archive.org/web/20260607172632/https://www.insee.fr/fr/information/6665188,2026-09-29
FR,civil_registry,operator,https://www.insee.fr/fr/information/6665188,200,text/html,cd7613b44473b1b20ccbc9de564381403dd3e1ef9b8e5683fb6204cf82854a31,exact,https://web.archive.org/web/20260607172632/https://www.insee.fr/fr/information/6665188,2026-09-29
FR,civil_registry,record_count,https://www.insee.fr/fr/information/6665188,200,text/html,cd7613b44473b1b20ccbc9de564381403dd3e1ef9b8e5683fb6204cf82854a31,exact,https://web.archive.org/web/20260607172632/https://www.insee.fr/fr/information/6665188,2026-09-29
FR,crisis_management,holding_name,https://www.senat.fr/rap/l24-144-329-2/l24-144-329-2_mono.html,200,text/html,e6609e4817fe64a3cd00fbca0f3257a58bd7c8592532d477ef9fadc1b67b16fa,exact,https://web.archive.org/web/20251207021927/https://www.senat.fr/rap/l24-144-329-2/l24-144-329-2_mono.html,2026-09-29
FR,crisis_management,legal_basis,https://www.senat.fr/rap/l24-144-329-2/l24-144-329-2_mono.html,200,text/html,e6609e4817fe64a3cd00fbca0f3257a58bd7c8592532d477ef9fadc1b67b16fa,exact,https://web.archive.org/web/20251207021927/https://www.senat.fr/rap/l24-144-329-2/l24-144-329-2_mono.html,2026-09-29
FR,customs,holding_name,https://www.douane.gouv.fr/professionnels/autres-demarches/demande-dacces-aux-donnees-des-declarations-en-douane,200,text/html,0f6d10ff297c712a21be683d17f096fed63984ee4bcd24cbfd3dc5cca28cbbc2,exact,https://web.archive.org/web/20260922143713/https://www.douane.gouv.fr/professionnels/autres-demarches/demande-dacces-aux-donnees-des-declarations-en-douane,2026-09-29
FR,customs,holding_name,https://www.douane.gouv.fr/professionnels/commerce-international/import-export,200,text/html,4c817d7722891823efebf1353c69965db944c05c10334e6cb77295ff61875e5c,exact,https://web.archive.org/web/20260521192912/https://www.douane.gouv.fr/professionnels/commerce-international/import-export,2026-09-29
FR,defence_command,foreign_dependency,https://www.senat.fr/rap/r19-506/r19-506_mono.html,200,text/html,cd92f5aa3aa484796f721f8546618ba4a943eefb64033cd82f147e4cc8a905ca,exact,https://web.archive.org/web/20260312003200/https://www.senat.fr/rap/r19-506/r19-506_mono.html,2026-09-29
FR,defence_command,holding_name,https://www.senat.fr/rap/r19-506/r19-506_mono.html,200,text/html,cd92f5aa3aa484796f721f8546618ba4a943eefb64033cd82f147e4cc8a905ca,exact,https://web.archive.org/web/20260312003200/https://www.senat.fr/rap/r19-506/r19-506_mono.html,2026-09-29
FR,digital_identity_credentials,hosting,https://www.franceconnect.gouv.fr/cgu/politique-protection-donnees-personnelles/,200,text/html,44f62c78859c18d44371958a6172b704f66b1d0d0c4544674cd211e71a4ad7ad,exact,https://web.archive.org/web/20260907155638/https://www.franceconnect.gouv.fr/cgu/politique-protection-donnees-personnelles/,2026-09-29
FR,digital_identity_credentials,legal_basis,https://france-identite.gouv.fr/decrets-et-avis-cnil/,200,text/html,f64bc29d964bd9b7d3fdd88bc6616bc2594cc9f31c670f53032f54356c2e5ac1,exact,https://web.archive.org/web/20260615225049/https://france-identite.gouv.fr/decrets-et-avis-cnil/,2026-09-29
FR,digital_identity_credentials,legal_basis,https://www.franceconnect.gouv.fr/cgu/politique-protection-donnees-personnelles/,200,text/html,44f62c78859c18d44371958a6172b704f66b1d0d0c4544674cd211e71a4ad7ad,exact,https://web.archive.org/web/20260907155638/https://www.franceconnect.gouv.fr/cgu/politique-protection-donnees-personnelles/,2026-09-29
FR,digital_identity_credentials,operator,https://france-identite.gouv.fr/decrets-et-avis-cnil/,200,text/html,f64bc29d964bd9b7d3fdd88bc6616bc2594cc9f31c670f53032f54356c2e5ac1,exact,https://web.archive.org/web/20260615225049/https://france-identite.gouv.fr/decrets-et-avis-cnil/,2026-09-29
FR,digital_identity_credentials,operator,https://www.franceconnect.gouv.fr/cgu/politique-protection-donnees-personnelles/,200,text/html,44f62c78859c18d44371958a6172b704f66b1d0d0c4544674cd211e71a4ad7ad,exact,https://web.archive.org/web/20260907155638/https://www.franceconnect.gouv.fr/cgu/politique-protection-donnees-personnelles/,2026-09-29
FR,digital_identity_credentials,record_count,https://www.numerique.gouv.fr/sinformer/espace-presse/10-ans-franceconnect/,200,text/html,118f8c86d7e4d43feff67086f7c6f62a054dcf279e86d2c45c9ed58f8df5b231,exact,https://web.archive.org/web/20260617164358/https://www.numerique.gouv.fr/sinformer/espace-presse/10-ans-franceconnect/,2026-09-29
FR,electoral_roll,legal_basis,https://www.insee.fr/fr/information/3539086,200,text/html,e16185be75d69fc8c6de1c147c1a10964d91ec720bacc1b0f5565d6f64cfb35a,exact,https://web.archive.org/web/20260910152019/https://www.insee.fr/fr/information/3539086,2026-09-29
FR,electoral_roll,operator,https://www.insee.fr/fr/information/3539086,200,text/html,e16185be75d69fc8c6de1c147c1a10964d91ec720bacc1b0f5565d6f64cfb35a,exact,https://web.archive.org/web/20260910152019/https://www.insee.fr/fr/information/3539086,2026-09-29
FR,electoral_roll,record_count,https://www.insee.fr/fr/statistiques/8888278,200,text/html,64c124c7eaee6deef08248128f00a2629a1e54fd14748cb9822bc60f4a11701d,exact,https://web.archive.org/web/20260412113148/https://www.insee.fr/fr/statistiques/8888278,2026-09-29
FR,emergency_communications,holding_name,https://www.senat.fr/rap/l24-144-329-2/l24-144-329-2_mono.html,200,text/html,e6609e4817fe64a3cd00fbca0f3257a58bd7c8592532d477ef9fadc1b67b16fa,exact,https://web.archive.org/web/20251207021927/https://www.senat.fr/rap/l24-144-329-2/l24-144-329-2_mono.html,2026-09-29
FR,emergency_communications,operator,https://www.senat.fr/rap/l24-144-329-2/l24-144-329-2_mono.html,200,text/html,e6609e4817fe64a3cd00fbca0f3257a58bd7c8592532d477ef9fadc1b67b16fa,exact,https://web.archive.org/web/20251207021927/https://www.senat.fr/rap/l24-144-329-2/l24-144-329-2_mono.html,2026-09-29
FR,extra:health_data_platform,holding_name,https://www.health-data-hub.fr/actualites/la-plateforme-des-donnees-de-sante-engage-sa-migration-vers-un-cloud-souverain-avec,200,text/html,fd7a20dec0ac814efc22814aaf3eec8e7ca4c121dc68d895293ff8c4f8e7d6c2,exact,https://web.archive.org/web/20260921123603/https://www.health-data-hub.fr/actualites/la-plateforme-des-donnees-de-sante-engage-sa-migration-vers-un-cloud-souverain-avec,2026-09-29
FR,extra:health_data_platform,hosting,https://www.health-data-hub.fr/actualites/la-plateforme-des-donnees-de-sante-engage-sa-migration-vers-un-cloud-souverain-avec,200,text/html,fd7a20dec0ac814efc22814aaf3eec8e7ca4c121dc68d895293ff8c4f8e7d6c2,exact,https://web.archive.org/web/20260921123603/https://www.health-data-hub.fr/actualites/la-plateforme-des-donnees-de-sante-engage-sa-migration-vers-un-cloud-souverain-avec,2026-09-29
FR,extra:health_data_platform,operator,https://www.cnil.fr/fr/snds-systeme-national-des-donnees-de-sante,200,text/html,69dc6cb4e2d50e38740d80b881abfdf79106f9776b7f734d46ce3fa68c351bfb,exact,https://web.archive.org/web/20260610170535/https://www.cnil.fr/fr/snds-systeme-national-des-donnees-de-sante,2026-09-29
FR,facial_biometric,holding_name,https://www.cnil.fr/fr/le-fichier-des-titres-electroniques-securises-tes,200,text/html,7ca050c934480f03f94647ece88c7a65781756189601e5ed2552c4faa5bdda42,exact,https://web.archive.org/web/20260515193658/https://www.cnil.fr/fr/le-fichier-des-titres-electroniques-securises-tes,2026-09-29
FR,facial_biometric,legal_basis,https://www.cnil.fr/fr/le-fichier-des-titres-electroniques-securises-tes,200,text/html,7ca050c934480f03f94647ece88c7a65781756189601e5ed2552c4faa5bdda42,exact,https://web.archive.org/web/20260515193658/https://www.cnil.fr/fr/le-fichier-des-titres-electroniques-securises-tes,2026-09-29
FR,facial_biometric,operator,https://www.cnil.fr/fr/le-fichier-des-titres-electroniques-securises-tes,200,text/html,7ca050c934480f03f94647ece88c7a65781756189601e5ed2552c4faa5bdda42,exact,https://web.archive.org/web/20260515193658/https://www.cnil.fr/fr/le-fichier-des-titres-electroniques-securises-tes,2026-09-29
FR,fingerprint_biometric,holding_name,https://www.cnil.fr/fr/le-fichier-des-titres-electroniques-securises-tes,200,text/html,7ca050c934480f03f94647ece88c7a65781756189601e5ed2552c4faa5bdda42,exact,https://web.archive.org/web/20260515193658/https://www.cnil.fr/fr/le-fichier-des-titres-electroniques-securises-tes,2026-09-29
FR,fingerprint_biometric,legal_basis,https://www.cnil.fr/fr/le-fichier-des-titres-electroniques-securises-tes,200,text/html,7ca050c934480f03f94647ece88c7a65781756189601e5ed2552c4faa5bdda42,exact,https://web.archive.org/web/20260515193658/https://www.cnil.fr/fr/le-fichier-des-titres-electroniques-securises-tes,2026-09-29
FR,fingerprint_biometric,operator,https://www.cnil.fr/fr/le-fichier-des-titres-electroniques-securises-tes,200,text/html,7ca050c934480f03f94647ece88c7a65781756189601e5ed2552c4faa5bdda42,exact,https://web.archive.org/web/20260515193658/https://www.cnil.fr/fr/le-fichier-des-titres-electroniques-securises-tes,2026-09-29
FR,firearms_register,holding_name,https://sia.detenteurs.interieur.gouv.fr/,200,text/html,baed5367b54a6d7be5388db9c66c69b91c2aa3a6b5d76a7da26772de0f888006,exact,,2026-09-29
FR,firearms_register,operator,https://sia.detenteurs.interieur.gouv.fr/,200,text/html,baed5367b54a6d7be5388db9c66c69b91c2aa3a6b5d76a7da26772de0f888006,exact,,2026-09-29
FR,geospatial,holding_name,https://adresse.data.gouv.fr/decouvrir-la-BAN,200,text/html,4048273fd401c4945bf6e6ced3ac6167bd3752f276c3cba931e96ac8e22250a6,exact,https://web.archive.org/web/20260921135714/https://adresse.data.gouv.fr/decouvrir-la-BAN,2026-09-29
FR,geospatial,operator,https://adresse.data.gouv.fr/decouvrir-la-BAN,200,text/html,4048273fd401c4945bf6e6ced3ac6167bd3752f276c3cba931e96ac8e22250a6,exact,https://web.archive.org/web/20260921135714/https://adresse.data.gouv.fr/decouvrir-la-BAN,2026-09-29
FR,geospatial,record_count,https://adresse.data.gouv.fr/decouvrir-la-BAN,200,text/html,4048273fd401c4945bf6e6ced3ac6167bd3752f276c3cba931e96ac8e22250a6,exact,https://web.archive.org/web/20260921135714/https://adresse.data.gouv.fr/decouvrir-la-BAN,2026-09-29
FR,government_payroll,holding_name,https://www.senat.fr/rap/l24-144-315-1/l24-144-315-1_mono.html,200,text/html,06b1e3b5f11b40d3e1db7a4750deaf8962c07c287a81fbeea611ba7964ac8471,exact,,2026-09-29
FR,government_payroll,operator,https://www.senat.fr/rap/l24-144-315-1/l24-144-315-1_mono.html,200,text/html,06b1e3b5f11b40d3e1db7a4750deaf8962c07c287a81fbeea611ba7964ac8471,exact,,2026-09-29
FR,grid_control,holding_name,https://www.rte-france.com/decouvrir-rte/campus-expertise-formation/centre-expertise-teleconduite,200,text/html; rendered,b2a92c1836ff67978300262e2d621c3009efbcb893b71d1cd75005bbc7dfd496,exact,https://web.archive.org/web/20260913085708/https://www.rte-france.com/decouvrir-rte/campus-expertise-formation/centre-expertise-teleconduite,2026-09-30
FR,grid_control,operator,https://www.rte-france.com/rte-en-bref,200,text/html; rendered,7394c0de0811a5beaf47808a5ac01e05dbf688f8cdda6fad064c9120495f0131,exact,https://web.archive.org/web/20250915070403/https://www.rte-france.com/rte-en-bref,2026-09-30
FR,health_insurance,holding_name,https://www.lassuranceretraite.fr/portail-info/files/live/sites/pub/files/PDF/dossier-institutionnel-2025.pdf,200,application/pdf,1530baa16944a806d3fbe39b3336844dec0c07797a45e467eddb3d5fe16d16cd,exact,,2026-09-29
FR,health_insurance,record_count,https://www.securite-sociale.fr/la-secu-cest-quoi/chiffres-cles,error,,,fetch_failed,,2026-09-29
FR,health_records,holding_name,https://www.senat.fr/rap/l24-144-328/l24-144-328_mono.html,200,text/html,b3742f98a198fba2f7034657400c1aa47af6ef6fec09b86eebfa5e4b0c1c1511,exact,https://web.archive.org/web/20250902143337/https://www.senat.fr/rap/l24-144-328/l24-144-328_mono.html,2026-09-29
FR,indicator:C1,indicator,https://www.numerique.gouv.fr/offre-accompagnement/cloud-administrations/le-cloud-interne/,200,text/html,25deffb5ee86a7a8d7f79d3097ef795a88340f81a44b9d1e04ee98ae7c398f16,exact,https://web.archive.org/web/20260614102447/https://www.numerique.gouv.fr/offre-accompagnement/cloud-administrations/le-cloud-interne/,2026-09-29
FR,indicator:C2,indicator,https://www.numerique.gouv.fr/offre-accompagnement/cloud-administrations/le-cloud-interne/,200,text/html,25deffb5ee86a7a8d7f79d3097ef795a88340f81a44b9d1e04ee98ae7c398f16,exact,https://web.archive.org/web/20260614102447/https://www.numerique.gouv.fr/offre-accompagnement/cloud-administrations/le-cloud-interne/,2026-09-29
FR,indicator:K1,indicator,https://cyber.gouv.fr/reglementation/reglementation-identite-confiance-numerique/securite-echanges-voie-electronique/reglement-eidas/la-liste-nationale-de-confiance/,200,text/html,cf45cd39e83f8e4ff959a975aa1fc8fc2ac73ae181bdf7ece3e999e6fc77230b,exact,https://web.archive.org/web/20260509192253/https://cyber.gouv.fr/reglementation/reglementation-identite-confiance-numerique/securite-echanges-voie-electronique/reglement-eidas/la-liste-nationale-de-confiance/,2026-09-29
FR,indicator:K1,indicator,https://messervices.cyber.gouv.fr/visas/tl-fr_v6.xml,200,text/xml,07578f8f158efcd070c67f47d198f54c94c79a268cbdde567287d7c9701bba16,exact,,2026-09-29
FR,indicator:K2,indicator,https://france-identite.gouv.fr/presenter-france-identite/,200,text/html,efd7861c1ea657627daae1324e968e6fd0e653d3201834645cdb8480ac9463a8,exact,,2026-09-29
FR,indicator:K2,indicator,https://www.franceconnect.gouv.fr/,200,text/html,07c61061a04fec331abaef7b7ce1dd69faf109902a51705fb07d9900a6675fd1,exact,https://web.archive.org/web/20260927173544/https://www.franceconnect.gouv.fr/,2026-09-29
FR,indicator:L1,indicator,https://www.numerique.gouv.fr/documents/244/20260204_Vademecum_donnees_sensibles_.pdf,200,application/pdf,1b3504cfc2bbff2414753eb8bcbb1fd992c89f558e66fead93afcc8d5f067738,exact,,2026-09-29
FR,indicator:L2,indicator,https://www.sgdsn.gouv.fr/nos-missions/proteger/proteger-le-secret-de-la-defense-nationale,200,text/html,a27e5a93fa0cc7fcc4328d067680f9bf500c795df547b8a433482b13f46b0a8c,exact,https://web.archive.org/web/20260702145838/https://www.sgdsn.gouv.fr/nos-missions/proteger/proteger-le-secret-de-la-defense-nationale,2026-09-29
FR,indicator:L2,indicator,https://www.sgdsn.gouv.fr/nos-missions/proteger/proteger-le-secret-de-la-defense-nationale/reforme-de-la-protection-du-secret,200,text/html,3983ff55edfff19cdb42b22902c929a2a754499febe22d1e22eaee3d6111f297,exact,,2026-09-29
FR,indicator:L3,indicator,https://www.numerique.gouv.fr/documents/244/20260204_Vademecum_donnees_sensibles_.pdf,200,application/pdf,1b3504cfc2bbff2414753eb8bcbb1fd992c89f558e66fead93afcc8d5f067738,exact,,2026-09-29
FR,indicator:L3,indicator,https://www.numerique.gouv.fr/offre-accompagnement/cloud-administrations/la-doctrine-cloud-etat/,200,text/html,55c804a38e905d787a11fa558443ba280570262c06da28f2a45cec5b94e3d865,exact,https://web.archive.org/web/20260825221329/https://www.numerique.gouv.fr/offre-accompagnement/cloud-administrations/la-doctrine-cloud-etat/,2026-09-29
FR,intelligence,foreign_dependency,https://www.senat.fr/rap/r19-506/r19-506_mono.html,200,text/html,cd92f5aa3aa484796f721f8546618ba4a943eefb64033cd82f147e4cc8a905ca,exact,https://web.archive.org/web/20260312003200/https://www.senat.fr/rap/r19-506/r19-506_mono.html,2026-09-29
FR,intelligence,holding_name,https://www.senat.fr/rap/r19-506/r19-506_mono.html,200,text/html,cd92f5aa3aa484796f721f8546618ba4a943eefb64033cd82f147e4cc8a905ca,exact,https://web.archive.org/web/20260312003200/https://www.senat.fr/rap/r19-506/r19-506_mono.html,2026-09-29
FR,issuance_history,holding_name,https://www.cnil.fr/fr/le-fichier-des-titres-electroniques-securises-tes,200,text/html,7ca050c934480f03f94647ece88c7a65781756189601e5ed2552c4faa5bdda42,exact,https://web.archive.org/web/20260515193658/https://www.cnil.fr/fr/le-fichier-des-titres-electroniques-securises-tes,2026-09-29
FR,issuance_history,legal_basis,https://www.cnil.fr/fr/le-fichier-des-titres-electroniques-securises-tes,200,text/html,7ca050c934480f03f94647ece88c7a65781756189601e5ed2552c4faa5bdda42,exact,https://web.archive.org/web/20260515193658/https://www.cnil.fr/fr/le-fichier-des-titres-electroniques-securises-tes,2026-09-29
FR,issuance_history,operator,https://www.cnil.fr/fr/le-fichier-des-titres-electroniques-securises-tes,200,text/html,7ca050c934480f03f94647ece88c7a65781756189601e5ed2552c4faa5bdda42,exact,https://web.archive.org/web/20260515193658/https://www.cnil.fr/fr/le-fichier-des-titres-electroniques-securises-tes,2026-09-29
FR,judicial_criminal,holding_name,https://www.senat.fr/rap/l25-139-317/l25-139-317_mono.html,200,text/html,b1fb13897f393d46a7fb1dac5684420d921f90a969c56b76f8bb750b81627456,exact,https://web.archive.org/web/20260914153452/https://www.senat.fr/rap/l25-139-317/l25-139-317_mono.html,2026-09-29
FR,judicial_criminal,legal_basis,https://casier-judiciaire.justice.gouv.fr/,robots-denied,,,fetch_failed,,2026-09-29
FR,judicial_criminal,operator,https://casier-judiciaire.justice.gouv.fr/,robots-denied,,,fetch_failed,,2026-09-29
FR,land_property,operator,https://www.data.gouv.fr/datasets/demandes-de-valeurs-foncieres,200,text/html,f5d213ad5b09865dfabcd46b3d3170d0d538bc558d12700b34e7ec95153c1a38,exact,https://web.archive.org/web/20260921055357/https://www.data.gouv.fr/datasets/demandes-de-valeurs-foncieres,2026-09-29
FR,national_archives,hosting,https://www.programmevitam.fr/pages/VaS/vas_caracteristiques/,200,text/html,31278aa37ddd05d4a8ab1207903004a0aeab27db66c06a05326d07f16eb3e517,exact,,2026-09-29
FR,national_archives,operator,https://www.programmevitam.fr/pages/presentation/,200,text/html,c35fa8632abc770f13ff2a2d4ca8cc01b1ac9fc8a2ad63ae53f2cfe5246e8a89,exact,https://web.archive.org/web/20260513012707/https://www.programmevitam.fr/pages/presentation/,2026-09-29
FR,official_gazette,holding_name,https://www.dila.premier-ministre.gouv.fr/institution/missions/article/diffusion-legale,200,text/html,06c9f795c9d8835a3b82a7abef9437c350045fdf660fa46124dcc4158bbf2768,exact,https://web.archive.org/web/20251102205650/https://www.dila.premier-ministre.gouv.fr/institution/missions/article/diffusion-legale,2026-09-29
FR,official_gazette,legal_basis,https://www.dila.premier-ministre.gouv.fr/institution/missions/article/diffusion-legale,200,text/html,06c9f795c9d8835a3b82a7abef9437c350045fdf660fa46124dcc4158bbf2768,exact,https://web.archive.org/web/20251102205650/https://www.dila.premier-ministre.gouv.fr/institution/missions/article/diffusion-legale,2026-09-29
FR,official_gazette,operator,https://www.dila.premier-ministre.gouv.fr/institution/missions/article/diffusion-legale,200,text/html,06c9f795c9d8835a3b82a7abef9437c350045fdf660fa46124dcc4158bbf2768,exact,https://web.archive.org/web/20251102205650/https://www.dila.premier-ministre.gouv.fr/institution/missions/article/diffusion-legale,2026-09-29
FR,police_records,holding_name,https://www.cnil.fr/fr/taj-traitement-dantecedents-judiciaires,200,text/html,893127bdc06ee0b657642dcbccfb6b7095cbbfe74b511625725973cbc07a13cf,exact,https://web.archive.org/web/20251011141131/https://www.cnil.fr/fr/taj-traitement-dantecedents-judiciaires,2026-09-29
FR,police_records,legal_basis,https://www.cnil.fr/fr/taj-traitement-dantecedents-judiciaires,200,text/html,893127bdc06ee0b657642dcbccfb6b7095cbbfe74b511625725973cbc07a13cf,exact,https://web.archive.org/web/20251011141131/https://www.cnil.fr/fr/taj-traitement-dantecedents-judiciaires,2026-09-29
FR,police_records,operator,https://www.cnil.fr/fr/faed-fichier-automatise-des-empreintes-digitales,200,text/html,4940d83bb04a4cd8b1d9fdcbcaeada53ff3da3181f37d3c662f93a8703ac678c,exact,https://web.archive.org/web/20260310135247/https://www.cnil.fr/fr/faed-fichier-automatise-des-empreintes-digitales,2026-09-29
FR,police_records,record_count,https://www.cnil.fr/fr/faed-fichier-automatise-des-empreintes-digitales,200,text/html,4940d83bb04a4cd8b1d9fdcbcaeada53ff3da3181f37d3c662f93a8703ac678c,exact,https://web.archive.org/web/20260310135247/https://www.cnil.fr/fr/faed-fichier-automatise-des-empreintes-digitales,2026-09-29
FR,police_records,record_count,https://www.cnil.fr/fr/fpr-fichier-des-personnes-recherchees,200,text/html,fe144ef54d7436651a2ccd5f556048dcac027354569078478481e8ee6c5b6380,exact,https://web.archive.org/web/20260606020450/https://www.cnil.fr/fr/fpr-fichier-des-personnes-recherchees,2026-09-29
FR,police_records,record_count,https://www.cnil.fr/fr/taj-traitement-dantecedents-judiciaires,200,text/html,893127bdc06ee0b657642dcbccfb6b7095cbbfe74b511625725973cbc07a13cf,exact,https://web.archive.org/web/20251011141131/https://www.cnil.fr/fr/taj-traitement-dantecedents-judiciaires,2026-09-29
FR,public_health_surveillance,holding_name,https://www.santepubliquefrance.fr/maladies-a-declaration-obligatoire,200,text/html,becbd2cd090277801e4ffefaf944b5b41e91be563d067d1ff876a04f6de66d03,exact,https://web.archive.org/web/20260305175756/https://www.santepubliquefrance.fr/maladies-a-declaration-obligatoire,2026-09-29
FR,public_health_surveillance,holding_name,https://www.santepubliquefrance.fr/services/e-do-declaration-obligatoire-en-ligne-de-linfection-par-le-vih-et-du-sida-et-de-la-tuberculose,200,text/html,cbf8f45b33bc0715cc8450205b827048e109575be2cbf7bd903b656f6f61ddee,exact,https://web.archive.org/web/20260616051244/https://www.santepubliquefrance.fr/services/e-do-declaration-obligatoire-en-ligne-de-linfection-par-le-vih-et-du-sida-et-de-la-tuberculose,2026-09-29
FR,public_health_surveillance,legal_basis,https://www.santepubliquefrance.fr/maladies-a-declaration-obligatoire/textes-reglementaires-lies-aux-maladies-a-declaration-obligatoire,200,text/html,17499fdb83510bd8bb7f1425a2a817ca28650ecb3de5093021c7321e5fc0f3ce,exact,https://web.archive.org/web/20260421064500/https://www.santepubliquefrance.fr/maladies-a-declaration-obligatoire/textes-reglementaires-lies-aux-maladies-a-declaration-obligatoire,2026-09-29
FR,public_health_surveillance,operator,https://www.santepubliquefrance.fr/maladies-a-declaration-obligatoire,200,text/html,becbd2cd090277801e4ffefaf944b5b41e91be563d067d1ff876a04f6de66d03,exact,https://web.archive.org/web/20260305175756/https://www.santepubliquefrance.fr/maladies-a-declaration-obligatoire,2026-09-29
FR,residence_permits,holding_name,https://www.cnil.fr/fr/application-de-gestion-des-dossiers-des-ressortissants-etrangers-en-france-agdref,200,text/html,8940ea39c2db09f99cf3add3c88ff11b5ee2af4810e3da38dd3739b38fb49e5d,exact,https://web.archive.org/web/20260919225732/https://www.cnil.fr/fr/application-de-gestion-des-dossiers-des-ressortissants-etrangers-en-france-agdref,2026-09-29
FR,residence_permits,legal_basis,https://www.cnil.fr/fr/application-de-gestion-des-dossiers-des-ressortissants-etrangers-en-france-agdref,200,text/html,8940ea39c2db09f99cf3add3c88ff11b5ee2af4810e3da38dd3739b38fb49e5d,exact,https://web.archive.org/web/20260919225732/https://www.cnil.fr/fr/application-de-gestion-des-dossiers-des-ressortissants-etrangers-en-france-agdref,2026-09-29
FR,residence_permits,operator,https://www.cnil.fr/fr/application-de-gestion-des-dossiers-des-ressortissants-etrangers-en-france-agdref,200,text/html,8940ea39c2db09f99cf3add3c88ff11b5ee2af4810e3da38dd3739b38fb49e5d,exact,https://web.archive.org/web/20260919225732/https://www.cnil.fr/fr/application-de-gestion-des-dossiers-des-ressortissants-etrangers-en-france-agdref,2026-09-29
FR,statistics_microdata,holding_name,https://www.casd.eu/le-casd/gouvernance-et-missions/,200,text/html,0e8feb3741caa460f58bbd3e94c796fae67c8fbfe70bfc9512fb52b880729ee2,exact,,2026-09-29
FR,statistics_microdata,hosting,https://www.casd.eu/technologie/infrastructure/,200,text/html,bca13bb451ea042d10d2a36a285265e9a3ae3bdbd32822bb2dc9b51d61263257,exact,https://web.archive.org/web/20260310125751/https://www.casd.eu/technologie/infrastructure/,2026-09-29
FR,statistics_microdata,operator,https://www.casd.eu/le-casd/gouvernance-et-missions/,200,text/html,0e8feb3741caa460f58bbd3e94c796fae67c8fbfe70bfc9512fb52b880729ee2,exact,,2026-09-29
FR,tax,operator,https://www.impots.gouv.fr/sites/default/files/media/8_transverse/mentions_legales_protection/2021-03_traitement_donnees_declaration_de_revenu.pdf,200,application/pdf,21e06cb9a42d837b89d1c1dd5c2e8767f6d8dd7baada7707289f694411ec9ed2,exact,https://web.archive.org/web/20260923183243/https://www.impots.gouv.fr/sites/default/files/media/8_transverse/mentions_legales_protection/2021-03_traitement_donnees_declaration_de_revenu.pdf,2026-09-29
FR,trust_services_pki,holding_name,https://crl.justice.gouv.fr/igc/ants/MJ-PC-AC-Racine.pdf,200,application/pdf,481dadb0e42a9553c5b4fa3d423eb20c245d3d77df58d140862462b4f1a1d689,exact,https://web.archive.org/web/20240920193913/https://crl.justice.gouv.fr/igc/ants/MJ-PC-AC-Racine.pdf,2026-09-29
FR,vehicle_licensing,holding_name,https://www.cnil.fr/fr/siv-systeme-dimmatriculation-des-vehicules,200,text/html,0eff9534db1751617ef3b954499c3bcbbe028529b0287c12348c2b9a5a23e719,exact,https://web.archive.org/web/20260913062431/https://www.cnil.fr/fr/siv-systeme-dimmatriculation-des-vehicules,2026-09-29
FR,vehicle_licensing,legal_basis,https://www.cnil.fr/fr/siv-systeme-dimmatriculation-des-vehicules,200,text/html,0eff9534db1751617ef3b954499c3bcbbe028529b0287c12348c2b9a5a23e719,exact,https://web.archive.org/web/20260913062431/https://www.cnil.fr/fr/siv-systeme-dimmatriculation-des-vehicules,2026-09-29
FR,vehicle_licensing,operator,https://www.cnil.fr/fr/siv-systeme-dimmatriculation-des-vehicules,200,text/html,0eff9534db1751617ef3b954499c3bcbbe028529b0287c12348c2b9a5a23e719,exact,https://web.archive.org/web/20260913062431/https://www.cnil.fr/fr/siv-systeme-dimmatriculation-des-vehicules,2026-09-29
HR,authentication_audit_log,holding_name,https://nias.gov.hr/Home/TermsOfUse,200,text/html,ce8c63a1598ed0e3acdc66e36b3fa5a3bc7c0262e4a0a9254ceb2d36d5e13ce2,exact,https://web.archive.org/web/20250914232256/https://nias.gov.hr/Home/TermsOfUse,2026-09-29
HR,beneficial_ownership,holding_name,https://www.fina.hr/javne-usluge-za-poslovne-subjekte/registri/registar-stvarnih-vlasnika,200,text/html,ca90e7a99ebc88e32aac35203b9e07bb7c31c4b1509f5389a125f0f0ba92ea7c,exact,https://web.archive.org/web/20260820073130/https://www.fina.hr/javne-usluge-za-poslovne-subjekte/registri/registar-stvarnih-vlasnika,2026-09-29
HR,beneficial_ownership,legal_basis,https://www.fina.hr/javne-usluge-za-poslovne-subjekte/registri/registar-stvarnih-vlasnika/propisi-vezani-za-registar-stvarnih-vlasnika,200,text/html,2b08e86ba5dc62c0a1b4bb445ddc9bea9d11957e5bd218fd45bf2490f85e8e7d,exact,https://web.archive.org/web/20260516172119/https://www.fina.hr/javne-usluge-za-poslovne-subjekte/registri/registar-stvarnih-vlasnika/propisi-vezani-za-registar-stvarnih-vlasnika,2026-09-29
HR,beneficial_ownership,operator,https://www.fina.hr/javne-usluge-za-poslovne-subjekte/registri/registar-stvarnih-vlasnika,200,text/html,ca90e7a99ebc88e32aac35203b9e07bb7c31c4b1509f5389a125f0f0ba92ea7c,exact,https://web.archive.org/web/20260820073130/https://www.fina.hr/javne-usluge-za-poslovne-subjekte/registri/registar-stvarnih-vlasnika,2026-09-29
HR,benefits_pensions,legal_basis,https://narodne-novine.nn.hr/clanci/sluzbeni/2025_10_127_1836.html,200,text/html,8c77a41d41f14b83f360729ad662f0c9a6715aa07a43171dd44271e70af64e49,exact,https://web.archive.org/web/20260516180848/https://narodne-novine.nn.hr/clanci/sluzbeni/2025_10_127_1836.html,2026-09-29
HR,benefits_pensions,operator,https://www.mirovinsko.hr/hr/maticna-evidencija/238,200,text/html,6f08de4560a0fcbcdd3a85cde91452fd0aeb8c59867cf338be66851ec4d373e8,exact,,2026-09-29
HR,border_control,holding_name,https://www.zakon.hr/z/142/zakon-o-strancima,200,text/html,8b9db4bc7cc4062a6b37c89912adeea424123256a8b57093e9d2a56caeca572a,exact,https://web.archive.org/web/20260720121718/https://www.zakon.hr/z/142/zakon-o-strancima,2026-09-29
HR,border_control,holding_name,https://www.zakon.hr/z/450/zakon-o-nadzoru-drzavne-granice,200,text/html,07bfa87aea65aac9266e329c27f85475617b86164c66c3390f7926712d3a51b9,exact,https://web.archive.org/web/20260723144358/https://www.zakon.hr/z/450/zakon-o-nadzoru-drzavne-granice,2026-09-29
HR,border_control,legal_basis,https://www.zakon.hr/z/2431/zakon-o-obradi-biometrijskih-podataka,200,text/html,80cc3b4fdc2926e73f7aef68c201025e3fd9fc036f401baddeef20d4d0a3dc2a,exact,https://web.archive.org/web/20260614042102/https://www.zakon.hr/z/2431/zakon-o-obradi-biometrijskih-podataka,2026-09-29
HR,breeder_documents,holding_name,https://narodne-novine.nn.hr/clanci/sluzbeni/2021_10_117_2012.html,200,text/html,cd3b637f0162f52f8dec96d42c3b42985d895db712e8e2fd23445adea874ab43,exact,https://web.archive.org/web/20260612022049/https://narodne-novine.nn.hr/clanci/sluzbeni/2021_10_117_2012.html,2026-09-29
HR,breeder_documents,hosting,https://narodne-novine.nn.hr/clanci/sluzbeni/2021_10_117_2012.html,200,text/html,cd3b637f0162f52f8dec96d42c3b42985d895db712e8e2fd23445adea874ab43,exact,https://web.archive.org/web/20260612022049/https://narodne-novine.nn.hr/clanci/sluzbeni/2021_10_117_2012.html,2026-09-29
HR,breeder_documents,legal_basis,https://narodne-novine.nn.hr/clanci/sluzbeni/2021_10_117_2012.html,200,text/html,cd3b637f0162f52f8dec96d42c3b42985d895db712e8e2fd23445adea874ab43,exact,https://web.archive.org/web/20260612022049/https://narodne-novine.nn.hr/clanci/sluzbeni/2021_10_117_2012.html,2026-09-29
HR,breeder_documents,operator,https://www.zakon.hr/z/603/zakon-o-drzavnim-maticama,200,text/html,b5e382b28e64e33f3c9420ce6245eb7be170dc35db38a6ede44427edecd09777,exact,https://web.archive.org/web/20260723125945/https://www.zakon.hr/z/603/zakon-o-drzavnim-maticama,2026-09-29
HR,business_registry,holding_name,https://www.zakon.hr/z/271/zakon-o-sudskom-registru,200,text/html,f89c83e53bb6ccad452f920427cd19fed4f03505db327d160ddb824056417c2c,exact,,2026-09-29
HR,business_registry,operator,https://www.zakon.hr/z/271/zakon-o-sudskom-registru,200,text/html,f89c83e53bb6ccad452f920427cd19fed4f03505db327d160ddb824056417c2c,exact,,2026-09-29
HR,central_bank,foreign_dependency,https://www.hnb.hr/en/core-functions/payment-system/payment-systems/targe-hr,200,text/html,d0788a3c018df7cf921908de559f7702f6a8ee27d3668edad2ebfc3e858ca9a9,exact,https://web.archive.org/web/20260508191140/https://www.hnb.hr/en/core-functions/payment-system/payment-systems/targe-hr,2026-09-29
HR,central_bank,holding_name,https://www.hnb.hr/en/statistics/statistical-data/payment-systems,200,text/html,a3de6a30d3426bdb555e72f0dd6af16c73d973ddf3f3c66775172eef272ad975,exact,https://web.archive.org/web/20260520195057/https://www.hnb.hr/en/statistics/statistical-data/payment-systems,2026-09-29
HR,central_bank,legal_basis,https://narodne-novine.nn.hr/clanci/sluzbeni/2022_11_133_2014.html,200,text/html,6c6daaea8f2c0e18c03e0206c37f39b18848794b21470c4287f93fb9684a4729,exact,https://web.archive.org/web/20241114050933/https://narodne-novine.nn.hr/clanci/sluzbeni/2022_11_133_2014.html,2026-09-29
HR,civil_registry,holding_name,https://www.zakon.hr/z/603/zakon-o-drzavnim-maticama,200,text/html,b5e382b28e64e33f3c9420ce6245eb7be170dc35db38a6ede44427edecd09777,exact,https://web.archive.org/web/20260723125945/https://www.zakon.hr/z/603/zakon-o-drzavnim-maticama,2026-09-29
HR,civil_registry,legal_basis,https://narodne-novine.nn.hr/clanci/sluzbeni/2025_04_67_856.html,200,text/html,1b099c0ea90f2ea0f3317bfaac0e20fc8d89bf875019a2ee55c97d5be5b854b2,exact,,2026-09-29
HR,civil_registry,legal_basis,https://www.zakon.hr/z/603/zakon-o-drzavnim-maticama,200,text/html,b5e382b28e64e33f3c9420ce6245eb7be170dc35db38a6ede44427edecd09777,exact,https://web.archive.org/web/20260723125945/https://www.zakon.hr/z/603/zakon-o-drzavnim-maticama,2026-09-29
HR,civil_registry,operator,https://narodne-novine.nn.hr/clanci/sluzbeni/2025_04_67_856.html,200,text/html,1b099c0ea90f2ea0f3317bfaac0e20fc8d89bf875019a2ee55c97d5be5b854b2,exact,,2026-09-29
HR,civil_registry,operator,https://www.zakon.hr/z/603/zakon-o-drzavnim-maticama,200,text/html,b5e382b28e64e33f3c9420ce6245eb7be170dc35db38a6ede44427edecd09777,exact,https://web.archive.org/web/20260723125945/https://www.zakon.hr/z/603/zakon-o-drzavnim-maticama,2026-09-29
HR,crisis_management,holding_name,https://civilna-zastita.gov.hr/sustav-112/112,200,text/html,5e75da8167a91c530c1d18636ed78316c1cb47ae03928745b871483cbfb6ce4d,exact,https://web.archive.org/web/20260414033755/https://civilna-zastita.gov.hr/sustav-112/112,2026-09-29
HR,crisis_management,legal_basis,https://www.zakon.hr/z/809/zakon-o-sustavu-civilne-zastite,200,text/html,c3b9713f939f86cdfeaac845f362dd768e6ed813bcc9ce001ce74d8f04dc7882,exact,https://web.archive.org/web/20260729164159/https://www.zakon.hr/z/809/zakon-o-sustavu-civilne-zastite,2026-09-29
HR,customs,hosting,https://znakovi.hgk.hr/proizvod/usluga-podatkovnog-centra-apis-it/,200,text/html,6d15f40098aff271b635f5a3a68e83e394f0f3d85fd4cec7cf9b086436185fb2,exact,https://web.archive.org/web/20260610123435/https://znakovi.hgk.hr/proizvod/usluga-podatkovnog-centra-apis-it/,2026-09-29
HR,customs,legal_basis,https://www.zakon.hr/z/844/zakon-o-provedbi-carinskog-zakonodavstva-europske-unije,200,text/html,4c92433fb130e5e73ab5113b90ae806446f40f9eb49a320e174dcb4e867b78fe,exact,,2026-09-29
HR,defence_command,legal_basis,https://www.zakon.hr/z/334/zakon-o-obrani,200,text/html,a08e6545cf6e468f42abf3ccacb5bc59e24dde7168ca6263cafffc1441620fe0,exact,https://web.archive.org/web/20260607102948/https://www.zakon.hr/z/334/zakon-o-obrani,2026-09-29
HR,digital_identity_credentials,hosting,https://nias.gov.hr/Home/TermsOfUse,200,text/html,ce8c63a1598ed0e3acdc66e36b3fa5a3bc7c0262e4a0a9254ceb2d36d5e13ce2,exact,https://web.archive.org/web/20250914232256/https://nias.gov.hr/Home/TermsOfUse,2026-09-29
HR,digital_identity_credentials,hosting,https://www.safu.hr/uspostavom-centra-dijeljenih-usluga-omogucena-ucinkovitija-javna-uprava-bolja-dostupnost-servisa-i-veca-sigurnost-podataka/,200,text/html,55752c7bb04ece0da39ee5c85bdf0c84492d7fc7e6032812c26d60ce2c7c44bf,exact,https://web.archive.org/web/20260511024841/https://www.safu.hr/uspostavom-centra-dijeljenih-usluga-omogucena-ucinkovitija-javna-uprava-bolja-dostupnost-servisa-i-veca-sigurnost-podataka/,2026-09-29
HR,digital_identity_credentials,legal_basis,https://narodne-novine.nn.hr/clanci/sluzbeni/2014_07_92_1840.html,200,text/html,68592cf209612e478153fd068e6325f1c8ef0dbc40fb3aa96fb7f4fe24aeecb6,exact,https://web.archive.org/web/20260308072743/https://narodne-novine.nn.hr/clanci/sluzbeni/2014_07_92_1840.html,2026-09-29
HR,digital_identity_credentials,operator,https://nias.gov.hr/Home/TermsOfUse,200,text/html,ce8c63a1598ed0e3acdc66e36b3fa5a3bc7c0262e4a0a9254ceb2d36d5e13ce2,exact,https://web.archive.org/web/20250914232256/https://nias.gov.hr/Home/TermsOfUse,2026-09-29
HR,digital_identity_credentials,record_count,https://www.bug.hr/servisi/sustav-e-gradjani-koristi-preko-dva-milijuna-korisnika-44202,200,text/html,1d55f4d9e3545ce04c77675bfdd39c06d46956d5e6d1e4c387641987e3d2c9c5,exact,https://web.archive.org/web/20260419080653/https://www.bug.hr/servisi/sustav-e-gradjani-koristi-preko-dva-milijuna-korisnika-44202,2026-09-29
HR,education,holding_name,https://narodne-novine.nn.hr/clanci/sluzbeni/2023_03_36_614.html,200,text/html,75936962221513a46682497235e16f4a8e8ff557e7770b1cc7dde1ce808065ae,exact,https://web.archive.org/web/20260710102925/https://narodne-novine.nn.hr/clanci/sluzbeni/2023_03_36_614.html,2026-09-29
HR,education,legal_basis,https://www.zakon.hr/z/317/zakon-o-odgoju-i-obrazovanju-u-osnovnoj-i-srednjoj-skoli,200,text/html,5bfb0db3b9dc453a4f423bbc35557cf56b1b84d57f7248c01384c4f2de9401f6,exact,https://web.archive.org/web/20260901091823/https://www.zakon.hr/z/317/zakon-o-odgoju-i-obrazovanju-u-osnovnoj-i-srednjoj-skoli,2026-09-29
HR,education,operator,https://www.carnet.hr/projekt/e-matica-2/,200,text/html,dd4abd905de8427a18fec73a00620f6c818412d153e3e61a040b62e74f9815c7,exact,https://web.archive.org/web/20260519213940/https://www.carnet.hr/projekt/e-matica-2/,2026-09-29
HR,electoral_management,hosting,https://znakovi.hgk.hr/proizvod/usluga-podatkovnog-centra-apis-it/,200,text/html,6d15f40098aff271b635f5a3a68e83e394f0f3d85fd4cec7cf9b086436185fb2,exact,https://web.archive.org/web/20260610123435/https://znakovi.hgk.hr/proizvod/usluga-podatkovnog-centra-apis-it/,2026-09-29
HR,electoral_management,legal_basis,https://www.zakon.hr/z/354/zakon-o-drzavnom-izbornom-povjerenstvu,200,text/html,f3c3a0a346f0948924ede108b475dce5ff2cc1bccd125b7d6a0ffa2218e411f8,exact,https://web.archive.org/web/20260426193244/https://www.zakon.hr/z/354/zakon-o-drzavnom-izbornom-povjerenstvu,2026-09-29
HR,electoral_roll,legal_basis,https://narodne-novine.nn.hr/clanci/sluzbeni/2012_12_144_3073.html,200,text/html,87a689f6e7637447ea2a6f364884ff3cb62d7994822f960110f87bc47fdc8a32,exact,https://web.archive.org/web/20260518065722/https://narodne-novine.nn.hr/clanci/sluzbeni/2012_12_144_3073.html,2026-09-29
HR,electoral_roll,operator,https://narodne-novine.nn.hr/clanci/sluzbeni/2012_12_144_3073.html,200,text/html,87a689f6e7637447ea2a6f364884ff3cb62d7994822f960110f87bc47fdc8a32,exact,https://web.archive.org/web/20260518065722/https://narodne-novine.nn.hr/clanci/sluzbeni/2012_12_144_3073.html,2026-09-29
HR,electoral_roll,record_count,https://vijesti.hrt.hr/hrvatska/drzavni-tajnik-rukavina-hrvatska-ima-36-milijuna-biraca-12758649,200,text/html,3533388cf80536d68295990729354c84e5abd3339def58638f8239dae77ebaae,exact,https://web.archive.org/web/20260610203901/https://vijesti.hrt.hr/hrvatska/drzavni-tajnik-rukavina-hrvatska-ima-36-milijuna-biraca-12758649,2026-09-29
HR,emergency_communications,holding_name,https://civilna-zastita.gov.hr/sustav-112/112,200,text/html,5e75da8167a91c530c1d18636ed78316c1cb47ae03928745b871483cbfb6ce4d,exact,https://web.archive.org/web/20260414033755/https://civilna-zastita.gov.hr/sustav-112/112,2026-09-29
HR,emergency_communications,holding_name,https://mup.gov.hr/vijesti-8/pusten-u-rad-novi-komunikacijski-sustav-tetra/1537,200,text/html,a750a8c3a79f3ca901cbdd2416818c73fffe1303ad3fdb33fa8ef7524ee776df,exact,,2026-09-29
HR,emergency_communications,legal_basis,https://civilna-zastita.gov.hr/sustav-112/112,200,text/html,5e75da8167a91c530c1d18636ed78316c1cb47ae03928745b871483cbfb6ce4d,exact,https://web.archive.org/web/20260414033755/https://civilna-zastita.gov.hr/sustav-112/112,2026-09-29
HR,extra:government_shared_cloud,data_size,https://www.safu.hr/uspostavom-centra-dijeljenih-usluga-omogucena-ucinkovitija-javna-uprava-bolja-dostupnost-servisa-i-veca-sigurnost-podataka/,200,text/html,55752c7bb04ece0da39ee5c85bdf0c84492d7fc7e6032812c26d60ce2c7c44bf,exact,https://web.archive.org/web/20260511024841/https://www.safu.hr/uspostavom-centra-dijeljenih-usluga-omogucena-ucinkovitija-javna-uprava-bolja-dostupnost-servisa-i-veca-sigurnost-podataka/,2026-09-29
HR,extra:government_shared_cloud,holding_name,https://mpudt.gov.hr/istaknute-teme-11/projekti/eu-projekti/uspostava-centra-dijeljenih-usluga/28824,200,text/html,1d36b39e87f0e8870bb5d7c4419c04cec6c4be13003c0de14647c88862bcb972,exact,,2026-09-29
HR,extra:government_shared_cloud,hosting,https://www.safu.hr/uspostavom-centra-dijeljenih-usluga-omogucena-ucinkovitija-javna-uprava-bolja-dostupnost-servisa-i-veca-sigurnost-podataka/,200,text/html,55752c7bb04ece0da39ee5c85bdf0c84492d7fc7e6032812c26d60ce2c7c44bf,exact,https://web.archive.org/web/20260511024841/https://www.safu.hr/uspostavom-centra-dijeljenih-usluga-omogucena-ucinkovitija-javna-uprava-bolja-dostupnost-servisa-i-veca-sigurnost-podataka/,2026-09-29
HR,extra:national_identifier_register,holding_name,https://narodne-novine.nn.hr/clanci/sluzbeni/2025_04_67_856.html,200,text/html,1b099c0ea90f2ea0f3317bfaac0e20fc8d89bf875019a2ee55c97d5be5b854b2,exact,,2026-09-29
HR,extra:national_identifier_register,operator,https://www.zakon.hr/z/419/zakon-o-poreznoj-upravi,200,text/html,123e7b74ff01a89e88c8129bc10c9d6c0068a9c0a27263f7630f3c000fe50be6,exact,,2026-09-29
HR,facial_biometric,holding_name,https://narodne-novine.nn.hr/clanci/sluzbeni/2019_01_2_39.html,200,text/html,17fcec414c6c721d507351d85a75d114fc8a322917b000b3785bdfae7599b7ff,exact,https://web.archive.org/web/20260517053634/https://narodne-novine.nn.hr/clanci/sluzbeni/2019_01_2_39.html,2026-09-29
HR,facial_biometric,legal_basis,https://narodne-novine.nn.hr/clanci/sluzbeni/2020_12_144_2768.html,200,text/html,f7fcbdec9ea2db2a2175dae895c4b811f64f975d71fef3470b71e91757a591ef,exact,https://web.archive.org/web/20260519040116/https://narodne-novine.nn.hr/clanci/sluzbeni/2020_12_144_2768.html,2026-09-29
HR,facial_biometric,legal_basis,https://www.zakon.hr/z/2431/zakon-o-obradi-biometrijskih-podataka,200,text/html,80cc3b4fdc2926e73f7aef68c201025e3fd9fc036f401baddeef20d4d0a3dc2a,exact,https://web.archive.org/web/20260614042102/https://www.zakon.hr/z/2431/zakon-o-obradi-biometrijskih-podataka,2026-09-29
HR,facial_biometric,operator,https://www.zakon.hr/z/2431/zakon-o-obradi-biometrijskih-podataka,200,text/html,80cc3b4fdc2926e73f7aef68c201025e3fd9fc036f401baddeef20d4d0a3dc2a,exact,https://web.archive.org/web/20260614042102/https://www.zakon.hr/z/2431/zakon-o-obradi-biometrijskih-podataka,2026-09-29
HR,fingerprint_biometric,holding_name,https://narodne-novine.nn.hr/clanci/sluzbeni/full/2015_06_62_1189.html,200,text/html,5b56ad6e97887e43d63214106fda4edd0e1d3601abab1a2b3e7fc5ddc14072e3,exact,https://web.archive.org/web/20231128121708/https://narodne-novine.nn.hr/clanci/sluzbeni/full/2015_06_62_1189.html,2026-09-29
HR,fingerprint_biometric,legal_basis,https://narodne-novine.nn.hr/clanci/sluzbeni/full/2015_06_62_1189.html,200,text/html,5b56ad6e97887e43d63214106fda4edd0e1d3601abab1a2b3e7fc5ddc14072e3,exact,https://web.archive.org/web/20231128121708/https://narodne-novine.nn.hr/clanci/sluzbeni/full/2015_06_62_1189.html,2026-09-29
HR,firearms_register,legal_basis,https://www.zakon.hr/z/1161/zakon-o-nabavi-i-posjedovanju-oruzja-gradana,200,text/html,5ac45faa1b96f26e8ac147963ba7801a7424e59d0fe70b6329dcf3ca1ef14747,exact,https://web.archive.org/web/20260908075119/https://www.zakon.hr/z/1161/zakon-o-nabavi-i-posjedovanju-oruzja-gradana,2026-09-29
HR,geospatial,holding_name,https://www.zakon.hr/z/156/zakon-o-drzavnoj-izmjeri-i-katastru-nekretnina,200,text/html,95c523b26b2ebb32ac7c27d04e8317bac021c5ffb757ec5341118a394759a536,exact,https://web.archive.org/web/20260222053536/https://www.zakon.hr/z/156/zakon-o-drzavnoj-izmjeri-i-katastru-nekretnina,2026-09-29
HR,geospatial,operator,https://www.zakon.hr/z/156/zakon-o-drzavnoj-izmjeri-i-katastru-nekretnina,200,text/html,95c523b26b2ebb32ac7c27d04e8317bac021c5ffb757ec5341118a394759a536,exact,https://web.archive.org/web/20260222053536/https://www.zakon.hr/z/156/zakon-o-drzavnoj-izmjeri-i-katastru-nekretnina,2026-09-29
HR,government_payroll,holding_name,https://narodne-novine.nn.hr/clanci/sluzbeni/2023_06_59_997.html,200,text/html,30fc2e05efb4ef10abca24b4f6697154ec9401c076511c6c263b3d5ac2f7b9bd,exact,https://web.archive.org/web/20251214072619/https://narodne-novine.nn.hr/clanci/sluzbeni/2023_06_59_997.html,2026-09-29
HR,government_payroll,legal_basis,https://narodne-novine.nn.hr/clanci/sluzbeni/2023_06_59_997.html,200,text/html,30fc2e05efb4ef10abca24b4f6697154ec9401c076511c6c263b3d5ac2f7b9bd,exact,https://web.archive.org/web/20251214072619/https://narodne-novine.nn.hr/clanci/sluzbeni/2023_06_59_997.html,2026-09-29
HR,government_payroll,operator,https://narodne-novine.nn.hr/clanci/sluzbeni/2023_06_59_997.html,200,text/html,30fc2e05efb4ef10abca24b4f6697154ec9401c076511c6c263b3d5ac2f7b9bd,exact,https://web.archive.org/web/20251214072619/https://narodne-novine.nn.hr/clanci/sluzbeni/2023_06_59_997.html,2026-09-29
HR,grid_control,legal_basis,https://www.zakon.hr/z/377/zakon-o-trzistu-elektricne-energije,200,text/html,dce1e566168d7fdda61ac4464e334d4eb3a47a5cb5b68d44336814a6dea532df,exact,https://web.archive.org/web/20260614131422/https://www.zakon.hr/z/377/zakon-o-trzistu-elektricne-energije,2026-09-29
HR,grid_control,operator,https://www.hep.hr/hep-operator-prijenosnog-sustava-postao-hrvatski-operator-prijenosnog-sustava/1174,200,text/html,43e9c377dacd3e60ecee47660da4d2a3fc11d9cfa60ae2866b27947d9482a827,exact,,2026-09-29
HR,health_insurance,legal_basis,https://www.zakon.hr/z/192/zakon-o-obveznom-zdravstvenom-osiguranju,200,text/html,3b25a0d754fed6ab3cc9cd4b889d754af0dbdcd9334266099e5efa0084de236f,exact,,2026-09-29
HR,health_records,holding_name,https://www.zakon.hr/z/1883/zakon-o-podacima-i-informacijama-u-zdravstvu,200,text/html,0fde1343c1f41bd661a22ae8d3abf2ae7f9ed0ab94796c8bd8b65b1c018b2d2e,exact,https://web.archive.org/web/20260312003855/https://www.zakon.hr/z/1883/zakon-o-podacima-i-informacijama-u-zdravstvu,2026-09-29
HR,health_records,operator,https://www.zakon.hr/z/1883/zakon-o-podacima-i-informacijama-u-zdravstvu,200,text/html,0fde1343c1f41bd661a22ae8d3abf2ae7f9ed0ab94796c8bd8b65b1c018b2d2e,exact,https://web.archive.org/web/20260312003855/https://www.zakon.hr/z/1883/zakon-o-podacima-i-informacijama-u-zdravstvu,2026-09-29
HR,indicator:C1,indicator,https://mpudt.gov.hr/centar-dijeljenih-usluga-cdu-drzavni-oblak-koji-pokrece-digitalnu-hrvatsku/30983,200,text/html,06b06b0d7cb373bc96620a7e9545ba9cc61ac9962665f8b3406e00abc3c1e4ad,exact,https://web.archive.org/web/20260907214940/https://mpudt.gov.hr/centar-dijeljenih-usluga-cdu-drzavni-oblak-koji-pokrece-digitalnu-hrvatsku/30983,2026-09-29
HR,indicator:C2,indicator,https://mpudt.gov.hr/centar-dijeljenih-usluga-cdu-drzavni-oblak-koji-pokrece-digitalnu-hrvatsku/30983,200,text/html,06b06b0d7cb373bc96620a7e9545ba9cc61ac9962665f8b3406e00abc3c1e4ad,exact,https://web.archive.org/web/20260907214940/https://mpudt.gov.hr/centar-dijeljenih-usluga-cdu-drzavni-oblak-koji-pokrece-digitalnu-hrvatsku/30983,2026-09-29
HR,indicator:K1,indicator,https://www.akd.hr/hr/o-nama/tvrtka-osnovni-podaci,200,text/html,475a77d4d661ccea86c51872b41632fde584b4e6d981b8b7f7cd282e17945af4,exact,https://web.archive.org/web/20260311051715/http://www.akd.hr/hr/o-nama/tvrtka-osnovni-podaci,2026-09-29
HR,indicator:K1,indicator,https://www.fina.hr/o-nama,200,text/html,baa9a29bc04445ee4765d6aebc4eae34fe4be933179214640467c4b4cc2f0f1f,exact,https://web.archive.org/web/20260907105158/https://www.fina.hr/o-nama,2026-09-29
HR,indicator:K2,indicator,https://narodne-novine.nn.hr/clanci/sluzbeni/2014_07_92_1840.html,200,text/html,0812e65760051b2445cd82a1e3cec59f435cf5948d80b8cf5afe54b97b7e629e,exact,,2026-09-29
HR,indicator:K2,indicator,https://www.akd.hr/hr/o-nama/tvrtka-osnovni-podaci,200,text/html,475a77d4d661ccea86c51872b41632fde584b4e6d981b8b7f7cd282e17945af4,exact,https://web.archive.org/web/20260311051715/http://www.akd.hr/hr/o-nama/tvrtka-osnovni-podaci,2026-09-29
HR,indicator:L1,indicator,https://mpudt.gov.hr/centar-dijeljenih-usluga-cdu-drzavni-oblak-koji-pokrece-digitalnu-hrvatsku/30983,200,text/html,06b06b0d7cb373bc96620a7e9545ba9cc61ac9962665f8b3406e00abc3c1e4ad,exact,https://web.archive.org/web/20260907214940/https://mpudt.gov.hr/centar-dijeljenih-usluga-cdu-drzavni-oblak-koji-pokrece-digitalnu-hrvatsku/30983,2026-09-29
HR,indicator:L1,indicator,https://narodne-novine.nn.hr/clanci/sluzbeni/2014_07_92_1840.html,200,text/html,0812e65760051b2445cd82a1e3cec59f435cf5948d80b8cf5afe54b97b7e629e,exact,,2026-09-29
HR,indicator:L2,indicator,https://www.zakon.hr/z/217/Zakon-o-tajnosti-podataka,200,text/html,5b6d526e1e11292a8c6a4c324c0230a3c23fe1b5954df5a2093e5ba15fa70dea,exact,https://web.archive.org/web/20260729164159/https://www.zakon.hr/z/217/zakon-o-tajnosti-podataka,2026-09-29
HR,intelligence,legal_basis,https://www.zakon.hr/z/744/zakon-o-sigurnosno-obavjestajnom-sustavu-republike-hrvatske,200,text/html,dabdd4efe058ead961b6150d1abc9dbefa0efce2344ade09a409669320b6a5aa,exact,https://web.archive.org/web/20260828120757/https://www.zakon.hr/z/744/zakon-o-sigurnosno-obavjestajnom-sustavu-republike-hrvatske,2026-09-29
HR,issuance_history,holding_name,https://narodne-novine.nn.hr/clanci/sluzbeni/full/2015_06_62_1189.html,200,text/html,5b56ad6e97887e43d63214106fda4edd0e1d3601abab1a2b3e7fc5ddc14072e3,exact,https://web.archive.org/web/20231128121708/https://narodne-novine.nn.hr/clanci/sluzbeni/full/2015_06_62_1189.html,2026-09-29
HR,issuance_history,legal_basis,https://narodne-novine.nn.hr/clanci/sluzbeni/full/2015_06_62_1189.html,200,text/html,5b56ad6e97887e43d63214106fda4edd0e1d3601abab1a2b3e7fc5ddc14072e3,exact,https://web.archive.org/web/20231128121708/https://narodne-novine.nn.hr/clanci/sluzbeni/full/2015_06_62_1189.html,2026-09-29
HR,issuance_history,legal_basis,https://www.zakon.hr/z/448/zakon-o-putnim-ispravama-hrvatskih-drzavljana,200,text/html,4670eaae511a89b9b81ed6c3a23b0d7ee9dd518b466aa78c83664b11ca1f04ca,exact,,2026-09-29
HR,judicial_criminal,legal_basis,https://narodne-novine.nn.hr/clanci/sluzbeni/2012_12_143_3030.html,200,text/html,74dcfe594573debe4fd708e2305d1c1580c58deb6e0e836eedd7ce2c960d91e3,exact,https://web.archive.org/web/20260519010034/https://narodne-novine.nn.hr/clanci/sluzbeni/2012_12_143_3030.html,2026-09-29
HR,judicial_criminal,operator,https://narodne-novine.nn.hr/clanci/sluzbeni/2012_12_143_3030.html,200,text/html,74dcfe594573debe4fd708e2305d1c1580c58deb6e0e836eedd7ce2c960d91e3,exact,https://web.archive.org/web/20260519010034/https://narodne-novine.nn.hr/clanci/sluzbeni/2012_12_143_3030.html,2026-09-29
HR,land_property,holding_name,https://www.zakon.hr/z/103/zakon-o-zemljisnim-knjigama,200,text/html,69d7ec8e3416af7f425456dc624a81a9eb91e0a4696ebde02fef9e046a9c3970,exact,https://web.archive.org/web/20260916120158/https://www.zakon.hr/z/103/zakon-o-zemljisnim-knjigama,2026-09-29
HR,land_property,legal_basis,https://www.zakon.hr/z/103/zakon-o-zemljisnim-knjigama,200,text/html,69d7ec8e3416af7f425456dc624a81a9eb91e0a4696ebde02fef9e046a9c3970,exact,https://web.archive.org/web/20260916120158/https://www.zakon.hr/z/103/zakon-o-zemljisnim-knjigama,2026-09-29
HR,land_property,operator,https://dgu.gov.hr/zajednicki-informacijski-sustav-zemljisnih-knjiga-i-katastra/161,200,text/html,23a891d4924468a3f30bdf51092d1eeb05dde03b2d36041b61d7f3e9faa6e32d,exact,https://web.archive.org/web/20260715120501/https://dgu.gov.hr/zajednicki-informacijski-sustav-zemljisnih-knjiga-i-katastra/161,2026-09-29
HR,national_archives,legal_basis,https://www.zakon.hr/z/373/zakon-o-arhivskom-gradivu-i-arhivima,200,text/html,d0af1d6a24b6556eec724336e38e028504bdbdc2ffbe0576c9101ccd567507ac,exact,,2026-09-29
HR,national_archives,operator,https://www.zakon.hr/z/373/zakon-o-arhivskom-gradivu-i-arhivima,200,text/html,d0af1d6a24b6556eec724336e38e028504bdbdc2ffbe0576c9101ccd567507ac,exact,,2026-09-29
HR,official_gazette,legal_basis,https://zakonodavstvo.gov.hr/pravila-objave-zakona-drugih-propisa-i-akata-u-narodnim-novinama-sluzbenom-listu-republike-hrvatske/517,200,text/html,a3205b6f9368d0393e20ffb81bdef552ef825765eb2368348dc3420ed5ca467b,exact,,2026-09-29
HR,official_gazette,operator,https://zakonodavstvo.gov.hr/pravila-objave-zakona-drugih-propisa-i-akata-u-narodnim-novinama-sluzbenom-listu-republike-hrvatske/517,200,text/html,a3205b6f9368d0393e20ffb81bdef552ef825765eb2368348dc3420ed5ca467b,exact,,2026-09-29
HR,police_records,holding_name,https://www.zakon.hr/z/173/zakon-o-policijskim-poslovima-i-ovlastima,200,text/html,7740d95544588b359afb08c2462c6a851b77c371eb6c6f17953ff50ab8867be6,exact,https://web.archive.org/web/20260902084202/https://www.zakon.hr/z/173/zakon-o-policijskim-poslovima-i-ovlastima,2026-09-29
HR,police_records,legal_basis,https://www.zakon.hr/z/173/zakon-o-policijskim-poslovima-i-ovlastima,200,text/html,7740d95544588b359afb08c2462c6a851b77c371eb6c6f17953ff50ab8867be6,exact,https://web.archive.org/web/20260902084202/https://www.zakon.hr/z/173/zakon-o-policijskim-poslovima-i-ovlastima,2026-09-29
HR,public_finance,holding_name,https://mfin.gov.hr/istaknute-teme/drzavna-riznica/103,200,text/html,c616e42170cb61ec2dcf6d1bc7425dbaca2da8580b54289f67eff668adf1cbca,exact,https://web.archive.org/web/20260814130009/https://mfin.gov.hr/istaknute-teme/drzavna-riznica/103,2026-09-29
HR,public_finance,legal_basis,https://www.zakon.hr/z/283/zakon-o-proracunu,200,text/html,ba8482baa3b9ce3095a01fe3d120bd3d87b102f8dd0d4db04da5cf8b5532ac44,exact,,2026-09-29
HR,public_health_surveillance,holding_name,https://www.zakon.hr/z/1883/zakon-o-podacima-i-informacijama-u-zdravstvu,200,text/html,0fde1343c1f41bd661a22ae8d3abf2ae7f9ed0ab94796c8bd8b65b1c018b2d2e,exact,https://web.archive.org/web/20260312003855/https://www.zakon.hr/z/1883/zakon-o-podacima-i-informacijama-u-zdravstvu,2026-09-29
HR,public_health_surveillance,operator,https://www.zakon.hr/z/1883/zakon-o-podacima-i-informacijama-u-zdravstvu,200,text/html,0fde1343c1f41bd661a22ae8d3abf2ae7f9ed0ab94796c8bd8b65b1c018b2d2e,exact,https://web.archive.org/web/20260312003855/https://www.zakon.hr/z/1883/zakon-o-podacima-i-informacijama-u-zdravstvu,2026-09-29
HR,residence_permits,holding_name,https://www.zakon.hr/z/142/zakon-o-strancima,200,text/html,8b9db4bc7cc4062a6b37c89912adeea424123256a8b57093e9d2a56caeca572a,exact,https://web.archive.org/web/20260720121718/https://www.zakon.hr/z/142/zakon-o-strancima,2026-09-29
HR,residence_permits,legal_basis,https://www.zakon.hr/z/142/zakon-o-strancima,200,text/html,8b9db4bc7cc4062a6b37c89912adeea424123256a8b57093e9d2a56caeca572a,exact,https://web.archive.org/web/20260720121718/https://www.zakon.hr/z/142/zakon-o-strancima,2026-09-29
HR,statistics_microdata,legal_basis,https://www.zakon.hr/z/531/zakon-o-slu%C5%BEbenoj-statistici,200,text/html,230c2ca293d0d5083adce67b7e5c7a8129f513a66fdea69685705a6557eafe75,exact,https://web.archive.org/web/20250114234054/https://www.zakon.hr/z/531/Zakon-o-slu%C5%BEbenoj-statistici,2026-09-29
HR,tax,holding_name,https://www.zakon.hr/z/419/zakon-o-poreznoj-upravi,200,text/html,123e7b74ff01a89e88c8129bc10c9d6c0068a9c0a27263f7630f3c000fe50be6,exact,,2026-09-29
HR,tax,hosting,https://znakovi.hgk.hr/proizvod/usluga-podatkovnog-centra-apis-it/,200,text/html,6d15f40098aff271b635f5a3a68e83e394f0f3d85fd4cec7cf9b086436185fb2,exact,https://web.archive.org/web/20260610123435/https://znakovi.hgk.hr/proizvod/usluga-podatkovnog-centra-apis-it/,2026-09-29
HR,tax,legal_basis,https://www.zakon.hr/z/419/zakon-o-poreznoj-upravi,200,text/html,123e7b74ff01a89e88c8129bc10c9d6c0068a9c0a27263f7630f3c000fe50be6,exact,,2026-09-29
HR,trust_services_pki,holding_name,https://www.eid.hr/hr/certifikati/akd-pki,200,text/html,fc7e555a5532ef5bc801e4d04d6407d387ae07e6d209b3cb84be3d0952e3eb40,exact,https://web.archive.org/web/20260730092109/https://www.eid.hr/hr/certifikati/akd-pki,2026-09-29
HR,trust_services_pki,hosting,https://www.eid.hr/hr/certifikati/akd-pki,200,text/html,fc7e555a5532ef5bc801e4d04d6407d387ae07e6d209b3cb84be3d0952e3eb40,exact,https://web.archive.org/web/20260730092109/https://www.eid.hr/hr/certifikati/akd-pki,2026-09-29
HR,trust_services_pki,legal_basis,https://narodne-novine.nn.hr/clanci/sluzbeni/2017_06_62_1430.html,200,text/html,694a5c9bcbcac6a86f30d36fe992016186d8a81090acf288e47a3313b71c3ab3,exact,,2026-09-29
HR,trust_services_pki,operator,https://www.fina.hr/vjerujte-fini,200,text/html,58d48f2cda93714771d16b8c8176e3392f70ca3d9cfabf974a2b6049503926c3,exact,,2026-09-29
HR,vehicle_licensing,holding_name,https://narodne-novine.nn.hr/clanci/sluzbeni/2019_01_2_39.html,200,text/html,17fcec414c6c721d507351d85a75d114fc8a322917b000b3785bdfae7599b7ff,exact,https://web.archive.org/web/20260517053634/https://narodne-novine.nn.hr/clanci/sluzbeni/2019_01_2_39.html,2026-09-29
HR,vehicle_licensing,holding_name,https://narodne-novine.nn.hr/clanci/sluzbeni/full/2017_12_130_2993.html,200,text/html,49244d9dce84ff9368a660cd39a3e534142bfa09ab3884868258c1edd17568d5,exact,https://web.archive.org/web/20260921093541/https://narodne-novine.nn.hr/clanci/sluzbeni/full/2017_12_130_2993.html,2026-09-29
HR,water_control,legal_basis,https://www.zakon.hr/z/124/zakon-o-vodama,200,text/html,30339b6ff574056ac6bfd6a75cc3fe401dc4d79ebd2d7cae152a0ffbbb6084d1,exact,https://web.archive.org/web/20260902143450/https://www.zakon.hr/z/124/zakon-o-vodama,2026-09-29
HR,water_control,operator,https://www.zakon.hr/z/124/zakon-o-vodama,200,text/html,30339b6ff574056ac6bfd6a75cc3fe401dc4d79ebd2d7cae152a0ffbbb6084d1,exact,https://web.archive.org/web/20260902143450/https://www.zakon.hr/z/124/zakon-o-vodama,2026-09-29
HU,authentication_audit_log,foreign_dependency,https://www.idomsoft.hu/rolunk/tortenetunk,200,text/html,9275fcdb6fa2e05637d474783f7e62656325da031d24604923ecc2f3dcdd0b7b,exact,https://web.archive.org/web/20260422201158/https://www.idomsoft.hu/rolunk/tortenetunk/,2026-09-29
HU,authentication_audit_log,holding_name,https://net.jogtar.hu/jogszabaly?docid=A2300103.TV,200,text/html,3261d0e2b5a7b5d47bd6d9c9aa03cacd79e6494261bef529e1d7b0757b076637,exact,https://web.archive.org/web/20251203022211/https://net.jogtar.hu/jogszabaly?docid=A2300103.TV,2026-09-29
HU,authentication_audit_log,hosting,https://dap.gov.hu/adatkezelesi-tajekoztato,200,text/html,8dececb31c37081bf40442838224089627343396021f7e6057f2657e2d7de578,exact,https://web.archive.org/web/20260521102955/https://dap.gov.hu/adatkezelesi-tajekoztato,2026-09-29
HU,authentication_audit_log,legal_basis,https://net.jogtar.hu/jogszabaly?docid=A2300103.TV,200,text/html,3261d0e2b5a7b5d47bd6d9c9aa03cacd79e6494261bef529e1d7b0757b076637,exact,https://web.archive.org/web/20251203022211/https://net.jogtar.hu/jogszabaly?docid=A2300103.TV,2026-09-29
HU,beneficial_ownership,holding_name,https://net.jogtar.hu/jogszabaly?docid=A2100043.TV,200,text/html,86019af04bbc5080cb451393c903e9e453b216b47b4fc69efc01261c1ba7de8f,exact,https://web.archive.org/web/20250823190745/https://net.jogtar.hu/jogszabaly?docid=a2100043.tv,2026-09-29
HU,beneficial_ownership,legal_basis,https://net.jogtar.hu/jogszabaly?docid=A2100043.TV,200,text/html,86019af04bbc5080cb451393c903e9e453b216b47b4fc69efc01261c1ba7de8f,exact,https://web.archive.org/web/20250823190745/https://net.jogtar.hu/jogszabaly?docid=a2100043.tv,2026-09-29
HU,benefits_pensions,holding_name,https://net.jogtar.hu/jogszabaly?docid=99700081.TV,200,text/html,9ba3608dfdb7e39579088d66d1ad9fb834420f2e45a523cfc8d957c053178aa1,exact,https://web.archive.org/web/20260509102143/https://net.jogtar.hu/jogszabaly?docid=99700081.tv,2026-09-29
HU,benefits_pensions,legal_basis,https://net.jogtar.hu/jogszabaly?docid=99700081.TV,200,text/html,9ba3608dfdb7e39579088d66d1ad9fb834420f2e45a523cfc8d957c053178aa1,exact,https://web.archive.org/web/20260509102143/https://net.jogtar.hu/jogszabaly?docid=99700081.tv,2026-09-29
HU,benefits_pensions,operator,https://net.jogtar.hu/jogszabaly?docid=99700168.KOR,200,text/html,6da06df2fbcf74de1fab126f9ad5436bc9b74473fd86e09b9a0332123d59483f,exact,https://web.archive.org/web/20260523233650/https://net.jogtar.hu/jogszabaly?docid=99700168.kor,2026-09-29
HU,border_control,holding_name,https://net.jogtar.hu/jogszabaly?docid=A1200181.TV,200,text/html,ae4562c80202add6e116e50c653e8c5c2abaa5c04f665c3c8aec6471bbb53917,exact,,2026-09-29
HU,border_control,hosting,https://net.jogtar.hu/jogszabaly?docid=A1200181.TV,200,text/html,ae4562c80202add6e116e50c653e8c5c2abaa5c04f665c3c8aec6471bbb53917,exact,,2026-09-29
HU,border_control,operator,https://net.jogtar.hu/jogszabaly?docid=A1200181.TV,200,text/html,ae4562c80202add6e116e50c653e8c5c2abaa5c04f665c3c8aec6471bbb53917,exact,,2026-09-29
HU,breeder_documents,holding_name,https://net.jogtar.hu/jogszabaly?docid=99300055.TV,200,text/html,53d0c8c9e54bf4530cb3620bd0c361ee130b6097444e479c4a61720599d88d5f,exact,https://web.archive.org/web/20260412171455/https://net.jogtar.hu/jogszabaly?docid=99300055.tv,2026-09-29
HU,breeder_documents,holding_name,https://net.jogtar.hu/jogszabaly?docid=A1000001.TV,200,text/html,2218059db6291bdd62c75bae0f16b1897de515b2b13ae68f919ee960383330d9,exact,https://web.archive.org/web/20260913003001/https://net.jogtar.hu/jogszabaly?docid=a1000001.tv,2026-09-29
HU,breeder_documents,hosting,https://net.jogtar.hu/jogszabaly?docid=A1000001.TV,200,text/html,2218059db6291bdd62c75bae0f16b1897de515b2b13ae68f919ee960383330d9,exact,https://web.archive.org/web/20260913003001/https://net.jogtar.hu/jogszabaly?docid=a1000001.tv,2026-09-29
HU,breeder_documents,operator,https://net.jogtar.hu/jogszabaly?docid=A2600090.KOR,200,text/html,79f3e3e1caf89fb323eb54f93e21efb2e7501cafce0e7dd9c3237ec7006fb425,exact,,2026-09-29
HU,business_registry,hosting,https://net.jogtar.hu/jogszabaly?docid=A0600005.TV,200,text/html,198c5699b6824d194d6b6fc90cc4da84969b3ec3165aaa588b19c0d372639e48,exact,https://web.archive.org/web/20260903070937/https://net.jogtar.hu/jogszabaly?docid=a0600005.tv,2026-09-29
HU,business_registry,hosting,https://net.jogtar.hu/jogszabaly?docid=A1700467.KOR,200,text/html,5a8bced6eac3fb6f649e93b7084a0d5cd5e14ccff2c90c7e9a53cf7a3db009d1,exact,,2026-09-29
HU,business_registry,operator,https://net.jogtar.hu/jogszabaly?docid=A0600005.TV,200,text/html,198c5699b6824d194d6b6fc90cc4da84969b3ec3165aaa588b19c0d372639e48,exact,https://web.archive.org/web/20260903070937/https://net.jogtar.hu/jogszabaly?docid=a0600005.tv,2026-09-29
HU,central_bank,holding_name,https://www.mnb.hu/penzforgalom/azonnalifizetes,200,text/html,06230163e9fd8b1b2085f75215afaa81f05ed570e69f91e615404a0153967f37,exact,https://web.archive.org/web/20260718155137/https://www.mnb.hu/penzforgalom/azonnalifizetes,2026-09-29
HU,central_bank,legal_basis,https://net.jogtar.hu/jogszabaly?docid=A1300139.TV,200,text/html,1dce992c4e126634c2d87149a12ccde5551cf5bafd677753049732d6a869e179,exact,,2026-09-29
HU,civil_registry,foreign_dependency,https://www.idomsoft.hu/rolunk/tortenetunk,200,text/html,9275fcdb6fa2e05637d474783f7e62656325da031d24604923ecc2f3dcdd0b7b,exact,https://web.archive.org/web/20260422201158/https://www.idomsoft.hu/rolunk/tortenetunk/,2026-09-29
HU,civil_registry,holding_name,https://net.jogtar.hu/jogszabaly?docid=99200066.tv,200,text/html,42bdda4e82ffd2557a18d5a7a7236ebfb75051f0d3496c3672ab409be36e6f2c,exact,https://web.archive.org/web/20251224033602/https://net.jogtar.hu/jogszabaly?docid=99200066.TV,2026-09-29
HU,civil_registry,holding_name,https://net.jogtar.hu/jogszabaly?docid=A1000001.TV,200,text/html,2218059db6291bdd62c75bae0f16b1897de515b2b13ae68f919ee960383330d9,exact,https://web.archive.org/web/20260913003001/https://net.jogtar.hu/jogszabaly?docid=a1000001.tv,2026-09-29
HU,civil_registry,hosting,https://net.jogtar.hu/jogszabaly?docid=99200066.tv,200,text/html,42bdda4e82ffd2557a18d5a7a7236ebfb75051f0d3496c3672ab409be36e6f2c,exact,https://web.archive.org/web/20251224033602/https://net.jogtar.hu/jogszabaly?docid=99200066.TV,2026-09-29
HU,civil_registry,legal_basis,https://net.jogtar.hu/jogszabaly?docid=99200066.tv,200,text/html,42bdda4e82ffd2557a18d5a7a7236ebfb75051f0d3496c3672ab409be36e6f2c,exact,https://web.archive.org/web/20251224033602/https://net.jogtar.hu/jogszabaly?docid=99200066.TV,2026-09-29
HU,civil_registry,legal_basis,https://net.jogtar.hu/jogszabaly?docid=A1000001.TV,200,text/html,2218059db6291bdd62c75bae0f16b1897de515b2b13ae68f919ee960383330d9,exact,https://web.archive.org/web/20260913003001/https://net.jogtar.hu/jogszabaly?docid=a1000001.tv,2026-09-29
HU,civil_registry,operator,https://net.jogtar.hu/jogszabaly?docid=A2600090.KOR,200,text/html,79f3e3e1caf89fb323eb54f93e21efb2e7501cafce0e7dd9c3237ec7006fb425,exact,,2026-09-29
HU,civil_registry,operator,https://www.idomsoft.hu/termekek,200,text/html,1e5b0cd5a781bafe4c3d2b10bd7abc3a742cca8bba3858f59d47e467e935360c,exact,https://web.archive.org/web/20260512054003/https://www.idomsoft.hu/termekek/,2026-09-29
HU,crisis_management,holding_name,https://net.jogtar.hu/jogszabaly?docid=A1100128.TV,200,text/html,7e2f196843e7e7f0560e5b54760534d9dabe18d7ec5fd26a520321b9bfc072d0,exact,https://web.archive.org/web/20251202170941/https://net.jogtar.hu/jogszabaly?docid=a1100128.tv,2026-09-29
HU,crisis_management,hosting,https://net.jogtar.hu/jogszabaly?docid=A1000346.KOR,200,text/html,893f00cc9e436c8dad84e5e2c88430b4225e15b268fdd1495fcf3c6e23f07f90,exact,,2026-09-29
HU,customs,legal_basis,https://net.jogtar.hu/jogszabaly?docid=A1700152.TV,200,text/html,2bb574cd56a70e435634a722f1a64b9d30273fdbb12ac7cb91bbef07ca97d749,exact,https://web.archive.org/web/20260921231635/https://net.jogtar.hu/jogszabaly?docid=a1700152.tv,2026-09-29
HU,customs,operator,https://net.jogtar.hu/jogszabaly?docid=A1700152.TV,200,text/html,2bb574cd56a70e435634a722f1a64b9d30273fdbb12ac7cb91bbef07ca97d749,exact,https://web.archive.org/web/20260921231635/https://net.jogtar.hu/jogszabaly?docid=a1700152.tv,2026-09-29
HU,defence_command,hosting,https://net.jogtar.hu/jogszabaly?docid=A1700467.KOR,200,text/html,5a8bced6eac3fb6f649e93b7084a0d5cd5e14ccff2c90c7e9a53cf7a3db009d1,exact,,2026-09-29
HU,defence_command,legal_basis,https://net.jogtar.hu/jogszabaly?docid=A2100140.TV,200,text/html,8f074febc44be0b2e6c5c3a11b1f3fac76ddfb795888243760bd9cc441f970b0,exact,,2026-09-29
HU,digital_identity_credentials,foreign_dependency,https://www.idomsoft.hu/rolunk/tortenetunk,200,text/html,9275fcdb6fa2e05637d474783f7e62656325da031d24604923ecc2f3dcdd0b7b,exact,https://web.archive.org/web/20260422201158/https://www.idomsoft.hu/rolunk/tortenetunk/,2026-09-29
HU,digital_identity_credentials,holding_name,https://net.jogtar.hu/jogszabaly?docid=A2300103.TV,200,text/html,3261d0e2b5a7b5d47bd6d9c9aa03cacd79e6494261bef529e1d7b0757b076637,exact,https://web.archive.org/web/20251203022211/https://net.jogtar.hu/jogszabaly?docid=A2300103.TV,2026-09-29
HU,digital_identity_credentials,legal_basis,https://net.jogtar.hu/jogszabaly?docid=A2300103.TV,200,text/html,3261d0e2b5a7b5d47bd6d9c9aa03cacd79e6494261bef529e1d7b0757b076637,exact,https://web.archive.org/web/20251203022211/https://net.jogtar.hu/jogszabaly?docid=A2300103.TV,2026-09-29
HU,digital_identity_credentials,operator,https://net.jogtar.hu/jogszabaly?docid=A2400320.KOR,200,text/html,70527be9ce443dad96f1b1a0e7b7efc11c9987c19713873ec96ff7a8805d7cf0,exact,,2026-09-29
HU,digital_identity_credentials,operator,https://net.jogtar.hu/jogszabaly?docid=A2600090.KOR,200,text/html,79f3e3e1caf89fb323eb54f93e21efb2e7501cafce0e7dd9c3237ec7006fb425,exact,,2026-09-29
HU,education,holding_name,https://net.jogtar.hu/jogszabaly?docid=A1100190.TV,200,text/html,93bcc60d682d54404324962dd66a67bcf604382c92efd9510775a73b78486d50,exact,https://web.archive.org/web/20260907112557/https://net.jogtar.hu/jogszabaly?docid=a1100190.tv,2026-09-29
HU,education,legal_basis,https://net.jogtar.hu/jogszabaly?docid=A1800089.TV,200,text/html,48af9e6dd1fbcd4cf4f40f5dba26ef23a05f3cc8b2b480c0a73d906e270be20e,exact,,2026-09-29
HU,electoral_management,foreign_dependency,https://www.idomsoft.hu/rolunk/tortenetunk,200,text/html,9275fcdb6fa2e05637d474783f7e62656325da031d24604923ecc2f3dcdd0b7b,exact,https://web.archive.org/web/20260422201158/https://www.idomsoft.hu/rolunk/tortenetunk/,2026-09-29
HU,electoral_management,hosting,https://net.jogtar.hu/jogszabaly?docid=A1300036.TV,200,text/html,272a7d2285ff7615f3bc70a6d5509291e6d21ec46472a3365b5743b83e6efd9a,exact,https://web.archive.org/web/20260727221758/https://net.jogtar.hu/jogszabaly?docid=a1300036.tv,2026-09-29
HU,electoral_management,operator,https://www.idomsoft.hu/termekek,200,text/html,1e5b0cd5a781bafe4c3d2b10bd7abc3a742cca8bba3858f59d47e467e935360c,exact,https://web.archive.org/web/20260512054003/https://www.idomsoft.hu/termekek/,2026-09-29
HU,electoral_roll,foreign_dependency,https://www.idomsoft.hu/rolunk/tortenetunk,200,text/html,9275fcdb6fa2e05637d474783f7e62656325da031d24604923ecc2f3dcdd0b7b,exact,https://web.archive.org/web/20260422201158/https://www.idomsoft.hu/rolunk/tortenetunk/,2026-09-29
HU,electoral_roll,holding_name,https://net.jogtar.hu/jogszabaly?docid=A1300036.TV,200,text/html,272a7d2285ff7615f3bc70a6d5509291e6d21ec46472a3365b5743b83e6efd9a,exact,https://web.archive.org/web/20260727221758/https://net.jogtar.hu/jogszabaly?docid=a1300036.tv,2026-09-29
HU,electoral_roll,hosting,https://net.jogtar.hu/jogszabaly?docid=A1300036.TV,200,text/html,272a7d2285ff7615f3bc70a6d5509291e6d21ec46472a3365b5743b83e6efd9a,exact,https://web.archive.org/web/20260727221758/https://net.jogtar.hu/jogszabaly?docid=a1300036.tv,2026-09-29
HU,electoral_roll,operator,https://www.idomsoft.hu/termekek,200,text/html,1e5b0cd5a781bafe4c3d2b10bd7abc3a742cca8bba3858f59d47e467e935360c,exact,https://web.archive.org/web/20260512054003/https://www.idomsoft.hu/termekek/,2026-09-29
HU,emergency_communications,holding_name,https://net.jogtar.hu/jogszabaly?docid=A1000346.KOR,200,text/html,893f00cc9e436c8dad84e5e2c88430b4225e15b268fdd1495fcf3c6e23f07f90,exact,,2026-09-29
HU,emergency_communications,hosting,https://net.jogtar.hu/jogszabaly?docid=A1000346.KOR,200,text/html,893f00cc9e436c8dad84e5e2c88430b4225e15b268fdd1495fcf3c6e23f07f90,exact,,2026-09-29
HU,emergency_communications,operator,https://net.jogtar.hu/jogszabaly?docid=99400034.TV,200,text/html,fa461a8ba4ec52f56c5c3afc19f99eef0e3c9658ac1a01759059acc211c502d9,exact,https://web.archive.org/web/20260626121651/https://net.jogtar.hu/jogszabaly?docid=99400034.tv,2026-09-29
HU,emergency_communications,operator,https://net.jogtar.hu/jogszabaly?docid=A2600090.KOR,200,text/html,79f3e3e1caf89fb323eb54f93e21efb2e7501cafce0e7dd9c3237ec7006fb425,exact,,2026-09-29
HU,extra:government_data_centre,holding_name,https://net.jogtar.hu/jogszabaly?docid=A1700467.KOR,200,text/html,5a8bced6eac3fb6f649e93b7084a0d5cd5e14ccff2c90c7e9a53cf7a3db009d1,exact,,2026-09-29
HU,extra:government_data_centre,legal_basis,https://net.jogtar.hu/jogszabaly?docid=A1700467.KOR,200,text/html,5a8bced6eac3fb6f649e93b7084a0d5cd5e14ccff2c90c7e9a53cf7a3db009d1,exact,,2026-09-29
HU,extra:government_data_centre,operator,https://net.jogtar.hu/jogszabaly?docid=A1700467.KOR,200,text/html,5a8bced6eac3fb6f649e93b7084a0d5cd5e14ccff2c90c7e9a53cf7a3db009d1,exact,,2026-09-29
HU,extra:government_service_bus,foreign_dependency,https://www.idomsoft.hu/rolunk/tortenetunk,200,text/html,9275fcdb6fa2e05637d474783f7e62656325da031d24604923ecc2f3dcdd0b7b,exact,https://web.archive.org/web/20260422201158/https://www.idomsoft.hu/rolunk/tortenetunk/,2026-09-29
HU,extra:government_service_bus,holding_name,https://www.idomsoft.hu/termekek,200,text/html,1e5b0cd5a781bafe4c3d2b10bd7abc3a742cca8bba3858f59d47e467e935360c,exact,https://web.archive.org/web/20260512054003/https://www.idomsoft.hu/termekek/,2026-09-29
HU,extra:government_service_bus,operator,https://net.jogtar.hu/jogszabaly?docid=A2400320.KOR,200,text/html,70527be9ce443dad96f1b1a0e7b7efc11c9987c19713873ec96ff7a8805d7cf0,exact,,2026-09-29
HU,extra:identifier_linking_register,legal_basis,https://net.jogtar.hu/jogszabaly?docid=A2600090.KOR,200,text/html,79f3e3e1caf89fb323eb54f93e21efb2e7501cafce0e7dd9c3237ec7006fb425,exact,,2026-09-29
HU,extra:identifier_linking_register,operator,https://net.jogtar.hu/jogszabaly?docid=A2400320.KOR,200,text/html,70527be9ce443dad96f1b1a0e7b7efc11c9987c19713873ec96ff7a8805d7cf0,exact,,2026-09-29
HU,extra:secure_delivery_mailbox,holding_name,https://www.idomsoft.hu/termekek,200,text/html,1e5b0cd5a781bafe4c3d2b10bd7abc3a742cca8bba3858f59d47e467e935360c,exact,https://web.archive.org/web/20260512054003/https://www.idomsoft.hu/termekek/,2026-09-29
HU,extra:secure_delivery_mailbox,legal_basis,https://net.jogtar.hu/jogszabaly?docid=A1300036.TV,200,text/html,272a7d2285ff7615f3bc70a6d5509291e6d21ec46472a3365b5743b83e6efd9a,exact,https://web.archive.org/web/20260727221758/https://net.jogtar.hu/jogszabaly?docid=a1300036.tv,2026-09-29
HU,extra:secure_delivery_mailbox,operator,https://net.jogtar.hu/jogszabaly?docid=A2400320.KOR,200,text/html,70527be9ce443dad96f1b1a0e7b7efc11c9987c19713873ec96ff7a8805d7cf0,exact,,2026-09-29
HU,facial_biometric,holding_name,https://net.jogtar.hu/jogszabaly?docid=99200066.tv,200,text/html,42bdda4e82ffd2557a18d5a7a7236ebfb75051f0d3496c3672ab409be36e6f2c,exact,https://web.archive.org/web/20251224033602/https://net.jogtar.hu/jogszabaly?docid=99200066.TV,2026-09-29
HU,facial_biometric,holding_name,https://net.jogtar.hu/jogszabaly?docid=99800012.TV,200,text/html,dcdafa32620dca143c6fa91b6e692f7ccea46eb9c43dd6dae8ac184b0d4cb637,exact,https://web.archive.org/web/20260330161515/https://net.jogtar.hu/jogszabaly?docid=99800012.TV,2026-09-29
HU,facial_biometric,hosting,https://net.jogtar.hu/jogszabaly?docid=99200066.tv,200,text/html,42bdda4e82ffd2557a18d5a7a7236ebfb75051f0d3496c3672ab409be36e6f2c,exact,https://web.archive.org/web/20251224033602/https://net.jogtar.hu/jogszabaly?docid=99200066.TV,2026-09-29
HU,facial_biometric,hosting,https://net.jogtar.hu/jogszabaly?docid=99800012.TV,200,text/html,dcdafa32620dca143c6fa91b6e692f7ccea46eb9c43dd6dae8ac184b0d4cb637,exact,https://web.archive.org/web/20260330161515/https://net.jogtar.hu/jogszabaly?docid=99800012.TV,2026-09-29
HU,facial_biometric,legal_basis,https://net.jogtar.hu/jogszabaly?docid=A1500188.TV,200,text/html,4b15dd88555c69b4636de6aa6f7e8760cb92925df921d8ccc20776062075c80a,exact,https://web.archive.org/web/20260329091643/https://net.jogtar.hu/jogszabaly?docid=A1500188.TV,2026-09-29
HU,facial_biometric,operator,https://net.jogtar.hu/jogszabaly?docid=A2600090.KOR,200,text/html,79f3e3e1caf89fb323eb54f93e21efb2e7501cafce0e7dd9c3237ec7006fb425,exact,,2026-09-29
HU,fingerprint_biometric,holding_name,https://kormany.hu/nyilvantartasok/biometrikus-utlevel/tajekoztato-az-uj-e-utlevelrol,200,text/html,efccb17d373f26805c247c34a877fb6b769aaf025c190098661a6b2f897ed829,exact,https://web.archive.org/web/20260928081612/https://kormany.hu/nyilvantartasok/biometrikus-utlevel/tajekoztato-az-uj-e-utlevelrol,2026-09-29
HU,fingerprint_biometric,holding_name,https://net.jogtar.hu/jogszabaly?docid=99200066.tv,200,text/html,42bdda4e82ffd2557a18d5a7a7236ebfb75051f0d3496c3672ab409be36e6f2c,exact,https://web.archive.org/web/20251224033602/https://net.jogtar.hu/jogszabaly?docid=99200066.TV,2026-09-29
HU,fingerprint_biometric,holding_name,https://net.jogtar.hu/jogszabaly?docid=99800012.TV,200,text/html,dcdafa32620dca143c6fa91b6e692f7ccea46eb9c43dd6dae8ac184b0d4cb637,exact,https://web.archive.org/web/20260330161515/https://net.jogtar.hu/jogszabaly?docid=99800012.TV,2026-09-29
HU,fingerprint_biometric,hosting,https://net.jogtar.hu/jogszabaly?docid=99200066.tv,200,text/html,42bdda4e82ffd2557a18d5a7a7236ebfb75051f0d3496c3672ab409be36e6f2c,exact,https://web.archive.org/web/20251224033602/https://net.jogtar.hu/jogszabaly?docid=99200066.TV,2026-09-29
HU,fingerprint_biometric,hosting,https://net.jogtar.hu/jogszabaly?docid=99800012.TV,200,text/html,dcdafa32620dca143c6fa91b6e692f7ccea46eb9c43dd6dae8ac184b0d4cb637,exact,https://web.archive.org/web/20260330161515/https://net.jogtar.hu/jogszabaly?docid=99800012.TV,2026-09-29
HU,fingerprint_biometric,operator,https://net.jogtar.hu/jogszabaly?docid=A2600090.KOR,200,text/html,79f3e3e1caf89fb323eb54f93e21efb2e7501cafce0e7dd9c3237ec7006fb425,exact,,2026-09-29
HU,firearms_register,holding_name,https://net.jogtar.hu/jogszabaly?docid=A0400024.TV,200,text/html,d0d88021768034cd2d3bf72072de8374b192f73193ef62e86c6ede6cd2f2cef4,exact,,2026-09-29
HU,firearms_register,operator,https://net.jogtar.hu/jogszabaly?docid=A0400024.TV,200,text/html,d0d88021768034cd2d3bf72072de8374b192f73193ef62e86c6ede6cd2f2cef4,exact,,2026-09-29
HU,geospatial,holding_name,https://net.jogtar.hu/jogszabaly?docid=A2300103.TV,200,text/html,3261d0e2b5a7b5d47bd6d9c9aa03cacd79e6494261bef529e1d7b0757b076637,exact,https://web.archive.org/web/20251203022211/https://net.jogtar.hu/jogszabaly?docid=A2300103.TV,2026-09-29
HU,geospatial,operator,https://net.jogtar.hu/jogszabaly?docid=A1600383.KOR,200,text/html,4bd253479e81879f48a701708663b6faac3282336e41fb54de941e615bfc8375,exact,https://web.archive.org/web/20240711234223/https://net.jogtar.hu/jogszabaly?docid=a1600383.kor,2026-09-29
HU,geospatial,operator,https://net.jogtar.hu/jogszabaly?docid=A2400320.KOR,200,text/html,70527be9ce443dad96f1b1a0e7b7efc11c9987c19713873ec96ff7a8805d7cf0,exact,,2026-09-29
HU,government_payroll,holding_name,https://net.jogtar.hu/jogszabaly?docid=A1100195.TV,200,text/html,d855ea4c55e86e6c496fd9acb6198c29b296c9954fe6f7ec73a721956b08fd2d,exact,,2026-09-29
HU,grid_control,legal_basis,https://net.jogtar.hu/jogszabaly?docid=A0700086.TV,200,text/html,c4b503f3bc1ad847dafd48527842b92a513fa92a3372832b88098f5e6c99d593,exact,https://web.archive.org/web/20260412042308/https://net.jogtar.hu/jogszabaly?docid=a0700086.tv,2026-09-29
HU,grid_control,operator,https://mavir.hu/web/mavir/rolunk,robots-denied,,,fetch_failed,,2026-09-29
HU,health_insurance,holding_name,https://net.jogtar.hu/jogszabaly?docid=A1600386.KOR,200,text/html,4a3d443e64c8e88cdd47c70e407cca143b14b87f85ac4306a56ea3682355c842,exact,,2026-09-29
HU,health_insurance,operator,https://net.jogtar.hu/jogszabaly?docid=A1600386.KOR,200,text/html,4a3d443e64c8e88cdd47c70e407cca143b14b87f85ac4306a56ea3682355c842,exact,,2026-09-29
HU,health_records,legal_basis,https://net.jogtar.hu/jogszabaly?docid=99700047.TV,200,text/html,243427fc0e6ba99e9f0096db54e56f56dff6f97591c6b9f760b854ae193aebbf,exact,https://web.archive.org/web/20260426195844/https://net.jogtar.hu/jogszabaly?docid=99700047.TV,2026-09-29
HU,health_records,operator,https://net.jogtar.hu/jogszabaly?docid=A2200029.KOR,200,text/html,f918ed44a346bc758a3973859029135da70f17feae86dcb96f3ecb48188d69a6,exact,https://web.archive.org/web/20240925100940/https://net.jogtar.hu/jogszabaly?docid=a2200029.kor,2026-09-29
HU,indicator:C1,indicator,https://nisz.hu/szolgaltatasaink,error,,,fetch_failed,,2026-09-29
HU,indicator:C1,indicator,https://www.dmu.gov.hu/rolunk,200,text/html,c49c8d7fc7b2ca05699e398b91fd333c726e31b9b3c2498ce5e921108d3debcb,exact,,2026-09-29
HU,indicator:C2,indicator,https://net.jogtar.hu/jogszabaly?docid=a2400418.kor,200,text/html,d1e259724aa777d5e510b9ff4bae2aef83a76af95bc56d5968fe0a1ec141af2a,exact,https://web.archive.org/web/20251123140140/https://net.jogtar.hu/jogszabaly?docid=A2400418.KOR,2026-09-29
HU,indicator:C2,indicator,https://nisz.hu/szolgaltatasaink,error,,,fetch_failed,,2026-09-29
HU,indicator:K1,indicator,https://hiteles.gov.hu/cikk/185/kormanyzati_hitelesites_szolgaltato,200,text/html,f14b99e17bf65ee29986c5c54749d1bbe506ebcff563c401b37d8003b7c13466,exact,https://web.archive.org/web/20260708154825/https://hiteles.gov.hu/cikk/185/kormanyzati_hitelesites_szolgaltato,2026-09-29
HU,indicator:K1,indicator,https://nisz.hu/rolunk/cegbemutato,error,,,fetch_failed,,2026-09-29
HU,indicator:K2,indicator,https://net.jogtar.hu/jogszabaly?docid=a2300103.tv,200,text/html,cb420ac7a4a3681bd4e1f809ab1c1aa9fb8d2a551db9f1a77b876205879bd0bd,exact,https://web.archive.org/web/20251203022211/https://net.jogtar.hu/jogszabaly?docid=A2300103.TV,2026-09-29
HU,indicator:K2,indicator,https://www.dmu.gov.hu/cikkek/portfolio,200,text/html,79b5bfa6c5ad0ec0c491fdf8bd949fcba50ed027c8a1e09ef5fbbdcc8e36ca11,exact,https://web.archive.org/web/20260603115511/https://www.dmu.gov.hu/cikkek/portfolio,2026-09-29
HU,indicator:L1,indicator,https://net.jogtar.hu/jogszabaly?docid=a2400069.tv,200,text/html,fc77346144e15526d06db22458bd1c8de4cc29a134ab8ad8e41386a3b4e4addc,exact,,2026-09-29
HU,indicator:L1,indicator,https://net.jogtar.hu/jogszabaly?docid=a2400418.kor,200,text/html,d1e259724aa777d5e510b9ff4bae2aef83a76af95bc56d5968fe0a1ec141af2a,exact,https://web.archive.org/web/20251123140140/https://net.jogtar.hu/jogszabaly?docid=A2400418.KOR,2026-09-29
HU,indicator:L2,indicator,https://net.jogtar.hu/jogszabaly?docid=a0900155.tv,200,text/html,439766851c374032d099587b49a21fe0db43744d0c91858726129f6bb0610c3c,exact,https://web.archive.org/web/20260107073215/https://net.jogtar.hu/jogszabaly?docid=A0900155.TV,2026-09-29
HU,indicator:L3,indicator,https://nki.gov.hu/hatosag/tartalom/felho/,200,text/html,110539d414978f3814e9b1f2b04d53f3e6c44e88c1a2529749a8b58fe13a1ee2,exact,https://web.archive.org/web/20250628235716/https://nki.gov.hu/hatosag/tartalom/felho/,2026-09-29
HU,intelligence,hosting,https://net.jogtar.hu/jogszabaly?docid=A1700467.KOR,200,text/html,5a8bced6eac3fb6f649e93b7084a0d5cd5e14ccff2c90c7e9a53cf7a3db009d1,exact,,2026-09-29
HU,intelligence,operator,https://net.jogtar.hu/jogszabaly?docid=99500125.TV,200,text/html,2f0016712bfc19ffbe7cd4fd46529183b50c9fe7dddf6d0ca4964d938f2eb560,exact,https://web.archive.org/web/20260814084255/https://net.jogtar.hu/jogszabaly?docid=99500125.tv,2026-09-29
HU,issuance_history,foreign_dependency,https://www.idomsoft.hu/rolunk/tortenetunk,200,text/html,9275fcdb6fa2e05637d474783f7e62656325da031d24604923ecc2f3dcdd0b7b,exact,https://web.archive.org/web/20260422201158/https://www.idomsoft.hu/rolunk/tortenetunk/,2026-09-29
HU,issuance_history,holding_name,https://net.jogtar.hu/jogszabaly?docid=99200066.tv,200,text/html,42bdda4e82ffd2557a18d5a7a7236ebfb75051f0d3496c3672ab409be36e6f2c,exact,https://web.archive.org/web/20251224033602/https://net.jogtar.hu/jogszabaly?docid=99200066.TV,2026-09-29
HU,issuance_history,holding_name,https://net.jogtar.hu/jogszabaly?docid=99800012.TV,200,text/html,dcdafa32620dca143c6fa91b6e692f7ccea46eb9c43dd6dae8ac184b0d4cb637,exact,https://web.archive.org/web/20260330161515/https://net.jogtar.hu/jogszabaly?docid=99800012.TV,2026-09-29
HU,issuance_history,hosting,https://net.jogtar.hu/jogszabaly?docid=99800012.TV,200,text/html,dcdafa32620dca143c6fa91b6e692f7ccea46eb9c43dd6dae8ac184b0d4cb637,exact,https://web.archive.org/web/20260330161515/https://net.jogtar.hu/jogszabaly?docid=99800012.TV,2026-09-29
HU,issuance_history,operator,https://net.jogtar.hu/jogszabaly?docid=A2400320.KOR,200,text/html,70527be9ce443dad96f1b1a0e7b7efc11c9987c19713873ec96ff7a8805d7cf0,exact,,2026-09-29
HU,issuance_history,operator,https://net.jogtar.hu/jogszabaly?docid=A2600090.KOR,200,text/html,79f3e3e1caf89fb323eb54f93e21efb2e7501cafce0e7dd9c3237ec7006fb425,exact,,2026-09-29
HU,issuance_history,operator,https://www.idomsoft.hu/termekek,200,text/html,1e5b0cd5a781bafe4c3d2b10bd7abc3a742cca8bba3858f59d47e467e935360c,exact,https://web.archive.org/web/20260512054003/https://www.idomsoft.hu/termekek/,2026-09-29
HU,judicial_criminal,hosting,https://net.jogtar.hu/jogszabaly?docid=A0900047.TV,200,text/html,1ccc6091b7bfcb781acfe64ae5a77daaedafb4a1e4a781e4ff671f44ab305ddd,exact,https://web.archive.org/web/20260911180137/https://net.jogtar.hu/jogszabaly?docid=a0900047.tv,2026-09-29
HU,judicial_criminal,legal_basis,https://net.jogtar.hu/jogszabaly?docid=A0900047.TV,200,text/html,1ccc6091b7bfcb781acfe64ae5a77daaedafb4a1e4a781e4ff671f44ab305ddd,exact,https://web.archive.org/web/20260911180137/https://net.jogtar.hu/jogszabaly?docid=a0900047.tv,2026-09-29
HU,judicial_criminal,operator,https://net.jogtar.hu/jogszabaly?docid=A2600090.KOR,200,text/html,79f3e3e1caf89fb323eb54f93e21efb2e7501cafce0e7dd9c3237ec7006fb425,exact,,2026-09-29
HU,land_property,holding_name,https://net.jogtar.hu/jogszabaly?docid=A2100100.TV,200,text/html,f58c79c738128e321cebcdc3de33e96deada48ea8caa82f0550c2cc7418bddd4,exact,,2026-09-29
HU,land_property,hosting,https://net.jogtar.hu/jogszabaly?docid=A2100100.TV,200,text/html,f58c79c738128e321cebcdc3de33e96deada48ea8caa82f0550c2cc7418bddd4,exact,,2026-09-29
HU,land_property,operator,https://net.jogtar.hu/jogszabaly?docid=A1600383.KOR,200,text/html,4bd253479e81879f48a701708663b6faac3282336e41fb54de941e615bfc8375,exact,https://web.archive.org/web/20240711234223/https://net.jogtar.hu/jogszabaly?docid=a1600383.kor,2026-09-29
HU,national_archives,legal_basis,https://net.jogtar.hu/jogszabaly?docid=99500066.TV,200,text/html,19efff309607ab11a81ff8c9f64b614d059acc01eddedcbb2a16577b30b23ec1,exact,https://web.archive.org/web/20260913003000/https://net.jogtar.hu/jogszabaly?docid=99500066.tv,2026-09-29
HU,national_archives,operator,https://net.jogtar.hu/jogszabaly?docid=99500066.TV,200,text/html,19efff309607ab11a81ff8c9f64b614d059acc01eddedcbb2a16577b30b23ec1,exact,https://web.archive.org/web/20260913003000/https://net.jogtar.hu/jogszabaly?docid=99500066.tv,2026-09-29
HU,official_gazette,hosting,https://net.jogtar.hu/jogszabaly?docid=A1900005.IM,200,text/html,5b82bb7aba79af4100f02a5bd9ec531abb0ce907f58b273e2ffe152a79f5aab9,exact,https://web.archive.org/web/20251217213213/https://net.jogtar.hu/jogszabaly?docid=A1900005.IM,2026-09-29
HU,official_gazette,legal_basis,https://net.jogtar.hu/jogszabaly?docid=A1000130.TV,200,text/html,557ab8bc0adfedcd20fc80d72740f806b1266aa29e7215a73f859554efbbe8c4,exact,https://web.archive.org/web/20260329053128/https://net.jogtar.hu/jogszabaly?docid=a1000130.tv,2026-09-29
HU,official_gazette,operator,https://net.jogtar.hu/jogszabaly?docid=A1900005.IM,200,text/html,5b82bb7aba79af4100f02a5bd9ec531abb0ce907f58b273e2ffe152a79f5aab9,exact,https://web.archive.org/web/20251217213213/https://net.jogtar.hu/jogszabaly?docid=A1900005.IM,2026-09-29
HU,police_records,holding_name,https://net.jogtar.hu/jogszabaly?docid=99400034.TV,200,text/html,fa461a8ba4ec52f56c5c3afc19f99eef0e3c9658ac1a01759059acc211c502d9,exact,https://web.archive.org/web/20260626121651/https://net.jogtar.hu/jogszabaly?docid=99400034.tv,2026-09-29
HU,police_records,legal_basis,https://net.jogtar.hu/jogszabaly?docid=99400034.TV,200,text/html,fa461a8ba4ec52f56c5c3afc19f99eef0e3c9658ac1a01759059acc211c502d9,exact,https://web.archive.org/web/20260626121651/https://net.jogtar.hu/jogszabaly?docid=99400034.tv,2026-09-29
HU,public_finance,legal_basis,https://net.jogtar.hu/jogszabaly?docid=A1100195.TV,200,text/html,d855ea4c55e86e6c496fd9acb6198c29b296c9954fe6f7ec73a721956b08fd2d,exact,,2026-09-29
HU,public_finance,operator,https://net.jogtar.hu/jogszabaly?docid=A1100195.TV,200,text/html,d855ea4c55e86e6c496fd9acb6198c29b296c9954fe6f7ec73a721956b08fd2d,exact,,2026-09-29
HU,public_health_surveillance,holding_name,https://net.jogtar.hu/jogszabaly?docid=99800018.NM,200,text/html,70e980eebda5025a4df361f3960eef262770f579a1518f3ad02831a573f6347b,exact,,2026-09-29
HU,public_health_surveillance,legal_basis,https://net.jogtar.hu/jogszabaly?docid=99700154.TV,200,text/html,417e3f3191b793e731be1824219c6be5752d1cc97c3ffa3e25e8cf2d157879dc,exact,https://web.archive.org/web/20260826233720/https://net.jogtar.hu/jogszabaly?docid=99700154.tv,2026-09-29
HU,residence_permits,holding_name,https://net.jogtar.hu/jogszabaly?docid=A2300090.TV,200,text/html,bc22af83841b9305289c4784955b283d0b67cc5b3319f8a4fe42a11d7dba5f3f,exact,https://web.archive.org/web/20260805072340/https://net.jogtar.hu/jogszabaly?docid=a2300090.tv,2026-09-29
HU,residence_permits,hosting,https://net.jogtar.hu/jogszabaly?docid=A2300090.TV,200,text/html,bc22af83841b9305289c4784955b283d0b67cc5b3319f8a4fe42a11d7dba5f3f,exact,https://web.archive.org/web/20260805072340/https://net.jogtar.hu/jogszabaly?docid=a2300090.tv,2026-09-29
HU,residence_permits,legal_basis,https://net.jogtar.hu/jogszabaly?docid=A2300090.TV,200,text/html,bc22af83841b9305289c4784955b283d0b67cc5b3319f8a4fe42a11d7dba5f3f,exact,https://web.archive.org/web/20260805072340/https://net.jogtar.hu/jogszabaly?docid=a2300090.tv,2026-09-29
HU,residence_permits,operator,https://net.jogtar.hu/jogszabaly?docid=A2600090.KOR,200,text/html,79f3e3e1caf89fb323eb54f93e21efb2e7501cafce0e7dd9c3237ec7006fb425,exact,,2026-09-29
HU,statistics_microdata,holding_name,https://net.jogtar.hu/jogszabaly?docid=A1600155.TV,200,text/html,5d8934615672b256bcba29e8b215f604e1ee90a1766eb852e1d822859a29f527,exact,https://web.archive.org/web/20251005015911/https://net.jogtar.hu/jogszabaly?docid=a1600155.tv,2026-09-29
HU,statistics_microdata,legal_basis,https://net.jogtar.hu/jogszabaly?docid=A1600155.TV,200,text/html,5d8934615672b256bcba29e8b215f604e1ee90a1766eb852e1d822859a29f527,exact,https://web.archive.org/web/20251005015911/https://net.jogtar.hu/jogszabaly?docid=a1600155.tv,2026-09-29
HU,tax,hosting,https://net.jogtar.hu/jogszabaly?docid=A1700150.TV,200,text/html,1caae2950b362758748ed3a967603f31d41dc20f3b7c6602994b934fdc498394,exact,,2026-09-29
HU,tax,legal_basis,https://net.jogtar.hu/jogszabaly?docid=A1700150.TV,200,text/html,1caae2950b362758748ed3a967603f31d41dc20f3b7c6602994b934fdc498394,exact,,2026-09-29
HU,tax,operator,https://net.jogtar.hu/jogszabaly?docid=A1000122.TV,200,text/html,720700751a498023073235fc79a9b340abb6705cb8bf2163e418be230011ef68,exact,,2026-09-29
HU,trust_services_pki,holding_name,https://kormany.hu/nyilvantartasok/biometrikus-utlevel/tajekoztato-a-csca-tanusitvanyrol,200,text/html,cb79af5213d8f50cf8903aa0fe70a3006ad7d350d646a6e75aba1c4f0a7a0b42,exact,https://web.archive.org/web/20260920201822/https://kormany.hu/nyilvantartasok/biometrikus-utlevel/tajekoztato-a-csca-tanusitvanyrol,2026-09-29
HU,trust_services_pki,legal_basis,https://net.jogtar.hu/jogszabaly?docid=A2300103.TV,200,text/html,3261d0e2b5a7b5d47bd6d9c9aa03cacd79e6494261bef529e1d7b0757b076637,exact,https://web.archive.org/web/20251203022211/https://net.jogtar.hu/jogszabaly?docid=A2300103.TV,2026-09-29
HU,trust_services_pki,operator,https://net.jogtar.hu/jogszabaly?docid=A2400320.KOR,200,text/html,70527be9ce443dad96f1b1a0e7b7efc11c9987c19713873ec96ff7a8805d7cf0,exact,,2026-09-29
HU,trust_services_pki,operator,https://net.jogtar.hu/jogszabaly?docid=A2600090.KOR,200,text/html,79f3e3e1caf89fb323eb54f93e21efb2e7501cafce0e7dd9c3237ec7006fb425,exact,,2026-09-29
HU,vehicle_licensing,foreign_dependency,https://www.idomsoft.hu/rolunk/tortenetunk,200,text/html,9275fcdb6fa2e05637d474783f7e62656325da031d24604923ecc2f3dcdd0b7b,exact,https://web.archive.org/web/20260422201158/https://www.idomsoft.hu/rolunk/tortenetunk/,2026-09-29
HU,vehicle_licensing,holding_name,https://www.idomsoft.hu/termekek,200,text/html,1e5b0cd5a781bafe4c3d2b10bd7abc3a742cca8bba3858f59d47e467e935360c,exact,https://web.archive.org/web/20260512054003/https://www.idomsoft.hu/termekek/,2026-09-29
HU,vehicle_licensing,hosting,https://net.jogtar.hu/jogszabaly?docid=99900084.TV,200,text/html,2fbf49cf5ff9f4977c18806f5f97c456432b91e465b25e362e991b2382b271f5,exact,https://web.archive.org/web/20251128201229/https://net.jogtar.hu/jogszabaly?docid=99900084.tv,2026-09-29
HU,vehicle_licensing,operator,https://net.jogtar.hu/jogszabaly?docid=A2600090.KOR,200,text/html,79f3e3e1caf89fb323eb54f93e21efb2e7501cafce0e7dd9c3237ec7006fb425,exact,,2026-09-29
HU,water_control,legal_basis,https://net.jogtar.hu/jogszabaly?docid=99500057.TV,200,text/html,8064bee3bd70f295dc0e7820ed1a128e69b5b86ddf595e97a2466253c127035b,exact,https://web.archive.org/web/20260809105203/https://net.jogtar.hu/jogszabaly?docid=99500057.tv,2026-09-29
IE,beneficial_ownership,legal_basis,https://www.irishstatutebook.ie/eli/2019/si/110/made/en/print,200,text/html,45ca1e0b79cbac111220685f75cf00da8e01f2f301d7177349629d396eff952b,exact,https://web.archive.org/web/20260613064358/https://www.irishstatutebook.ie/eli/2019/si/110/made/en/print,2026-09-29
IE,beneficial_ownership,operator,https://www.irishstatutebook.ie/eli/2019/si/110/made/en/print,200,text/html,45ca1e0b79cbac111220685f75cf00da8e01f2f301d7177349629d396eff952b,loose,https://web.archive.org/web/20260613064358/https://www.irishstatutebook.ie/eli/2019/si/110/made/en/print,2026-09-29
IE,benefits_pensions,holding_name,https://www.gov.ie/en/department-of-social-protection/publications/service-delivery-modernisation-and-bomi-development-programme/,403,text/html,,fetch_failed,,2026-09-29
IE,benefits_pensions,legal_basis,https://www.irishstatutebook.ie/eli/2005/act/26/enacted/en/print,200,text/html,cee14dbd9d955f315c148de2773c024fc0be83d6bb26d44ef27f4f7dbf205959,exact,https://web.archive.org/web/20260613190739/https://www.irishstatutebook.ie/eli/2005/act/26/enacted/en/print,2026-09-29
IE,benefits_pensions,operator,https://www.gov.ie/en/department-of-social-protection/publications/service-delivery-modernisation-and-bomi-development-programme/,403,text/html,,fetch_failed,,2026-09-29
IE,benefits_pensions,record_count,https://assets.gov.ie/static/documents/0787e49b/20260520_2024_Annual_Statistics_Report.pdf,200,application/pdf,ecb4b843fd4bc775a09322cfe4055c3c5c0f3ff53b6f193c19d4afcf05aa2a13,exact,,2026-09-29
IE,border_control,holding_name,https://www.garda.ie/en/about-us/our-departments/garda-national-crime-security-intelligence-service1/schengen-information-system-sis-/when-was-it-introduced-.html,200,text/html,7bec672b9a7fbaf3b2ce269c1a9cde20934248f448ce9b5543025315128de329,exact,,2026-09-29
IE,border_control,operator,https://www.gov.ie/en/department-of-justice-home-affairs-and-migration/press-releases/minister-humphreys-and-garda-commissioner-harris-mark-six-months-of-irelands-connection-to-schengen-information-system-sis-ii/,403,text/html,,fetch_failed,,2026-09-29
IE,breeder_documents,holding_name,https://www.ireland.ie/en/dfa/citizenship/born-abroad/registering-a-foreign-birth/,403,text/html,,fetch_failed,,2026-09-29
IE,breeder_documents,legal_basis,https://www.irishstatutebook.ie/eli/1956/act/26/section/27/enacted/en/html,200,text/html,1a3764f6b5a9147405772b951fc2fa8e7c77f41f06b36e1aaa6697bfb4f87fb3,exact,https://web.archive.org/web/20260606074056/https://www.irishstatutebook.ie/eli/1956/act/26/section/27/enacted/en/html,2026-09-29
IE,breeder_documents,operator,https://www.ireland.ie/en/dfa/citizenship/born-abroad/registering-a-foreign-birth/,403,text/html,,fetch_failed,,2026-09-29
IE,breeder_documents,record_count,https://www.gov.ie/en/department-of-justice-home-affairs-and-migration/press-releases/record-numbers-receive-irish-citizenship-decisions-in-2024/,403,text/html,,fetch_failed,,2026-09-29
IE,business_registry,holding_name,https://enterprise.gov.ie/en/who-we-are/offices-agencies/companies-registration-office-cro-.html,200,text/html,e2e5b1f4f72d724b8fc6c16505665325118f35f7a8b0fb117eebc5aceaeb29c4,exact,https://web.archive.org/web/20260526152748/https://enterprise.gov.ie/en/who-we-are/offices-agencies/companies-registration-office-cro-.html,2026-09-29
IE,business_registry,legal_basis,https://www.irishstatutebook.ie/eli/2014/act/38/section/887/enacted/en/html,200,text/html,adde90936ff423824d668041bbf19b533031e85abb228d0d2c1e4c8e7875aa8f,loose,https://web.archive.org/web/20260607174340/https://www.irishstatutebook.ie/eli/2014/act/38/section/887/enacted/en/html,2026-09-29
IE,business_registry,operator,https://enterprise.gov.ie/en/who-we-are/offices-agencies/companies-registration-office-cro-.html,200,text/html,e2e5b1f4f72d724b8fc6c16505665325118f35f7a8b0fb117eebc5aceaeb29c4,exact,https://web.archive.org/web/20260526152748/https://enterprise.gov.ie/en/who-we-are/offices-agencies/companies-registration-office-cro-.html,2026-09-29
IE,central_bank,foreign_dependency,https://www.centralbank.ie/financial-system/payments-and-securities-settlements/target-services/t2,200,text/html,fef16712ad0e6e58cf1c0495e25202c9f62a8d53446e397d8dbf798b94a14c14,exact,https://web.archive.org/web/20260315043823/https://www.centralbank.ie/financial-system/payments-and-securities-settlements/target-services/t2,2026-09-29
IE,central_bank,holding_name,https://www.centralbank.ie/financial-system/payments-and-securities-settlements/target-services/t2,200,text/html,fef16712ad0e6e58cf1c0495e25202c9f62a8d53446e397d8dbf798b94a14c14,exact,https://web.archive.org/web/20260315043823/https://www.centralbank.ie/financial-system/payments-and-securities-settlements/target-services/t2,2026-09-29
IE,central_bank,hosting,https://www.centralbank.ie/docs/default-source/publications/corporate-reports/annual-reports/annual-report-2025-and-annual-performance-statement-2025-2026.pdf,200,application/pdf,a550cc63d2face182be97526604ad071a58bf6049e2b4ac438141f2b6b202a2c,exact,https://web.archive.org/web/20260801021138/https://www.centralbank.ie/docs/default-source/publications/corporate-reports/annual-reports/annual-report-2025-and-annual-performance-statement-2025-2026.pdf,2026-09-29
IE,central_bank,legal_basis,https://www.centralbank.ie/docs/default-source/publications/corporate-reports/annual-reports/annual-report-2025-and-annual-performance-statement-2025-2026.pdf,200,application/pdf,a550cc63d2face182be97526604ad071a58bf6049e2b4ac438141f2b6b202a2c,exact,https://web.archive.org/web/20260801021138/https://www.centralbank.ie/docs/default-source/publications/corporate-reports/annual-reports/annual-report-2025-and-annual-performance-statement-2025-2026.pdf,2026-09-29
IE,central_bank,operator,https://www.centralbank.ie/docs/default-source/publications/corporate-reports/annual-reports/annual-report-2025-and-annual-performance-statement-2025-2026.pdf,200,application/pdf,a550cc63d2face182be97526604ad071a58bf6049e2b4ac438141f2b6b202a2c,exact,https://web.archive.org/web/20260801021138/https://www.centralbank.ie/docs/default-source/publications/corporate-reports/annual-reports/annual-report-2025-and-annual-performance-statement-2025-2026.pdf,2026-09-29
IE,civil_registry,holding_name,https://www.gov.ie/en/department-of-social-protection/organisation-information/about-the-general-register-office/,403,text/html,,fetch_failed,,2026-09-29
IE,civil_registry,holding_name,https://www.gov.ie/en/department-of-social-protection/policy-information/public-service-identity/,403,text/html,,fetch_failed,,2026-09-29
IE,civil_registry,legal_basis,https://www.irishstatutebook.ie/eli/2004/act/3/section/13/enacted/en/html,200,text/html,f5e2d8345fca712c5ad75260d3d84cfad602e1222512fa38643aadf73d5d0665,loose,https://web.archive.org/web/20260615114456/https://www.irishstatutebook.ie/eli/2004/act/3/section/13/enacted/en/html,2026-09-29
IE,civil_registry,legal_basis,https://www.irishstatutebook.ie/eli/2005/act/26/section/262/enacted/en/html,200,text/html,922f5f1a47931a7a312e37b6a81761f9f86a1308a1a59eafaa84cd22e822a467,exact,https://web.archive.org/web/20250927094133/https://www.irishstatutebook.ie/eli/2005/act/26/section/262/enacted/en/html,2026-09-29
IE,civil_registry,operator,https://www.gov.ie/en/department-of-social-protection/organisation-information/about-the-general-register-office/,403,text/html,,fetch_failed,,2026-09-29
IE,crisis_management,holding_name,https://www.gov.ie/en/department-of-defence/organisation-information/office-of-emergency-planning/,403,text/html,,fetch_failed,,2026-09-29
IE,crisis_management,legal_basis,https://www.gov.ie/en/department-of-defence/publications/strategic-emergency-management-national-structures-and-framework/,403,text/html,,fetch_failed,,2026-09-29
IE,crisis_management,operator,https://assets.gov.ie/static/documents/54a1dec6/Department_of_Defence_and_Defence_Forces_Annual_Report_2024_English_DNet.pdf,200,application/pdf,956f944f688f161e7e23ac3445ee3cd3e24105a8658e459dd3ab26e75315b5c3,exact,https://web.archive.org/web/20260311093310/https://assets.gov.ie/static/documents/54a1dec6/Department_of_Defence_and_Defence_Forces_Annual_Report_2024_English_DNet.pdf,2026-09-29
IE,customs,holding_name,https://www.revenue.ie/en/corporate/press-office/annual-report/2025/ar-2025.pdf,200,application/pdf,bddcfa9ebed8cd0881d508da291e41c3df4139dc21097f63755d125b26519846,exact,https://web.archive.org/web/20260507225147/https://www.revenue.ie/en/corporate/press-office/annual-report/2025/ar-2025.pdf,2026-09-29
IE,customs,legal_basis,https://www.irishstatutebook.ie/eli/2015/act/18/enacted/en/print,200,text/html,829401657eb9a7ce78ad1b36e41b15a7d4e768444e23d135cb8581cd2184d08d,exact,https://web.archive.org/web/20251112182438/https://www.irishstatutebook.ie/eli/2015/act/18/enacted/en/print,2026-09-29
IE,customs,operator,https://www.revenue.ie/en/corporate/press-office/annual-report/2025/ar-2025.pdf,200,application/pdf,bddcfa9ebed8cd0881d508da291e41c3df4139dc21097f63755d125b26519846,exact,https://web.archive.org/web/20260507225147/https://www.revenue.ie/en/corporate/press-office/annual-report/2025/ar-2025.pdf,2026-09-29
IE,customs,record_count,https://www.revenue.ie/en/corporate/press-office/annual-report/2025/ar-2025.pdf,200,application/pdf,bddcfa9ebed8cd0881d508da291e41c3df4139dc21097f63755d125b26519846,exact,https://web.archive.org/web/20260507225147/https://www.revenue.ie/en/corporate/press-office/annual-report/2025/ar-2025.pdf,2026-09-29
IE,defence_command,holding_name,https://assets.gov.ie/static/documents/54a1dec6/Department_of_Defence_and_Defence_Forces_Annual_Report_2024_English_DNet.pdf,200,application/pdf,956f944f688f161e7e23ac3445ee3cd3e24105a8658e459dd3ab26e75315b5c3,exact,https://web.archive.org/web/20260311093310/https://assets.gov.ie/static/documents/54a1dec6/Department_of_Defence_and_Defence_Forces_Annual_Report_2024_English_DNet.pdf,2026-09-29
IE,defence_command,hosting,https://assets.gov.ie/static/documents/54a1dec6/Department_of_Defence_and_Defence_Forces_Annual_Report_2024_English_DNet.pdf,200,application/pdf,956f944f688f161e7e23ac3445ee3cd3e24105a8658e459dd3ab26e75315b5c3,exact,https://web.archive.org/web/20260311093310/https://assets.gov.ie/static/documents/54a1dec6/Department_of_Defence_and_Defence_Forces_Annual_Report_2024_English_DNet.pdf,2026-09-29
IE,defence_command,legal_basis,https://www.irishstatutebook.ie/eli/1954/act/18/enacted/en/html,200,text/html,2ccd936ef3969de15c1d93451970ddde9c5ad48b65aec124d361e2e24e7d3c0f,exact,https://web.archive.org/web/20260616150926/https://www.irishstatutebook.ie/eli/1954/act/18/enacted/en/html,2026-09-29
IE,defence_command,operator,https://assets.gov.ie/static/documents/54a1dec6/Department_of_Defence_and_Defence_Forces_Annual_Report_2024_English_DNet.pdf,200,application/pdf,956f944f688f161e7e23ac3445ee3cd3e24105a8658e459dd3ab26e75315b5c3,exact,https://web.archive.org/web/20260311093310/https://assets.gov.ie/static/documents/54a1dec6/Department_of_Defence_and_Defence_Forces_Annual_Report_2024_English_DNet.pdf,2026-09-29
IE,digital_identity_credentials,holding_name,https://www.gov.ie/en/department-of-social-protection/policy-information/mygovid/,403,text/html,,fetch_failed,,2026-09-29
IE,digital_identity_credentials,legal_basis,https://revisedacts.lawreform.ie/eli/2005/act/26/section/263/revised/en/html,200,text/html,529cb96e730822209a52737d551c7fc11fadd4bb13026dc94118324f1b4ce0ca,exact,,2026-09-29
IE,digital_identity_credentials,operator,https://www.gov.ie/en/department-of-social-protection/press-releases/3-millionth-person-registers-for-a-mygovid-account/,403,text/html,,fetch_failed,,2026-09-29
IE,digital_identity_credentials,record_count,https://www.gov.ie/en/department-of-social-protection/press-releases/3-millionth-person-registers-for-a-mygovid-account/,403,text/html,,fetch_failed,,2026-09-29
IE,electoral_management,holding_name,https://assets.gov.ie/312963/3e85cb42-027b-4ede-8249-20112f9f652c.pdf,200,application/pdf,4af99c1c5a478d9c594ec572b4128821ec0ae453f12374bf20b7b4a37d7f67ac,exact,,2026-09-29
IE,electoral_management,legal_basis,https://www.irishstatutebook.ie/eli/2022/act/30/enacted/en/html,200,text/html,b98917ec68849eed0bf966a0094793f7f106ef92fc7f3a9032f627b0a4dab2d7,exact,https://web.archive.org/web/20260617072238/https://www.irishstatutebook.ie/eli/2022/act/30/enacted/en/html,2026-09-29
IE,electoral_management,operator,https://assets.gov.ie/312963/3e85cb42-027b-4ede-8249-20112f9f652c.pdf,200,application/pdf,4af99c1c5a478d9c594ec572b4128821ec0ae453f12374bf20b7b4a37d7f67ac,exact,,2026-09-29
IE,electoral_roll,holding_name,https://cdn.electoralcommission.ie/app/uploads/2025/04/30104313/Oversight-Report-on-the-Electoral-Registers_online_english_tagged.pdf,200,application/pdf,2af1fd3c7093b3834deaa4fd6aeb115022c21abe37e62e898612b892cc218f8f,exact,https://web.archive.org/web/20251026075202/https://cdn.electoralcommission.ie/app/uploads/2025/04/30104313/Oversight-Report-on-the-Electoral-Registers_online_english_tagged.pdf,2026-09-29
IE,electoral_roll,holding_name,https://www.gov.ie/en/department-of-housing-local-government-and-heritage/press-releases/improvements-to-voter-registration-process-launched-today-as-new-check-the-register-campaign-begins/,403,text/html,,fetch_failed,,2026-09-29
IE,electoral_roll,hosting,https://cdn.electoralcommission.ie/app/uploads/2025/04/30104313/Oversight-Report-on-the-Electoral-Registers_online_english_tagged.pdf,200,application/pdf,2af1fd3c7093b3834deaa4fd6aeb115022c21abe37e62e898612b892cc218f8f,exact,https://web.archive.org/web/20251026075202/https://cdn.electoralcommission.ie/app/uploads/2025/04/30104313/Oversight-Report-on-the-Electoral-Registers_online_english_tagged.pdf,2026-09-29
IE,electoral_roll,legal_basis,https://www.irishstatutebook.ie/eli/1992/act/23/section/13/enacted/en/html,200,text/html,5180bc3571dbb02bad7656d1f8c02c38e86f18b49e49a9e443cf96e338657fe1,exact,,2026-09-29
IE,electoral_roll,operator,https://www.gov.ie/en/department-of-housing-local-government-and-heritage/press-releases/improvements-to-voter-registration-process-launched-today-as-new-check-the-register-campaign-begins/,403,text/html,,fetch_failed,,2026-09-29
IE,electoral_roll,record_count,https://cdn.electoralcommission.ie/app/uploads/2025/04/30104313/Oversight-Report-on-the-Electoral-Registers_online_english_tagged.pdf,200,application/pdf,2af1fd3c7093b3834deaa4fd6aeb115022c21abe37e62e898612b892cc218f8f,exact,https://web.archive.org/web/20251026075202/https://cdn.electoralcommission.ie/app/uploads/2025/04/30104313/Oversight-Report-on-the-Electoral-Registers_online_english_tagged.pdf,2026-09-29
IE,emergency_communications,foreign_dependency,https://www.motorolasolutions.com/newsroom/press-releases/motorola-solutions-acquires-tetra-ireland-communications.html,200,text/html,04cf04a70dc6b2b7a91204bb993181b54c5e0a5d1c6dda731a47d2d7a6a9ae53,exact,https://web.archive.org/web/20260711055831/https://www.motorolasolutions.com/newsroom/press-releases/motorola-solutions-acquires-tetra-ireland-communications.html,2026-09-29
IE,emergency_communications,holding_name,https://www.motorolasolutions.com/newsroom/press-releases/motorola-solutions-acquires-tetra-ireland-communications.html,200,text/html,04cf04a70dc6b2b7a91204bb993181b54c5e0a5d1c6dda731a47d2d7a6a9ae53,exact,https://web.archive.org/web/20260711055831/https://www.motorolasolutions.com/newsroom/press-releases/motorola-solutions-acquires-tetra-ireland-communications.html,2026-09-29
IE,emergency_communications,legal_basis,https://112.ie/service-providers/,200,text/html,a04d9dbe1a7a0b1d36ab13f1b93224466019421c703cd45bfa167bc91e207d4d,exact,,2026-09-29
IE,emergency_communications,operator,https://112.ie/service-providers/,200,text/html,a04d9dbe1a7a0b1d36ab13f1b93224466019421c703cd45bfa167bc91e207d4d,exact,,2026-09-29
IE,facial_biometric,holding_name,https://www.dataprotection.ie/en/news-media/press-releases/dpc-announces-conclusion-investigation-use-facial-matching-technology-connection-public-services,200,text/html,5e47d99a723237a98ccbd48997680fa640651a708d5aaa5eb1ce6a6b387869cb,exact,https://web.archive.org/web/20260926120514/https://www.dataprotection.ie/en/news-media/press-releases/dpc-announces-conclusion-investigation-use-facial-matching-technology-connection-public-services,2026-09-29
IE,facial_biometric,legal_basis,https://revisedacts.lawreform.ie/eli/2005/act/26/section/263/revised/en/html,200,text/html,529cb96e730822209a52737d551c7fc11fadd4bb13026dc94118324f1b4ce0ca,exact,,2026-09-29
IE,facial_biometric,operator,https://www.dataprotection.ie/en/news-media/press-releases/dpc-announces-conclusion-investigation-use-facial-matching-technology-connection-public-services,200,text/html,5e47d99a723237a98ccbd48997680fa640651a708d5aaa5eb1ce6a6b387869cb,exact,https://web.archive.org/web/20260926120514/https://www.dataprotection.ie/en/news-media/press-releases/dpc-announces-conclusion-investigation-use-facial-matching-technology-connection-public-services,2026-09-29
IE,facial_biometric,record_count,https://www.dataprotection.ie/en/news-media/press-releases/dpc-announces-conclusion-investigation-use-facial-matching-technology-connection-public-services,200,text/html,5e47d99a723237a98ccbd48997680fa640651a708d5aaa5eb1ce6a6b387869cb,exact,https://web.archive.org/web/20260926120514/https://www.dataprotection.ie/en/news-media/press-releases/dpc-announces-conclusion-investigation-use-facial-matching-technology-connection-public-services,2026-09-29
IE,firearms_register,holding_name,https://www.garda.ie/en/about-us/online-services/firearms-licensing/,200,text/html,7f3f929d9e00472edba67446a71efcfc068f547c77f566498ddcd920c5611d89,exact,https://web.archive.org/web/20260917111136/https://www.garda.ie/en/about-us/online-services/firearms-licensing/,2026-09-29
IE,firearms_register,legal_basis,https://www.irishstatutebook.ie/eli/1925/act/17/section/2/enacted/en/html,200,text/html,4f5ce0dadfef07aaa9f6112e7e82eda24cb5586863c6267f2bcdc17e0236b3ae,exact,https://web.archive.org/web/20240917231553/https://www.irishstatutebook.ie/eli/1925/act/17/section/2/enacted/en/html,2026-09-29
IE,firearms_register,operator,https://www.garda.ie/en/about-us/online-services/firearms-licensing/,200,text/html,7f3f929d9e00472edba67446a71efcfc068f547c77f566498ddcd920c5611d89,exact,https://web.archive.org/web/20260917111136/https://www.garda.ie/en/about-us/online-services/firearms-licensing/,2026-09-29
IE,government_payroll,hosting,https://assets.nsso.gov.ie/documents/NSSO_Annual_Report_2024_1102.pdf,200,application/pdf,cf8e2f9097f85266151e7d0d622a2942594395c5f058f4701a494ad736b656e5,exact,,2026-09-29
IE,government_payroll,legal_basis,https://www.irishstatutebook.ie/eli/2017/act/26/enacted/en/html,200,text/html,6af153a11ea443f05d79bcc4d4fd12790c3c3680553ce8714a0e15527d3c0a6d,exact,https://web.archive.org/web/20250509011613/https://www.irishstatutebook.ie/eli/2017/act/26/enacted/en/html,2026-09-29
IE,government_payroll,operator,https://assets.nsso.gov.ie/documents/NSSO_Annual_Report_2024_1102.pdf,200,application/pdf,cf8e2f9097f85266151e7d0d622a2942594395c5f058f4701a494ad736b656e5,exact,,2026-09-29
IE,government_payroll,record_count,https://assets.nsso.gov.ie/documents/NSSO_Annual_Report_2024_1102.pdf,200,application/pdf,cf8e2f9097f85266151e7d0d622a2942594395c5f058f4701a494ad736b656e5,exact,,2026-09-29
IE,grid_control,holding_name,https://www.eirgrid.ie/grid/how-grid-works/national-control-centres,200,text/html,c28cc8184d48b00df654e131a5c7b809fe856d17e0672cd8b279efd79ce089b3,exact,,2026-09-29
IE,grid_control,legal_basis,https://www.irishstatutebook.ie/eli/2000/si/445/made/en/print,200,text/html,33c56832fd100d13c41920470320e79b622451dc0c9f4497840ce6c5a207e3f6,exact,https://web.archive.org/web/20240522144829/https://www.irishstatutebook.ie/eli/2000/si/445/made/en/print,2026-09-29
IE,grid_control,operator,https://www.eirgrid.ie/grid/how-grid-works/national-control-centres,200,text/html,c28cc8184d48b00df654e131a5c7b809fe856d17e0672cd8b279efd79ce089b3,exact,,2026-09-29
IE,health_insurance,holding_name,https://www.hiqa.ie/areas-we-work/health-information/data-collections/primary-care-reimbursement-service-pcrs,200,text/html,d92178b813c42c32e66e0c88680a76805203ae34bc72cdfd45ce8e112c7cdb01,exact,,2026-09-29
IE,health_insurance,legal_basis,https://www.irishstatutebook.ie/eli/1970/act/1/section/45/enacted/en/html,200,text/html,4a5f8a9fb157d2ba80a372898c240d93d74a5995ad55e59244683dced4c96ec8,loose,,2026-09-29
IE,health_insurance,operator,https://www.hiqa.ie/areas-we-work/health-information/data-collections/primary-care-reimbursement-service-pcrs,200,text/html,d92178b813c42c32e66e0c88680a76805203ae34bc72cdfd45ce8e112c7cdb01,exact,,2026-09-29
IE,health_insurance,record_count,https://www.drugsandalcohol.ie/46590/1/PCRS_Statistical_Analysis_of_Claims_and_Payments_2025.pdf,200,application/pdf,32d6ca5ab09580d2fe90f63030821b3a8af3d19830bef23c11c96b5f5ac029e2,exact,,2026-09-29
IE,health_records,holding_name,https://iiop.ie/sites/default/files/2026-06/NSCR%20Presentation_10%20June%202026_IIOPWebinar.pdf,200,application/pdf,6652af431cac224cb7b9de6616085100b2c947b883f87a3dbcc15c95b27bbfad,exact,,2026-09-29
IE,health_records,holding_name,https://www.hiqa.ie/areas-we-work/health-information/data-collections/national-register-individual-health-identifiers,200,text/html,d7825e14b072c2f8039fd1b42706fa5982d5a4595c2cb070a1086b50502b0812,exact,,2026-09-29
IE,health_records,legal_basis,https://www.hiqa.ie/areas-we-work/health-information/data-collections/national-register-individual-health-identifiers,200,text/html,d7825e14b072c2f8039fd1b42706fa5982d5a4595c2cb070a1086b50502b0812,exact,,2026-09-29
IE,health_records,operator,https://www.hiqa.ie/areas-we-work/health-information/data-collections/national-register-individual-health-identifiers,200,text/html,d7825e14b072c2f8039fd1b42706fa5982d5a4595c2cb070a1086b50502b0812,exact,,2026-09-29
IE,indicator:C1,indicator,https://assets.per.gov.ie/documents/4468be59812f40dda7003116cf05f196_1.pdf,200,application/pdf,ab90f93805b151006cbc4850a687b4ea0549bfb22263b7ce75b4a43bae70cb7a,exact,,2026-09-29
IE,indicator:C1,indicator,https://www.ogcio.gov.ie/en/corporate-pages/policy/build-to-share/,200,text/html,16ac3910024322b96fd86689b6b86d9d6737ae311a891c272db05e7b5df6ca1b,exact,https://web.archive.org/web/20260128012721/https://www.ogcio.gov.ie/en/corporate-pages/policy/build-to-share/,2026-09-29
IE,indicator:C2,indicator,https://www.ogcio.gov.ie/en/corporate-pages/policy/build-to-share/,200,text/html,16ac3910024322b96fd86689b6b86d9d6737ae311a891c272db05e7b5df6ca1b,exact,https://web.archive.org/web/20260128012721/https://www.ogcio.gov.ie/en/corporate-pages/policy/build-to-share/,2026-09-29
IE,indicator:C2,indicator,https://www.ogcio.gov.ie/en/corporate-pages/services/infrastructure/,200,text/html,ab27be5987f2b0dd18f9a3ad6ba7ce219e2bf08421b92698c22f0a6e1afd5735,exact,https://web.archive.org/web/20260618083911/https://www.ogcio.gov.ie/en/corporate-pages/services/infrastructure/,2026-09-29
IE,indicator:K1,indicator,https://eidas.gov.ie/Irelandtslsignedv6.xml,200,text/xml,9e88d44c3f33013b47463b2e473f672f23e69b20ae93c770228b0635707d4c3c,exact,https://web.archive.org/web/20260908033504/https://eidas.gov.ie/Irelandtslsignedv6.xml,2026-09-29
IE,indicator:K2,indicator,https://www.mygovid.ie/en-IE/Privacy,robots-denied,,,fetch_failed,,2026-09-29
IE,indicator:L1,indicator,https://assets.per.gov.ie/documents/4468be59812f40dda7003116cf05f196_1.pdf,200,application/pdf,ab90f93805b151006cbc4850a687b4ea0549bfb22263b7ce75b4a43bae70cb7a,exact,,2026-09-29
IE,indicator:L2,indicator,https://assets.per.gov.ie/documents/4468be59812f40dda7003116cf05f196_1.pdf,200,application/pdf,ab90f93805b151006cbc4850a687b4ea0549bfb22263b7ce75b4a43bae70cb7a,exact,,2026-09-29
IE,indicator:L3,indicator,https://assets.per.gov.ie/documents/4468be59812f40dda7003116cf05f196_1.pdf,200,application/pdf,ab90f93805b151006cbc4850a687b4ea0549bfb22263b7ce75b4a43bae70cb7a,exact,,2026-09-29
IE,intelligence,holding_name,https://assets.gov.ie/static/documents/54a1dec6/Department_of_Defence_and_Defence_Forces_Annual_Report_2024_English_DNet.pdf,200,application/pdf,956f944f688f161e7e23ac3445ee3cd3e24105a8658e459dd3ab26e75315b5c3,exact,https://web.archive.org/web/20260311093310/https://assets.gov.ie/static/documents/54a1dec6/Department_of_Defence_and_Defence_Forces_Annual_Report_2024_English_DNet.pdf,2026-09-29
IE,intelligence,operator,https://assets.gov.ie/static/documents/54a1dec6/Department_of_Defence_and_Defence_Forces_Annual_Report_2024_English_DNet.pdf,200,application/pdf,956f944f688f161e7e23ac3445ee3cd3e24105a8658e459dd3ab26e75315b5c3,exact,https://web.archive.org/web/20260311093310/https://assets.gov.ie/static/documents/54a1dec6/Department_of_Defence_and_Defence_Forces_Annual_Report_2024_English_DNet.pdf,2026-09-29
IE,issuance_history,holding_name,https://www.ireland.ie/en/privacypolicy/data-privacy-notice-for-the-passport-service/,403,text/html,,fetch_failed,,2026-09-29
IE,issuance_history,legal_basis,https://www.irishstatutebook.ie/eli/2008/act/4/enacted/en/print,200,text/html,6eb39e4b3dfafe71ff04d45cf134cd1eff76791ffb0820f51a584cc590b781d3,exact,https://web.archive.org/web/20260607170551/https://www.irishstatutebook.ie/eli/2008/act/4/enacted/en/print,2026-09-29
IE,issuance_history,operator,https://www.ireland.ie/en/privacypolicy/data-privacy-notice-for-the-passport-service/,403,text/html,,fetch_failed,,2026-09-29
IE,issuance_history,record_count,https://www.gov.ie/en/department-of-foreign-affairs/press-releases/minister-mcentee-encourages-citizens-to-check-passports-with-over-half-a-million-issued-this-year/,403,text/html,,fetch_failed,,2026-09-29
IE,judicial_criminal,holding_name,https://www.courts.ie/docs/default-source/courts-annual-reports/courts-service-annual-report-2024.pdf,robots-denied,,,fetch_failed,,2026-09-29
IE,judicial_criminal,legal_basis,https://www.irishstatutebook.ie/eli/1998/act/8/section/5/enacted/en/html,200,text/html,557c02ef5b3d3fc9a45e1c006f797aeecd5c6a198a921d171a5c09a7e571cf0e,loose,https://web.archive.org/web/20250712024514/https://www.irishstatutebook.ie/eli/1998/act/8/section/5/enacted/en/html,2026-09-29
IE,judicial_criminal,operator,https://www.courts.ie/docs/default-source/courts-annual-reports/courts-service-annual-report-2024.pdf,robots-denied,,,fetch_failed,,2026-09-29
IE,land_property,holding_name,https://tailte.ie/wp-content/uploads/2025/11/TE_AnnualReport2024_GA_EN.pdf,200,application/pdf,53c32e40d4196b72acdfa802ce791bcfbd1aee4c87ae1f43a71808077779a02e,exact,https://web.archive.org/web/20260513220930/https://tailte.ie/wp-content/uploads/2025/11/TE_AnnualReport2024_GA_EN.pdf,2026-09-29
IE,land_property,legal_basis,https://www.irishstatutebook.ie/eli/1964/act/16/section/8/enacted/en/html,200,text/html,2630f077acb59dd4158dd2f4bf41d270ab87a913b2f0f4163dd719eef8980d0c,loose,https://web.archive.org/web/20250610084031/https://www.irishstatutebook.ie/eli/1964/act/16/section/8/enacted/en/html,2026-09-29
IE,land_property,operator,https://tailte.ie/wp-content/uploads/2025/11/TE_AnnualReport2024_GA_EN.pdf,200,application/pdf,53c32e40d4196b72acdfa802ce791bcfbd1aee4c87ae1f43a71808077779a02e,exact,https://web.archive.org/web/20260513220930/https://tailte.ie/wp-content/uploads/2025/11/TE_AnnualReport2024_GA_EN.pdf,2026-09-29
IE,land_property,record_count,https://tailte.ie/wp-content/uploads/2025/11/TE_AnnualReport2024_GA_EN.pdf,200,application/pdf,53c32e40d4196b72acdfa802ce791bcfbd1aee4c87ae1f43a71808077779a02e,exact,https://web.archive.org/web/20260513220930/https://tailte.ie/wp-content/uploads/2025/11/TE_AnnualReport2024_GA_EN.pdf,2026-09-29
IE,official_gazette,holding_name,https://www.gov.ie/en/office-of-public-works/services/government-publications/,403,text/html,,fetch_failed,,2026-09-29
IE,official_gazette,holding_name,https://www.gov.ie/en/office-of-the-attorney-general/services/access-the-electronic-irish-statute-book-eisb/,403,text/html,,fetch_failed,,2026-09-29
IE,official_gazette,legal_basis,https://www.irishstatutebook.ie/eli/1925/act/24/enacted/en/print.html,200,text/html,e88d5010e5b025eb71047cdb80c19d26d51b6c04e3731135b72b8efdb67d1428,exact,https://web.archive.org/web/20240907180909/https://www.irishstatutebook.ie/eli/1925/act/24/enacted/en/print.html,2026-09-29
IE,official_gazette,operator,https://www.gov.ie/en/office-of-public-works/services/government-publications/,403,text/html,,fetch_failed,,2026-09-29
IE,official_gazette,operator,https://www.irishstatutebook.ie/faq.html,200,text/html,9c1c643935f2dc1deb6f27228cf405363a9f87595a02ed654e2d058dc74b3251,exact,https://web.archive.org/web/20150426120025/http://www.irishstatutebook.ie/faq.html,2026-09-29
IE,police_records,holding_name,https://www.garda.ie/en/about-us/our-departments/garda-information-services-centre-gisc-/,200,text/html,c84d897912e5b17b5b3a63d749d94eb20c2676dd8fbd9d7a3b3c6d32deeffefa,exact,https://web.archive.org/web/20260610071140/https://www.garda.ie/en/about-us/our-departments/garda-information-services-centre-gisc-/,2026-09-29
IE,police_records,operator,https://www.garda.ie/en/about-us/our-departments/garda-information-services-centre-gisc-/,200,text/html,c84d897912e5b17b5b3a63d749d94eb20c2676dd8fbd9d7a3b3c6d32deeffefa,exact,https://web.archive.org/web/20260610071140/https://www.garda.ie/en/about-us/our-departments/garda-information-services-centre-gisc-/,2026-09-29
IE,public_finance,foreign_dependency,https://www.audit.gov.ie/media/jqinw3i5/6-financial-management-shared-services-implementation-progress.pdf,200,application/pdf,1df2128182bb2d14697bf490cba451b4e572aae3456f672e307af9b2fcb24427,exact,,2026-09-29
IE,public_finance,holding_name,https://www.audit.gov.ie/media/jqinw3i5/6-financial-management-shared-services-implementation-progress.pdf,200,application/pdf,1df2128182bb2d14697bf490cba451b4e572aae3456f672e307af9b2fcb24427,exact,,2026-09-29
IE,public_finance,legal_basis,https://www.irishstatutebook.ie/eli/2017/act/26/enacted/en/html,200,text/html,6af153a11ea443f05d79bcc4d4fd12790c3c3680553ce8714a0e15527d3c0a6d,exact,https://web.archive.org/web/20250509011613/https://www.irishstatutebook.ie/eli/2017/act/26/enacted/en/html,2026-09-29
IE,public_finance,operator,https://www.audit.gov.ie/media/jqinw3i5/6-financial-management-shared-services-implementation-progress.pdf,200,application/pdf,1df2128182bb2d14697bf490cba451b4e572aae3456f672e307af9b2fcb24427,exact,,2026-09-29
IE,public_health_surveillance,holding_name,https://www.hpsc.ie/cidr/,200,text/html,a46ed5210dec55c0b33ebf65e7ae53bcd8e6d6cddbe3e90007d3f44f1149206e,exact,https://web.archive.org/web/20260911101522/https://www.hpsc.ie/cidr/,2026-09-29
IE,public_health_surveillance,legal_basis,https://www.hiqa.ie/areas-we-work/health-information/data-collections/computerised-infectious-disease-reporting-cidr,200,text/html,ccb7e4281ca0e8a420e279f6629ea24cbdb67771bc10eccec2b18c68b78d30c8,exact,https://web.archive.org/web/20240704233334/https://www.hiqa.ie/areas-we-work/health-information/data-collections/computerised-infectious-disease-reporting-cidr,2026-09-29
IE,public_health_surveillance,operator,https://www.hiqa.ie/areas-we-work/health-information/data-collections/computerised-infectious-disease-reporting-cidr,200,text/html,ccb7e4281ca0e8a420e279f6629ea24cbdb67771bc10eccec2b18c68b78d30c8,exact,https://web.archive.org/web/20240704233334/https://www.hiqa.ie/areas-we-work/health-information/data-collections/computerised-infectious-disease-reporting-cidr,2026-09-29
IE,public_health_surveillance,record_count,https://www.hiqa.ie/areas-we-work/health-information/data-collections/computerised-infectious-disease-reporting-cidr,200,text/html,ccb7e4281ca0e8a420e279f6629ea24cbdb67771bc10eccec2b18c68b78d30c8,exact,https://web.archive.org/web/20240704233334/https://www.hiqa.ie/areas-we-work/health-information/data-collections/computerised-infectious-disease-reporting-cidr,2026-09-29
IE,residence_permits,holding_name,https://www.irishimmigration.ie/information-on-revocation-of-registered-irish-residence-permissions/,200,text/html,4c816a10e3e641b87e4a21f43b006b19942b98482a882c361f36c99dabec0cb2,exact,https://web.archive.org/web/20260518125209/https://www.irishimmigration.ie/information-on-revocation-of-registered-irish-residence-permissions/,2026-09-29
IE,residence_permits,legal_basis,https://www.irishstatutebook.ie/eli/2004/act/1/enacted/en/print,200,text/html,4289a7038b0607efa5a51a75a6800f494559b84e6a0c6553cc03d6334cda0e3e,exact,,2026-09-29
IE,residence_permits,operator,https://www.garda.ie/en/about-us/organised-serious-crime/immigration-gnib-/,200,text/html,2e177657a8c78dadcfd3437c214740e5f7cb4d4c9839a3279c6d2636f737c6a5,exact,https://web.archive.org/web/20260917111236/https://www.garda.ie/en/about-us/organised-serious-crime/immigration-gnib-/,2026-09-29
IE,tax,hosting,https://www.revenue.ie/en/corporate/press-office/annual-report/2025/ar-2025.pdf,200,application/pdf,bddcfa9ebed8cd0881d508da291e41c3df4139dc21097f63755d125b26519846,exact,https://web.archive.org/web/20260507225147/https://www.revenue.ie/en/corporate/press-office/annual-report/2025/ar-2025.pdf,2026-09-29
IE,tax,legal_basis,https://www.revenue.ie/en/tax-professionals/tdm-wm/income-tax-capital-gains-tax-corporation-tax/part-38/38-06-01.pdf,200,application/pdf,c565b9892f0b598f91ca73e52ee8dbfe7b6f6a588d1697c507cce9b0497d6bff,exact,https://web.archive.org/web/20260520131022/https://www.revenue.ie/en/tax-professionals/tdm-wm/income-tax-capital-gains-tax-corporation-tax/part-38/38-06-01.pdf,2026-09-29
IE,tax,operator,https://www.revenue.ie/en/corporate/press-office/annual-report/2025/ar-2025.pdf,200,application/pdf,bddcfa9ebed8cd0881d508da291e41c3df4139dc21097f63755d125b26519846,exact,https://web.archive.org/web/20260507225147/https://www.revenue.ie/en/corporate/press-office/annual-report/2025/ar-2025.pdf,2026-09-29
IE,tax,record_count,https://www.revenue.ie/en/corporate/press-office/annual-report/2025/ar-2025.pdf,200,application/pdf,bddcfa9ebed8cd0881d508da291e41c3df4139dc21097f63755d125b26519846,exact,https://web.archive.org/web/20260507225147/https://www.revenue.ie/en/corporate/press-office/annual-report/2025/ar-2025.pdf,2026-09-29
IE,trust_services_pki,holding_name,https://www.gov.ie/en/department-of-culture-communications-and-sport/publications/trust-service-providers/,403,text/html,,fetch_failed,,2026-09-29
IE,trust_services_pki,holding_name,https://www.revenue.ie/en/tax-professionals/tdm-wm/income-tax-capital-gains-tax-corporation-tax/part-38/38-06-01.pdf,200,application/pdf,c565b9892f0b598f91ca73e52ee8dbfe7b6f6a588d1697c507cce9b0497d6bff,exact,https://web.archive.org/web/20260520131022/https://www.revenue.ie/en/tax-professionals/tdm-wm/income-tax-capital-gains-tax-corporation-tax/part-38/38-06-01.pdf,2026-09-29
IE,trust_services_pki,legal_basis,https://www.gov.ie/en/department-of-culture-communications-and-sport/publications/trust-service-providers/,403,text/html,,fetch_failed,,2026-09-29
IE,trust_services_pki,operator,https://www.revenue.ie/en/tax-professionals/tdm-wm/income-tax-capital-gains-tax-corporation-tax/part-38/38-06-01.pdf,200,application/pdf,c565b9892f0b598f91ca73e52ee8dbfe7b6f6a588d1697c507cce9b0497d6bff,exact,https://web.archive.org/web/20260520131022/https://www.revenue.ie/en/tax-professionals/tdm-wm/income-tax-capital-gains-tax-corporation-tax/part-38/38-06-01.pdf,2026-09-29
IE,vehicle_licensing,holding_name,https://datacatalogue.gov.ie/dataset/national-vehicle-and-driver-database,200,text/html,f6b750cfc7db177038d8e687218e17739518c79466de2f270c82467c2947f73f,exact,https://web.archive.org/web/20260217001228/https://datacatalogue.gov.ie/dataset/national-vehicle-and-driver-database,2026-09-29
IE,vehicle_licensing,legal_basis,https://www.irishstatutebook.ie/eli/1993/act/13/section/60/enacted/en/html,200,text/html,a75faf0c604aaa43122f6f595cd09f47abe949b3046e2bcd2c6e2dfaec567dba,exact,https://web.archive.org/web/20240501204053/https://www.irishstatutebook.ie/eli/1993/act/13/section/60/enacted/en/html,2026-09-29
IE,vehicle_licensing,operator,https://www.gov.ie/en/department-of-transport/organisation-information/driver-and-vehicle-computer-services-division/,403,text/html,,fetch_failed,,2026-09-29
IE,vehicle_licensing,record_count,https://www.gov.ie/en/department-of-transport/organisation-information/driver-and-vehicle-computer-services-division/,403,text/html,,fetch_failed,,2026-09-29
IE,water_control,holding_name,https://www.water.ie/sites/default/files/2025-07/Uisce-Eireann-2024-Annual-Report-EN.pdf,200,application/pdf,75f79e1eb879e4d98702c30fb399562f904e91444a960257ab02dc07f32f6070,exact,,2026-09-29
IE,water_control,legal_basis,https://www.water.ie/sites/default/files/2025-07/Uisce-Eireann-2024-Annual-Report-EN.pdf,200,application/pdf,75f79e1eb879e4d98702c30fb399562f904e91444a960257ab02dc07f32f6070,exact,,2026-09-29
IE,water_control,operator,https://www.water.ie/sites/default/files/2025-07/Uisce-Eireann-2024-Annual-Report-EN.pdf,200,application/pdf,75f79e1eb879e4d98702c30fb399562f904e91444a960257ab02dc07f32f6070,exact,,2026-09-29
IE,water_control,record_count,https://www.water.ie/sites/default/files/2025-07/Uisce-Eireann-2024-Annual-Report-EN.pdf,200,application/pdf,75f79e1eb879e4d98702c30fb399562f904e91444a960257ab02dc07f32f6070,exact,,2026-09-29
IT,authentication_audit_log,legal_basis,https://www.gazzettaufficiale.it/eli/gu/2014/12/09/285/sg/pdf,200,application/pdf,47f4ed2c2f6cc9673b909fd4aec072a1c9efbdd31acdca6c413984133a52138e,exact,https://web.archive.org/web/20250918093548/https://www.gazzettaufficiale.it/eli/gu/2014/12/09/285/sg/pdf,2026-09-29
IT,authentication_audit_log,legal_basis,https://www.normattiva.it/uri-res/N2Ls?urn:nir:stato:decreto.legislativo:2005-03-07;82~art50ter,200,text/html,7137d6aa039a3b4ae6fbd48731a72ba01e6851bdde5f1fdb48ba4142fb965f02,exact,https://web.archive.org/web/20260518035800/https://www.normattiva.it/uri-res/N2Ls?urn:nir:stato:decreto.legislativo:2005-03-07;82~art50ter,2026-09-29
IT,authentication_audit_log,record_count,https://www.agid.gov.it/it/piattaforme/spid,200,text/html,7f1b446d262e6f11510e959473baf7c1880b796f284bc50e2984d2a7c581bbff,exact,https://web.archive.org/web/20260924012111/https://www.agid.gov.it/it/piattaforme/spid,2026-09-29
IT,beneficial_ownership,legal_basis,https://www.normattiva.it/uri-res/N2Ls?urn:nir:stato:decreto.legislativo:2007-11-21;231~art21,error,,,fetch_failed,,2026-09-29
IT,benefits_pensions,legal_basis,https://www.normattiva.it/uri-res/N2Ls?urn:nir:presidente.repubblica:decreto:1971-12-31;1388,200,text/html,79791f36e57d139c636197cbee284ec942b10176dc8df83c459d85fbb5eb2735,exact,https://web.archive.org/web/20250806175435/https://www.normattiva.it/uri-res/N2Ls?urn:nir:presidente.repubblica:decreto:1971-12-31;1388,2026-09-29
IT,border_control,legal_basis,https://www.normattiva.it/uri-res/N2Ls?urn:nir:stato:decreto.legge:2005-01-31;7~art7viciester,200,text/html,8e90aa3c65bd397d74979ed59d041106c80225e8816d392cc252315e679f4d95,exact,,2026-09-29
IT,border_control,legal_basis,https://www.normattiva.it/uri-res/N2Ls?urn:nir:stato:legge:1993-09-30;388~art9,200,text/html,4ba90fb124a96ea26639af02ede340e696261f8b5a1b2ae5bae1742de972bfcd,exact,,2026-09-29
IT,breeder_documents,holding_name,https://www.anagrafenazionale.interno.it/area-tecnica/guida-ansc/,200,text/html,a888818e85ff90f1173e13ce22b5cb6d0af1bc26cfb83d905a7a3f65f260c562,exact,https://web.archive.org/web/20260918002926/https://www.anagrafenazionale.interno.it/area-tecnica/guida-ansc/,2026-09-29
IT,breeder_documents,legal_basis,https://www.normattiva.it/uri-res/N2Ls?urn:nir:stato:decreto.legislativo:2005-03-07;82~art62,200,text/html,f235f1b7747ce13e88b6042b532f3270f74923e37c0c1fd36a73ca0e9aa5d8f4,exact,https://web.archive.org/web/20260125120137/https://www.normattiva.it/uri-res/N2Ls?urn:nir:stato:decreto.legislativo:2005-03-07;82~art62,2026-09-29
IT,business_registry,legal_basis,https://www.normattiva.it/uri-res/N2Ls?urn:nir:stato:legge:1993-12-29;580~art8,200,text/html,0bdaed15443862db8b0c6c29ef453c4cc71c557d9665e8b0c80a58523527fbe6,exact,https://web.archive.org/web/20260211011240/https://www.normattiva.it/uri-res/N2Ls?urn:nir:stato:legge:1993-12-29;580~art8,2026-09-29
IT,business_registry,operator,https://www.agid.gov.it/it/dati/basi-dati-interesse-nazionale,200,text/html,0a7dba3087a970cc99ac8a22092806c4f7b16601cd359f2327c12d62f78a377c,exact,https://web.archive.org/web/20260928014400/https://www.agid.gov.it/it/dati/basi-dati-interesse-nazionale,2026-09-29
IT,central_bank,foreign_dependency,https://www.bancaditalia.it/compiti/sistema-pagamenti/index.html,200,text/html,9afb68a48df9049bb2c4caa3858edfb86cc1eeea217baac90efcad8070d90797,exact,https://web.archive.org/web/20260501091452/https://www.bancaditalia.it/compiti/sistema-pagamenti/index.html,2026-09-29
IT,central_bank,operator,https://www.bancaditalia.it/compiti/sistema-pagamenti/index.html,200,text/html,9afb68a48df9049bb2c4caa3858edfb86cc1eeea217baac90efcad8070d90797,exact,https://web.archive.org/web/20260501091452/https://www.bancaditalia.it/compiti/sistema-pagamenti/index.html,2026-09-29
IT,civil_registry,holding_name,https://www.anagrafenazionale.interno.it/anpr/,200,text/html,c2ee1d045a818af3a2b60010d6d8a9fa2a85aa29ba3c0649efcc70dc24f61bfb,exact,https://web.archive.org/web/20260927003857/https://www.anagrafenazionale.interno.it/anpr/,2026-09-29
IT,civil_registry,legal_basis,https://www.normattiva.it/uri-res/N2Ls?urn:nir:stato:decreto.legislativo:2005-03-07;82~art62,200,text/html,f235f1b7747ce13e88b6042b532f3270f74923e37c0c1fd36a73ca0e9aa5d8f4,exact,https://web.archive.org/web/20260125120137/https://www.normattiva.it/uri-res/N2Ls?urn:nir:stato:decreto.legislativo:2005-03-07;82~art62,2026-09-29
IT,civil_registry,operator,https://www.anagrafenazionale.interno.it/anpr/,200,text/html,c2ee1d045a818af3a2b60010d6d8a9fa2a85aa29ba3c0649efcc70dc24f61bfb,exact,https://web.archive.org/web/20260927003857/https://www.anagrafenazionale.interno.it/anpr/,2026-09-29
IT,civil_registry,record_count,https://www.anagrafenazionale.interno.it/,200,text/html,d1101e28aaaedfe65aa39d564c4880410c4ab08f1492ed3f3074748945f26c49,exact,https://web.archive.org/web/20260929004520/https://www.anagrafenazionale.interno.it/,2026-09-29
IT,crisis_management,holding_name,https://www.it-alert.it/it/come-funziona/,200,text/html,90e43355f247d9ec58363a0581ee4034f313b5188c0531b1006ae3d31ae0713e,exact,,2026-09-29
IT,crisis_management,operator,https://www.normattiva.it/uri-res/N2Ls?urn:nir:stato:decreto.legislativo:2018-01-02;1~art8,200,text/html,7bbc48401a15b10221f840edb3b6277bc4cea637c2f1f64540bb76914d7716c8,exact,,2026-09-29
IT,customs,holding_name,https://www.adm.gov.it/portale/documents/20182/261920520/Libro+blu+2024+-+Relazione.pdf/e46989ce-b39f-a404-3b4b-2af3196cba43?t=1784560697678,200,application/pdf,8d5ba87bd82cd8ce5fe0c45f78dada55d73240e4998c2ea80008edc9197a6486,exact,,2026-09-29
IT,digital_identity_credentials,hosting,https://www.agid.gov.it/it/piattaforme/spid,200,text/html,7f1b446d262e6f11510e959473baf7c1880b796f284bc50e2984d2a7c581bbff,exact,https://web.archive.org/web/20260924012111/https://www.agid.gov.it/it/piattaforme/spid,2026-09-29
IT,digital_identity_credentials,legal_basis,https://www.normattiva.it/uri-res/N2Ls?urn:nir:stato:decreto.legislativo:2005-03-07;82~art64,200,text/html,9ebc3c820c93ae2ae1b127ecfc73725b82d1d477026a07baddec605a980b69af,exact,https://web.archive.org/web/20251111011946/https://www.normattiva.it/uri-res/N2Ls?urn:nir:stato:decreto.legislativo:2005-03-07;82~art64,2026-09-29
IT,digital_identity_credentials,legal_basis,https://www.normattiva.it/uri-res/N2Ls?urn:nir:stato:decreto.legislativo:2005-03-07;82~art66,200,text/html,152cb5519f862a553985c92f8493394dcadb5b5dbc421d42b2b62b9dc56b742e,exact,,2026-09-29
IT,digital_identity_credentials,operator,https://www.agid.gov.it/it/piattaforme/spid,200,text/html,7f1b446d262e6f11510e959473baf7c1880b796f284bc50e2984d2a7c581bbff,exact,https://web.archive.org/web/20260924012111/https://www.agid.gov.it/it/piattaforme/spid,2026-09-29
IT,digital_identity_credentials,record_count,https://www.agid.gov.it/it/piattaforme/spid,200,text/html,7f1b446d262e6f11510e959473baf7c1880b796f284bc50e2984d2a7c581bbff,exact,https://web.archive.org/web/20260924012111/https://www.agid.gov.it/it/piattaforme/spid,2026-09-29
IT,education,legal_basis,https://www.normattiva.it/uri-res/N2Ls?urn:nir:stato:decreto.legislativo:2005-03-07;82~art62quater,200,text/html,8d6b893ead89cc9f23ddcbd2d4cca2453a38f34df3c018a84f23304b60f3d81f,exact,https://web.archive.org/web/20250713135628/https://www.normattiva.it/uri-res/N2Ls?urn:nir:stato:decreto.legislativo:2005-03-07;82~art62quater,2026-09-29
IT,education,operator,https://www.agid.gov.it/it/dati/basi-dati-interesse-nazionale,200,text/html,0a7dba3087a970cc99ac8a22092806c4f7b16601cd359f2327c12d62f78a377c,exact,https://web.archive.org/web/20260928014400/https://www.agid.gov.it/it/dati/basi-dati-interesse-nazionale,2026-09-29
IT,electoral_management,holding_name,https://dait.interno.gov.it/elezioni,200,text/html,c3af40577fb54b2999a2333fd1985e5aca9b4a9c721b7a0f9dd73b3394c24152,exact,https://web.archive.org/web/20260929012749/https://dait.interno.gov.it/elezioni,2026-09-29
IT,electoral_management,operator,https://dait.interno.gov.it/elezioni,200,text/html,c3af40577fb54b2999a2333fd1985e5aca9b4a9c721b7a0f9dd73b3394c24152,exact,https://web.archive.org/web/20260929012749/https://dait.interno.gov.it/elezioni,2026-09-29
IT,electoral_roll,holding_name,https://www.normattiva.it/uri-res/N2Ls?urn:nir:stato:decreto.legislativo:2005-03-07;82~art62,200,text/html,f235f1b7747ce13e88b6042b532f3270f74923e37c0c1fd36a73ca0e9aa5d8f4,exact,https://web.archive.org/web/20260125120137/https://www.normattiva.it/uri-res/N2Ls?urn:nir:stato:decreto.legislativo:2005-03-07;82~art62,2026-09-29
IT,electoral_roll,legal_basis,https://www.normattiva.it/uri-res/N2Ls?urn:nir:presidente.repubblica:decreto:1967-03-20;223,error,,,fetch_failed,,2026-09-29
IT,emergency_communications,legal_basis,https://www.normattiva.it/uri-res/N2Ls?urn:nir:stato:legge:2015-08-07;124~art8,200,text/html,a8fe78eedae7335a6b6627587882e2cca7e979fe436fef48a98109b8d78d894d,exact,https://web.archive.org/web/20251112051941/https://www.normattiva.it/uri-res/N2Ls?urn:nir:stato:legge:2015-08-07;124~art8,2026-09-29
IT,extra:data_interoperability_platform,legal_basis,https://www.normattiva.it/uri-res/N2Ls?urn:nir:stato:decreto.legislativo:2005-03-07;82~art50ter,200,text/html,7137d6aa039a3b4ae6fbd48731a72ba01e6851bdde5f1fdb48ba4142fb965f02,exact,https://web.archive.org/web/20260518035800/https://www.normattiva.it/uri-res/N2Ls?urn:nir:stato:decreto.legislativo:2005-03-07;82~art50ter,2026-09-29
IT,extra:digital_domicile_register,operator,https://www.agid.gov.it/it/dati/basi-dati-interesse-nazionale,200,text/html,0a7dba3087a970cc99ac8a22092806c4f7b16601cd359f2327c12d62f78a377c,exact,https://web.archive.org/web/20260928014400/https://www.agid.gov.it/it/dati/basi-dati-interesse-nazionale,2026-09-29
IT,extra:public_procurement,operator,https://www.agid.gov.it/it/dati/basi-dati-interesse-nazionale,200,text/html,0a7dba3087a970cc99ac8a22092806c4f7b16601cd359f2327c12d62f78a377c,exact,https://web.archive.org/web/20260928014400/https://www.agid.gov.it/it/dati/basi-dati-interesse-nazionale,2026-09-29
IT,facial_biometric,holding_name,https://www.gazzettaufficiale.it/eli/gu/2015/12/30/302/sg/pdf,200,application/pdf,402774603649bcc7b0470da561b5b27f57bb6b73ae604af85f4c39453ea52818,exact,,2026-09-29
IT,facial_biometric,hosting,https://www.gazzettaufficiale.it/eli/gu/2015/12/30/302/sg/pdf,200,application/pdf,402774603649bcc7b0470da561b5b27f57bb6b73ae604af85f4c39453ea52818,exact,,2026-09-29
IT,facial_biometric,legal_basis,https://www.gazzettaufficiale.it/eli/gu/2015/12/30/302/sg/pdf,200,application/pdf,402774603649bcc7b0470da561b5b27f57bb6b73ae604af85f4c39453ea52818,exact,,2026-09-29
IT,facial_biometric,operator,https://www.gazzettaufficiale.it/eli/gu/2015/12/30/302/sg/pdf,200,application/pdf,402774603649bcc7b0470da561b5b27f57bb6b73ae604af85f4c39453ea52818,exact,,2026-09-29
IT,fingerprint_biometric,legal_basis,https://www.gazzettaufficiale.it/eli/gu/2015/12/30/302/sg/pdf,200,application/pdf,402774603649bcc7b0470da561b5b27f57bb6b73ae604af85f4c39453ea52818,exact,,2026-09-29
IT,fingerprint_biometric,not_held,https://www.gazzettaufficiale.it/eli/gu/2015/12/30/302/sg/pdf,200,application/pdf,402774603649bcc7b0470da561b5b27f57bb6b73ae604af85f4c39453ea52818,exact,,2026-09-29
IT,firearms_register,legal_basis,https://www.normattiva.it/uri-res/N2Ls?urn:nir:stato:decreto.legislativo:2010-11-26;204~art3,200,text/html,ebf34aa04025a09254b3204f9c198c36deac25d256dc792bdbf8278168a51a1c,exact,,2026-09-29
IT,geospatial,legal_basis,https://www.normattiva.it/uri-res/N2Ls?urn:nir:stato:decreto.legge:2012-10-18;179~art3,200,text/html,d6b1b9df21c1f5a87525748f5291beb983b5a5123f39ceb53e5e13f3f1a0dc46,exact,https://web.archive.org/web/20250521205442/https://www.normattiva.it/uri-res/N2Ls?urn:nir:stato:decreto.legge:2012-10-18;179~art3,2026-09-29
IT,geospatial,legal_basis,https://www.normattiva.it/uri-res/N2Ls?urn:nir:stato:decreto.legislativo:2005-03-07;82~art59,200,text/html,4f5f037cf1f3f7d544e2dc9f6780794ac890b3d9c5ad08c4352db4f854c3dbfe,exact,https://web.archive.org/web/20240716144421/https://www.normattiva.it/uri-res/N2Ls?urn:nir:stato:decreto.legislativo:2005-03-07;82~art59,2026-09-29
IT,government_payroll,operator,https://noipa.mef.gov.it/,200,text/html,afbe50f1b99e840473019d35904a37ee90fad6ddf157cd600377b82d3b275ed2,exact,https://web.archive.org/web/20240614193511/https://noipa.mef.gov.it/,2026-09-29
IT,government_payroll,record_count,https://noipa.mef.gov.it/,200,text/html,afbe50f1b99e840473019d35904a37ee90fad6ddf157cd600377b82d3b275ed2,exact,https://web.archive.org/web/20240614193511/https://noipa.mef.gov.it/,2026-09-29
IT,grid_control,legal_basis,https://www.normattiva.it/uri-res/N2Ls?urn:nir:stato:decreto.legislativo:1999-03-16;79~art3,200,text/html,c662cab3330c8815f2ab4a292f36842d2a46df40f5bb69ee53e92957003f606c,exact,https://web.archive.org/web/20251015221148/https://www.normattiva.it/uri-res/N2Ls?urn:nir:stato:decreto.legislativo:1999-03-16;79~art3,2026-09-29
IT,health_insurance,holding_name,https://www.sistemats.it/,200,text/html,a1a79d906b8766f0540e681d94171d157459e9e5114af5774d7147768115248a,exact,https://web.archive.org/web/20160502181750/http://www.sistemats.it:80/,2026-09-29
IT,health_insurance,legal_basis,https://www.normattiva.it/uri-res/N2Ls?urn:nir:stato:decreto.legislativo:2005-03-07;82~art62ter,200,text/html,5e2ff5d71afba00a3cd7dfb08a1049399ba462f49c89bf580eec0997ace30670,exact,https://web.archive.org/web/20251012072920/https://www.normattiva.it/uri-res/N2Ls?urn:nir:stato:decreto.legislativo:2005-03-07;82~art62ter,2026-09-29
IT,health_insurance,operator,https://www.normattiva.it/uri-res/N2Ls?urn:nir:stato:decreto.legislativo:2005-03-07;82~art62ter,200,text/html,5e2ff5d71afba00a3cd7dfb08a1049399ba462f49c89bf580eec0997ace30670,exact,https://web.archive.org/web/20251012072920/https://www.normattiva.it/uri-res/N2Ls?urn:nir:stato:decreto.legislativo:2005-03-07;82~art62ter,2026-09-29
IT,health_records,holding_name,https://www.normattiva.it/uri-res/N2Ls?urn:nir:stato:decreto.legge:2012-10-18;179~art12,200,text/html,f8ca3474d51bd57c917bff7bd63b0f101abb04401081561643c9b700eccc89ea,exact,https://web.archive.org/web/20250819092310/https://www.normattiva.it/uri-res/N2Ls?urn:nir:stato:decreto.legge:2012-10-18;179~art12,2026-09-29
IT,health_records,operator,https://www.normattiva.it/uri-res/N2Ls?urn:nir:stato:decreto.legge:2012-10-18;179~art12,200,text/html,f8ca3474d51bd57c917bff7bd63b0f101abb04401081561643c9b700eccc89ea,exact,https://web.archive.org/web/20250819092310/https://www.normattiva.it/uri-res/N2Ls?urn:nir:stato:decreto.legge:2012-10-18;179~art12,2026-09-29
IT,indicator:C1,indicator,https://www.normattiva.it/uri-res/N2Ls?urn:nir:stato:decreto.legge:2012-10-18;179~art33septies,200,text/html,ec46ef44dbcf00e089ae28e02e950d7ade41552f582e3b00531cdf75b3ae9a14,exact,,2026-09-29
IT,indicator:C1,indicator,https://www.polostrategiconazionale.it/,403,text/html,,fetch_failed,,2026-09-29
IT,indicator:C2,indicator,https://www.polostrategiconazionale.it/chi-siamo/polo-strategico-nazionale/,403,text/html,,fetch_failed,,2026-09-29
IT,indicator:C2,indicator,https://www.polostrategiconazionale.it/media/news/centrato-il-target-pnrr-oltre-280-pubbliche-amministrazioni-migrate-al-cloud-sovrano-di-polo-strategico-nazionale/,403,text/html,,fetch_failed,,2026-09-29
IT,indicator:K1,indicator,https://eidas.agid.gov.it/TL/TSL-IT.xml,200,text/xml,4dc43dc5ee19c23d1b65262b8df65ac7c4f16f12727e59175fa76e092e0a6889,exact,https://web.archive.org/web/20260925060906/https://eidas.agid.gov.it/TL/TSL-IT.xml,2026-09-29
IT,indicator:K2,indicator,https://eidas.agid.gov.it/TL/TSL-IT.xml,200,text/xml,4dc43dc5ee19c23d1b65262b8df65ac7c4f16f12727e59175fa76e092e0a6889,exact,https://web.archive.org/web/20260925060906/https://eidas.agid.gov.it/TL/TSL-IT.xml,2026-09-29
IT,indicator:K2,indicator,https://www.cartaidentita.interno.gov.it/la-carta/,403,text/html,,fetch_failed,,2026-09-29
IT,indicator:L1,indicator,https://www.acn.gov.it/portale/documents/d/guest/regolamentocloud,200,application/pdf,577ec23b928ece976db4f91a6ca7fadbae7d06033df3406f895ab59d90b43ae8,exact,https://web.archive.org/web/20260807151428/https://www.acn.gov.it/portale/documents/d/guest/regolamentocloud,2026-09-29
IT,indicator:L1,indicator,https://www.normattiva.it/uri-res/N2Ls?urn:nir:stato:decreto.legge:2012-10-18;179~art33septies,200,text/html,ec46ef44dbcf00e089ae28e02e950d7ade41552f582e3b00531cdf75b3ae9a14,exact,,2026-09-29
IT,indicator:L2,indicator,https://www.acn.gov.it/portale/documents/d/guest/regolamentocloud,200,application/pdf,577ec23b928ece976db4f91a6ca7fadbae7d06033df3406f895ab59d90b43ae8,exact,https://web.archive.org/web/20260807151428/https://www.acn.gov.it/portale/documents/d/guest/regolamentocloud,2026-09-29
IT,indicator:L2,indicator,https://www.parlamento.it/parlam/leggi/07124l.htm,403,text/html,,fetch_failed,,2026-09-29
IT,indicator:L3,indicator,https://www.acn.gov.it/portale/documents/d/guest/regolamentocloud,200,application/pdf,577ec23b928ece976db4f91a6ca7fadbae7d06033df3406f895ab59d90b43ae8,exact,https://web.archive.org/web/20260807151428/https://www.acn.gov.it/portale/documents/d/guest/regolamentocloud,2026-09-29
IT,intelligence,legal_basis,https://www.normattiva.it/uri-res/N2Ls?urn:nir:stato:legge:2007-08-03;124~art4,200,text/html,a878597770437643ebb8ab3b609efb4c6fed1861efaf2be90fa322f2ca84e77b,exact,https://web.archive.org/web/20251009174415/https://www.normattiva.it/uri-res/N2Ls?urn:nir:stato:legge:2007-08-03;124~art4,2026-09-29
IT,intelligence,legal_basis,https://www.normattiva.it/uri-res/N2Ls?urn:nir:stato:legge:2007-08-03;124~art6,200,text/html,a0f0c7f2494d13c55684f00fedeb59af106589b52982c4790df55118c8866d43,exact,https://web.archive.org/web/20251210220542/https://www.normattiva.it/uri-res/N2Ls?urn:nir:stato:legge:2007-08-03;124~art6,2026-09-29
IT,intelligence,legal_basis,https://www.normattiva.it/uri-res/N2Ls?urn:nir:stato:legge:2007-08-03;124~art7,200,text/html,b4939f2a3a96552ea7cace86f5f65da53c5b8a5e8aab7ee6b695a9d3be9caf73,exact,https://web.archive.org/web/20251114062852/https://www.normattiva.it/uri-res/N2Ls?urn:nir:stato:legge:2007-08-03;124~art7,2026-09-29
IT,issuance_history,holding_name,https://www.gazzettaufficiale.it/eli/gu/2015/12/30/302/sg/pdf,200,application/pdf,402774603649bcc7b0470da561b5b27f57bb6b73ae604af85f4c39453ea52818,exact,,2026-09-29
IT,issuance_history,hosting,https://www.gazzettaufficiale.it/eli/gu/2015/12/30/302/sg/pdf,200,application/pdf,402774603649bcc7b0470da561b5b27f57bb6b73ae604af85f4c39453ea52818,exact,,2026-09-29
IT,issuance_history,legal_basis,https://www.normattiva.it/uri-res/N2Ls?urn:nir:stato:decreto.legge:2005-01-31;7~art7viciester,200,text/html,8e90aa3c65bd397d74979ed59d041106c80225e8816d392cc252315e679f4d95,exact,,2026-09-29
IT,issuance_history,operator,https://www.normattiva.it/uri-res/N2Ls?urn:nir:stato:decreto.legge:2005-01-31;7~art7viciester,200,text/html,8e90aa3c65bd397d74979ed59d041106c80225e8816d392cc252315e679f4d95,exact,,2026-09-29
IT,judicial_criminal,legal_basis,https://www.normattiva.it/uri-res/N2Ls?urn:nir:presidente.repubblica:decreto:2002-11-14;313,200,text/html,0974713d7bf10dbecc9ff22abd9897d8685be2aaca57a069cf75dbd89fb1c7f7,exact,,2026-09-29
IT,judicial_criminal,operator,https://www.agid.gov.it/it/dati/basi-dati-interesse-nazionale,200,text/html,0a7dba3087a970cc99ac8a22092806c4f7b16601cd359f2327c12d62f78a377c,exact,https://web.archive.org/web/20260928014400/https://www.agid.gov.it/it/dati/basi-dati-interesse-nazionale,2026-09-29
IT,land_property,legal_basis,https://www.normattiva.it/uri-res/N2Ls?urn:nir:stato:decreto.legge:2010-05-31;78~art19,200,text/html,34704fa76eb95beaf33e2fc780a229f3cd53ab369a15bc91e3446b918950cd10,exact,,2026-09-29
IT,land_property,operator,https://www.agid.gov.it/it/dati/basi-dati-interesse-nazionale,200,text/html,0a7dba3087a970cc99ac8a22092806c4f7b16601cd359f2327c12d62f78a377c,exact,https://web.archive.org/web/20260928014400/https://www.agid.gov.it/it/dati/basi-dati-interesse-nazionale,2026-09-29
IT,national_archives,holding_name,https://acs.cultura.gov.it/piano-nazionale-di-ripresa-e-resilienza-del-ministero-della-cultura/polo-di-conservazione-digitale/,200,text/html,40e76eb4684698e909a1419f7e3d476efaa21c27679a9e8daa51936d617491bd,exact,,2026-09-29
IT,national_archives,hosting,https://acs.cultura.gov.it/piano-nazionale-di-ripresa-e-resilienza-del-ministero-della-cultura/polo-di-conservazione-digitale/,200,text/html,40e76eb4684698e909a1419f7e3d476efaa21c27679a9e8daa51936d617491bd,exact,,2026-09-29
IT,national_archives,legal_basis,https://www.normattiva.it/uri-res/N2Ls?urn:nir:stato:decreto.legislativo:2004-01-22;42~art41,200,text/html,203a33ed5406653ed68366afc26bc9c76929474dcc7855baade0f30d2cd186d1,exact,,2026-09-29
IT,official_gazette,holding_name,https://www.gazzettaufficiale.it/,200,text/html,c72401ec9b7a51462a1da975e3d2bb514530916b01cc851765be50ef9fe6e077,exact,https://web.archive.org/web/20260913204754/https://www.gazzettaufficiale.it/,2026-09-29
IT,official_gazette,legal_basis,https://www.normattiva.it/uri-res/N2Ls?urn:nir:presidente.repubblica:decreto:1985-12-28;1092~art1,200,text/html,309bb8c5134d5e0b0a4fccddea543e575ae367c55d82b689a9b3f8294047be58,exact,,2026-09-29
IT,official_gazette,operator,https://www.gazzettaufficiale.it/,200,text/html,c72401ec9b7a51462a1da975e3d2bb514530916b01cc851765be50ef9fe6e077,exact,https://web.archive.org/web/20260913204754/https://www.gazzettaufficiale.it/,2026-09-29
IT,police_records,legal_basis,https://www.normattiva.it/uri-res/N2Ls?urn:nir:stato:legge:1981-04-01;121~art8,200,text/html,b3b513d6ca718b47d38ee43b1409a18e562aca31b0125c0200af48ac752c449b,exact,https://web.archive.org/web/20250709093424/https://www.normattiva.it/uri-res/N2Ls?urn:nir:stato:legge:1981-04-01;121~art8,2026-09-29
IT,police_records,operator,https://www.normattiva.it/uri-res/N2Ls?urn:nir:stato:legge:1981-04-01;121~art8,200,text/html,b3b513d6ca718b47d38ee43b1409a18e562aca31b0125c0200af48ac752c449b,exact,https://web.archive.org/web/20250709093424/https://www.normattiva.it/uri-res/N2Ls?urn:nir:stato:legge:1981-04-01;121~art8,2026-09-29
IT,public_finance,holding_name,https://www.agid.gov.it/it/piattaforme/siope,200,text/html,112ea78d8005a1a13341e402462906a429c2df81d6310cc0e1dcb98e6c37d373,exact,https://web.archive.org/web/20260923012741/https://www.agid.gov.it/it/piattaforme/siope,2026-09-29
IT,public_finance,legal_basis,https://www.agid.gov.it/it/piattaforme/siope,200,text/html,112ea78d8005a1a13341e402462906a429c2df81d6310cc0e1dcb98e6c37d373,exact,https://web.archive.org/web/20260923012741/https://www.agid.gov.it/it/piattaforme/siope,2026-09-29
IT,public_finance,legal_basis,https://www.normattiva.it/uri-res/N2Ls?urn:nir:stato:legge:2009-12-31;196~art14,200,text/html,0c6d94a1d608182468d3fab4e0fc5cbe5d94397abcde36b8884ecc59c8d02a8e,exact,https://web.archive.org/web/20251009171522/https://www.normattiva.it/uri-res/N2Ls?urn:nir:stato:legge:2009-12-31;196~art14,2026-09-29
IT,public_finance,operator,https://www.agid.gov.it/it/piattaforme/siope,200,text/html,112ea78d8005a1a13341e402462906a429c2df81d6310cc0e1dcb98e6c37d373,exact,https://web.archive.org/web/20260923012741/https://www.agid.gov.it/it/piattaforme/siope,2026-09-29
IT,public_health_surveillance,legal_basis,https://www.normattiva.it/uri-res/N2Ls?urn:nir:stato:decreto.legge:2017-06-07;73~art4bis,200,text/html,357b1b31992802f48889bedb0c9c34f38bfbce78bf4d2c4edaed3fadee8385f0,exact,https://web.archive.org/web/20251212192952/https://www.normattiva.it/uri-res/N2Ls?urn:nir:stato:decreto.legge:2017-06-07;73~art4bis,2026-09-29
IT,public_health_surveillance,operator,https://www.normattiva.it/uri-res/N2Ls?urn:nir:stato:decreto.legge:2017-06-07;73~art4bis,200,text/html,357b1b31992802f48889bedb0c9c34f38bfbce78bf4d2c4edaed3fadee8385f0,exact,https://web.archive.org/web/20251212192952/https://www.normattiva.it/uri-res/N2Ls?urn:nir:stato:decreto.legge:2017-06-07;73~art4bis,2026-09-29
IT,residence_permits,legal_basis,https://www.normattiva.it/uri-res/N2Ls?urn:nir:stato:decreto.legge:2005-01-31;7~art7viciester,200,text/html,8e90aa3c65bd397d74979ed59d041106c80225e8816d392cc252315e679f4d95,exact,,2026-09-29
IT,residence_permits,legal_basis,https://www.normattiva.it/uri-res/N2Ls?urn:nir:stato:decreto.legislativo:1998-07-25;286~art5,200,text/html,37962309371e3b9faa6b1c7d9ad99d8abb89cd57b1b5b215b7ec93a4c39f06d8,exact,https://web.archive.org/web/20251119112531/https://www.normattiva.it/uri-res/N2Ls?urn:nir:stato:decreto.legislativo:1998-07-25;286~art5,2026-09-29
IT,residence_permits,operator,https://www.agid.gov.it/it/dati/basi-dati-interesse-nazionale,200,text/html,0a7dba3087a970cc99ac8a22092806c4f7b16601cd359f2327c12d62f78a377c,exact,https://web.archive.org/web/20260928014400/https://www.agid.gov.it/it/dati/basi-dati-interesse-nazionale,2026-09-29
IT,statistics_microdata,holding_name,https://www.normattiva.it/uri-res/N2Ls?urn:nir:stato:decreto.legge:2012-10-18;179~art3,200,text/html,d6b1b9df21c1f5a87525748f5291beb983b5a5123f39ceb53e5e13f3f1a0dc46,exact,https://web.archive.org/web/20250521205442/https://www.normattiva.it/uri-res/N2Ls?urn:nir:stato:decreto.legge:2012-10-18;179~art3,2026-09-29
IT,statistics_microdata,legal_basis,https://www.normattiva.it/uri-res/N2Ls?urn:nir:stato:decreto.legislativo:1989-09-06;322~art9,200,text/html,00b7d0039d15792e3c866f2c7f3b0309960a3ba270f0170b05b353f107eeae70,exact,https://web.archive.org/web/20260123231705/https://www.normattiva.it/uri-res/N2Ls?urn:nir:stato:decreto.legislativo:1989-09-06;322~art9,2026-09-29
IT,statistics_microdata,operator,https://www.istat.it/listituto/,200,text/html,512dfbeba465a44d50a134525cd0f8346322d9ebc61912f7a347e0279b43aa57,exact,https://web.archive.org/web/20260927005502/https://www.istat.it/listituto/,2026-09-29
IT,tax,legal_basis,https://www.normattiva.it/uri-res/N2Ls?urn:nir:presidente.repubblica:decreto:1973-09-29;605~art1,200,text/html,03afc051fd40418da9e69a3390222866199b61251f6e1914256342c73a1ffa94,exact,,2026-09-29
IT,tax,legal_basis,https://www.normattiva.it/uri-res/N2Ls?urn:nir:presidente.repubblica:decreto:1973-09-29;605~art1!vig=2026-09-29,200,text/html,ee8fb95a1bdb9056c9b5ef85d8251861d928b71dc7580c384bb0f2d2a11947b1,exact,,2026-09-29
IT,tax,operator,https://www.agid.gov.it/it/dati/basi-dati-interesse-nazionale,200,text/html,0a7dba3087a970cc99ac8a22092806c4f7b16601cd359f2327c12d62f78a377c,exact,https://web.archive.org/web/20260928014400/https://www.agid.gov.it/it/dati/basi-dati-interesse-nazionale,2026-09-29
IT,trust_services_pki,holding_name,https://www.gazzettaufficiale.it/eli/gu/2015/12/30/302/sg/pdf,200,application/pdf,402774603649bcc7b0470da561b5b27f57bb6b73ae604af85f4c39453ea52818,exact,,2026-09-29
IT,trust_services_pki,hosting,https://www.gazzettaufficiale.it/eli/gu/2015/12/30/302/sg/pdf,200,application/pdf,402774603649bcc7b0470da561b5b27f57bb6b73ae604af85f4c39453ea52818,exact,,2026-09-29
IT,trust_services_pki,legal_basis,https://www.normattiva.it/uri-res/N2Ls?urn:nir:stato:decreto.legislativo:2005-03-07;82~art29,error,,,fetch_failed,,2026-09-29
IT,trust_services_pki,operator,https://www.agid.gov.it/it/piattaforme/firma-elettronica-qualificata,200,text/html,86c202c760570e8c9085daac9ed6ff8eaf2523ae4d74d0d0ee762b0bee991ae3,exact,https://web.archive.org/web/20260924003149/https://www.agid.gov.it/it/piattaforme/firma-elettronica-qualificata,2026-09-29
IT,vehicle_licensing,legal_basis,https://www.normattiva.it/uri-res/N2Ls?urn:nir:stato:decreto.legislativo:1992-04-30;285~art226,200,text/html,601ad91a7296070e59f000c36f339277de72e8fb619dec86511f4601d90c2473,exact,,2026-09-29
IT,vehicle_licensing,operator,https://www.agid.gov.it/it/dati/basi-dati-interesse-nazionale,200,text/html,0a7dba3087a970cc99ac8a22092806c4f7b16601cd359f2327c12d62f78a377c,exact,https://web.archive.org/web/20260928014400/https://www.agid.gov.it/it/dati/basi-dati-interesse-nazionale,2026-09-29
LT,authentication_audit_log,holding_name,https://e-seimas.lrs.lt/rs/actualedition/99d5f6b2f94811ebb4af84e751d2e0c9/kgJxRxjykY/,200,text/html,bd61b165283513b674098e62cee9083cef3b3b14cc68c5375ab4305bae0ced8c,not_found,,2026-09-29
LT,authentication_audit_log,legal_basis,https://e-seimas.lrs.lt/rs/actualedition/99d5f6b2f94811ebb4af84e751d2e0c9/kgJxRxjykY/,200,text/html,bd61b165283513b674098e62cee9083cef3b3b14cc68c5375ab4305bae0ced8c,not_found,,2026-09-29
LT,authentication_audit_log,operator,https://e-seimas.lrs.lt/rs/actualedition/99d5f6b2f94811ebb4af84e751d2e0c9/kgJxRxjykY/,200,text/html,bd61b165283513b674098e62cee9083cef3b3b14cc68c5375ab4305bae0ced8c,not_found,,2026-09-29
LT,civil_registry,holding_name,https://e-seimas.lrs.lt/rs/actualedition/TAIS.2507/XPcBmEMGTH/,200,text/html,cdc676fe60e2e0989342941038b337ecc3522d87f2906ad81b698325bdc443e3,not_found,,2026-09-29
LT,civil_registry,holding_name,https://e-seimas.lrs.lt/rs/legalact/TAD/cbda7830af3811e59010bea026bdb259/,200,text/html,0d8e340f1a01551466b5a15ff4e2cf26e47c8661c03f7443957ed62ffafb5609,not_found,,2026-09-29
LT,civil_registry,legal_basis,https://e-seimas.lrs.lt/rs/actualedition/TAIS.2507/XPcBmEMGTH/,200,text/html,cdc676fe60e2e0989342941038b337ecc3522d87f2906ad81b698325bdc443e3,not_found,,2026-09-29
LT,civil_registry,operator,https://e-seimas.lrs.lt/rs/actualedition/478d0920903111e48028e9b85331c55d/jJVblsLNKm/,200,text/html,2f1835bf14d030272ab6e225b0797daffcf8cf4aeadc5eaf7b76781eadcddd68,not_found,,2026-09-29
LT,civil_registry,operator,https://e-seimas.lrs.lt/rs/actualedition/TAIS.2507/XPcBmEMGTH/,200,text/html,cdc676fe60e2e0989342941038b337ecc3522d87f2906ad81b698325bdc443e3,not_found,,2026-09-29
LT,digital_identity_credentials,foreign_dependency,https://rrt.lt/veiklos-sritys/skaitmenine-erdve/patikimumo-uztikrinimo-paslaugos/kvalifikuoti-sertifikatai,200,text/html,409848b9fb0140f9e410e70427c807739de5b2b37ccacd131b6270c5d6c2af35,exact,https://web.archive.org/web/20260514165426/https://rrt.lt/veiklos-sritys/skaitmenine-erdve/patikimumo-uztikrinimo-paslaugos/kvalifikuoti-sertifikatai,2026-09-29
LT,digital_identity_credentials,foreign_dependency,https://www.lrt.lt/naujienos/verslas/4/2912350/beveik-92-proc-e-paraso-sertifikatu-lietuvoje-isduoda-sk-id-solutions-rrt-mato-riziku,200,text/html,0c46cc2d8acfeaf370600bc599edf0bed2a508c12f789d7556fb94854d7b3269,exact,https://web.archive.org/web/20260429055644/https://www.lrt.lt/naujienos/verslas/4/2912350/beveik-92-proc-e-paraso-sertifikatu-lietuvoje-isduoda-sk-id-solutions-rrt-mato-riziku,2026-09-29
LT,digital_identity_credentials,holding_name,https://e-seimas.lrs.lt/rs/actualedition/99d5f6b2f94811ebb4af84e751d2e0c9/kgJxRxjykY/,200,text/html,bd61b165283513b674098e62cee9083cef3b3b14cc68c5375ab4305bae0ced8c,not_found,,2026-09-29
LT,digital_identity_credentials,legal_basis,https://e-seimas.lrs.lt/rs/actualedition/994308704dfa11e88525a4bc7611b788/mULKUgsBdp/,200,text/html,fbbece4a9026e0516131187ca45c9e35fc3f880ff69f23ae1075aaa41510d696,not_found,,2026-09-29
LT,digital_identity_credentials,operator,https://e-seimas.lrs.lt/rs/actualedition/3aa41f12d83711ef8658d66412ddcc51/cjatyKBGVe/,200,text/html,720594ae09a1119a58c4322e75255827d230f20e2b845ee8369d6dcab4bca6c2,not_found,,2026-09-29
LT,digital_identity_credentials,operator,https://rrt.lt/veiklos-sritys/skaitmenine-erdve/patikimumo-uztikrinimo-paslaugos/kvalifikuoti-sertifikatai,200,text/html,409848b9fb0140f9e410e70427c807739de5b2b37ccacd131b6270c5d6c2af35,exact,https://web.archive.org/web/20260514165426/https://rrt.lt/veiklos-sritys/skaitmenine-erdve/patikimumo-uztikrinimo-paslaugos/kvalifikuoti-sertifikatai,2026-09-29
LT,digital_identity_credentials,record_count,https://www.lrt.lt/naujienos/verslas/4/2912350/beveik-92-proc-e-paraso-sertifikatu-lietuvoje-isduoda-sk-id-solutions-rrt-mato-riziku,200,text/html,0c46cc2d8acfeaf370600bc599edf0bed2a508c12f789d7556fb94854d7b3269,exact,https://web.archive.org/web/20260429055644/https://www.lrt.lt/naujienos/verslas/4/2912350/beveik-92-proc-e-paraso-sertifikatu-lietuvoje-isduoda-sk-id-solutions-rrt-mato-riziku,2026-09-29
LT,electoral_management,holding_name,https://e-seimas.lrs.lt/rs/actualedition/44e06821075711edbfe9c72e552dd5bd/sCATgDoRHG/,200,text/html,b8456babc30fa47ae30d4f346ac26047df62dc6913b941afd82bb7d74bf25f26,not_found,,2026-09-29
LT,electoral_management,operator,https://e-seimas.lrs.lt/rs/actualedition/44e06821075711edbfe9c72e552dd5bd/sCATgDoRHG/,200,text/html,b8456babc30fa47ae30d4f346ac26047df62dc6913b941afd82bb7d74bf25f26,not_found,,2026-09-29
LT,electoral_roll,holding_name,https://e-seimas.lrs.lt/rs/actualedition/44e06821075711edbfe9c72e552dd5bd/sCATgDoRHG/,200,text/html,b8456babc30fa47ae30d4f346ac26047df62dc6913b941afd82bb7d74bf25f26,not_found,,2026-09-29
LT,electoral_roll,legal_basis,https://e-seimas.lrs.lt/rs/actualedition/44e06821075711edbfe9c72e552dd5bd/sCATgDoRHG/,200,text/html,b8456babc30fa47ae30d4f346ac26047df62dc6913b941afd82bb7d74bf25f26,not_found,,2026-09-29
LT,electoral_roll,operator,https://e-seimas.lrs.lt/rs/actualedition/44e06821075711edbfe9c72e552dd5bd/sCATgDoRHG/,200,text/html,b8456babc30fa47ae30d4f346ac26047df62dc6913b941afd82bb7d74bf25f26,not_found,,2026-09-29
LT,facial_biometric,holding_name,https://e-seimas.lrs.lt/rs/actualedition/c22cab41181411e88a05839ea3846d8e/jIXMiiPlhc/,200,text/html,b707a4398adcc4e7f7715522c174a501116a684bc89046bb81c9355a2d3c95c8,not_found,,2026-09-29
LT,facial_biometric,legal_basis,https://e-seimas.lrs.lt/rs/actualedition/f26839f08f5011e48028e9b85331c55d/OCAOEnkStv/,200,text/html,85d4971ec8f7688b7343ae69dd2f63d87aeb2a010f23e62410a345d9e465f4e4,not_found,,2026-09-29
LT,facial_biometric,operator,https://e-seimas.lrs.lt/rs/actualedition/c22cab41181411e88a05839ea3846d8e/jIXMiiPlhc/,200,text/html,b707a4398adcc4e7f7715522c174a501116a684bc89046bb81c9355a2d3c95c8,not_found,,2026-09-29
LT,fingerprint_biometric,holding_name,https://e-seimas.lrs.lt/rs/actualedition/c22cab41181411e88a05839ea3846d8e/jIXMiiPlhc/,200,text/html,b707a4398adcc4e7f7715522c174a501116a684bc89046bb81c9355a2d3c95c8,not_found,,2026-09-29
LT,fingerprint_biometric,legal_basis,https://e-seimas.lrs.lt/rs/actualedition/f26839f08f5011e48028e9b85331c55d/OCAOEnkStv/,200,text/html,85d4971ec8f7688b7343ae69dd2f63d87aeb2a010f23e62410a345d9e465f4e4,not_found,,2026-09-29
LT,fingerprint_biometric,operator,https://e-seimas.lrs.lt/rs/actualedition/c22cab41181411e88a05839ea3846d8e/jIXMiiPlhc/,200,text/html,b707a4398adcc4e7f7715522c174a501116a684bc89046bb81c9355a2d3c95c8,not_found,,2026-09-29
LT,indicator:C1,indicator,https://www.lrt.lt/naujienos/verslas/4/2571753/antrasis-valstybinis-duomenu-centras-pradeda-veikla,200,text/html,8792414d6d8157977bcd3d0e4b6025aae74c7697950b999c8679074af98cb898,exact,https://web.archive.org/web/20250724045122/https://www.lrt.lt/naujienos/verslas/4/2571753/antrasis-valstybinis-duomenu-centras-pradeda-veikla,2026-09-29
LT,indicator:C2,indicator,https://www.lrt.lt/naujienos/verslas/4/3010133/telecentro-grynasis-pelnas-per-metus-isaugo-beveik-5-8-karto-ir-sieke-432-tukst-euru,200,text/html,db1b10a2e647ee9c620dc0b6d355d12524ce0da691c088e971c192378788e9d6,exact,,2026-09-29
LT,indicator:K1,indicator,https://www.nsc.vrm.lt/default_en.htm,200,text/html,b89d6d15ba3d0c047209356c26e4b37729547269e8fa817b7f92a8342b230131,exact,https://web.archive.org/web/20260908033713/https://www.nsc.vrm.lt/default_en.htm,2026-09-29
LT,indicator:K2,indicator,https://www.nsc.vrm.lt/default.htm,200,text/html,d59d6c95292811896b0695feb240d52d6f950c6bcc4da4575dcd2879c999316d,exact,https://web.archive.org/web/20260918194956/https://www.nsc.vrm.lt/default.htm,2026-09-29
LT,indicator:K2,indicator,https://www.nsc.vrm.lt/default_en.htm,200,text/html,b89d6d15ba3d0c047209356c26e4b37729547269e8fa817b7f92a8342b230131,exact,https://web.archive.org/web/20260908033713/https://www.nsc.vrm.lt/default_en.htm,2026-09-29
LT,indicator:L1,indicator,https://e-seimas.lrs.lt/rs/actualedition/f6958c2085dd11e495dc9901227533ee/uhYWDUWMTF/format/ISO_PDF/,200,text/html,9cc2ffae95f9d2e953ccc8a41cd00bdece5822290c9bd66b9282067773d4906f,not_found,,2026-09-29
LT,indicator:L1,indicator,https://www.lrt.lt/naujienos/mokslas-ir-it/11/1757601/penkios-naudos-kurias-suteiks-valstybes-informaciniu-istekliu-perkelimas-i-debesija,200,text/html,81116223cdeb4034a2dcbdd4bad357e6ef5d506f15f0993994aa3842c1ee91bf,exact,https://web.archive.org/web/20230210031113/https://www.lrt.lt/naujienos/mokslas-ir-it/11/1757601/penkios-naudos-kurias-suteiks-valstybes-informaciniu-istekliu-perkelimas-i-debesija,2026-09-29
LT,indicator:L2,indicator,https://e-seimas.lrs.lt/rs/actualedition/TAIS.91654/ycSVAPVwLS/format/ISO_PDF/,200,text/html,f51f3ee666ec3af5b53924eb1ca1126c522942c1613639c13211f88cc210d55a,not_found,,2026-09-29
LT,issuance_history,holding_name,https://e-seimas.lrs.lt/rs/actualedition/c22cab41181411e88a05839ea3846d8e/jIXMiiPlhc/,200,text/html,b707a4398adcc4e7f7715522c174a501116a684bc89046bb81c9355a2d3c95c8,not_found,,2026-09-29
LT,issuance_history,operator,https://e-seimas.lrs.lt/rs/actualedition/c22cab41181411e88a05839ea3846d8e/jIXMiiPlhc/,200,text/html,b707a4398adcc4e7f7715522c174a501116a684bc89046bb81c9355a2d3c95c8,not_found,,2026-09-29
LT,residence_permits,holding_name,https://e-seimas.lrs.lt/rs/actualedition/c22cab41181411e88a05839ea3846d8e/jIXMiiPlhc/,200,text/html,b707a4398adcc4e7f7715522c174a501116a684bc89046bb81c9355a2d3c95c8,not_found,,2026-09-29
LT,residence_permits,operator,https://e-seimas.lrs.lt/rs/actualedition/c22cab41181411e88a05839ea3846d8e/jIXMiiPlhc/,200,text/html,b707a4398adcc4e7f7715522c174a501116a684bc89046bb81c9355a2d3c95c8,not_found,,2026-09-29
LT,trust_services_pki,holding_name,https://e-seimas.lrs.lt/rs/legalact/TAD/848c3ec0823311edbdcebd68a7a0df7e/,200,text/html,4f2b51a3f7d8775c841490ebf4c02c63cff5bc5a328ff01669742323023f14f6,not_found,,2026-09-29
LT,trust_services_pki,legal_basis,https://e-seimas.lrs.lt/rs/actualedition/994308704dfa11e88525a4bc7611b788/mULKUgsBdp/,200,text/html,fbbece4a9026e0516131187ca45c9e35fc3f880ff69f23ae1075aaa41510d696,not_found,,2026-09-29
LT,trust_services_pki,legal_basis,https://e-seimas.lrs.lt/rs/actualedition/f26839f08f5011e48028e9b85331c55d/OCAOEnkStv/,200,text/html,85d4971ec8f7688b7343ae69dd2f63d87aeb2a010f23e62410a345d9e465f4e4,not_found,,2026-09-29
LT,trust_services_pki,operator,https://e-seimas.lrs.lt/rs/legalact/TAD/848c3ec0823311edbdcebd68a7a0df7e/,200,text/html,4f2b51a3f7d8775c841490ebf4c02c63cff5bc5a328ff01669742323023f14f6,not_found,,2026-09-29
LU,beneficial_ownership,holding_name,https://data.legilux.public.lu/eli/etat/leg/loi/2019/01/13/a15/consolide/20250201/fr/html,robots-denied,,,fetch_failed,,2026-09-29
LU,beneficial_ownership,operator,https://data.legilux.public.lu/eli/etat/leg/loi/2019/01/13/a15/consolide/20250201/fr/html,robots-denied,,,fetch_failed,,2026-09-29
LU,benefits_pensions,holding_name,https://data.legilux.public.lu/eli/etat/leg/loi/2016/07/05/n8/jo/fr/html,robots-denied,,,fetch_failed,,2026-09-29
LU,benefits_pensions,hosting,https://ccss.public.lu/fr/ccss/attributions.html,200,text/html,7e10611a1398f9a6dc6bdf4495881337f077b0a1bd3be880e15f540c5cdd3367,exact,https://web.archive.org/web/20260324045749/https://ccss.public.lu/fr/ccss/attributions.html,2026-09-29
LU,benefits_pensions,operator,https://ccss.public.lu/fr/ccss/attributions.html,200,text/html,7e10611a1398f9a6dc6bdf4495881337f077b0a1bd3be880e15f540c5cdd3367,exact,https://web.archive.org/web/20260324045749/https://ccss.public.lu/fr/ccss/attributions.html,2026-09-29
LU,benefits_pensions,record_count,https://ccss.public.lu/fr/actualites/2026/06/rapport-annuel-2025.html,200,text/html,273c03c9fafc4dbd0201d8727d8a6092132f810e339417da4272d79ae602e461,exact,,2026-09-29
LU,border_control,holding_name,https://data.legilux.public.lu/eli/etat/leg/loi/2016/07/05/n8/jo/fr/html,robots-denied,,,fetch_failed,,2026-09-29
LU,border_control,holding_name,https://data.legilux.public.lu/eli/etat/leg/loi/2018/08/01/a690/jo/fr/html,robots-denied,,,fetch_failed,,2026-09-29
LU,border_control,holding_name,https://data.legilux.public.lu/eli/etat/leg/loi/2024/12/18/a549/jo/fr/html,robots-denied,,,fetch_failed,,2026-09-29
LU,border_control,operator,https://data.legilux.public.lu/eli/etat/leg/loi/2018/08/01/a690/jo/fr/html,robots-denied,,,fetch_failed,,2026-09-29
LU,border_control,operator,https://data.legilux.public.lu/eli/etat/leg/loi/2024/12/18/a549/jo/fr/html,robots-denied,,,fetch_failed,,2026-09-29
LU,breeder_documents,holding_name,https://data.legilux.public.lu/eli/etat/leg/loi/2013/06/19/n3/consolide/20220731/fr/html,robots-denied,,,fetch_failed,,2026-09-29
LU,breeder_documents,holding_name,https://data.legilux.public.lu/eli/etat/leg/loi/2019/12/20/a878/jo/fr/html,robots-denied,,,fetch_failed,,2026-09-29
LU,breeder_documents,legal_basis,https://data.legilux.public.lu/eli/etat/leg/loi/2019/12/20/a878/jo/fr/html,robots-denied,,,fetch_failed,,2026-09-29
LU,breeder_documents,operator,https://data.legilux.public.lu/eli/etat/leg/loi/2019/12/20/a878/jo/fr/html,robots-denied,,,fetch_failed,,2026-09-29
LU,business_registry,operator,https://data.legilux.public.lu/eli/etat/leg/loi/2002/12/19/n1/consolide/20251223/fr/html,robots-denied,,,fetch_failed,,2026-09-29
LU,central_bank,legal_basis,https://data.legilux.public.lu/eli/etat/leg/loi/1998/12/23/n1/jo/fr/html,robots-denied,,,fetch_failed,,2026-09-29
LU,central_bank,operator,https://data.legilux.public.lu/eli/etat/leg/loi/1998/12/23/n1/jo/fr/html,robots-denied,,,fetch_failed,,2026-09-29
LU,civil_registry,holding_name,https://data.legilux.public.lu/eli/etat/leg/loi/2013/06/19/n3/consolide/20220731/fr/html,robots-denied,,,fetch_failed,,2026-09-29
LU,civil_registry,legal_basis,https://data.legilux.public.lu/eli/etat/leg/loi/2013/06/19/n3/consolide/20220731/fr/html,robots-denied,,,fetch_failed,,2026-09-29
LU,civil_registry,operator,https://data.legilux.public.lu/eli/etat/leg/loi/2013/06/19/n3/consolide/20220731/fr/html,robots-denied,,,fetch_failed,,2026-09-29
LU,crisis_management,holding_name,https://data.legilux.public.lu/eli/etat/leg/loi/2016/07/23/n1/jo/fr/html,robots-denied,,,fetch_failed,,2026-09-29
LU,crisis_management,hosting,https://ctie.gouvernement.lu/fr/l-administration/Attributions.html,200,text/html,f7052a8386f96a8d4ab90fcd3bb46324f5fe58d19adf1c2a8cf9363ee25e0768,exact,https://web.archive.org/web/20260720122851/https://ctie.gouvernement.lu/fr/l-administration/Attributions.html,2026-09-29
LU,crisis_management,legal_basis,https://data.legilux.public.lu/eli/etat/leg/loi/2016/07/23/n1/jo/fr/html,robots-denied,,,fetch_failed,,2026-09-29
LU,customs,holding_name,https://douanes.public.lu/fr/services-ligne/edouanes.html,200,text/html,1d1289fc1fae7aa0a3e7ea008d2621b29b4e09c45e5619ae21d4126f83eea020,exact,https://web.archive.org/web/20260831153900/https://douanes.public.lu/fr/services-ligne/edouanes.html,2026-09-29
LU,customs,legal_basis,https://data.legilux.public.lu/eli/etat/leg/loi/1993/07/27/n3/consolide/20151001/fr/html,robots-denied,,,fetch_failed,,2026-09-29
LU,defence_command,legal_basis,https://data.legilux.public.lu/eli/etat/leg/loi/2023/08/07/a502/jo/fr/html,robots-denied,,,fetch_failed,,2026-09-29
LU,digital_identity_credentials,holding_name,https://ctie.gouvernement.lu/fr/actualites/dossiers/gouvid/gouvid.html,200,text/html,f7a746347e0557e3bc635505124e65ac3b788ab337422fec45474a567f43914a,exact,,2026-09-29
LU,digital_identity_credentials,legal_basis,https://data.legilux.public.lu/eli/etat/leg/loi/2013/06/19/n3/consolide/20220731/fr/html,robots-denied,,,fetch_failed,,2026-09-29
LU,digital_identity_credentials,operator,https://www.luxtrust.com/fr/news/luxtrust-et-incert-scellent-un-partenariat-strategique-pour-renforcer-la-souverainete,200,text/html,562fc7ffad6c27b0e78e9115ab8db82932624477c770908c035925397fdf8b55,exact,,2026-09-29
LU,education,legal_basis,https://data.legilux.public.lu/eli/etat/leg/trep/2014/09/04/n4/jo/fr/html,robots-denied,,,fetch_failed,,2026-09-29
LU,electoral_management,holding_name,https://data.legilux.public.lu/eli/etat/leg/loi/2003/02/18/n2/consolide/20240426/fr/html,robots-denied,,,fetch_failed,,2026-09-29
LU,electoral_roll,holding_name,https://data.legilux.public.lu/eli/etat/leg/loi/2003/02/18/n2/consolide/20240426/fr/html,robots-denied,,,fetch_failed,,2026-09-29
LU,electoral_roll,holding_name,https://data.legilux.public.lu/eli/etat/leg/loi/2013/06/19/n3/consolide/20220731/fr/html,robots-denied,,,fetch_failed,,2026-09-29
LU,electoral_roll,operator,https://data.legilux.public.lu/eli/etat/leg/loi/2003/02/18/n2/consolide/20240426/fr/html,robots-denied,,,fetch_failed,,2026-09-29
LU,emergency_communications,holding_name,https://data.legilux.public.lu/eli/etat/leg/loi/2018/03/27/a221/jo/fr/html,robots-denied,,,fetch_failed,,2026-09-29
LU,emergency_communications,hosting,https://data.legilux.public.lu/eli/etat/leg/loi/2014/05/20/n1/jo/fr/html,robots-denied,,,fetch_failed,,2026-09-29
LU,extra:financial_account_registry,holding_name,https://data.legilux.public.lu/eli/etat/leg/loi/2020/03/25/a193/jo/fr/html,robots-denied,,,fetch_failed,,2026-09-29
LU,extra:financial_account_registry,legal_basis,https://data.legilux.public.lu/eli/etat/leg/loi/2020/03/25/a193/jo/fr/html,robots-denied,,,fetch_failed,,2026-09-29
LU,facial_biometric,holding_name,https://data.legilux.public.lu/eli/etat/leg/loi/2013/06/19/n3/consolide/20220731/fr/html,robots-denied,,,fetch_failed,,2026-09-29
LU,facial_biometric,not_held,https://data.legilux.public.lu/eli/etat/leg/loi/2013/06/19/n3/consolide/20220731/fr/html,robots-denied,,,fetch_failed,,2026-09-29
LU,facial_biometric,operator,https://ctie.gouvernement.lu/fr/l-administration/Attributions.html,200,text/html,f7052a8386f96a8d4ab90fcd3bb46324f5fe58d19adf1c2a8cf9363ee25e0768,exact,https://web.archive.org/web/20260720122851/https://ctie.gouvernement.lu/fr/l-administration/Attributions.html,2026-09-29
LU,fingerprint_biometric,holding_name,https://data.legilux.public.lu/eli/etat/leg/loi/2013/06/19/n3/consolide/20220731/fr/html,robots-denied,,,fetch_failed,,2026-09-29
LU,fingerprint_biometric,hosting,https://data.legilux.public.lu/eli/etat/leg/rgd/2015/02/12/n1/jo/fr/html,robots-denied,,,fetch_failed,,2026-09-29
LU,fingerprint_biometric,not_held,https://data.legilux.public.lu/eli/etat/leg/loi/2013/06/19/n3/consolide/20220731/fr/html,robots-denied,,,fetch_failed,,2026-09-29
LU,firearms_register,holding_name,https://data.legilux.public.lu/eli/etat/leg/loi/2022/02/02/a49/jo/fr/html,robots-denied,,,fetch_failed,,2026-09-29
LU,firearms_register,legal_basis,https://data.legilux.public.lu/eli/etat/leg/loi/2022/02/02/a49/jo/fr/html,robots-denied,,,fetch_failed,,2026-09-29
LU,geospatial,holding_name,https://data.legilux.public.lu/eli/etat/leg/loi/2002/07/25/n8/consolide/20221101/fr/html,robots-denied,,,fetch_failed,,2026-09-29
LU,government_payroll,holding_name,https://data.legilux.public.lu/eli/etat/leg/loi/2018/07/25/a620/consolide/20260915/fr/html,robots-denied,,,fetch_failed,,2026-09-29
LU,government_payroll,operator,https://data.legilux.public.lu/eli/etat/leg/loi/2018/07/25/a620/consolide/20260915/fr/html,robots-denied,,,fetch_failed,,2026-09-29
LU,grid_control,hosting,https://www.creos-net.lu/particuliers/creos-luxembourg/reseau-electrique,200,text/html,09f8f0bda4123d3a5f91fca48ca6dffa35b57efc56fee25e3bead5ad47f75f17,exact,https://web.archive.org/web/20260703182044/https://www.creos-net.lu/particuliers/creos-luxembourg/reseau-electrique,2026-09-29
LU,grid_control,legal_basis,https://data.legilux.public.lu/eli/etat/leg/loi/2007/08/01/n13/consolide/20221223/fr/html,robots-denied,,,fetch_failed,,2026-09-29
LU,grid_control,operator,https://www.creos-net.lu/particuliers/creos-luxembourg/a-propos,200,text/html,2ecc9dbe0ada8925d27f1e7f6ff1d012a69aba46f3efd39cb1395d8950f10b5d,exact,,2026-09-29
LU,grid_control,record_count,https://www.creos-net.lu/particuliers/creos-luxembourg/a-propos,200,text/html,2ecc9dbe0ada8925d27f1e7f6ff1d012a69aba46f3efd39cb1395d8950f10b5d,exact,,2026-09-29
LU,health_insurance,holding_name,https://cns.public.lu/fr/assure/droits-demarches/bases-bonnes-pratiques/affiliation.html,200,text/html,bf771176a141c7b50ab983fe5e18766ea41628ee81cb20f227eefae94bf1af9a,exact,https://web.archive.org/web/20260324191230/https://cns.public.lu/fr/assure/droits-demarches/bases-bonnes-pratiques/affiliation.html,2026-09-29
LU,health_insurance,hosting,https://ccss.public.lu/fr/ccss/attributions.html,200,text/html,7e10611a1398f9a6dc6bdf4495881337f077b0a1bd3be880e15f540c5cdd3367,exact,https://web.archive.org/web/20260324045749/https://ccss.public.lu/fr/ccss/attributions.html,2026-09-29
LU,health_insurance,operator,https://cns.public.lu/fr/assure/droits-demarches/bases-bonnes-pratiques/assurance-maladie-bref.html,200,text/html,fc0a7aa8d644536a4edb1944052bc03689b2affc603ab7fc058c8e77128db4aa,exact,https://web.archive.org/web/20260324075300/https://cns.public.lu/fr/assure/droits-demarches/bases-bonnes-pratiques/assurance-maladie-bref.html,2026-09-29
LU,health_records,holding_name,https://data.legilux.public.lu/eli/etat/leg/rgd/2019/12/06/a909/jo/fr/html,robots-denied,,,fetch_failed,,2026-09-29
LU,health_records,operator,https://data.legilux.public.lu/eli/etat/leg/rgd/2019/12/06/a909/jo/fr/html,robots-denied,,,fetch_failed,,2026-09-29
LU,indicator:C1,indicator,https://ctie.gouvernement.lu/fr/l-administration/Attributions.html,200,text/html,109387e7f823e46d73e93e2e39df8a640e61dc5ec574b74dc491790ea2c02ca9,exact,https://web.archive.org/web/20260720122851/https://ctie.gouvernement.lu/fr/l-administration/Attributions.html,2026-09-29
LU,indicator:C1,indicator,https://en.wikipedia.org/wiki/LuxConnect,200,text/html,40b7c638eb82108f297efe3dc45de03568e1b4eea34b6939c3bf18df16a35183,exact,https://web.archive.org/web/20250802060739/https://en.wikipedia.org/wiki/LuxConnect,2026-09-29
LU,indicator:C2,indicator,https://ctie.gouvernement.lu/fr/offres-emploi.html,200,text/html,117d1ad82f1d590a5f9c09887df6a2673ae488106a9b8f6ca2a9de3d98c90253,loose,https://web.archive.org/web/20260908040136/https://ctie.gouvernement.lu/fr/offres-emploi.html,2026-09-29
LU,indicator:K1,indicator,https://www.incert.lu/serving-luxembourg-public-agencies,200,text/html,6f2bb50104db44cfff5929cce5f4a2b0fb928e43ac8062ac06f5d249bc80bade,exact,,2026-09-29
LU,indicator:K1,indicator,https://www.incert.lu/sous-page,200,text/html,4dd0ca91cdbc1389d8c37f6d88f201704adeb5af366928d99ddfa5199f268e68,exact,,2026-09-29
LU,indicator:K2,indicator,https://ctie.gouvernement.lu/fr/actualites/dossiers/gouvid/gouvid.html,200,text/html,f7a746347e0557e3bc635505124e65ac3b788ab337422fec45474a567f43914a,exact,,2026-09-29
LU,indicator:K2,indicator,https://ctie.gouvernement.lu/fr/l-administration/Attributions.html,200,text/html,109387e7f823e46d73e93e2e39df8a640e61dc5ec574b74dc491790ea2c02ca9,exact,https://web.archive.org/web/20260720122851/https://ctie.gouvernement.lu/fr/l-administration/Attributions.html,2026-09-29
LU,indicator:L1,indicator,https://ctie.gouvernement.lu/fr/l-administration/Attributions.html,200,text/html,109387e7f823e46d73e93e2e39df8a640e61dc5ec574b74dc491790ea2c02ca9,exact,https://web.archive.org/web/20260720122851/https://ctie.gouvernement.lu/fr/l-administration/Attributions.html,2026-09-29
LU,indicator:L1,indicator,https://data.legilux.public.lu/filestore/eli/etat/leg/loi/2004/06/15/n5/jo/fr/html/eli-etat-leg-loi-2004-06-15-n5-jo-fr-html.html,robots-denied,,,fetch_failed,,2026-09-29
LU,indicator:L2,indicator,https://data.legilux.public.lu/filestore/eli/etat/leg/loi/2004/06/15/n5/jo/fr/html/eli-etat-leg-loi-2004-06-15-n5-jo-fr-html.html,robots-denied,,,fetch_failed,,2026-09-29
LU,intelligence,holding_name,https://data.legilux.public.lu/eli/etat/leg/loi/2016/07/05/n8/jo/fr/html,robots-denied,,,fetch_failed,,2026-09-29
LU,intelligence,legal_basis,https://data.legilux.public.lu/eli/etat/leg/loi/2016/07/05/n8/jo/fr/html,robots-denied,,,fetch_failed,,2026-09-29
LU,issuance_history,holding_name,https://data.legilux.public.lu/eli/etat/leg/loi/2013/06/19/n3/consolide/20220731/fr/html,robots-denied,,,fetch_failed,,2026-09-29
LU,issuance_history,operator,https://ctie.gouvernement.lu/fr/l-administration/Attributions.html,200,text/html,f7052a8386f96a8d4ab90fcd3bb46324f5fe58d19adf1c2a8cf9363ee25e0768,exact,https://web.archive.org/web/20260720122851/https://ctie.gouvernement.lu/fr/l-administration/Attributions.html,2026-09-29
LU,issuance_history,record_count,https://www.incert.lu/serving-luxembourg-public-agencies,200,text/html,6f2bb50104db44cfff5929cce5f4a2b0fb928e43ac8062ac06f5d249bc80bade,exact,,2026-09-29
LU,judicial_criminal,holding_name,https://data.legilux.public.lu/eli/etat/leg/loi/2013/03/29/n10/consolide/20260317/fr/html,robots-denied,,,fetch_failed,,2026-09-29
LU,land_property,holding_name,https://data.legilux.public.lu/eli/etat/leg/loi/2002/07/25/n8/consolide/20221101/fr/html,robots-denied,,,fetch_failed,,2026-09-29
LU,national_archives,legal_basis,https://data.legilux.public.lu/eli/etat/leg/loi/2018/08/17/a706/consolide/20220303/fr/html,robots-denied,,,fetch_failed,,2026-09-29
LU,national_archives,operator,https://data.legilux.public.lu/eli/etat/leg/loi/2018/08/17/a706/consolide/20220303/fr/html,robots-denied,,,fetch_failed,,2026-09-29
LU,official_gazette,legal_basis,https://data.legilux.public.lu/eli/etat/leg/loi/2016/12/23/n25/jo/fr/html,robots-denied,,,fetch_failed,,2026-09-29
LU,official_gazette,operator,https://scl.gouvernement.lu/fr.html,200,text/html,065ce68b883f168f6dd5da38d5f13074cd5e47ad0712e8aece5f1b791494ab3d,exact,https://web.archive.org/web/20260323222646/https://scl.gouvernement.lu/fr.html,2026-09-29
LU,police_records,holding_name,https://data.legilux.public.lu/eli/etat/leg/loi/2018/07/18/a621/consolide/20260725/fr/html,robots-denied,,,fetch_failed,,2026-09-29
LU,public_finance,holding_name,https://data.legilux.public.lu/eli/etat/leg/loi/1999/06/08/n2/consolide/20260727/fr/html,robots-denied,,,fetch_failed,,2026-09-29
LU,public_finance,operator,https://data.legilux.public.lu/eli/etat/leg/loi/1999/06/08/n2/consolide/20260727/fr/html,robots-denied,,,fetch_failed,,2026-09-29
LU,public_health_surveillance,legal_basis,https://data.legilux.public.lu/eli/etat/leg/loi/2018/08/01/a705/jo/fr/html,robots-denied,,,fetch_failed,,2026-09-29
LU,residence_permits,holding_name,https://data.legilux.public.lu/eli/etat/leg/loi/2016/07/05/n8/jo/fr/html,robots-denied,,,fetch_failed,,2026-09-29
LU,residence_permits,legal_basis,https://data.legilux.public.lu/eli/etat/leg/loi/2008/08/29/n1/jo/fr/html,robots-denied,,,fetch_failed,,2026-09-29
LU,statistics_microdata,holding_name,https://data.legilux.public.lu/eli/etat/leg/loi/2011/07/10/n5/consolide/20220731/fr/html,robots-denied,,,fetch_failed,,2026-09-29
LU,tax,holding_name,https://impotsdirects.public.lu/fr/az/r/RGPD_GDPR.html,200,text/html,9ef3c4f6d9ff32ba4e42e82fbce2815e0bb4fece792488fadff9b643aa7f9e9f,exact,https://web.archive.org/web/20260903021938/https://impotsdirects.public.lu/fr/az/r/RGPD_GDPR.html,2026-09-29
LU,tax,operator,https://impotsdirects.public.lu/fr/az/r/RGPD_GDPR.html,200,text/html,9ef3c4f6d9ff32ba4e42e82fbce2815e0bb4fece792488fadff9b643aa7f9e9f,exact,https://web.archive.org/web/20260903021938/https://impotsdirects.public.lu/fr/az/r/RGPD_GDPR.html,2026-09-29
LU,trust_services_pki,legal_basis,https://data.legilux.public.lu/eli/etat/leg/loi/2013/06/19/n3/consolide/20220731/fr/html,robots-denied,,,fetch_failed,,2026-09-29
LU,trust_services_pki,operator,https://www.incert.lu/serving-luxembourg-public-agencies,200,text/html,6f2bb50104db44cfff5929cce5f4a2b0fb928e43ac8062ac06f5d249bc80bade,exact,,2026-09-29
LU,trust_services_pki,operator,https://www.luxtrust.com/fr/news/luxtrust-et-incert-scellent-un-partenariat-strategique-pour-renforcer-la-souverainete,200,text/html,562fc7ffad6c27b0e78e9115ab8db82932624477c770908c035925397fdf8b55,exact,,2026-09-29
LU,vehicle_licensing,holding_name,https://data.legilux.public.lu/eli/etat/leg/loi/2016/07/05/n8/jo/fr/html,robots-denied,,,fetch_failed,,2026-09-29
LU,vehicle_licensing,holding_name,https://snca.public.lu/fr/snca/histoire-snca.html,200,text/html,b1551bdc915670a72cea0d825f600450034537a77ba2a0f15ef816626dc37729,exact,https://web.archive.org/web/20260612182328/https://snca.public.lu/fr/snca/histoire-snca.html,2026-09-29
LU,vehicle_licensing,operator,https://snca.public.lu/fr/snca/missions-valeurs.html,200,text/html,a74205be30d75482ce5c166d39fcda65537705f441c6c7148c4b48ff97f9aac3,exact,https://web.archive.org/web/20260324003908/https://snca.public.lu/fr/snca/missions-valeurs.html,2026-09-29
LU,water_control,holding_name,https://data.legilux.public.lu/eli/etat/leg/loi/2008/12/19/n17/consolide/20260101/fr/html,robots-denied,,,fetch_failed,,2026-09-29
LV,authentication_audit_log,holding_name,https://www.vdaa.gov.lv/lv/vienotas-pieteiksanas-modulis,timeout,,,fetch_failed,,2026-09-29
LV,authentication_audit_log,legal_basis,https://likumi.lv/ta/id/278001,200,text/html,79ea8eb9c859aba1740a8214f536a734fe681e9767e7917fe7896cabfc905a03,exact,https://web.archive.org/web/20251105014153/https://likumi.lv/ta/id/278001,2026-09-29
LV,authentication_audit_log,operator,https://www.vdaa.gov.lv/lv/vienotas-pieteiksanas-modulis,timeout,,,fetch_failed,,2026-09-29
LV,beneficial_ownership,legal_basis,https://likumi.lv/ta/id/178987,200,text/html,3309e6751d7299c0c411b7196bbd4e115285e88d6c7ec86917ad36bceb6c62bf,exact,https://web.archive.org/web/20251114030209/https://likumi.lv/ta/id/178987,2026-09-29
LV,beneficial_ownership,operator,https://likumi.lv/ta/id/72847,200,text/html,acc6a85a5eebf3f75597b966d0f442325217053c835f4bdb668d5046f2804db1,exact,https://web.archive.org/web/20260114002018/https://likumi.lv/ta/id/72847,2026-09-29
LV,benefits_pensions,holding_name,https://likumi.lv/ta/id/45466,200,text/html,0323bb23db845bfd9d4dd471e33413b86c9c74d511c5caadd01562fe5e84f4ef,exact,https://web.archive.org/web/20260308035439/https://likumi.lv/ta/id/45466,2026-09-29
LV,benefits_pensions,operator,https://likumi.lv/ta/id/45466,200,text/html,0323bb23db845bfd9d4dd471e33413b86c9c74d511c5caadd01562fe5e84f4ef,exact,https://web.archive.org/web/20260308035439/https://likumi.lv/ta/id/45466,2026-09-29
LV,border_control,holding_name,https://www.ic.iem.gov.lv/lv/automatizeta-pirkstu-nospiedumu-identifikacijas-sistema,timeout,,,fetch_failed,,2026-09-29
LV,border_control,hosting,https://www.iem.gov.lv/lv/jaunums/iekslietu-ministrijas-informacijas-centrs-partop-par-iekslietu-digitalo-centru,timeout,,,fetch_failed,,2026-09-29
LV,border_control,legal_basis,https://likumi.lv/ta/id/159481,200,text/html,05b04468ba1fc45c48f20c32efcd848de8b9300586c915c540890ed88677c3df,exact,https://web.archive.org/web/20260418035115/https://likumi.lv/ta/id/159481,2026-09-29
LV,border_control,operator,https://likumi.lv/ta/id/159481,200,text/html,05b04468ba1fc45c48f20c32efcd848de8b9300586c915c540890ed88677c3df,exact,https://web.archive.org/web/20260418035115/https://likumi.lv/ta/id/159481,2026-09-29
LV,breeder_documents,holding_name,https://likumi.lv/ta/id/253442,200,text/html,fea94b5cf85fc49a921c5413b927958ba34a7a64de36f8389db0493b066dae52,exact,https://web.archive.org/web/20260907140710/https://likumi.lv/ta/id/253442,2026-09-29
LV,breeder_documents,legal_basis,https://likumi.lv/ta/id/296185,200,text/html,738c88ce57ec833eb21a385b8ba5b4e2066e68f2aac1f9b9e092d77ccc64c99e,exact,https://web.archive.org/web/20260920214621/https://likumi.lv/ta/id/296185,2026-09-29
LV,breeder_documents,operator,https://likumi.lv/ta/id/253442,200,text/html,fea94b5cf85fc49a921c5413b927958ba34a7a64de36f8389db0493b066dae52,exact,https://web.archive.org/web/20260907140710/https://likumi.lv/ta/id/253442,2026-09-29
LV,business_registry,hosting,https://likumi.lv/ta/id/72847,200,text/html,acc6a85a5eebf3f75597b966d0f442325217053c835f4bdb668d5046f2804db1,exact,https://web.archive.org/web/20260114002018/https://likumi.lv/ta/id/72847,2026-09-29
LV,business_registry,operator,https://likumi.lv/ta/id/72847,200,text/html,acc6a85a5eebf3f75597b966d0f442325217053c835f4bdb668d5046f2804db1,exact,https://web.archive.org/web/20260114002018/https://likumi.lv/ta/id/72847,2026-09-29
LV,central_bank,holding_name,https://www.bank.lv/darbibas-jomas/kreditu-registrs/par-kreditu-registru,timeout,,,fetch_failed,,2026-09-29
LV,central_bank,holding_name,https://www.bank.lv/darbibas-jomas/maksajumu-sistemas-uzdevumi/eks,timeout,,,fetch_failed,,2026-09-29
LV,central_bank,legal_basis,https://likumi.lv/ta/id/326575,200,text/html,33ace0046b5d652b65e1386f2778fcef1a6217d3075ae1be6222328d43020a7e,exact,https://web.archive.org/web/20260124180756/https://likumi.lv/ta/id/326575,2026-09-29
LV,civil_registry,holding_name,https://likumi.lv/ta/id/296185,200,text/html,738c88ce57ec833eb21a385b8ba5b4e2066e68f2aac1f9b9e092d77ccc64c99e,exact,https://web.archive.org/web/20260920214621/https://likumi.lv/ta/id/296185,2026-09-29
LV,civil_registry,legal_basis,https://likumi.lv/ta/id/253442,200,text/html,fea94b5cf85fc49a921c5413b927958ba34a7a64de36f8389db0493b066dae52,exact,https://web.archive.org/web/20260907140710/https://likumi.lv/ta/id/253442,2026-09-29
LV,civil_registry,legal_basis,https://likumi.lv/ta/id/296185,200,text/html,738c88ce57ec833eb21a385b8ba5b4e2066e68f2aac1f9b9e092d77ccc64c99e,exact,https://web.archive.org/web/20260920214621/https://likumi.lv/ta/id/296185,2026-09-29
LV,civil_registry,operator,https://likumi.lv/ta/id/296185,200,text/html,738c88ce57ec833eb21a385b8ba5b4e2066e68f2aac1f9b9e092d77ccc64c99e,exact,https://web.archive.org/web/20260920214621/https://likumi.lv/ta/id/296185,2026-09-29
LV,crisis_management,legal_basis,https://likumi.lv/ta/id/282333,200,text/html,e8dcf762b0042a4259a255b444864a877ff695e41da83d28b5871224cef66d48,exact,https://web.archive.org/web/20260718014713/https://likumi.lv/ta/id/282333,2026-09-29
LV,crisis_management,operator,https://www.iem.gov.lv/lv/jaunums/agrinas-bridinasanas-pazinojumus-sutis-mobilo-sakaru-operatori-sunu-apraide,timeout,,,fetch_failed,,2026-09-29
LV,customs,holding_name,https://likumi.lv/ta/id/283024,200,text/html,d9fe028b318e03f932b4304538d5a3b657850138a7d124b9850cc9c2ff6d3226,exact,https://web.archive.org/web/20260210002446/https://likumi.lv/ta/id/283024,2026-09-29
LV,customs,operator,https://likumi.lv/ta/id/283024,200,text/html,d9fe028b318e03f932b4304538d5a3b657850138a7d124b9850cc9c2ff6d3226,exact,https://web.archive.org/web/20260210002446/https://likumi.lv/ta/id/283024,2026-09-29
LV,digital_identity_credentials,foreign_dependency,https://www.skidsolutions.eu/contact/,200,text/html,ce4a15d09dae60026b7d38e8ea9c2e7eb5148037bee76c4b7d704f990fec5402,exact,https://web.archive.org/web/20260902160445/https://www.skidsolutions.eu/contact/,2026-09-29
LV,digital_identity_credentials,holding_name,https://www.mod.gov.lv/lv/kiberdrosiba/digitalas-drosibas-uzraudzibas-komiteja/elektroniska-identifikacija,200,text/html,5ac59c4db829e0ca532a4a50b4cd613b826803b6096d3fa98020fb006f1882f9,exact,,2026-09-29
LV,digital_identity_credentials,legal_basis,https://likumi.lv/ta/id/278001,200,text/html,79ea8eb9c859aba1740a8214f536a734fe681e9767e7917fe7896cabfc905a03,exact,https://web.archive.org/web/20251105014153/https://likumi.lv/ta/id/278001,2026-09-29
LV,digital_identity_credentials,operator,https://www.mod.gov.lv/lv/kiberdrosiba/digitalas-drosibas-uzraudzibas-komiteja/elektroniska-identifikacija,200,text/html,5ac59c4db829e0ca532a4a50b4cd613b826803b6096d3fa98020fb006f1882f9,exact,,2026-09-29
LV,education,holding_name,https://likumi.lv/ta/id/307796,200,text/html,b22a6882649f60016b053330fcea39a60f84fa074af2bb5a5d407b8586f66751,exact,https://web.archive.org/web/20250614053013/https://likumi.lv/ta/id/307796,2026-09-29
LV,education,operator,https://likumi.lv/ta/id/307796,200,text/html,b22a6882649f60016b053330fcea39a60f84fa074af2bb5a5d407b8586f66751,exact,https://web.archive.org/web/20250614053013/https://likumi.lv/ta/id/307796,2026-09-29
LV,electoral_management,holding_name,https://www.vdaa.gov.lv/lv/velesanu-platforma,timeout,,,fetch_failed,,2026-09-29
LV,electoral_roll,holding_name,https://likumi.lv/ta/id/83681,200,text/html,320db8a6929f3fc4bab45d81bae181bcf23a2b07bde761e4b58554653f31322c,exact,https://web.archive.org/web/20250623071345/https://likumi.lv/ta/id/83681,2026-09-29
LV,electoral_roll,operator,https://likumi.lv/ta/id/83681,200,text/html,320db8a6929f3fc4bab45d81bae181bcf23a2b07bde761e4b58554653f31322c,exact,https://web.archive.org/web/20250623071345/https://likumi.lv/ta/id/83681,2026-09-29
LV,emergency_communications,holding_name,https://www.vugd.gov.lv/lv/pakalpojumi/vienotais-arkartas-palidzibas-izsaukuma-numurs-112,error,,,fetch_failed,,2026-09-29
LV,emergency_communications,operator,https://www.iem.gov.lv/lv/jaunums/iekslietu-ministrijas-informacijas-centrs-partop-par-iekslietu-digitalo-centru,timeout,,,fetch_failed,,2026-09-29
LV,extra:government_cloud_infrastructure,holding_name,https://likumi.lv/ta/id/363717,200,text/html,bc9b95a7af292a61cc8e11beda92bd60621d8202b630c9d5a4551669e72261c7,exact,https://web.archive.org/web/20251015142354/https://likumi.lv/ta/id/363717,2026-09-29
LV,extra:government_cloud_infrastructure,hosting,https://likumi.lv/ta/id/363717,200,text/html,bc9b95a7af292a61cc8e11beda92bd60621d8202b630c9d5a4551669e72261c7,exact,https://web.archive.org/web/20251015142354/https://likumi.lv/ta/id/363717,2026-09-29
LV,extra:government_cloud_infrastructure,legal_basis,https://likumi.lv/ta/id/363717,200,text/html,bc9b95a7af292a61cc8e11beda92bd60621d8202b630c9d5a4551669e72261c7,exact,https://web.archive.org/web/20251015142354/https://likumi.lv/ta/id/363717,2026-09-29
LV,extra:government_cloud_infrastructure,operator,https://www.iem.gov.lv/lv/jaunums/iekslietu-ministrijas-informacijas-centrs-partop-par-iekslietu-digitalo-centru,timeout,,,fetch_failed,,2026-09-29
LV,facial_biometric,holding_name,https://www.ic.iem.gov.lv/lv/biometrijas-datu-apstrades-sistema,timeout,,,fetch_failed,,2026-09-29
LV,facial_biometric,hosting,https://www.iem.gov.lv/lv/jaunums/iekslietu-ministrijas-informacijas-centrs-partop-par-iekslietu-digitalo-centru,timeout,,,fetch_failed,,2026-09-29
LV,facial_biometric,legal_basis,https://likumi.lv/ta/id/193111,200,text/html,a596b2f48a93ed4a283c8e29109f9a082067cae26f3e1123ba1744b9d0ef1e3d,exact,https://web.archive.org/web/20260615194705/https://likumi.lv/ta/id/193111,2026-09-29
LV,facial_biometric,operator,https://likumi.lv/ta/id/193111,200,text/html,a596b2f48a93ed4a283c8e29109f9a082067cae26f3e1123ba1744b9d0ef1e3d,exact,https://web.archive.org/web/20260615194705/https://likumi.lv/ta/id/193111,2026-09-29
LV,facial_biometric,operator,https://www.iem.gov.lv/lv/jaunums/iekslietu-ministrijas-informacijas-centrs-partop-par-iekslietu-digitalo-centru,timeout,,,fetch_failed,,2026-09-29
LV,fingerprint_biometric,holding_name,https://www.ic.iem.gov.lv/lv/biometrijas-datu-apstrades-sistema,timeout,,,fetch_failed,,2026-09-29
LV,fingerprint_biometric,hosting,https://www.iem.gov.lv/lv/jaunums/iekslietu-ministrijas-informacijas-centrs-partop-par-iekslietu-digitalo-centru,timeout,,,fetch_failed,,2026-09-29
LV,fingerprint_biometric,operator,https://likumi.lv/ta/id/193111,200,text/html,a596b2f48a93ed4a283c8e29109f9a082067cae26f3e1123ba1744b9d0ef1e3d,exact,https://web.archive.org/web/20260615194705/https://likumi.lv/ta/id/193111,2026-09-29
LV,firearms_register,holding_name,https://www.ic.iem.gov.lv/lv/ierocu-registrs,timeout,,,fetch_failed,,2026-09-29
LV,firearms_register,hosting,https://www.iem.gov.lv/lv/jaunums/iekslietu-ministrijas-informacijas-centrs-partop-par-iekslietu-digitalo-centru,timeout,,,fetch_failed,,2026-09-29
LV,firearms_register,operator,https://likumi.lv/ta/id/312523,200,text/html,cb07e66e5cfdca6aa560ce893e058bbf748887cb09793ea9d386781499e57c95,exact,,2026-09-29
LV,geospatial,holding_name,https://likumi.lv/ta/id/202999,200,text/html,7980af868f69d9ff72a08f7c54e259475dd32c79fce7ab6564d25bb2c1ae39f2,exact,,2026-09-29
LV,geospatial,operator,https://likumi.lv/ta/id/202999,200,text/html,7980af868f69d9ff72a08f7c54e259475dd32c79fce7ab6564d25bb2c1ae39f2,exact,,2026-09-29
LV,government_payroll,holding_name,https://www.mk.gov.lv/lv/cilvekresursu-vienota-parvaldibas-sistema,timeout,,,fetch_failed,,2026-09-29
LV,government_payroll,holding_name,https://www.mk.gov.lv/lv/gramatvedibas-un-personala-lietvedibas-risinajums,timeout,,,fetch_failed,,2026-09-29
LV,government_payroll,operator,https://www.mk.gov.lv/lv/gramatvedibas-un-personala-lietvedibas-risinajums,timeout,,,fetch_failed,,2026-09-29
LV,government_payroll,operator,https://www.mk.gov.lv/lv/projekts/cilvekresursu-vienotas-parvaldibas-sistemas-ieviesana,timeout,,,fetch_failed,,2026-09-29
LV,grid_control,hosting,https://www.kem.gov.lv/lv/jaunums/nodota-ekspluatacija-latvijas-energosistemas-galvena-dispeceru-vadibas-un-datu-centra-jauna-eka,timeout,,,fetch_failed,,2026-09-29
LV,grid_control,legal_basis,https://likumi.lv/ta/id/108834,200,text/html,7708736f0ea4958c95c07226142fcd84d91f437af3fc633adc43ede8acddf1de,exact,https://web.archive.org/web/20260613115610/https://likumi.lv/ta/id/108834,2026-09-29
LV,grid_control,operator,https://www.kem.gov.lv/lv/jaunums/nodota-ekspluatacija-latvijas-energosistemas-galvena-dispeceru-vadibas-un-datu-centra-jauna-eka,timeout,,,fetch_failed,,2026-09-29
LV,health_insurance,legal_basis,https://likumi.lv/ta/id/296188,200,text/html,a6cc00ea3413c47c7ef61d604d7d7822090db04e0692ebb1c770defc1edfba60,exact,https://web.archive.org/web/20260618171320/https://likumi.lv/ta/id/296188,2026-09-29
LV,health_insurance,operator,https://likumi.lv/ta/id/368308,200,text/html,fd667403e58162d6c5e82f81ef3473e811375675f965fd056f3310d862cf8bd3,exact,https://web.archive.org/web/20260518015540/https://likumi.lv/ta/id/368308,2026-09-29
LV,health_records,legal_basis,https://likumi.lv/ta/id/264943,200,text/html,8def5319aa1f931e299362862993e549803545776ece8dade788e03a15738045,exact,,2026-09-29
LV,health_records,operator,https://likumi.lv/ta/id/264943,200,text/html,8def5319aa1f931e299362862993e549803545776ece8dade788e03a15738045,exact,,2026-09-29
LV,indicator:C1,indicator,https://www.lvrtc.lv/pakalpojumi/valsts_sektoram/datu_centri/,200,text/html,81012ca5a215dd37b9012810f130ddbef3d4b80816ac75b63d6f9e593536acee,exact,https://web.archive.org/web/20260514171247/https://www.lvrtc.lv/pakalpojumi/valsts_sektoram/datu_centri/,2026-09-29
LV,indicator:C1,indicator,https://www.lvrtc.lv/par-lvrtc/par-mums/,200,text/html,e0b112bb391a552cb81a2fa0614121b4fff1e19be77378bbe90c31a6b7a6c910,exact,https://web.archive.org/web/20260807133227/https://www.lvrtc.lv/par-lvrtc/par-mums/,2026-09-29
LV,indicator:C2,indicator,https://www.lvrtc.lv/projekti/latvijas-nacionalais-federetais-makonis/,200,text/html,6ec2ebcca3037dbd9946b7db16cd678f05176f108f4442aecfd945fa181c3367,exact,https://web.archive.org/web/20260512124930/https://www.lvrtc.lv/projekti/latvijas-nacionalais-federetais-makonis/,2026-09-29
LV,indicator:C2,indicator,https://www.lvrtc.lv/projekti/lvdc-2/,200,text/html,3e674c33a3399f2e0130dcc3974331f0e52060488727e2c0ff87af4a1a7ef793,exact,https://web.archive.org/web/20260312033831/https://www.lvrtc.lv/projekti/lvdc-2/,2026-09-29
LV,indicator:K1,indicator,https://www.lvrtc.lv/par-lvrtc/par-mums/,200,text/html,e0b112bb391a552cb81a2fa0614121b4fff1e19be77378bbe90c31a6b7a6c910,exact,https://web.archive.org/web/20260807133227/https://www.lvrtc.lv/par-lvrtc/par-mums/,2026-09-29
LV,indicator:K2,indicator,https://www.lvrtc.lv/par-lvrtc/vesture-2/eparaksta-vesture/,200,text/html,34d37b97c5de145b03ec9649a14358bd7ec35ba9bd83390262fb76a8811d9077,exact,https://web.archive.org/web/20260410091905/https://www.lvrtc.lv/par-lvrtc/vesture-2/eparaksta-vesture/,2026-09-29
LV,indicator:K2,indicator,https://www.lvrtc.lv/projekti/eparaksts_identitate/,200,text/html,9bd96502b317599e7440a27ca04ef80da7ffd6f05a34e299eb8ed9ac19a5024e,exact,https://web.archive.org/web/20260207134940/https://www.lvrtc.lv/projekti/eparaksts_identitate/,2026-09-29
LV,indicator:L1,indicator,https://likumi.lv/ta/id/348742,200,text/html,f065b6b069785786c39edcafbb3ba1691f355c64a8b644f2a6678483651365ce,exact,https://web.archive.org/web/20260408194732/https://likumi.lv/ta/id/348742,2026-09-29
LV,indicator:L1,indicator,https://likumi.lv/ta/id/353390,200,text/html,951b8a6604f955050252e077cc8a9ec258e6662f94d6494b1622ffa85d5d7fd8,exact,https://web.archive.org/web/20260421100217/https://likumi.lv/ta/id/353390,2026-09-29
LV,indicator:L2,indicator,https://likumi.lv/ta/id/41058,200,text/html,65a95302f1e6cd673cde5ab392a7d1cd65e02635516c115b570a9ed1f402df71,exact,https://web.archive.org/web/20260925033723/https://likumi.lv/ta/id/41058,2026-09-29
LV,issuance_history,holding_name,https://likumi.lv/ta/id/243484,200,text/html,699f34a538dbc0f09df122dfa223cdafff8c03a8280329c1415e9628fd419769,exact,https://web.archive.org/web/20260921064509/https://likumi.lv/ta/id/243484,2026-09-29
LV,issuance_history,holding_name,https://www.ic.iem.gov.lv/lv/nederigo-dokumentu-registrs,error,,,fetch_failed,,2026-09-29
LV,issuance_history,legal_basis,https://likumi.lv/ta/id/243484,200,text/html,699f34a538dbc0f09df122dfa223cdafff8c03a8280329c1415e9628fd419769,exact,https://web.archive.org/web/20260921064509/https://likumi.lv/ta/id/243484,2026-09-29
LV,issuance_history,operator,https://www.ic.iem.gov.lv/lv/nederigo-dokumentu-registrs,error,,,fetch_failed,,2026-09-29
LV,judicial_criminal,holding_name,https://likumi.lv/ta/id/284905,200,text/html,a8259fad3e0ab27e68d7810ece95be20bf5abbf67e78de99d279d4d7a1a1ed8c,exact,,2026-09-29
LV,judicial_criminal,hosting,https://www.iem.gov.lv/lv/jaunums/iekslietu-ministrijas-informacijas-centrs-partop-par-iekslietu-digitalo-centru,timeout,,,fetch_failed,,2026-09-29
LV,judicial_criminal,operator,https://likumi.lv/ta/id/261384,200,text/html,60c78d9687227c69a2eb495d0e418c384ed13e0b7d20013c40d850c2c30b840a,exact,https://web.archive.org/web/20260823151729/https://likumi.lv/ta/id/261384,2026-09-29
LV,judicial_criminal,operator,https://likumi.lv/ta/id/62847,200,text/html,299ef56bd5e18ae43d170f5f9b2e09e3998a13fc3e196574206b26339767330a,exact,https://web.archive.org/web/20260926232901/https://likumi.lv/ta/id/62847,2026-09-29
LV,land_property,foreign_dependency,https://likumi.lv/ta/id/60460,200,text/html,f74d7eb89cf988aae61388b2c1472d34fc346e94bcf7581ce830adea9805dbc4,exact,,2026-09-29
LV,land_property,hosting,https://likumi.lv/ta/id/60460,200,text/html,f74d7eb89cf988aae61388b2c1472d34fc346e94bcf7581ce830adea9805dbc4,exact,,2026-09-29
LV,land_property,legal_basis,https://likumi.lv/ta/id/60460,200,text/html,f74d7eb89cf988aae61388b2c1472d34fc346e94bcf7581ce830adea9805dbc4,exact,,2026-09-29
LV,land_property,operator,https://likumi.lv/ta/id/124247,200,text/html,e73c18f62c46078dff5257946d5164ecaef03b0edea1107bce37b3f96562e754,exact,https://web.archive.org/web/20260419181341/https://likumi.lv/ta/id/124247,2026-09-29
LV,national_archives,legal_basis,https://likumi.lv/ta/id/205971,200,text/html,cf9c6510c3d7c134825cf9c0b7e6b9d84d284233a2c8927732b4e08636e70e38,exact,https://web.archive.org/web/20260518062732/https://likumi.lv/ta/id/205971,2026-09-29
LV,national_archives,operator,https://likumi.lv/ta/id/205971,200,text/html,cf9c6510c3d7c134825cf9c0b7e6b9d84d284233a2c8927732b4e08636e70e38,exact,https://web.archive.org/web/20260518062732/https://likumi.lv/ta/id/205971,2026-09-29
LV,official_gazette,legal_basis,https://likumi.lv/ta/id/249322,200,text/html,35b08ff6afaa7bbe03a0621bc44acbec26501fddb092c089e4a08f3cbcb4ffa4,exact,https://web.archive.org/web/20251118165024/https://likumi.lv/ta/id/249322,2026-09-29
LV,official_gazette,operator,https://likumi.lv/ta/id/249322,200,text/html,35b08ff6afaa7bbe03a0621bc44acbec26501fddb092c089e4a08f3cbcb4ffa4,exact,https://web.archive.org/web/20251118165024/https://likumi.lv/ta/id/249322,2026-09-29
LV,police_records,holding_name,https://likumi.lv/ta/id/312122,200,text/html,6105d851570868fcf51e9c7cd794bc327b7651d59f7a2b36a96bc9186c847cb4,exact,https://web.archive.org/web/20241104215536/https://likumi.lv/ta/id/312122,2026-09-29
LV,police_records,holding_name,https://www.ic.iem.gov.lv/lv/kriminalprocesa-informacijas-sistema,timeout,,,fetch_failed,,2026-09-29
LV,police_records,hosting,https://www.iem.gov.lv/lv/jaunums/iekslietu-ministrijas-informacijas-centrs-partop-par-iekslietu-digitalo-centru,timeout,,,fetch_failed,,2026-09-29
LV,police_records,operator,https://likumi.lv/ta/id/312122,200,text/html,6105d851570868fcf51e9c7cd794bc327b7651d59f7a2b36a96bc9186c847cb4,exact,https://web.archive.org/web/20241104215536/https://likumi.lv/ta/id/312122,2026-09-29
LV,public_finance,operator,https://likumi.lv/ta/id/58057,200,text/html,fcc91190d9dfdb34956d0a7994c28734316a6c5e1688d0f7ab481e2a9e7ff602,exact,https://web.archive.org/web/20250617181053/https://likumi.lv/ta/id/58057,2026-09-29
LV,public_health_surveillance,holding_name,https://likumi.lv/ta/id/20667,200,text/html,0f5d962598dc6918818ad4dc8eb6072d1f09457580e4974112e765545d06fa20,exact,https://web.archive.org/web/20260315234430/https://likumi.lv/ta/id/20667,2026-09-29
LV,public_health_surveillance,operator,https://likumi.lv/ta/id/20667,200,text/html,0f5d962598dc6918818ad4dc8eb6072d1f09457580e4974112e765545d06fa20,exact,https://web.archive.org/web/20260315234430/https://likumi.lv/ta/id/20667,2026-09-29
LV,residence_permits,holding_name,https://likumi.lv/ta/id/296185,200,text/html,738c88ce57ec833eb21a385b8ba5b4e2066e68f2aac1f9b9e092d77ccc64c99e,exact,https://web.archive.org/web/20260920214621/https://likumi.lv/ta/id/296185,2026-09-29
LV,residence_permits,legal_basis,https://likumi.lv/ta/id/370622,200,text/html,dafa5a27e4b0c5442df745c367f580627374782c9c37e51868727a5173d9f626,exact,https://web.archive.org/web/20260926055407/https://likumi.lv/ta/id/370622,2026-09-29
LV,residence_permits,operator,https://likumi.lv/ta/id/278986,200,text/html,91b8ea80d60f8d19b75a074aaa6569805d53802fc45e711712316a410abfd90c,exact,https://web.archive.org/web/20250624200825/https://likumi.lv/ta/id/278986,2026-09-29
LV,statistics_microdata,operator,https://likumi.lv/ta/id/274749,200,text/html,d959deb34307adcda3b037a5cad0eb5b0e22c6a4a64924b47b3bd6795f5f4aab,exact,https://web.archive.org/web/20251013002903/https://likumi.lv/ta/id/274749,2026-09-29
LV,tax,holding_name,https://likumi.lv/ta/id/33946,200,text/html,f980286c60ad79a31cd6fa048c0704faae080e08fb900da2f9b5b414f16356cb,exact,https://web.archive.org/web/20260312042603/https://likumi.lv/ta/id/33946,2026-09-29
LV,trust_services_pki,legal_basis,https://www.cyber.gov.lv/lv/digitalas-drosibas-uzraudzibas-komiteja/uzticami-sertifikacijas-pakalpojumi,200,text/html,a36cb2524a719c1c4ecc9f9f65b481b74ad13a3a6869efa32df78f8017f8ace0,exact,https://web.archive.org/web/20260513074133/https://www.cyber.gov.lv/lv/digitalas-drosibas-uzraudzibas-komiteja/uzticami-sertifikacijas-pakalpojumi,2026-09-29
LV,trust_services_pki,operator,https://www.cyber.gov.lv/lv/digitalas-drosibas-uzraudzibas-komiteja/uzticami-sertifikacijas-pakalpojumi,200,text/html,a36cb2524a719c1c4ecc9f9f65b481b74ad13a3a6869efa32df78f8017f8ace0,exact,https://web.archive.org/web/20260513074133/https://www.cyber.gov.lv/lv/digitalas-drosibas-uzraudzibas-komiteja/uzticami-sertifikacijas-pakalpojumi,2026-09-29
LV,vehicle_licensing,operator,https://likumi.lv/ta/id/45467,200,text/html,625ec32140440e26cd8d01c34b0949e2f559d8bc1976e6c2d503558680dc781b,exact,https://web.archive.org/web/20260608045334/https://likumi.lv/ta/id/45467,2026-09-29
MT,beneficial_ownership,legal_basis,https://legislation.mt/getpdf/6a96811d8a32942218a3875e,200,application/pdf,4ea5e360f8b85a5b209a3d581b20855e85458db02dd0e080c7b31cd626530fdb,exact,,2026-09-29
MT,benefits_pensions,legal_basis,https://legislation.mt/getpdf/69d6033d6fe5fd3994d1710c,200,application/pdf,ad5b16966a3264f7b02afde05dbdfe5dfd779fb7bc269756e8b84c83667b51f8,exact,,2026-09-29
MT,benefits_pensions,operator,https://legislation.mt/getpdf/69d6033d6fe5fd3994d1710c,200,application/pdf,ad5b16966a3264f7b02afde05dbdfe5dfd779fb7bc269756e8b84c83667b51f8,exact,,2026-09-29
MT,border_control,legal_basis,https://legislation.mt/getpdf/654e355c495fa32038e251cd,200,application/pdf,e98ba1f1306dcb5ec7e35d6b11377a8dea8721c39457b6ce5d866283398951e9,exact,,2026-09-29
MT,border_control,operator,https://identita.gov.mt/central-visa-unit-main-page/,200,text/html,0f34a527ea2cd66d51b9fd285f1156f005d018cad0a53acdbcbc847d118bc8c7,exact,https://web.archive.org/web/20260811143611/https://identita.gov.mt/central-visa-unit-main-page/,2026-09-29
MT,breeder_documents,legal_basis,https://legislation.mt/getpdf/6890588dbed0ef08a8644d9d,200,application/pdf,861dcd379082ed5d85f70c2bd4efeb23a71690f219cbb1409ed8c53787bc6ed0,exact,https://web.archive.org/web/20260812162203/https://legislation.mt/getpdf/6890588dbed0ef08a8644d9d,2026-09-29
MT,breeder_documents,legal_basis,https://legislation.mt/getpdf/6a7c3f2652fe431ca8f9b4f1,200,application/pdf,9e97bc904820d9fa90cc5fd70ba5cdc267d19d87cacd45d88fe7b4b47de97503,exact,https://web.archive.org/web/20260813100609/https://legislation.mt/getpdf/6a7c3f2652fe431ca8f9b4f1,2026-09-29
MT,breeder_documents,operator,https://identita.gov.mt/identity-cards-unit/first-time-applicant/citizenship/,200,text/html,6fa8a85f58df95c784b01ba427878613b7070fe1b06ad14e8bae560640892173,exact,,2026-09-29
MT,business_registry,legal_basis,https://legislation.mt/getpdf/63b53288198b4d28602aa4aa,200,application/pdf,19b6bcd328ed6d78e3f313d1b15ab6b30e0fcb2d36f1697e0a3a7c8c2a942b9a,exact,,2026-09-29
MT,business_registry,operator,https://legislation.mt/getpdf/6a1836349844fb1e280ec744,200,application/pdf,6bb38fa1139cf51ee2670adbbdea2fa32dac0bc145351a5ec6dabdbe810eca56,exact,https://web.archive.org/web/20260929150241/https://legislation.mt/getpdf/6a1836349844fb1e280ec744,2026-09-29
MT,central_bank,legal_basis,https://legislation.mt/getpdf/661f815ec2ed86388045ef0b,200,application/pdf,b6fb48a47bf8b796fde2223ac3439cda3b6da79fb2ae2f2a3b9b8712c687acbc,exact,https://web.archive.org/web/20260531032408/https://legislation.mt/getpdf/661f815ec2ed86388045ef0b,2026-09-29
MT,civil_registry,holding_name,https://identita.gov.mt/public-registry-sec-page-civil-status/,200,text/html,41c1adc9ab460cd58b987d903a413c2c325f216046728f13404946c682208914,exact,https://web.archive.org/web/20260811142151/https://identita.gov.mt/public-registry-sec-page-civil-status/,2026-09-29
MT,civil_registry,legal_basis,https://legislation.mt/getpdf/6a7c3f2652fe431ca8f9b4f1,200,application/pdf,9e97bc904820d9fa90cc5fd70ba5cdc267d19d87cacd45d88fe7b4b47de97503,exact,https://web.archive.org/web/20260813100609/https://legislation.mt/getpdf/6a7c3f2652fe431ca8f9b4f1,2026-09-29
MT,civil_registry,operator,https://identita.gov.mt/about-us/,200,text/html,61e07e7843b1f4f26bf87322bb163f89d736585453c2e16e5eb913719ed1a0c8,exact,https://web.archive.org/web/20260928102340/https://identita.gov.mt/about-us/,2026-09-29
MT,civil_registry,operator,https://legislation.mt/getpdf/602e53fb8f58ad1b78f3edbe,200,application/pdf,3e63c307fe8dbd9fc1f05d37d3ef9c40eaba37e4b3ba477c8332fdfd01856883,exact,,2026-09-29
MT,crisis_management,legal_basis,https://legislation.mt/getpdf/637747aebae36218f810d89e,200,application/pdf,b52e32d2401dd83c5f6e02f6715ea9642544ff3a898ae3d700d2a50cb372495a,exact,,2026-09-29
MT,customs,legal_basis,https://legislation.mt/getpdf/69c3afc27da36921dcc4ec14,200,application/pdf,9692a7f4ac19bec4b78af6399d13c871954bc82ad2b0d871983cfae64010dcc9,exact,,2026-09-29
MT,defence_command,legal_basis,https://legislation.mt/getpdf/654e35d08a3ed61ab0c67a38,200,application/pdf,6731cf430bdb26fb7b9c9e39ca37ec06c88e6f1f2e07bdf910c17b44d12c233b,exact,,2026-09-29
MT,digital_identity_credentials,holding_name,https://identita.gov.mt/identity-cards-unit/eid-virtual-account/,200,text/html,9411ef422952284b596157ca6283384b54b83bea27abc58205d8dae5ead85de3,exact,https://web.archive.org/web/20260811140802/https://identita.gov.mt/identity-cards-unit/eid-virtual-account/,2026-09-29
MT,digital_identity_credentials,operator,https://identita.gov.mt/identity-cards-unit/,200,text/html,da36f1a0fa94fa47fd3c9d3584b8cb40e2d3625486b2b173ee30f150df6388ce,exact,https://web.archive.org/web/20260516233554/https://identita.gov.mt/identity-cards-unit/,2026-09-29
MT,electoral_management,legal_basis,https://legislation.mt/getpdf/661645c07403ed16fcf9eb8e,200,application/pdf,9ba89552de6124a8d28867138ed55859d70c8f33585b81efe987a5f68f455ced,exact,,2026-09-29
MT,electoral_management,operator,https://legislation.mt/getpdf/661645c07403ed16fcf9eb8e,200,application/pdf,9ba89552de6124a8d28867138ed55859d70c8f33585b81efe987a5f68f455ced,exact,,2026-09-29
MT,electoral_roll,holding_name,https://identita.gov.mt/identity-cards-unit-electoral-office/,200,text/html,93f30e77d0285b5e8aaab6e779e39c5c48bca41eff394d216970eb69b028473d,exact,https://web.archive.org/web/20260415222752/https://identita.gov.mt/identity-cards-unit-electoral-office/,2026-09-29
MT,electoral_roll,holding_name,https://legislation.mt/getpdf/661645c07403ed16fcf9eb8e,200,application/pdf,9ba89552de6124a8d28867138ed55859d70c8f33585b81efe987a5f68f455ced,exact,,2026-09-29
MT,electoral_roll,legal_basis,https://legislation.mt/getpdf/661645c07403ed16fcf9eb8e,200,application/pdf,9ba89552de6124a8d28867138ed55859d70c8f33585b81efe987a5f68f455ced,exact,,2026-09-29
MT,emergency_communications,legal_basis,https://legislation.mt/getpdf/661cda8cc2ed7e0858a3687b,200,application/pdf,680c68a9fddaafab6ca215764d66f9299830f7f96ee79e3e6798871b149a824d,exact,,2026-09-29
MT,extra:ship_registry,legal_basis,https://legislation.mt/getpdf/67fcbc94cf7b7f23782848d4,200,application/pdf,ac5c391cfd3d6cb9bb4d5a7003c8ba2dd444056cae19663410c7a6c6e2bd99d5,exact,,2026-09-29
MT,extra:ship_registry,operator,https://legislation.mt/getpdf/67fcbc94cf7b7f23782848d4,200,application/pdf,ac5c391cfd3d6cb9bb4d5a7003c8ba2dd444056cae19663410c7a6c6e2bd99d5,exact,,2026-09-29
MT,facial_biometric,holding_name,https://identita.gov.mt/identity-cards-unit-electoral-office/,200,text/html,93f30e77d0285b5e8aaab6e779e39c5c48bca41eff394d216970eb69b028473d,exact,https://web.archive.org/web/20260415222752/https://identita.gov.mt/identity-cards-unit-electoral-office/,2026-09-29
MT,facial_biometric,legal_basis,https://legislation.mt/getpdf/6022aa7bbc827214c099ac41,200,application/pdf,793e1f592e248ef8b4ceebad6f6b242ffe9a330a92b77a682bd0072f8667f2bb,exact,,2026-09-29
MT,fingerprint_biometric,holding_name,https://identita.gov.mt/passport-office-adults-renewals/,200,text/html,08357fcac2da7f57eb6373b067e6d9cb27240539435c3788fa90c4a94c37e7c8,exact,https://web.archive.org/web/20260928102340/https://identita.gov.mt/passport-office-adults-renewals/,2026-09-29
MT,fingerprint_biometric,legal_basis,https://identita.gov.mt/passport-office-main-page/,200,text/html,97d9be367f89ff165694ce20171aa99f78b018982eea70df3d93350f533c6759,exact,,2026-09-29
MT,firearms_register,legal_basis,https://legislation.mt/getpdf/60a4cb89083d7d182cdb9624,200,application/pdf,fa1379099b951230beaa1bc15a97a4ef9f04fb5235e95fe909cb7c4aab39724c,exact,https://web.archive.org/web/20210521103733/https://legislation.mt/getpdf/60a4cb89083d7d182cdb9624,2026-09-29
MT,firearms_register,operator,https://legislation.mt/getpdf/60a4cb89083d7d182cdb9624,200,application/pdf,fa1379099b951230beaa1bc15a97a4ef9f04fb5235e95fe909cb7c4aab39724c,exact,https://web.archive.org/web/20210521103733/https://legislation.mt/getpdf/60a4cb89083d7d182cdb9624,2026-09-29
MT,grid_control,legal_basis,https://legislation.mt/getpdf/6022c47abc827214c09b8213,200,application/pdf,bed18253a5828934004175f363e5347064276a544454de40f334c62b73098205,exact,,2026-09-29
MT,health_insurance,holding_name,https://legislation.mt/getpdf/677e3ecacc8e8e3d102ff18a,200,application/pdf,2343b3c858ad633969226982bb60f2f09dbf67530b415df709f53fdc16c07c26,exact,,2026-09-29
MT,health_insurance,legal_basis,https://legislation.mt/getpdf/677e3ecacc8e8e3d102ff18a,200,application/pdf,2343b3c858ad633969226982bb60f2f09dbf67530b415df709f53fdc16c07c26,exact,,2026-09-29
MT,health_insurance,legal_basis,https://legislation.mt/getpdf/69d6033d6fe5fd3994d1710c,200,application/pdf,ad5b16966a3264f7b02afde05dbdfe5dfd779fb7bc269756e8b84c83667b51f8,exact,,2026-09-29
MT,indicator:C1,indicator,https://interoperable-europe.ec.europa.eu/sites/default/files/inline-files/NIFO_2024%20Supporting%20Document_Malta_vFinal.pdf,200,application/pdf,2241777e50aeec96b15f3c0ccfacb16fd759ac0c8b84e65ad629e93273b4219b,exact,https://web.archive.org/web/20260128014217/https://interoperable-europe.ec.europa.eu/sites/default/files/inline-files/NIFO_2024%20Supporting%20Document_Malta_vFinal.pdf,2026-09-29
MT,indicator:C2,indicator,https://interoperable-europe.ec.europa.eu/sites/default/files/inline-files/NIFO_2024%20Supporting%20Document_Malta_vFinal.pdf,200,application/pdf,2241777e50aeec96b15f3c0ccfacb16fd759ac0c8b84e65ad629e93273b4219b,exact,https://web.archive.org/web/20260128014217/https://interoperable-europe.ec.europa.eu/sites/default/files/inline-files/NIFO_2024%20Supporting%20Document_Malta_vFinal.pdf,2026-09-29
MT,indicator:K1,indicator,https://tsl.mca.org.mt/MT_TSL.xml,200,text/xml,cf942917c4855535fddb101f4c10f0ff122e723a1c48bc7f717029e764cf211c,exact,https://web.archive.org/web/20260908033511/https://tsl.mca.org.mt/MT_TSL.xml,2026-09-29
MT,indicator:K2,indicator,https://identita.gov.mt/about-us/,200,text/html,1f571e7029a07af4174f8f0b0dbdd0177cb1a67bad82944a6bc121661fd147fa,exact,https://web.archive.org/web/20260928102340/https://identita.gov.mt/about-us/,2026-09-29
MT,indicator:K2,indicator,https://interoperable-europe.ec.europa.eu/sites/default/files/inline-files/NIFO_2024%20Supporting%20Document_Malta_vFinal.pdf,200,application/pdf,2241777e50aeec96b15f3c0ccfacb16fd759ac0c8b84e65ad629e93273b4219b,exact,https://web.archive.org/web/20260128014217/https://interoperable-europe.ec.europa.eu/sites/default/files/inline-files/NIFO_2024%20Supporting%20Document_Malta_vFinal.pdf,2026-09-29
MT,intelligence,holding_name,https://legislation.mt/getpdf/6022ba1cbc827214c09ac4a7,200,application/pdf,877edb88547325012e9aa17518632864c0fb70d6e14669a860881e33c70a431c,exact,,2026-09-29
MT,intelligence,legal_basis,https://legislation.mt/getpdf/6022ba1cbc827214c09ac4a7,200,application/pdf,877edb88547325012e9aa17518632864c0fb70d6e14669a860881e33c70a431c,exact,,2026-09-29
MT,issuance_history,holding_name,https://identita.gov.mt/passport-office-main-page/,200,text/html,97d9be367f89ff165694ce20171aa99f78b018982eea70df3d93350f533c6759,exact,,2026-09-29
MT,issuance_history,legal_basis,https://legislation.mt/getpdf/6022aa7bbc827214c099ac41,200,application/pdf,793e1f592e248ef8b4ceebad6f6b242ffe9a330a92b77a682bd0072f8667f2bb,exact,,2026-09-29
MT,issuance_history,operator,https://identita.gov.mt/identity-cards-unit/,200,text/html,da36f1a0fa94fa47fd3c9d3584b8cb40e2d3625486b2b173ee30f150df6388ce,exact,https://web.archive.org/web/20260516233554/https://identita.gov.mt/identity-cards-unit/,2026-09-29
MT,judicial_criminal,holding_name,https://legislation.mt/getpdf/6aa1090e5ca02023e4009067,200,application/pdf,d03a319d6ab474e249f2502a37331c6080a8bb4775aaf145db438a52f046687c,exact,,2026-09-29
MT,judicial_criminal,legal_basis,https://legislation.mt/getpdf/6aa1090e5ca02023e4009067,200,application/pdf,d03a319d6ab474e249f2502a37331c6080a8bb4775aaf145db438a52f046687c,exact,,2026-09-29
MT,land_property,legal_basis,https://legislation.mt/getpdf/602e53fb8f58ad1b78f3edbe,200,application/pdf,3e63c307fe8dbd9fc1f05d37d3ef9c40eaba37e4b3ba477c8332fdfd01856883,exact,,2026-09-29
MT,land_property,legal_basis,https://legislation.mt/getpdf/60efe5f532d0f719d442f08c,200,application/pdf,e8ec1e2145ee72af8480f655d22f8f53f574bdb0ab318034b981e91b5b462bec,exact,,2026-09-29
MT,land_property,operator,https://legislation.mt/getpdf/60efe5f532d0f719d442f08c,200,application/pdf,e8ec1e2145ee72af8480f655d22f8f53f574bdb0ab318034b981e91b5b462bec,exact,,2026-09-29
MT,national_archives,legal_basis,https://legislation.mt/getpdf/6197cb3147360305a40c0ec3,200,application/pdf,e28ccf017b83f060ce18178d469428d4aeea11a17931bf8140720db22afa0a43,exact,,2026-09-29
MT,official_gazette,holding_name,https://legislation.mt/Home/FAQList,200,text/html,3cbeea0c0a93aac89eeaa35a0d4e8f9a2295dd9b426d2c2793e49987732b0ceb,exact,https://web.archive.org/web/20260918104521/https://legislation.mt/Home/FAQList,2026-09-29
MT,police_records,operator,https://legislation.mt/getpdf/67a3249e8ea55623141e9a56,200,application/pdf,edf92fee0576e14d388b535527b32abd87835b35c1ed12cde01ebbea92691bed,exact,,2026-09-29
MT,public_finance,legal_basis,https://legislation.mt/getpdf/6022a40ebc827214c09925e0,200,application/pdf,501ee16428d501b064fbf66ae8cb0d8a6a0b674563e5a918db6d33e5f786351c,exact,,2026-09-29
MT,public_health_surveillance,legal_basis,https://legislation.mt/getpdf/67515d500dba9f09507542ee,200,application/pdf,0e5b0c1ec06e6bd93cb8959a697731840afd4b3c36f24e9a14ce5dc139e28c4b,exact,,2026-09-29
MT,public_health_surveillance,operator,https://legislation.mt/getpdf/67515d500dba9f09507542ee,200,application/pdf,0e5b0c1ec06e6bd93cb8959a697731840afd4b3c36f24e9a14ce5dc139e28c4b,exact,,2026-09-29
MT,residence_permits,holding_name,https://identita.gov.mt/expatriates-unit-main-page/noneu-nationals/useful-information/finalising-application-process/biometrics-and-interim-receipt/,200,text/html,a7ecd9c82f27a128732001bc062b7ca5d87ac67ac8e329430329ecc4d81da8bd,exact,https://web.archive.org/web/20260606020509/https://identita.gov.mt/expatriates-unit-main-page/noneu-nationals/useful-information/finalising-application-process/biometrics-and-interim-receipt/,2026-09-29
MT,residence_permits,legal_basis,https://legislation.mt/getpdf/689061f044ed663ec0f22f07,200,application/pdf,5409fce8b8137388e5d25be26b43b65010a1975eb8abcc33e9a220a32ceb71dc,exact,,2026-09-29
MT,residence_permits,operator,https://identita.gov.mt/expatriates-unit-main-page/,200,text/html,10420806f89c8f4577bb13886e4017bbd5dca86503eeebfce28ada4dd82527e8,exact,https://web.archive.org/web/20260928102340/https://identita.gov.mt/expatriates-unit-main-page/,2026-09-29
MT,statistics_microdata,holding_name,https://legislation.mt/getpdf/6022c0cfbc827214c09b08e1,200,application/pdf,ef64507d2b640f9794e7083e5000476aef05a57159309c0f791262eaf466e435,exact,,2026-09-29
MT,statistics_microdata,legal_basis,https://legislation.mt/getpdf/6022c0cfbc827214c09b08e1,200,application/pdf,ef64507d2b640f9794e7083e5000476aef05a57159309c0f791262eaf466e435,exact,,2026-09-29
MT,tax,legal_basis,https://legislation.mt/getpdf/69c65a5c7da36921dcc4f04b,200,application/pdf,74d4b81529cae7193dea5c2a4feac7e2e27120bc83361ac39d499f0e39d43736,exact,,2026-09-29
MT,tax,operator,https://legislation.mt/getpdf/69c65a5c7da36921dcc4f04b,200,application/pdf,74d4b81529cae7193dea5c2a4feac7e2e27120bc83361ac39d499f0e39d43736,exact,,2026-09-29
MT,trust_services_pki,holding_name,https://identita.gov.mt/identity-cards-unit/eid-virtual-account/,200,text/html,9411ef422952284b596157ca6283384b54b83bea27abc58205d8dae5ead85de3,exact,https://web.archive.org/web/20260811140802/https://identita.gov.mt/identity-cards-unit/eid-virtual-account/,2026-09-29
MT,trust_services_pki,legal_basis,https://legislation.mt/getpdf/65e082ac798bab1ea87f83dc,200,application/pdf,216a4f92caf1d90178d18c9be0c5d6ea6614450840888cf1b308d2c42918d3a0,exact,,2026-09-29
MT,vehicle_licensing,legal_basis,https://legislation.mt/getpdf/69c657587da36921dcc4f02f,200,application/pdf,096f533aa8f580bcc08ddab4cb3564e40c7c95408c9913cd386377b03efc4b68,exact,,2026-09-29
MT,vehicle_licensing,operator,https://legislation.mt/getpdf/69c657587da36921dcc4f02f,200,application/pdf,096f533aa8f580bcc08ddab4cb3564e40c7c95408c9913cd386377b03efc4b68,exact,,2026-09-29
MT,water_control,legal_basis,https://legislation.mt/getpdf/6022b344bc827214c09a47cf,200,application/pdf,66ed4046e12c576389829f02d682a03f490f3c13b78b28fb251c93d6e07b43a4,exact,,2026-09-29
NL,authentication_audit_log,hosting,https://www.digid.nl/over-digid/privacy,200,text/html,28434d5e455c18e161e14c8d4b23b7b0105f641cf7c46e3adc93d0170f0877a0,exact,https://web.archive.org/web/20260927120423/https://www.digid.nl/over-digid/privacy,2026-09-29
NL,authentication_audit_log,legal_basis,https://www.digid.nl/over-digid/privacy,200,text/html,28434d5e455c18e161e14c8d4b23b7b0105f641cf7c46e3adc93d0170f0877a0,exact,https://web.archive.org/web/20260927120423/https://www.digid.nl/over-digid/privacy,2026-09-29
NL,authentication_audit_log,record_count,https://www.logius.nl/actueel/ruim-de-helft-van-alle-digid-logins-wordt-gedaan-met-digid-app-en-id-check,200,text/html,a458fde2ddf069beb01bff087992337a497324db464e7ecf91c27f7f47f271b7,exact,https://web.archive.org/web/20260818023009/https://www.logius.nl/actueel/ruim-de-helft-van-alle-digid-logins-wordt-gedaan-met-digid-app-en-id-check,2026-09-29
NL,beneficial_ownership,legal_basis,https://wetten.overheid.nl/BWBR0021777/2025-07-16,200,text/html,fa21bae06fef183243161ee1ab23d1191e6b45934a8a063c9da83b24f68ac70b,exact,,2026-09-29
NL,benefits_pensions,hosting,https://repository.overheid.nl/frbr/officielepublicaties/blg/onopgemaakt/blg-1196853/1/pdf/blg-1196853.pdf,robots-denied,,,fetch_failed,,2026-09-29
NL,benefits_pensions,legal_basis,https://wetten.overheid.nl/BWBR0002221/2026-07-01,200,text/html,6aae68c6ff6a564d67534ee8bede6459a132f26de0268af33d86d2133cf298e6,exact,https://web.archive.org/web/20260831154737/https://wetten.overheid.nl/BWBR0002221/2026-07-01,2026-09-29
NL,benefits_pensions,legal_basis,https://wetten.overheid.nl/BWBR0013060/2026-07-01,200,text/html,f675593a5aedd631c01f0710fc984a1b6cb8549e465eb397513ec4edfe8526be,exact,https://web.archive.org/web/20260924181113/https://wetten.overheid.nl/BWBR0013060/2026-07-01/,2026-09-29
NL,benefits_pensions,record_count,https://repository.overheid.nl/frbr/officielepublicaties/blg/onopgemaakt/blg-1196853/1/pdf/blg-1196853.pdf,robots-denied,,,fetch_failed,,2026-09-29
NL,border_control,legal_basis,https://wetten.overheid.nl/BWBR0011823/2026-09-01,200,text/html,1bde6b7dcea413e3c712bdab2743cd6902aa7832ab8c8b18e6e66271e2f13efc,exact,https://web.archive.org/web/20260917185607/https://wetten.overheid.nl/BWBR0011823/2026-09-01,2026-09-29
NL,border_control,operator,https://zoek.officielebekendmakingen.nl/kst-36158-3.html,200,text/html,f287535487f1ebec2efb32303293851879354f504d50ffc8810557070af96fac,exact,https://web.archive.org/web/20260127094929/https://zoek.officielebekendmakingen.nl/kst-36158-3.html,2026-09-29
NL,breeder_documents,legal_basis,https://wetten.overheid.nl/BWBR0002656/2025-07-05,200,text/html,3a56f36afff1f60aafe9ed8c1943a8c71d64d7bbcace626aefe6c2783d1b3a45,exact,https://web.archive.org/web/20260927120112/https://wetten.overheid.nl/BWBR0002656/2025-07-05,2026-09-29
NL,business_registry,legal_basis,https://wetten.overheid.nl/BWBR0021777/2025-07-16,200,text/html,fa21bae06fef183243161ee1ab23d1191e6b45934a8a063c9da83b24f68ac70b,exact,,2026-09-29
NL,business_registry,operator,https://wetten.overheid.nl/BWBR0021777/2025-07-16,200,text/html,fa21bae06fef183243161ee1ab23d1191e6b45934a8a063c9da83b24f68ac70b,exact,,2026-09-29
NL,central_bank,legal_basis,https://wetten.overheid.nl/BWBR0009508/2026-09-22,200,text/html,80a7028ad5bacc7e23588432d2bdc399dacbdb74a6ec2a7921036276244563bd,exact,,2026-09-29
NL,civil_registry,hosting,https://www.rvig.nl/beheer-van-de-gegevens-de-basisregistratie-personen-brp,200,text/html,e6b9ca86821acf93637d893d5265e2d794a8e3098a948a33743b84a8129e457d,exact,,2026-09-29
NL,civil_registry,legal_basis,https://wetten.overheid.nl/BWBR0033715/2025-11-11,200,text/html,60448182dc3a7ea612485b0128bc9a95b8138e6dc0dec813eef6b6d02aa547b3,exact,https://web.archive.org/web/20260814203327/https://wetten.overheid.nl/BWBR0033715/2025-11-11,2026-09-29
NL,civil_registry,operator,https://www.rvig.nl/basisregistratie-personen,200,text/html,aa3b646117dab4785c5c0ae16c54659a7d8eb0225f3719ec57b3a51dd566631c,exact,,2026-09-29
NL,crisis_management,foreign_dependency,https://repository.overheid.nl/frbr/officielepublicaties/blg/onopgemaakt/blg-1182102/1/pdf/blg-1182102.pdf,robots-denied,,,fetch_failed,,2026-09-29
NL,crisis_management,operator,https://repository.overheid.nl/frbr/officielepublicaties/blg/onopgemaakt/blg-1182102/1/pdf/blg-1182102.pdf,robots-denied,,,fetch_failed,,2026-09-29
NL,customs,holding_name,https://zoek.officielebekendmakingen.nl/kst-31934-61.html,200,text/html,ae5c63142f9c1bb002f3513941a539b680892e92860daa953c4e3cec9fce8ef7,exact,,2026-09-29
NL,customs,legal_basis,https://wetten.overheid.nl/BWBR0023746/2026-07-01,200,text/html,8fcc2c735dc106afc84d5e3b46abf937d39f9f42227c34a5caf27b8e34cd850c,exact,https://web.archive.org/web/20260924080310/https://wetten.overheid.nl/BWBR0023746/2026-07-01/,2026-09-29
NL,defence_command,foreign_dependency,https://repository.overheid.nl/frbr/officielepublicaties/blg/onopgemaakt/blg-844692/1/pdf/blg-844692.pdf,robots-denied,,,fetch_failed,,2026-09-29
NL,defence_command,hosting,https://repository.overheid.nl/frbr/officielepublicaties/blg/onopgemaakt/blg-844692/1/pdf/blg-844692.pdf,robots-denied,,,fetch_failed,,2026-09-29
NL,digital_identity_credentials,holding_name,https://www.logius.nl/onze-dienstverlening/toegang/digid,200,text/html,54bb940805f816663b234afe16eeba74c8fb6627921fe1d91438f16a714f5bd6,exact,https://web.archive.org/web/20260826221154/https://www.logius.nl/onze-dienstverlening/toegang/digid,2026-09-29
NL,digital_identity_credentials,hosting,https://www.digid.nl/over-digid/privacy,200,text/html,28434d5e455c18e161e14c8d4b23b7b0105f641cf7c46e3adc93d0170f0877a0,exact,https://web.archive.org/web/20260927120423/https://www.digid.nl/over-digid/privacy,2026-09-29
NL,digital_identity_credentials,legal_basis,https://www.digid.nl/over-digid/privacy,200,text/html,28434d5e455c18e161e14c8d4b23b7b0105f641cf7c46e3adc93d0170f0877a0,exact,https://web.archive.org/web/20260927120423/https://www.digid.nl/over-digid/privacy,2026-09-29
NL,digital_identity_credentials,operator,https://www.digid.nl/over-digid/privacy,200,text/html,28434d5e455c18e161e14c8d4b23b7b0105f641cf7c46e3adc93d0170f0877a0,exact,https://web.archive.org/web/20260927120423/https://www.digid.nl/over-digid/privacy,2026-09-29
NL,education,hosting,https://zoek.officielebekendmakingen.nl/kst-26643-1500.html,200,text/html,3ee9963f8da38753acd330a0df8f42cfac090f563b811f9e0cc33f2cb62099c6,exact,,2026-09-29
NL,education,legal_basis,https://wetten.overheid.nl/BWBR0042012/2026-08-01,200,text/html,7092412aee1eed976f6dc9781f50a183b59a4975936a2a04d89b27eb53d249bc,exact,https://web.archive.org/web/20260905133424/https://wetten.overheid.nl/BWBR0042012/2026-08-01,2026-09-29
NL,education,operator,https://duo.nl/particulier/uittreksel-diplomagegevens-downloaden.jsp,200,text/html,5fb74a0eb24c9834e63118e89bbbb7ecc9eb1aa2502e9ea1d3ec5567eaa77da3,exact,https://web.archive.org/web/20260902145338/https://duo.nl/particulier/uittreksel-diplomagegevens-downloaden.jsp,2026-09-29
NL,electoral_management,legal_basis,https://zoek.officielebekendmakingen.nl/stb-2025-172.html,200,text/html,1bd79d14d966826bd4eb2c82004ebc45643c49ee34081b03aa8b475820e4ca3d,exact,https://web.archive.org/web/20250922150945/https://zoek.officielebekendmakingen.nl/stb-2025-172.html,2026-09-29
NL,electoral_roll,legal_basis,https://wetten.overheid.nl/BWBR0004627/2026-01-01,200,text/html,e38f174959232f418885c12d684e96bcd3f71d30d888cb4be0fd943f9e4b7253,exact,https://web.archive.org/web/20260928104844/https://wetten.overheid.nl/BWBR0004627/2026-01-01,2026-09-29
NL,emergency_communications,legal_basis,https://wetten.overheid.nl/BWBR0031788/2026-06-12,200,text/html,a7455d39c828392a83129f85a97a6950ee621d86b4451f5ed024d70df18b829e,exact,https://web.archive.org/web/20260922170810/https://wetten.overheid.nl/BWBR0031788/2026-06-12,2026-09-29
NL,emergency_communications,operator,https://www.meldkamersamenwerking.nl/c2000/,200,text/html,39ac2299fb2b7553ee6dcb1257e367108de7bcd364f9ad027d5a3da61ca1af99,exact,https://web.archive.org/web/20260831063422/https://www.meldkamersamenwerking.nl/c2000/,2026-09-29
NL,extra:meteorological_warning,foreign_dependency,https://repository.overheid.nl/frbr/officielepublicaties/blg/onopgemaakt/blg-1178863/1/pdf/blg-1178863.pdf,robots-denied,,,fetch_failed,,2026-09-29
NL,extra:meteorological_warning,hosting,https://repository.overheid.nl/frbr/officielepublicaties/blg/onopgemaakt/blg-1178863/1/pdf/blg-1178863.pdf,robots-denied,,,fetch_failed,,2026-09-29
NL,facial_biometric,holding_name,https://wetten.overheid.nl/BWBR0005212/2024-01-01,200,text/html,0174152909bbd592fec6963bcbfe884ebe571846528dcc61deb14a7fe0f3c60d,exact,https://web.archive.org/web/20260928030739/https://wetten.overheid.nl/BWBR0005212/2024-01-01/,2026-09-29
NL,facial_biometric,legal_basis,https://wetten.overheid.nl/BWBR0005212/2024-01-01,200,text/html,0174152909bbd592fec6963bcbfe884ebe571846528dcc61deb14a7fe0f3c60d,exact,https://web.archive.org/web/20260928030739/https://wetten.overheid.nl/BWBR0005212/2024-01-01/,2026-09-29
NL,fingerprint_biometric,not_held,https://wetten.overheid.nl/BWBR0005212/2024-01-01,200,text/html,0174152909bbd592fec6963bcbfe884ebe571846528dcc61deb14a7fe0f3c60d,exact,https://web.archive.org/web/20260928030739/https://wetten.overheid.nl/BWBR0005212/2024-01-01/,2026-09-29
NL,firearms_register,legal_basis,https://wetten.overheid.nl/BWBR0008804/2026-07-01,200,text/html,c08919466f816354c3dcfbc28db5106b3d3ba4b4d643614eb5627d974894c771,exact,https://web.archive.org/web/20260927104600/https://wetten.overheid.nl/BWBR0008804/2026-07-01/,2026-09-29
NL,firearms_register,operator,https://wetten.overheid.nl/BWBR0008804/2026-07-01,200,text/html,c08919466f816354c3dcfbc28db5106b3d3ba4b4d643614eb5627d974894c771,exact,https://web.archive.org/web/20260927104600/https://wetten.overheid.nl/BWBR0008804/2026-07-01/,2026-09-29
NL,geospatial,hosting,https://repository.overheid.nl/frbr/officielepublicaties/blg/onopgemaakt/blg-1249287/1/pdf/blg-1249287.pdf,robots-denied,,,fetch_failed,,2026-09-29
NL,geospatial,legal_basis,https://wetten.overheid.nl/BWBR0004541/2026-01-01,200,text/html,9b40b7de9abd046e1cd9997eb6cb17ada90f55d73697084d8e6bd6f3789992d0,exact,https://web.archive.org/web/20260907050039/https://wetten.overheid.nl/BWBR0004541/2026-01-01/,2026-09-29
NL,geospatial,legal_basis,https://wetten.overheid.nl/BWBR0023466/2025-02-12,200,text/html,fbec755f6f379c8a6d7f6cb445956021f227843ac105a3ecd591a50b50a91b9b,exact,https://web.archive.org/web/20260415081424/https://wetten.overheid.nl/BWBR0023466/2025-02-12,2026-09-29
NL,government_payroll,legal_basis,https://zoek.officielebekendmakingen.nl/stcrt-2019-35539.html,200,text/html,3550ac5e536bbf10580707780335e84d5d55ddfa4f293b0fa9b0c0643bc79a84,exact,,2026-09-29
NL,grid_control,legal_basis,https://wetten.overheid.nl/BWBR0050714/2026-07-01,200,text/html,8fef5d8099f7db539b7b0a88426e79e5965e6bf6a15af0b9fb8570cd5555fb49,exact,https://web.archive.org/web/20260922170819/https://wetten.overheid.nl/BWBR0050714/2026-07-01,2026-09-29
NL,grid_control,operator,https://zoek.officielebekendmakingen.nl/kst-36378-3.html,200,text/html,fa07055a7972ce9d1f325a2baded269831e71acd42ee5e23a7dac121e9cc944a,exact,https://web.archive.org/web/20260120003748/https://zoek.officielebekendmakingen.nl/kst-36378-3.html,2026-09-29
NL,health_insurance,legal_basis,https://wetten.overheid.nl/BWBR0018450/2026-01-01,200,text/html,f4295178dcbee34fef36d9ee5d761820400fc1cf56bb488bce73821f2e14a492,exact,https://web.archive.org/web/20260920171736/https://wetten.overheid.nl/BWBR0018450/2026-01-01,2026-09-29
NL,health_records,holding_name,https://www.aorta-lsp.nl/,200,text/html,f91f63198e8416a3b5a27889bdc2cc3d8df9b18244f148e1c558e54c9f805c29,exact,https://web.archive.org/web/20260710165804/https://www.aorta-lsp.nl/,2026-09-29
NL,health_records,hosting,https://www.aorta-lsp.nl/over-aorta-lsp/hoe-werkt-het-landelijk-schakelpunt,200,text/html,7f8d258bccbc78320a7cb497262c72daa8f0cc5bfad3d337e29eb06972272bac,exact,https://web.archive.org/web/20260608090659/https://www.aorta-lsp.nl/over-aorta-lsp/hoe-werkt-het-landelijk-schakelpunt,2026-09-29
NL,health_records,legal_basis,https://wetten.overheid.nl/BWBR0023864/2025-07-05,200,text/html,a09a912217fbec4ddeb050be9264b57f72c789535077ddf3bc7768cebc939b76,exact,https://web.archive.org/web/20260621090445/https://wetten.overheid.nl/BWBR0023864/2025-07-05,2026-09-29
NL,health_records,operator,https://www.aorta-lsp.nl/over-aorta-lsp,200,text/html,7dc35dd0aeec7cc259b6875320dc09fc08c47478f0c66b3536e527fdc5714df3,exact,https://web.archive.org/web/20260710170946/https://www.aorta-lsp.nl/over-aorta-lsp,2026-09-29
NL,indicator:C1,indicator,https://www.odc-noord.nl/Organisatie,200,text/html,315494850759174dfd2c69d39dd761eab204d98a71876250af9b64d5c793956e,exact,https://web.archive.org/web/20260226165411/https://www.odc-noord.nl/Organisatie,2026-09-29
NL,indicator:C1,indicator,https://zoek.officielebekendmakingen.nl/kst-1263099.pdf,200,application/pdf,1b683d85d614be040a5312d0588a6b2a0543602c0708723fdeaf801074a564e2,exact,,2026-09-29
NL,indicator:C2,indicator,https://www.odc-noord.nl/Organisatie,200,text/html,315494850759174dfd2c69d39dd761eab204d98a71876250af9b64d5c793956e,exact,https://web.archive.org/web/20260226165411/https://www.odc-noord.nl/Organisatie,2026-09-29
NL,indicator:C2,indicator,https://www.odc-noord.nl/diensten/infrastructure-as-a-service,200,text/html,f3310f16eae99be6c77ae18986a9ff220c09bd24b89b461d33cd5f97d4376221,exact,https://web.archive.org/web/20260228011002/https://www.odc-noord.nl/diensten/infrastructure-as-a-service,2026-09-29
NL,indicator:C2,indicator,https://zoek.officielebekendmakingen.nl/kst-1263099.pdf,200,application/pdf,1b683d85d614be040a5312d0588a6b2a0543602c0708723fdeaf801074a564e2,exact,,2026-09-29
NL,indicator:K1,indicator,https://www.logius.nl/onze-dienstverlening/toegang/pkioverheid/wat-pkioverheid,200,text/html,2bb88ffb2e88a3645de61ee3b58437a1a42585fe7a5bdf605cd40a252f68f271,exact,https://web.archive.org/web/20260618011710/https://www.logius.nl/onze-dienstverlening/toegang/pkioverheid/wat-pkioverheid,2026-09-29
NL,indicator:K1,indicator,https://www.logius.nl/over-ons/onze-organisatie,200,text/html,9a83c3a4909bbdfb5fa6c0133aff28eb483430d2620214e31d8faa2783f6c123,exact,https://web.archive.org/web/20260519142506/https://www.logius.nl/over-ons/onze-organisatie,2026-09-29
NL,indicator:K2,indicator,https://www.logius.nl/onze-dienstverlening/toegang/digid,200,text/html,5c4d0707358cfb83823959cb65170f32854ffd47ebb237dc75b8d1909ca4f7c6,exact,https://web.archive.org/web/20260826221154/https://www.logius.nl/onze-dienstverlening/toegang/digid,2026-09-29
NL,indicator:K2,indicator,https://www.logius.nl/over-ons/onze-organisatie,200,text/html,9a83c3a4909bbdfb5fa6c0133aff28eb483430d2620214e31d8faa2783f6c123,exact,https://web.archive.org/web/20260519142506/https://www.logius.nl/over-ons/onze-organisatie,2026-09-29
NL,indicator:L1,indicator,https://zoek.officielebekendmakingen.nl/kst-1264433.pdf,200,application/pdf,f31883bd9389bdfcffb420ddd60111c84c15e47f4a7df524179996504a2685e0,exact,,2026-09-29
NL,indicator:L2,indicator,https://zoek.officielebekendmakingen.nl/stcrt-2025-30222.html,200,text/html,5a0dcf996eb180b1fecbb4cc020cc44de7f1e348fe5f5b878d6be632ef7be684,exact,,2026-09-29
NL,indicator:L3,indicator,https://zoek.officielebekendmakingen.nl/kst-1263281.pdf,200,application/pdf,59d307a4f14349a219366a0094c1cebe28a35e6dd64cb306dd4314da08fbe2b8,exact,,2026-09-29
NL,intelligence,legal_basis,https://wetten.overheid.nl/BWBR0039896/2026-01-01,200,text/html,f194b4abc041cb6f0461321f31c9d66cebf07d131d790be01fb728ee195f6448,exact,https://web.archive.org/web/20260915053212/https://wetten.overheid.nl/BWBR0039896/2026-01-01,2026-09-29
NL,issuance_history,legal_basis,https://wetten.overheid.nl/BWBR0005212/2024-01-01,200,text/html,0174152909bbd592fec6963bcbfe884ebe571846528dcc61deb14a7fe0f3c60d,exact,https://web.archive.org/web/20260928030739/https://wetten.overheid.nl/BWBR0005212/2024-01-01/,2026-09-29
NL,issuance_history,operator,https://www.rvig.nl/basisregister-reisdocumenten,200,text/html,84cfe9ef2485bc0268a27b16fcdc715e9aa00790e87df1c77e570ec7e2d2e2c4,exact,https://web.archive.org/web/20260901014608/https://www.rvig.nl/basisregister-reisdocumenten,2026-09-29
NL,judicial_criminal,legal_basis,https://wetten.overheid.nl/BWBR0014194/2026-09-01,200,text/html,073614c1d4b8011bc57b00f4943b54e5c489a967447dc4a49842f19c132ecb35,exact,https://web.archive.org/web/20260927104607/https://wetten.overheid.nl/BWBR0014194/2026-09-01/,2026-09-29
NL,land_property,hosting,https://repository.overheid.nl/frbr/officielepublicaties/blg/onopgemaakt/blg-1249287/1/pdf/blg-1249287.pdf,robots-denied,,,fetch_failed,,2026-09-29
NL,land_property,legal_basis,https://wetten.overheid.nl/BWBR0004541/2026-01-01,200,text/html,9b40b7de9abd046e1cd9997eb6cb17ada90f55d73697084d8e6bd6f3789992d0,exact,https://web.archive.org/web/20260907050039/https://wetten.overheid.nl/BWBR0004541/2026-01-01/,2026-09-29
NL,national_archives,legal_basis,https://wetten.overheid.nl/BWBR0007376/2024-06-19,200,text/html,05ddef708744707dafbd86f68a2b965d23710bfaa093358cf97c3dfadea09b72,exact,https://web.archive.org/web/20260905110126/https://wetten.overheid.nl/BWBR0007376/2024-06-19/,2026-09-29
NL,national_archives,operator,https://www.nationaalarchief.nl/over-het-na/organisatie,200,text/html,9e29e4034fffacc1c3e54e3e0c1580edd8ce46bdc7c7fda8aaef84f57df2a627,exact,,2026-09-29
NL,official_gazette,legal_basis,https://wetten.overheid.nl/BWBR0004287/2024-01-01,200,text/html,f3e48814e735099ddb6c4195fd797599ae64f787feb2ae8a454c660f35f35b68,exact,https://web.archive.org/web/20260414065338/https://wetten.overheid.nl/BWBR0004287/2024-01-01,2026-09-29
NL,official_gazette,operator,https://www.koopoverheid.nl/over-koop,200,text/html,abb5bd68f25edbc540f39e3db26b79b42eb8b0023501e0ac03bf54697da3097d,exact,https://web.archive.org/web/20260710082417/https://www.koopoverheid.nl/over-koop,2026-09-29
NL,police_records,legal_basis,https://wetten.overheid.nl/BWBR0022463/2026-09-01,200,text/html,9bb5040625cd0a8c55707ba34604687ea3c94dc5cb926aa2e8e2cecab9b73382,exact,https://web.archive.org/web/20260922170827/https://wetten.overheid.nl/BWBR0022463/2026-09-01,2026-09-29
NL,public_finance,legal_basis,https://wetten.overheid.nl/BWBR0039429/2026-06-04,200,text/html,a1b8f8f67e11c2632d95a3238cf97a78f78b4df5d58e8839eed6096f2c480aae,exact,https://web.archive.org/web/20260730014030/https://wetten.overheid.nl/BWBR0039429/2026-06-04/,2026-09-29
NL,public_health_surveillance,holding_name,https://zoek.officielebekendmakingen.nl/kst-36621-3.html,200,text/html,8e91e1ae545d830977cfa9e333a007588a966f1501c77b3233f1b6e0161136cc,exact,https://web.archive.org/web/20251013160730/https://zoek.officielebekendmakingen.nl/kst-36621-3.html,2026-09-29
NL,public_health_surveillance,legal_basis,https://wetten.overheid.nl/BWBR0024705/2026-01-01,200,text/html,66d1810159f5267207ffad37acd2d0cb20efe0e68c0f42652af5b64bf5c8f4be,exact,https://web.archive.org/web/20260920171224/https://wetten.overheid.nl/BWBR0024705/2026-01-01,2026-09-29
NL,residence_permits,legal_basis,https://wetten.overheid.nl/BWBR0011823/2026-09-01,200,text/html,1bde6b7dcea413e3c712bdab2743cd6902aa7832ab8c8b18e6e66271e2f13efc,exact,https://web.archive.org/web/20260917185607/https://wetten.overheid.nl/BWBR0011823/2026-09-01,2026-09-29
NL,residence_permits,operator,https://ind.nl/nl/over-ons,200,text/html,dc147c1468c7f89d80a9551243aa763ef6137d1a914d034c52dcd344d906edad,exact,https://web.archive.org/web/20260817162003/https://ind.nl/nl/over-ons,2026-09-29
NL,statistics_microdata,holding_name,https://www.cbs.nl/nl-nl/onze-diensten/maatwerk-en-microdata/microdata-zelf-onderzoek-doen,200,text/html,664f546d57e5934cabe24517276379fbefe18fdd9cc3ac252433f930b72716a5,exact,https://web.archive.org/web/20260923230852/https://www.cbs.nl/nl-nl/onze-diensten/maatwerk-en-microdata/microdata-zelf-onderzoek-doen,2026-09-29
NL,statistics_microdata,hosting,https://www.cbs.nl/nl-nl/onze-diensten/maatwerk-en-microdata/microdata-zelf-onderzoek-doen,200,text/html,664f546d57e5934cabe24517276379fbefe18fdd9cc3ac252433f930b72716a5,exact,https://web.archive.org/web/20260923230852/https://www.cbs.nl/nl-nl/onze-diensten/maatwerk-en-microdata/microdata-zelf-onderzoek-doen,2026-09-29
NL,statistics_microdata,legal_basis,https://wetten.overheid.nl/BWBR0015926/2025-09-01,200,text/html,de3d81c92a132a746cb0e3cdc5138f9a0d423fb53e2220cb4dd8157efe6f01f7,exact,https://web.archive.org/web/20260611175914/https://wetten.overheid.nl/BWBR0015926/2025-09-01,2026-09-29
NL,tax,hosting,https://zoek.officielebekendmakingen.nl/ah-tk-20252026-506.html,200,text/html,780f4ae08b9488f2a2f8fa85dae653cf81b83f28b66cf0ea2114cb7f79f74a94,exact,,2026-09-29
NL,tax,legal_basis,https://wetten.overheid.nl/BWBR0002320/2026-04-11,200,text/html,3e216bf8aabfba958735778609cbe929d1b6245733b87a097201eb6ffaad1922,exact,https://web.archive.org/web/20260802125006/https://wetten.overheid.nl/BWBR0002320/2026-04-11,2026-09-29
NL,trust_services_pki,foreign_dependency,https://www.logius.nl/onze-dienstverlening/toegang/pkioverheid/pkioverheidcertificaat-aanvragen,200,text/html,8a9d3d26bf86ac08bd32f2ab358db5830579c6fcffdccb982276665854d621a9,exact,https://web.archive.org/web/20260618012912/https://www.logius.nl/onze-dienstverlening/toegang/pkioverheid/pkioverheidcertificaat-aanvragen,2026-09-29
NL,trust_services_pki,holding_name,https://www.logius.nl/onze-dienstverlening/toegang/pkioverheid/wat-pkioverheid,200,text/html,b27343961f7f16b53b8e4ca2d3abe5b2b3c16ec8a788814b818decf9fc5c938a,exact,https://web.archive.org/web/20260618011710/https://www.logius.nl/onze-dienstverlening/toegang/pkioverheid/wat-pkioverheid,2026-09-29
NL,trust_services_pki,operator,https://www.logius.nl/onze-dienstverlening/toegang/pkioverheid/wat-pkioverheid,200,text/html,b27343961f7f16b53b8e4ca2d3abe5b2b3c16ec8a788814b818decf9fc5c938a,exact,https://web.archive.org/web/20260618011710/https://www.logius.nl/onze-dienstverlening/toegang/pkioverheid/wat-pkioverheid,2026-09-29
NL,vehicle_licensing,holding_name,https://wetten.overheid.nl/BWBR0006622/2026-09-01,200,text/html,4317fbd5c745051a17f572ceca183886a2731988aa4045e113258983336ea4d7,exact,https://web.archive.org/web/20260922170754/https://wetten.overheid.nl/BWBR0006622/2026-09-01,2026-09-29
NL,vehicle_licensing,legal_basis,https://wetten.overheid.nl/BWBR0006622/2026-09-01,200,text/html,4317fbd5c745051a17f572ceca183886a2731988aa4045e113258983336ea4d7,exact,https://web.archive.org/web/20260922170754/https://wetten.overheid.nl/BWBR0006622/2026-09-01,2026-09-29
NL,vehicle_licensing,operator,https://wetten.overheid.nl/BWBR0006622/2026-09-01,200,text/html,4317fbd5c745051a17f572ceca183886a2731988aa4045e113258983336ea4d7,exact,https://web.archive.org/web/20260922170754/https://wetten.overheid.nl/BWBR0006622/2026-09-01,2026-09-29
NL,water_control,legal_basis,https://wetten.overheid.nl/BWBR0005108/2026-01-01,200,text/html,4da9d97e7c8c0420091362091d52477ee29b75ed60826ed63622649b51b46070,exact,https://web.archive.org/web/20260820124939/https://wetten.overheid.nl/BWBR0005108/2026-01-01,2026-09-29
PL,authentication_audit_log,legal_basis,https://api.sejm.gov.pl/eli/acts/DU/2026/1241/text.pdf,200,application/pdf,d57ff9c488b88b26a9b2841bf6f71ca684848a845c7c82bb1ae4512ea232f54d,exact,,2026-09-29
PL,beneficial_ownership,holding_name,https://api.sejm.gov.pl/eli/acts/DU/2025/644/text.pdf,200,application/pdf,a5f4d645f345e89e820c62a90c3723666b202fff945d1cfc04b5c22899bff2ea,exact,https://web.archive.org/web/20260217001301/https://api.sejm.gov.pl/eli/acts/DU/2025/644/text.pdf,2026-09-29
PL,beneficial_ownership,operator,https://api.sejm.gov.pl/eli/acts/DU/2025/644/text.pdf,200,application/pdf,a5f4d645f345e89e820c62a90c3723666b202fff945d1cfc04b5c22899bff2ea,exact,https://web.archive.org/web/20260217001301/https://api.sejm.gov.pl/eli/acts/DU/2025/644/text.pdf,2026-09-29
PL,benefits_pensions,holding_name,https://api.sejm.gov.pl/eli/acts/DU/2026/199/text.pdf,200,application/pdf,b009d5bc5749dba7bab8c391c56f6241f8c6cf53dc0870c5a5200003de6466e9,exact,,2026-09-29
PL,benefits_pensions,legal_basis,https://api.sejm.gov.pl/eli/acts/DU/2026/199/text.pdf,200,application/pdf,b009d5bc5749dba7bab8c391c56f6241f8c6cf53dc0870c5a5200003de6466e9,exact,,2026-09-29
PL,border_control,legal_basis,https://api.sejm.gov.pl/eli/acts/DU/2026/1061/text.pdf,200,application/pdf,0fd0d80871c4e553541a7638cd111f494767e4e157575153163e18f82bfe363f,exact,,2026-09-29
PL,border_control,operator,https://api.sejm.gov.pl/eli/acts/DU/2026/1061/text.pdf,200,application/pdf,0fd0d80871c4e553541a7638cd111f494767e4e157575153163e18f82bfe363f,exact,,2026-09-29
PL,breeder_documents,holding_name,https://api.sejm.gov.pl/eli/acts/DU/2026/393/text.pdf,200,application/pdf,a9e5469bd32bc2d89c2c2294dd5001f09455193ead2ed04a8866377424c45d51,exact,https://web.archive.org/web/20260412063302/https://api.sejm.gov.pl/eli/acts/DU/2026/393/text.pdf,2026-09-29
PL,breeder_documents,legal_basis,https://api.sejm.gov.pl/eli/acts/DU/2026/393/text.pdf,200,application/pdf,a9e5469bd32bc2d89c2c2294dd5001f09455193ead2ed04a8866377424c45d51,exact,https://web.archive.org/web/20260412063302/https://api.sejm.gov.pl/eli/acts/DU/2026/393/text.pdf,2026-09-29
PL,business_registry,holding_name,https://api.sejm.gov.pl/eli/acts/DU/2026/30/text.pdf,200,application/pdf,6c713744a8c2a3e9f4b1a10c1bb6030f829ab5e0de8186a9263a4c88ffc11ff4,exact,,2026-09-29
PL,business_registry,legal_basis,https://api.sejm.gov.pl/eli/acts/DU/2025/869/text.pdf,200,application/pdf,f80d16e124382489b6b60d943905ee22bca8751578f77c5f848d4260159833b7,exact,https://web.archive.org/web/20250915063449/https://api.sejm.gov.pl/eli/acts/DU/2025/869/text.pdf,2026-09-29
PL,business_registry,operator,https://api.sejm.gov.pl/eli/acts/DU/2025/869/text.pdf,200,application/pdf,f80d16e124382489b6b60d943905ee22bca8751578f77c5f848d4260159833b7,exact,https://web.archive.org/web/20250915063449/https://api.sejm.gov.pl/eli/acts/DU/2025/869/text.pdf,2026-09-29
PL,central_bank,legal_basis,https://api.sejm.gov.pl/eli/acts/DU/2022/2025/text.html,200,text/html,d697948d3703d0c4e2bf2f541848841927629f68627859fe798877cda1ab687b,exact,https://web.archive.org/web/20260421005543/https://api.sejm.gov.pl/eli/acts/DU/2022/2025/text.html,2026-09-29
PL,civil_registry,legal_basis,https://api.sejm.gov.pl/eli/acts/DU/2026/384/text.pdf,200,application/pdf,16ad0c30f3a26aa1e91f4e2b46e3a71146bbf2da755af030c58cd67dec39abfb,exact,https://web.archive.org/web/20260412165218/https://api.sejm.gov.pl/eli/acts/DU/2026/384/text.pdf,2026-09-29
PL,civil_registry,operator,https://api.sejm.gov.pl/eli/acts/DU/2026/384/text.pdf,200,application/pdf,16ad0c30f3a26aa1e91f4e2b46e3a71146bbf2da755af030c58cd67dec39abfb,exact,https://web.archive.org/web/20260412165218/https://api.sejm.gov.pl/eli/acts/DU/2026/384/text.pdf,2026-09-29
PL,civil_registry,operator,https://www.coi.gov.pl/realizacje/srp-system-rejestrow-panstwowych,200,text/html,81350ec03562a2042841c7b0fd01ea0d7fc229d1e547e1942fe61805adff1749,exact,https://web.archive.org/web/20260814170252/https://www.coi.gov.pl/realizacje/srp-system-rejestrow-panstwowych,2026-09-29
PL,crisis_management,holding_name,https://api.sejm.gov.pl/eli/acts/DU/2020/1527/text.pdf,200,application/pdf,260d9a4fc76f3f6889257b74dc835f76f11c2d59b836520675c8d620634664ea,exact,https://web.archive.org/web/20260118083917/https://api.sejm.gov.pl/eli/acts/DU/2020/1527/text.pdf,2026-09-29
PL,crisis_management,operator,https://api.sejm.gov.pl/eli/acts/DU/2026/574/text.pdf,200,application/pdf,e613861a2c6e763112b9c441b9fcdaedb3eec9b788d29caefb2516b9b0b46b9f,exact,https://web.archive.org/web/20260516181147/https://api.sejm.gov.pl/eli/acts/DU/2026/574/text.pdf,2026-09-29
PL,customs,holding_name,https://puesc.gov.pl/web/guest/uslugi/jak-to-dziala-informacje-o-puesc,200,text/html,e0fc1d57ee4217c89ee7790e652bc454dacbddb7f9c21a4bf18733c701f1a2eb,exact,https://web.archive.org/web/20260716090913/https://puesc.gov.pl/web/guest/uslugi/jak-to-dziala-informacje-o-puesc,2026-09-29
PL,customs,legal_basis,https://api.sejm.gov.pl/eli/acts/DU/2024/1373/text.html,200,text/html,4e4c03d2b025abb86d3567c626ea14c2d0e929af8d8c44a663f9ac0e00c2e60f,exact,,2026-09-29
PL,digital_identity_credentials,holding_name,https://www.coi.gov.pl/realizacje/profil-zaufany,200,text/html,f2dd6f42bedef946f9cdc91311dc98c3df2413b3444bb61ede79f90483ec3c5a,exact,https://web.archive.org/web/20260726144422/https://www.coi.gov.pl/realizacje/profil-zaufany,2026-09-29
PL,digital_identity_credentials,operator,https://api.sejm.gov.pl/eli/acts/DU/2026/1241/text.pdf,200,application/pdf,d57ff9c488b88b26a9b2841bf6f71ca684848a845c7c82bb1ae4512ea232f54d,exact,,2026-09-29
PL,digital_identity_credentials,record_count,https://www.coi.gov.pl/corporation,200,text/html,745ddd1f43cb1f0621ce7206f11eee5815dc479478b6e7d1db937d212be5ac48,exact,https://web.archive.org/web/20260814170237/https://www.coi.gov.pl/corporation,2026-09-29
PL,education,holding_name,https://api.sejm.gov.pl/eli/acts/DU/2024/1571/text.html,200,text/html,a9a375c58c258553bcf7e8dcfaefa85c8874044784065f3dfcda9590a11b96ab,exact,https://web.archive.org/web/20260923104138/https://api.sejm.gov.pl/eli/acts/DU/2024/1571/text.html,2026-09-29
PL,education,holding_name,https://api.sejm.gov.pl/eli/acts/DU/2026/803/text.pdf,200,application/pdf,6374b48f0b7304af263b39bdba84390dedbf3da4a3315dd96823b6d4c7547824,exact,,2026-09-29
PL,electoral_management,operator,https://api.sejm.gov.pl/eli/acts/DU/2026/1261/text.pdf,200,application/pdf,9961f607b133532b373bf0332955caeaad0039a3feb0798a08073d1a2e1e082e,exact,,2026-09-29
PL,electoral_roll,holding_name,https://api.sejm.gov.pl/eli/acts/DU/2026/1261/text.pdf,200,application/pdf,9961f607b133532b373bf0332955caeaad0039a3feb0798a08073d1a2e1e082e,exact,,2026-09-29
PL,electoral_roll,operator,https://api.sejm.gov.pl/eli/acts/DU/2026/1261/text.pdf,200,application/pdf,9961f607b133532b373bf0332955caeaad0039a3feb0798a08073d1a2e1e082e,exact,,2026-09-29
PL,emergency_communications,legal_basis,https://api.sejm.gov.pl/eli/acts/DU/2025/1354/text.pdf,200,application/pdf,f368cd040a21480b5f1befef38f2ea93c46f79c2399f2fac958e5872c5d72471,exact,,2026-09-29
PL,emergency_communications,operator,https://api.sejm.gov.pl/eli/acts/DU/2025/1354/text.pdf,200,application/pdf,f368cd040a21480b5f1befef38f2ea93c46f79c2399f2fac958e5872c5d72471,exact,,2026-09-29
PL,extra:einvoicing,operator,https://api.sejm.gov.pl/eli/acts/DU/2026/1263/text.pdf,200,application/pdf,df1e1594382b430c4ae8b03004407249d0abd69678e6e6523fb438f083adaac0,exact,,2026-09-29
PL,extra:government_cloud,foreign_dependency,https://www.coi.gov.pl/realizacje/wspolna-infrastruktura-informatyczna-panstwa,200,text/html,395721d0d3bff001621c01c496d3cdbec04c11c7f6d1eab182479587daca8c94,exact,https://web.archive.org/web/20260726144422/https://www.coi.gov.pl/realizacje/wspolna-infrastruktura-informatyczna-panstwa,2026-09-29
PL,extra:government_cloud,holding_name,https://www.coi.gov.pl/realizacje/wspolna-infrastruktura-informatyczna-panstwa,200,text/html,395721d0d3bff001621c01c496d3cdbec04c11c7f6d1eab182479587daca8c94,exact,https://web.archive.org/web/20260726144422/https://www.coi.gov.pl/realizacje/wspolna-infrastruktura-informatyczna-panstwa,2026-09-29
PL,extra:government_cloud,hosting,https://www.coi.gov.pl/strefa-wiedzy/wpis/ezd-rp-w-modelu-saas-jak-coi-buduje-technologiczne-zaplecze-cyfrowej-administracji,200,text/html,a1ecd20a796c02bfb1e0ba5afed16f17f0699c99057807bdd70b5491536c4315,exact,https://web.archive.org/web/20260731001305/https://www.coi.gov.pl/strefa-wiedzy/wpis/ezd-rp-w-modelu-saas-jak-coi-buduje-technologiczne-zaplecze-cyfrowej-administracji,2026-09-29
PL,extra:government_cloud,operator,https://www.coi.gov.pl/realizacje/wspolna-infrastruktura-informatyczna-panstwa,200,text/html,395721d0d3bff001621c01c496d3cdbec04c11c7f6d1eab182479587daca8c94,exact,https://web.archive.org/web/20260726144422/https://www.coi.gov.pl/realizacje/wspolna-infrastruktura-informatyczna-panstwa,2026-09-29
PL,facial_biometric,holding_name,https://api.sejm.gov.pl/eli/acts/DU/2025/1753/text.pdf,200,application/pdf,b53fa36033ad18ef7363eb178f34d78a1e929c67a0bf826b149ccd19980972fa,exact,,2026-09-29
PL,facial_biometric,operator,https://api.sejm.gov.pl/eli/acts/DU/2025/1753/text.pdf,200,application/pdf,b53fa36033ad18ef7363eb178f34d78a1e929c67a0bf826b149ccd19980972fa,exact,,2026-09-29
PL,fingerprint_biometric,not_held,https://api.sejm.gov.pl/eli/acts/DU/2025/1753/text.pdf,200,application/pdf,b53fa36033ad18ef7363eb178f34d78a1e929c67a0bf826b149ccd19980972fa,exact,,2026-09-29
PL,fingerprint_biometric,not_held,https://api.sejm.gov.pl/eli/acts/DU/2026/196/text.pdf,200,application/pdf,cb621e4a10fc33a7e13988995c4b870abbe59da4a76a1a5596df72543d626ab2,exact,,2026-09-29
PL,firearms_register,legal_basis,https://api.sejm.gov.pl/eli/acts/DU/2024/485/text.html,200,text/html,afc8202f8e356287815dbcf60c60ff94901686652a45067648a3c1b0bde0d068,exact,,2026-09-29
PL,firearms_register,operator,https://api.sejm.gov.pl/eli/acts/DU/2024/485/text.html,200,text/html,afc8202f8e356287815dbcf60c60ff94901686652a45067648a3c1b0bde0d068,exact,,2026-09-29
PL,geospatial,holding_name,https://api.sejm.gov.pl/eli/acts/DU/2024/1151/text.html,200,text/html,5c11ec1c6088fdfe3a85ea0bf5b4db41db1760f08427c67e3c4f28fd395d533f,exact,,2026-09-29
PL,geospatial,operator,https://api.sejm.gov.pl/eli/acts/DU/2024/1151/text.html,200,text/html,5c11ec1c6088fdfe3a85ea0bf5b4db41db1760f08427c67e3c4f28fd395d533f,exact,,2026-09-29
PL,grid_control,legal_basis,https://api.sejm.gov.pl/eli/acts/DU/2026/43/text.pdf,200,application/pdf,457491bcede2fe775fd32ac7e68054074ad36eb89be8b92ac8b009afa3ebfd12,exact,,2026-09-29
PL,grid_control,operator,https://www.pse.pl/o-nas/informacje-podstawowe,200,text/html,08d0769a19fb9afe9ac428c4aa885ed1566f73230ca0a823c342eaab7da4e125,exact,https://web.archive.org/web/20260808201740/https://www.pse.pl/o-nas/informacje-podstawowe,2026-09-29
PL,health_insurance,operator,https://api.sejm.gov.pl/eli/acts/DU/2025/1461/text.pdf,200,application/pdf,6b1219883e69636dd4c7c7d1a864297af574db11c9a1ea1adc58f6b330b652d3,exact,,2026-09-29
PL,health_records,holding_name,https://api.sejm.gov.pl/eli/acts/DU/2026/208/text.pdf,200,application/pdf,a5346c5162338260e6ac7d0d16940e6837d49fce238b0878c3fa02b6dd73cc11,exact,,2026-09-29
PL,health_records,operator,https://api.sejm.gov.pl/eli/acts/DU/2026/208/text.pdf,200,application/pdf,a5346c5162338260e6ac7d0d16940e6837d49fce238b0878c3fa02b6dd73cc11,exact,,2026-09-29
PL,indicator:C1,indicator,https://coi.gov.pl/realizacje/ekosystem-e-uslug,200,text/html,96a00e21d5ffd36b12bd8d8f502e54112e882bd02f8cbbea7cb3030317ac3f30,exact,,2026-09-29
PL,indicator:C1,indicator,https://coi.gov.pl/realizacje/wspolna-infrastruktura-informatyczna-panstwa,200,text/html,395721d0d3bff001621c01c496d3cdbec04c11c7f6d1eab182479587daca8c94,exact,,2026-09-29
PL,indicator:C1,indicator,https://www.gov.pl/web/cyfryzacja/wieloletni-program-krajowe-centrum-przetwarzania-danych-kcpd-etap-i--wsparcie-procesu-przygotowania-projektu,200,text/html,fc0bac31402dc08b118247bccbbb0accc0f4981029e9ee5c90bd188654e5c367,exact,,2026-09-29
PL,indicator:C2,indicator,https://coi.gov.pl/realizacje/wspolna-infrastruktura-informatyczna-panstwa,200,text/html,395721d0d3bff001621c01c496d3cdbec04c11c7f6d1eab182479587daca8c94,exact,,2026-09-29
PL,indicator:C2,indicator,https://coi.gov.pl/strefa-wiedzy/wpis/ezd-rp-w-modelu-saas-jak-coi-buduje-technologiczne-zaplecze-cyfrowej-administracji,200,text/html,a1ecd20a796c02bfb1e0ba5afed16f17f0699c99057807bdd70b5491536c4315,exact,,2026-09-29
PL,indicator:C2,indicator,https://www.gov.pl/web/cyfryzacja/strategia-cyfryzacji-panstwa,200,text/html,a7a9d76d0489ad34d37299a2371e577d56eb2ba0adbc34cbce6dee819322ca77,exact,https://web.archive.org/web/20260927055032/https://www.gov.pl/web/cyfryzacja/strategia-cyfryzacji-panstwa,2026-09-29
PL,indicator:K1,indicator,https://api.sejm.gov.pl/eli/acts/DU/2016/1579/text.html,200,text/html,7683814d832c6a1325de15485c1a22eceaf5c0a63d5a203e22cd565847e158ea,exact,,2026-09-29
PL,indicator:K1,indicator,https://www.nccert.pl/,200,text/html,d32ef3360e3f39aa7329bad6d3cf3ceb99c98affe96007dc2eea609468868779,exact,https://web.archive.org/web/20260926200010/https://www.nccert.pl/,2026-09-29
PL,indicator:K2,indicator,https://coi.gov.pl/realizacje/profil-zaufany,200,text/html,f2dd6f42bedef946f9cdc91311dc98c3df2413b3444bb61ede79f90483ec3c5a,exact,,2026-09-29
PL,indicator:K2,indicator,https://www.gov.pl/web/cyfryzacja/profil-zaufany,200,text/html,4d3b428eee4fa174c6661e6192a63f97d651ae90008f08fd344f38cefb30533c,exact,https://web.archive.org/web/20260927131122/https://www.gov.pl/web/cyfryzacja/profil-zaufany,2026-09-29
PL,indicator:L1,indicator,https://api.sejm.gov.pl/eli/acts/DU/2010/1228/text.html,200,text/html,83226be7117c4c72e5dd258591261b54aa8034f119c8cbb0a409b3d0860843ba,exact,https://web.archive.org/web/20260607080912/https://api.sejm.gov.pl/eli/acts/DU/2010/1228/text.html,2026-09-29
PL,indicator:L1,indicator,https://www.gov.pl/web/cyfryzacja/standardy-cyberbezpieczenstwa-chmur-obliczeniowych,200,text/html,7ab9f0be42e4c19e98abd5b8c963d5db8bb21254fd774a8da3027e1751feade2,exact,https://web.archive.org/web/20250526211546/https://www.gov.pl/web/cyfryzacja/standardy-cyberbezpieczenstwa-chmur-obliczeniowych,2026-09-29
PL,indicator:L2,indicator,https://api.sejm.gov.pl/eli/acts/DU/2010/1228/text.html,200,text/html,83226be7117c4c72e5dd258591261b54aa8034f119c8cbb0a409b3d0860843ba,exact,https://web.archive.org/web/20260607080912/https://api.sejm.gov.pl/eli/acts/DU/2010/1228/text.html,2026-09-29
PL,indicator:L3,indicator,https://www.gov.pl/web/cyfryzacja/certyfikacja,200,text/html,5e8c82bd9806ca9f9b77d614e72ba3235d8e095d5edd7e08ff6d359affceb7e2,exact,https://web.archive.org/web/20250526210116/https://www.gov.pl/web/cyfryzacja/certyfikacja,2026-09-29
PL,indicator:L3,indicator,https://www.gov.pl/web/cyfryzacja/standardy-cyberbezpieczenstwa-chmur-obliczeniowych,200,text/html,7ab9f0be42e4c19e98abd5b8c963d5db8bb21254fd774a8da3027e1751feade2,exact,https://web.archive.org/web/20250526211546/https://www.gov.pl/web/cyfryzacja/standardy-cyberbezpieczenstwa-chmur-obliczeniowych,2026-09-29
PL,intelligence,legal_basis,https://api.sejm.gov.pl/eli/acts/DU/2026/937/text.pdf,200,application/pdf,755adc701ba6b7ebc78f997efe5f27246979fd4e20cd9ea5f3da6c1410e64775,exact,,2026-09-29
PL,intelligence,operator,https://api.sejm.gov.pl/eli/acts/DU/2026/937/text.pdf,200,application/pdf,755adc701ba6b7ebc78f997efe5f27246979fd4e20cd9ea5f3da6c1410e64775,exact,,2026-09-29
PL,issuance_history,holding_name,https://api.sejm.gov.pl/eli/acts/DU/2025/1753/text.pdf,200,application/pdf,b53fa36033ad18ef7363eb178f34d78a1e929c67a0bf826b149ccd19980972fa,exact,,2026-09-29
PL,issuance_history,holding_name,https://api.sejm.gov.pl/eli/acts/DU/2026/196/text.pdf,200,application/pdf,cb621e4a10fc33a7e13988995c4b870abbe59da4a76a1a5596df72543d626ab2,exact,,2026-09-29
PL,issuance_history,legal_basis,https://api.sejm.gov.pl/eli/acts/DU/2026/196/text.pdf,200,application/pdf,cb621e4a10fc33a7e13988995c4b870abbe59da4a76a1a5596df72543d626ab2,exact,,2026-09-29
PL,judicial_criminal,legal_basis,https://api.sejm.gov.pl/eli/acts/DU/2024/276/text.html,200,text/html,0fa39a87773dd0f0c64b92e49618fdf37b68d0f8e7998dd7c0d563169f635e95,exact,,2026-09-29
PL,judicial_criminal,operator,https://api.sejm.gov.pl/eli/acts/DU/2024/276/text.html,200,text/html,0fa39a87773dd0f0c64b92e49618fdf37b68d0f8e7998dd7c0d563169f635e95,exact,,2026-09-29
PL,land_property,operator,https://api.sejm.gov.pl/eli/acts/DU/2026/1066/text.pdf,200,application/pdf,cbc2d187735e06130003a3139580f7a9a5f3f421a37d6c8d8a6943b47f3e9a0f,exact,,2026-09-29
PL,national_archives,holding_name,https://api.sejm.gov.pl/eli/acts/DU/2020/164/text.html,200,text/html,4063800b92ed2ad72477440e541b6c42601213903be95c0d81fbf675af58770b,exact,https://web.archive.org/web/20260307211347/https://api.sejm.gov.pl/eli/acts/DU/2020/164/text.html,2026-09-29
PL,national_archives,legal_basis,https://api.sejm.gov.pl/eli/acts/DU/2020/164/text.html,200,text/html,4063800b92ed2ad72477440e541b6c42601213903be95c0d81fbf675af58770b,exact,https://web.archive.org/web/20260307211347/https://api.sejm.gov.pl/eli/acts/DU/2020/164/text.html,2026-09-29
PL,national_archives,operator,https://api.sejm.gov.pl/eli/acts/DU/2020/164/text.html,200,text/html,4063800b92ed2ad72477440e541b6c42601213903be95c0d81fbf675af58770b,exact,https://web.archive.org/web/20260307211347/https://api.sejm.gov.pl/eli/acts/DU/2020/164/text.html,2026-09-29
PL,official_gazette,legal_basis,https://api.sejm.gov.pl/eli/acts/DU/2019/1461/text.html,200,text/html,88991ae300b890993fd0426ceef7641cdce3cd70931ec075f9a8ab8f61d1845a,exact,https://web.archive.org/web/20260928134705/https://api.sejm.gov.pl/eli/acts/DU/2019/1461/text.html,2026-09-29
PL,official_gazette,operator,https://api.sejm.gov.pl/eli/acts/DU/2019/1461/text.html,200,text/html,88991ae300b890993fd0426ceef7641cdce3cd70931ec075f9a8ab8f61d1845a,exact,https://web.archive.org/web/20260928134705/https://api.sejm.gov.pl/eli/acts/DU/2019/1461/text.html,2026-09-29
PL,police_records,operator,https://api.sejm.gov.pl/eli/acts/DU/2025/636/text.pdf,200,application/pdf,14eab91f164df0f8afce9cb5bf91d8377a6ec1ea8fcbf5e80de0d9ec1184557b,exact,https://web.archive.org/web/20260119013525/https://api.sejm.gov.pl/eli/acts/DU/2025/636/text.pdf,2026-09-29
PL,public_finance,holding_name,https://api.sejm.gov.pl/eli/acts/DU/2025/1483/text.pdf,200,application/pdf,e8222871a2b10844ba3b38625c0bffaaec5bccf348b3a1ed4868230762900a0f,exact,https://web.archive.org/web/20260617201138/https://api.sejm.gov.pl/eli/acts/DU/2025/1483/text.pdf,2026-09-29
PL,public_finance,operator,https://api.sejm.gov.pl/eli/acts/DU/2025/1483/text.pdf,200,application/pdf,e8222871a2b10844ba3b38625c0bffaaec5bccf348b3a1ed4868230762900a0f,exact,https://web.archive.org/web/20260617201138/https://api.sejm.gov.pl/eli/acts/DU/2025/1483/text.pdf,2026-09-29
PL,public_health_surveillance,holding_name,https://api.sejm.gov.pl/eli/acts/DU/2025/1675/text.pdf,200,application/pdf,58b25d35da93b2b1b5b6a6a12633c3584a800ce80e5c675460be33e59392babc,exact,,2026-09-29
PL,public_health_surveillance,operator,https://api.sejm.gov.pl/eli/acts/DU/2025/1675/text.pdf,200,application/pdf,58b25d35da93b2b1b5b6a6a12633c3584a800ce80e5c675460be33e59392babc,exact,,2026-09-29
PL,residence_permits,operator,https://api.sejm.gov.pl/eli/acts/DU/2025/1079/text.pdf,200,application/pdf,2d3492f82ae1a1ab936667bf4fac1a8544adf4d166db0d6904145bc6d74ad4e0,exact,,2026-09-29
PL,statistics_microdata,legal_basis,https://api.sejm.gov.pl/eli/acts/DU/2026/851/text.pdf,200,application/pdf,f6aa1d65bdcf3763dbc403db8a87a4c675a6e72358dd96faa47a62bbbd70fab2,exact,,2026-09-29
PL,tax,holding_name,https://api.sejm.gov.pl/eli/acts/DU/2026/151/text.pdf,200,application/pdf,d4cc62eb9682e01999098996e639b7bb78264860ec0c2160674313e35e1c1a7a,exact,,2026-09-29
PL,tax,operator,https://api.sejm.gov.pl/eli/acts/DU/2026/151/text.pdf,200,application/pdf,d4cc62eb9682e01999098996e639b7bb78264860ec0c2160674313e35e1c1a7a,exact,,2026-09-29
PL,trust_services_pki,legal_basis,https://api.sejm.gov.pl/eli/acts/DU/2024/1725/text.html,200,text/html,816e8e9a7b556c7d65928988ed203c87a8e2057151b40b3fb142879a19d9ba3a,exact,,2026-09-29
PL,trust_services_pki,operator,https://www.nccert.pl/index.htm,200,text/html,d32ef3360e3f39aa7329bad6d3cf3ceb99c98affe96007dc2eea609468868779,exact,https://web.archive.org/web/20260818204752/https://www.nccert.pl/index.htm,2026-09-29
PL,vehicle_licensing,holding_name,https://www.coi.gov.pl/realizacje/cepik,200,text/html,a42beee2013fd5a233e71001bf0ee047ee06f111f917ad36e0532134cfc9dee3,exact,https://web.archive.org/web/20260726144422/https://www.coi.gov.pl/realizacje/cepik,2026-09-29
PL,vehicle_licensing,operator,https://api.sejm.gov.pl/eli/acts/DU/2024/1251/text.html,200,text/html,bacd222edf487df64ca544108fc1511c412d34bf58d71ca01064e926266b5c2c,exact,https://web.archive.org/web/20260412092112/https://api.sejm.gov.pl/eli/acts/DU/2024/1251/text.html,2026-09-29
PL,water_control,legal_basis,https://api.sejm.gov.pl/eli/acts/DU/2025/960/text.pdf,200,application/pdf,53520c04de261b4daef59eed9bbe8dbae2bda2aa8bf22d17ecf8817259b7c93d,exact,,2026-09-29
PL,water_control,operator,https://api.sejm.gov.pl/eli/acts/DU/2025/960/text.pdf,200,application/pdf,53520c04de261b4daef59eed9bbe8dbae2bda2aa8bf22d17ecf8817259b7c93d,exact,,2026-09-29
PT,authentication_audit_log,holding_name,https://www.autenticacao.gov.pt/web/guest/termos-e-condicoes,200,text/html,154c7d572427ba4d3c79579c9170a8e662dd60e8fcf65253137578dafd4dd5e5,exact,https://web.archive.org/web/20260830101400/https://www.autenticacao.gov.pt/web/guest/termos-e-condicoes,2026-09-29
PT,authentication_audit_log,legal_basis,https://www.autenticacao.gov.pt/web/guest/termos-e-condicoes,200,text/html,154c7d572427ba4d3c79579c9170a8e662dd60e8fcf65253137578dafd4dd5e5,exact,https://web.archive.org/web/20260830101400/https://www.autenticacao.gov.pt/web/guest/termos-e-condicoes,2026-09-29
PT,authentication_audit_log,legal_basis,https://www.pgdlisboa.pt/leis/lei_mostra_articulado.php?nid=2809&tabela=leis,200,text/html,0b666792773cb859ffe8e88ba4e9d93d6f0b8be36edcf32dc817717388e0d79f,exact,,2026-09-30
PT,authentication_audit_log,record_count,https://www.autenticacao.gov.pt/web/guest/estatisticas,200,text/html,b023dd76550fd87ba965977fe806ba5ab2d997ec0c4387b33ec771c7cdead7c7,exact,,2026-09-29
PT,beneficial_ownership,operator,https://www.pgdlisboa.pt/leis/lei_mostra_articulado.php?nid=2755&tabela=leis,200,text/html,213bb0913c663fd9e35a074f6b24840d4a066bebe3d545fd8b6b3d99dce4c241,exact,,2026-09-30
PT,benefits_pensions,holding_name,https://www.pgdlisboa.pt/leis/lei_mostra_articulado.php?nid=2243&tabela=leis,200,text/html,2c591c1d4e2218cf84fc68138aecc363ab9f30966dd8e442ed9cffcb50cf17f3,exact,https://web.archive.org/web/20250430135035/https://www.pgdlisboa.pt/leis/lei_mostra_articulado.php?nid=2243&tabela=leis,2026-09-30
PT,benefits_pensions,legal_basis,https://www.pgdlisboa.pt/leis/lei_mostra_articulado.php?nid=2243&tabela=leis,200,text/html,2c591c1d4e2218cf84fc68138aecc363ab9f30966dd8e442ed9cffcb50cf17f3,exact,https://web.archive.org/web/20250430135035/https://www.pgdlisboa.pt/leis/lei_mostra_articulado.php?nid=2243&tabela=leis,2026-09-30
PT,border_control,holding_name,https://www.pgdlisboa.pt/leis/lei_mostra_articulado.php?nid=920&tabela=leis,200,text/html,9083510d52264b7390ad95fe2ba0f4f4b6530cf41a7f7874c6847efaf0c6a4fb,exact,https://web.archive.org/web/20260723065246/https://www.pgdlisboa.pt/leis/lei_mostra_articulado.php?nid=920&tabela=leis,2026-09-30
PT,border_control,operator,https://www.pgdlisboa.pt/leis/lei_mostra_articulado.php?nid=3468&tabela=leis,200,text/html,97bf7a7a73fd440b071ea457c79a599e7eee6752cab751cf231e65455d5f1d64,exact,https://web.archive.org/web/20240601081051/https://www.pgdlisboa.pt/leis/lei_mostra_articulado.php?nid=3468&tabela=leis,2026-09-30
PT,breeder_documents,holding_name,https://www.pgdlisboa.pt/leis/lei_mostra_articulado.php?nid=334&tabela=leis,200,text/html,31700a247716a8decfd88a8188a319e4492651ea3a4ca4cb76ed137c41fb2db7,exact,https://web.archive.org/web/20240707043247/https://www.pgdlisboa.pt/leis/lei_mostra_articulado.php?nid=334&tabela=leis,2026-09-30
PT,business_registry,holding_name,https://www.pgdlisboa.pt/leis/lei_mostra_articulado.php?artigo_id=506A0078B&nid=506&tabela=leis&pagina=1&ficha=1&nversao=,200,text/html,8afa92dc082596c1250f250ad4f121cf4eb30099f6b8dab01bbf3a9e189f5f77,exact,,2026-09-30
PT,business_registry,operator,https://www.pgdlisboa.pt/leis/lei_mostra_articulado.php?artigo_id=506A0078B&nid=506&tabela=leis&pagina=1&ficha=1&nversao=,200,text/html,8afa92dc082596c1250f250ad4f121cf4eb30099f6b8dab01bbf3a9e189f5f77,exact,,2026-09-30
PT,civil_registry,holding_name,https://www.pgdlisboa.pt/leis/lei_mostra_articulado.php?artigo_id=682A0220A&nid=682&tabela=leis&pagina=1&ficha=1&nversao=,200,text/html,76d3c20d486dda2ab171f4b1347e1d83491fc91f2d58aef086726053495a9bd8,exact,,2026-09-30
PT,civil_registry,legal_basis,https://www.pgdlisboa.pt/leis/lei_mostra_articulado.php?nid=334&tabela=leis,200,text/html,31700a247716a8decfd88a8188a319e4492651ea3a4ca4cb76ed137c41fb2db7,exact,https://web.archive.org/web/20240707043247/https://www.pgdlisboa.pt/leis/lei_mostra_articulado.php?nid=334&tabela=leis,2026-09-30
PT,civil_registry,operator,https://www.pgdlisboa.pt/leis/lei_mostra_articulado.php?artigo_id=682A0220A&nid=682&tabela=leis&pagina=1&ficha=1&nversao=,200,text/html,76d3c20d486dda2ab171f4b1347e1d83491fc91f2d58aef086726053495a9bd8,exact,,2026-09-30
PT,crisis_management,holding_name,https://www.pgdlisboa.pt/leis/lei_mostra_articulado.php?nid=3049&tabela=leis,200,text/html,c1407c7b18207537b309b6f39af22858fb327f4bcd95ca961c244f8a27cfb250,exact,,2026-09-30
PT,crisis_management,operator,https://www.pgdlisboa.pt/leis/lei_mostra_articulado.php?nid=3049&tabela=leis,200,text/html,c1407c7b18207537b309b6f39af22858fb327f4bcd95ca961c244f8a27cfb250,exact,,2026-09-30
PT,customs,operator,https://www.pgdlisboa.pt/leis/lei_mostra_articulado.php?nid=1578&tabela=leis,200,text/html,afc5a2484ee0d8f5b7c52974c69d7c8ed260e629ba5760991f38f1f6ea59a88e,exact,https://web.archive.org/web/20240916072924/https://www.pgdlisboa.pt/leis/lei_mostra_articulado.php?nid=1578&tabela=leis,2026-09-30
PT,digital_identity_credentials,holding_name,https://www.pgdlisboa.pt/leis/lei_mostra_articulado.php?nid=2807&tabela=leis,200,text/html,1ed12084e1f8f0e92d1cbd828b593241c6480993c877e09c0ba97a2482ef05c3,exact,,2026-09-30
PT,digital_identity_credentials,legal_basis,https://www.pgdlisboa.pt/leis/lei_mostra_articulado.php?nid=2809&tabela=leis,200,text/html,0b666792773cb859ffe8e88ba4e9d93d6f0b8be36edcf32dc817717388e0d79f,exact,,2026-09-30
PT,digital_identity_credentials,operator,https://www.autenticacao.gov.pt/web/guest/termos-e-condicoes,200,text/html,154c7d572427ba4d3c79579c9170a8e662dd60e8fcf65253137578dafd4dd5e5,exact,https://web.archive.org/web/20260830101400/https://www.autenticacao.gov.pt/web/guest/termos-e-condicoes,2026-09-29
PT,digital_identity_credentials,operator,https://www.pgdlisboa.pt/leis/lei_mostra_articulado.php?nid=2809&tabela=leis,200,text/html,0b666792773cb859ffe8e88ba4e9d93d6f0b8be36edcf32dc817717388e0d79f,exact,,2026-09-30
PT,digital_identity_credentials,record_count,https://www.autenticacao.gov.pt/web/guest/estatisticas,200,text/html,b023dd76550fd87ba965977fe806ba5ab2d997ec0c4387b33ec771c7cdead7c7,exact,,2026-09-29
PT,education,holding_name,https://www.pgdlisboa.pt/leis/lei_mostra_articulado.php?nid=1081&tabela=leis,200,text/html,eacad0afa1b5496dca235ba189b3e8b47076a1f985718cdc8af28b01582a22b2,exact,https://web.archive.org/web/20221206135358/https://www.pgdlisboa.pt/leis/lei_mostra_articulado.php?nid=1081&tabela=leis,2026-09-30
PT,electoral_management,operator,https://www.sg.mai.gov.pt/pt/AdministracaoEleitoral/,200,text/html,56e90ec5e7769efe2290027705e859108229f2121f043344ec0bc9590639565f,exact,,2026-09-29
PT,electoral_roll,holding_name,https://www.pgdlisboa.pt/leis/lei_mostra_articulado.php?nid=2545&tabela=leis,200,text/html,165bff2479c60f8a34fa913f2bcdaae3bbcba26ee3c453155012dc1805baa08f,exact,,2026-09-30
PT,electoral_roll,operator,https://www.pgdlisboa.pt/leis/lei_mostra_articulado.php?nid=2545&tabela=leis,200,text/html,165bff2479c60f8a34fa913f2bcdaae3bbcba26ee3c453155012dc1805baa08f,exact,,2026-09-30
PT,emergency_communications,holding_name,https://www.pgdlisboa.pt/leis/lei_mostra_articulado.php?nid=1012&tabela=leis,200,text/html,27ad5532f38153bc618d26f78bf5dc0308468dc8402f8c8107a034239ae1a98e,exact,https://web.archive.org/web/20220925204649/https://www.pgdlisboa.pt/leis/lei_mostra_articulado.php?nid=1012&tabela=leis,2026-09-30
PT,extra:dna_database,hosting,https://www.pgdlisboa.pt/leis/lei_mostra_articulado.php?nid=1506&tabela=leis,200,text/html,0fcace84012640447e5019e177bf41298435a975c63f13e679f2d3aa6ba5b7a0,exact,https://web.archive.org/web/20250624004240/https://www.pgdlisboa.pt/leis/lei_mostra_articulado.php?nid=1506&tabela=leis,2026-09-29
PT,extra:dna_database,legal_basis,https://www.pgdlisboa.pt/leis/lei_mostra_articulado.php?nid=1506&tabela=leis,200,text/html,f1421708b1c9f5c64131fceb9da2dc0a9ac8864cbba8a592ff2f02aa94e30a69,exact,https://web.archive.org/web/20250624004240/https://www.pgdlisboa.pt/leis/lei_mostra_articulado.php?nid=1506&tabela=leis,2026-09-30
PT,extra:dna_database,operator,https://www.pgdlisboa.pt/leis/lei_mostra_articulado.php?nid=1506&tabela=leis,200,text/html,f1421708b1c9f5c64131fceb9da2dc0a9ac8864cbba8a592ff2f02aa94e30a69,exact,https://web.archive.org/web/20250624004240/https://www.pgdlisboa.pt/leis/lei_mostra_articulado.php?nid=1506&tabela=leis,2026-09-30
PT,facial_biometric,holding_name,https://www.pgdlisboa.pt/leis/lei_mostra_articulado.php?nid=2807&tabela=leis,200,text/html,1ed12084e1f8f0e92d1cbd828b593241c6480993c877e09c0ba97a2482ef05c3,exact,,2026-09-30
PT,facial_biometric,legal_basis,https://www.pgdlisboa.pt/leis/lei_mostra_articulado.php?nid=2056&tabela=leis,200,text/html,f62a3885cce120361b1055aed935e48cbabdafaa2e8f78b485d825a72c3a1e15,exact,,2026-09-30
PT,facial_biometric,operator,https://www.pgdlisboa.pt/leis/lei_mostra_articulado.php?nid=2807&tabela=leis,200,text/html,1ed12084e1f8f0e92d1cbd828b593241c6480993c877e09c0ba97a2482ef05c3,exact,,2026-09-30
PT,fingerprint_biometric,holding_name,https://www.pgdlisboa.pt/leis/lei_mostra_articulado.php?nid=2321&tabela=leis,200,text/html,35943466377964391fe7b33fd4f28168ae1d589300d11d3e2028aa20351fb1fe,exact,,2026-09-30
PT,fingerprint_biometric,holding_name,https://www.pgdlisboa.pt/leis/lei_mostra_articulado.php?nid=2807&tabela=leis,200,text/html,1ed12084e1f8f0e92d1cbd828b593241c6480993c877e09c0ba97a2482ef05c3,exact,,2026-09-30
PT,fingerprint_biometric,legal_basis,https://www.pgdlisboa.pt/leis/lei_mostra_articulado.php?nid=334&tabela=leis,200,text/html,31700a247716a8decfd88a8188a319e4492651ea3a4ca4cb76ed137c41fb2db7,exact,https://web.archive.org/web/20240707043247/https://www.pgdlisboa.pt/leis/lei_mostra_articulado.php?nid=334&tabela=leis,2026-09-30
PT,firearms_register,legal_basis,https://www.pgdlisboa.pt/leis/lei_mostra_articulado.php?nid=692&tabela=leis,200,text/html,da84dec2823784128629a0901bfee3851cdc80ffe51002ff250c18bb1988cbe4,exact,https://web.archive.org/web/20260829184006/https://www.pgdlisboa.pt/leis/lei_mostra_articulado.php?nid=692&tabela=leis,2026-09-30
PT,firearms_register,operator,https://www.pgdlisboa.pt/leis/lei_mostra_articulado.php?nid=692&tabela=leis,200,text/html,da84dec2823784128629a0901bfee3851cdc80ffe51002ff250c18bb1988cbe4,exact,https://web.archive.org/web/20260829184006/https://www.pgdlisboa.pt/leis/lei_mostra_articulado.php?nid=692&tabela=leis,2026-09-30
PT,geospatial,holding_name,https://www.pgdlisboa.pt/leis/lei_mostra_articulado.php?nid=3139&tabela=leis,200,text/html,a31709deb72f6208c5febaaf3de6ed9c908554d7e44faf9735a9a539eb09d24b,exact,,2026-09-30
PT,geospatial,operator,https://www.pgdlisboa.pt/leis/lei_mostra_articulado.php?nid=3139&tabela=leis,200,text/html,a31709deb72f6208c5febaaf3de6ed9c908554d7e44faf9735a9a539eb09d24b,exact,,2026-09-30
PT,government_payroll,operator,https://www.dgaep.gov.pt/index.cfm?OBJID=120BF3B2-FB82-4662-B232-A9D8E055B030,200,text/html,f151526224e795c868c11a956b8bbc9caae5423000b1aa93c6c2b2bf0ac38149,exact,,2026-09-29
PT,government_payroll,record_count,https://www.dgaep.gov.pt/index.cfm?OBJID=ECA5D4CB-42B8-4692-A96C-8AAD63010A54,200,text/html,f91fa47e35b9e09d158155f7fef4537687cde14f3ec7fbc46509ac42798e28bd,exact,https://web.archive.org/web/20260721194333/https://www.dgaep.gov.pt/index.cfm?OBJID=ECA5D4CB-42B8-4692-A96C-8AAD63010A54,2026-09-29
PT,grid_control,legal_basis,https://www.pgdlisboa.pt/leis/lei_mostra_articulado.php?nid=3536&tabela=leis,200,text/html,c42950560cb66d7dee0a747743d6adb44e833e059126a434f72998d8c25a9678,exact,https://web.archive.org/web/20260605191322/https://www.pgdlisboa.pt/leis/lei_mostra_articulado.php?nid=3536&tabela=leis,2026-09-30
PT,grid_control,operator,https://www.ren.pt/atividade/eletricidade,200,text/html,0e888778ce7c93e6c6a4a79b3c67f11b4241554aec19d9800e827354ea5b0cac,exact,https://web.archive.org/web/20260317005331/https://www.ren.pt/atividade/eletricidade,2026-09-29
PT,health_insurance,holding_name,https://www.pgdlisboa.pt/leis/lei_mostra_articulado.php?nid=2506&tabela=leis,200,text/html,776fb745e85351031e6eca393f763d9b22596da7a053ceae6e5dade69a402adf,exact,,2026-09-30
PT,health_records,legal_basis,https://www.pgdlisboa.pt/leis/lei_mostra_articulado.php?nid=3557&tabela=leis,200,text/html,b5ec995a35b880b17b32a502e7fdb0d337ff9bd5788fd46babf43a054bd46ae5,exact,,2026-09-30
PT,indicator:C1,indicator,https://www.arte.gov.pt/wp-content/uploads/2026/05/Plano-Nacional-de-Nuvem-Soberana.pdf,200,application/pdf,fb8cf5fa06e6ef4d041deac24ea78d0bd085b5108a38248ba6c964f2f1113cf7,exact,,2026-09-29
PT,indicator:C1,indicator,https://www.iptelecom.pt/pt-pt/empresa/sobre-nos,200,text/html,4006d73dea191a5e4560b7fe29977ba3273f659ee642b2caaddfbbab6387f6f1,exact,https://web.archive.org/web/20260626202759/https://www.iptelecom.pt/pt-pt/empresa/sobre-nos,2026-09-29
PT,indicator:C1,indicator,https://www.iptelecom.pt/pt-pt/servicos/ipt-cloud-datacenter,200,text/html,48d5602aa974088a8bd220b532597fea4c2e099ee20ea9621b22eb83cb299005,exact,https://web.archive.org/web/20260626202758/https://www.iptelecom.pt/pt-pt/servicos/ipt-cloud-datacenter,2026-09-29
PT,indicator:C2,indicator,https://bo.digital.gov.pt/api/assets/etic/2fecc6f4-b424-41c6-b2a8-722b17b1914f/,200,application/pdf,a4673ee49132198442179c7dfaa33629641d953d7a40f37babf5986388809656,exact,https://web.archive.org/web/20260702232015/https://bo.digital.gov.pt/api/assets/etic/2fecc6f4-b424-41c6-b2a8-722b17b1914f/,2026-09-29
PT,indicator:C2,indicator,https://www.arte.gov.pt/arte-coordena-elaboracao-do-plano-nacional-de-nuvem-soberana/,200,text/html,1ccf9eace9d429a17fa5080334596649d8e170796c9d2d638fcb5671d20aaafc,exact,,2026-09-29
PT,indicator:C2,indicator,https://www.arte.gov.pt/wp-content/uploads/2026/05/Plano-Nacional-de-Nuvem-Soberana.pdf,200,application/pdf,fb8cf5fa06e6ef4d041deac24ea78d0bd085b5108a38248ba6c964f2f1113cf7,exact,,2026-09-29
PT,indicator:K1,indicator,https://www.scee.gov.pt/autoridade-credenciadora/,error,,,fetch_failed,,2026-09-29
PT,indicator:K1,indicator,https://www.scee.gov.pt/entidade-certificadora-raiz/,error,,,fetch_failed,,2026-09-29
PT,indicator:K2,indicator,https://www.autenticacao.gov.pt/web/guest/a-chave-movel-digital,200,text/html,3c04c608f6b72862fb0663a4be7914371ab31efb4cdbe21084cd43224951c4a8,exact,https://web.archive.org/web/20260914162323/https://www.autenticacao.gov.pt/web/guest/a-chave-movel-digital,2026-09-29
PT,indicator:K2,indicator,https://www.autenticacao.gov.pt/web/guest/termos-e-condicoes,200,text/html,7e0366571539b5a65c84562c1eebd3e63154ff3b7d889e852d81d21f1353d545,exact,https://web.archive.org/web/20260830101400/https://www.autenticacao.gov.pt/web/guest/termos-e-condicoes,2026-09-29
PT,indicator:L1,indicator,https://bo.digital.gov.pt/api/assets/etic/2fecc6f4-b424-41c6-b2a8-722b17b1914f/,200,application/pdf,a4673ee49132198442179c7dfaa33629641d953d7a40f37babf5986388809656,exact,https://web.archive.org/web/20260702232015/https://bo.digital.gov.pt/api/assets/etic/2fecc6f4-b424-41c6-b2a8-722b17b1914f/,2026-09-29
PT,indicator:L1,indicator,https://sirp.pt/wp-content/uploads/2025/09/LEI_DO_SEGREDO_DE_ESTADO.pdf,200,application/pdf,3f07bf0638442ed7c1ed29a0b8ae349426ea4c6c7a6ff27e7e81ef6fa7183ab8,exact,https://web.archive.org/web/20251108103511/https://sirp.pt/wp-content/uploads/2025/09/LEI_DO_SEGREDO_DE_ESTADO.pdf,2026-09-29
PT,indicator:L1,indicator,https://www.arte.gov.pt/wp-content/uploads/2026/05/Plano-de-Acao-2026-2027_EDN.pdf,200,application/pdf,39d798ea5db9a6f66f12df77ca34ee0a68bc543ebcf4a9d36f3295bd692cc5ea,exact,,2026-09-29
PT,indicator:L2,indicator,https://sirp.pt/wp-content/uploads/2025/09/LEI_DO_SEGREDO_DE_ESTADO.pdf,200,application/pdf,3f07bf0638442ed7c1ed29a0b8ae349426ea4c6c7a6ff27e7e81ef6fa7183ab8,exact,https://web.archive.org/web/20251108103511/https://sirp.pt/wp-content/uploads/2025/09/LEI_DO_SEGREDO_DE_ESTADO.pdf,2026-09-29
PT,indicator:L3,indicator,https://bo.digital.gov.pt/api/assets/etic/2fecc6f4-b424-41c6-b2a8-722b17b1914f/,200,application/pdf,a4673ee49132198442179c7dfaa33629641d953d7a40f37babf5986388809656,exact,https://web.archive.org/web/20260702232015/https://bo.digital.gov.pt/api/assets/etic/2fecc6f4-b424-41c6-b2a8-722b17b1914f/,2026-09-29
PT,intelligence,operator,https://www.pgdlisboa.pt/leis/lei_mostra_articulado.php?nid=764&tabela=leis,200,text/html,46a3a41646f16039edaa37fe6d0cea6f5a31297bcfe58f83a758c7b21c7dd7fc,exact,https://web.archive.org/web/20251115210756/https://www.pgdlisboa.pt/leis/lei_mostra_articulado.php?nid=764&tabela=leis,2026-09-30
PT,issuance_history,holding_name,https://www.pgdlisboa.pt/leis/lei_mostra_articulado.php?nid=2807&tabela=leis,200,text/html,1ed12084e1f8f0e92d1cbd828b593241c6480993c877e09c0ba97a2482ef05c3,exact,,2026-09-30
PT,issuance_history,legal_basis,https://www.pgdlisboa.pt/leis/lei_mostra_articulado.php?nid=2056&tabela=leis,200,text/html,f62a3885cce120361b1055aed935e48cbabdafaa2e8f78b485d825a72c3a1e15,exact,,2026-09-30
PT,issuance_history,operator,https://www.pgdlisboa.pt/leis/lei_mostra_articulado.php?nid=2056&tabela=leis,200,text/html,f62a3885cce120361b1055aed935e48cbabdafaa2e8f78b485d825a72c3a1e15,exact,,2026-09-30
PT,judicial_criminal,holding_name,https://www.pgdlisboa.pt/leis/lei_mostra_articulado.php?nid=3949&tabela=leis,200,text/html,2fc3b5c6ada06ccb9625e23f968c70341b37b2403141e1a75577000f3b8914a3,exact,,2026-09-30
PT,judicial_criminal,operator,https://www.pgdlisboa.pt/leis/lei_mostra_articulado.php?nid=2321&tabela=leis,200,text/html,35943466377964391fe7b33fd4f28168ae1d589300d11d3e2028aa20351fb1fe,exact,,2026-09-30
PT,judicial_criminal,operator,https://www.pgdlisboa.pt/leis/lei_mostra_articulado.php?nid=3949&tabela=leis,200,text/html,2fc3b5c6ada06ccb9625e23f968c70341b37b2403141e1a75577000f3b8914a3,exact,,2026-09-30
PT,land_property,holding_name,https://www.pgdlisboa.pt/leis/lei_mostra_articulado.php?artigo_id=488A0106&nid=488&tabela=leis&pagina=1&ficha=1&nversao=,200,text/html,dced3780c19ad2b9dfb2a3c4082db4c94a2985858ea28525b9808e0179520efe,exact,,2026-09-30
PT,land_property,legal_basis,https://www.pgdlisboa.pt/leis/lei_mostra_articulado.php?nid=3157&tabela=leis,200,text/html,5e1baa13c40dc9d7b6dfca7a162da619407dbe3b4f242f5c763f7183a371cf01,exact,,2026-09-30
PT,land_property,operator,https://www.pgdlisboa.pt/leis/lei_mostra_articulado.php?artigo_id=488A0106&nid=488&tabela=leis&pagina=1&ficha=1&nversao=,200,text/html,dced3780c19ad2b9dfb2a3c4082db4c94a2985858ea28525b9808e0179520efe,exact,,2026-09-30
PT,official_gazette,operator,https://incm.pt/site/diario-da-republica/,200,text/html,854fe47dbb7c844261a42690e9c387e60be5a03bf2ea547948903a8f5dc798ca,loose,https://web.archive.org/web/20260804123241/https://incm.pt/site/diario-da-republica/,2026-09-29
PT,police_records,legal_basis,https://www.pgdlisboa.pt/leis/lei_mostra_articulado.php?nid=2225&tabela=leis,200,text/html,8dea39bb882372649317bd76cf212e62b0a7b1ead230bd075918f89ebec0c5e6,exact,,2026-09-30
PT,police_records,operator,https://www.pgdlisboa.pt/leis/lei_mostra_articulado.php?nid=1012&tabela=leis,200,text/html,27ad5532f38153bc618d26f78bf5dc0308468dc8402f8c8107a034239ae1a98e,exact,https://web.archive.org/web/20220925204649/https://www.pgdlisboa.pt/leis/lei_mostra_articulado.php?nid=1012&tabela=leis,2026-09-30
PT,public_finance,holding_name,https://www.pgdlisboa.pt/leis/lei_mostra_articulado.php?nid=3890&tabela=leis,200,text/html,30934aa4b1160181edd184cb775fadb6bf3ac900c360621a0c7acea2b4f52f07,exact,,2026-09-30
PT,public_health_surveillance,legal_basis,https://www.pgdlisboa.pt/leis/lei_mostra_articulado.php?nid=1981&tabela=leis,200,text/html,41988c4d40197c851a65ae4b77fc203663697e900390925552e4d623899d9d76,exact,https://web.archive.org/web/20140101063935/http://www.pgdlisboa.pt:80/leis/lei_mostra_articulado.php?nid=1981&tabela=leis,2026-09-30
PT,residence_permits,holding_name,https://www.pgdlisboa.pt/leis/lei_mostra_articulado.php?nid=920&tabela=leis,200,text/html,9083510d52264b7390ad95fe2ba0f4f4b6530cf41a7f7874c6847efaf0c6a4fb,exact,https://web.archive.org/web/20260723065246/https://www.pgdlisboa.pt/leis/lei_mostra_articulado.php?nid=920&tabela=leis,2026-09-30
PT,residence_permits,operator,https://www.pgdlisboa.pt/leis/lei_mostra_articulado.php?nid=3676&tabela=leis,200,text/html,b804398be3b58abcb43f1532cc0c1160fe7cd10a709b1e48eb6e5e485b779b6c,exact,,2026-09-30
PT,tax,operator,https://www.pgdlisboa.pt/leis/lei_mostra_articulado.php?nid=1578&tabela=leis,200,text/html,afc5a2484ee0d8f5b7c52974c69d7c8ed260e629ba5760991f38f1f6ea59a88e,exact,https://web.archive.org/web/20240916072924/https://www.pgdlisboa.pt/leis/lei_mostra_articulado.php?nid=1578&tabela=leis,2026-09-30
PT,trust_services_pki,holding_name,https://www.pgdlisboa.pt/leis/lei_mostra_articulado.php?nid=3404&tabela=leis,200,text/html,e68a5e5307c13a62a702807a07d5a18ec95bf1098ddddea2d1d2bba0c653182e,exact,,2026-09-30
PT,trust_services_pki,legal_basis,https://www.pgdlisboa.pt/leis/lei_mostra_articulado.php?nid=3404&tabela=leis,200,text/html,e68a5e5307c13a62a702807a07d5a18ec95bf1098ddddea2d1d2bba0c653182e,exact,,2026-09-30
PT,trust_services_pki,operator,https://www.pgdlisboa.pt/leis/lei_mostra_articulado.php?nid=3404&tabela=leis,200,text/html,e68a5e5307c13a62a702807a07d5a18ec95bf1098ddddea2d1d2bba0c653182e,exact,,2026-09-30
PT,vehicle_licensing,holding_name,https://www.pgdlisboa.pt/leis/lei_mostra_articulado.php?nid=598&tabela=leis,200,text/html,212ef2e6bd564a47e2b0209e9a4a46ed3142f30c2d028f5377b2687405c741d8,exact,https://web.archive.org/web/20251010024521/https://www.pgdlisboa.pt/leis/lei_mostra_articulado.php?nid=598&tabela=leis,2026-09-30
PT,vehicle_licensing,legal_basis,https://www.pgdlisboa.pt/leis/lei_mostra_articulado.php?nid=2633&tabela=leis,200,text/html,819287cd5505d0c7c933670ee94d98118b61f1516464e07ffad25bc7a5f10b07,exact,https://web.archive.org/web/20221115124412/https://www.pgdlisboa.pt/leis/lei_mostra_articulado.php?nid=2633&tabela=leis,2026-09-30
PT,water_control,holding_name,https://www.pgdlisboa.pt/leis/lei_mostra_articulado.php?nid=1191&tabela=leis,200,text/html,844efc988ce0517d472689b8c5f35df9ebbb5c2fe185ce220c943d55ab356dad,exact,https://web.archive.org/web/20250712012849/https://www.pgdlisboa.pt/leis/lei_mostra_articulado.php?nid=1191&tabela=leis,2026-09-30
PT,water_control,operator,https://www.pgdlisboa.pt/leis/lei_mostra_articulado.php?nid=1191&tabela=leis,200,text/html,844efc988ce0517d472689b8c5f35df9ebbb5c2fe185ce220c943d55ab356dad,exact,https://web.archive.org/web/20250712012849/https://www.pgdlisboa.pt/leis/lei_mostra_articulado.php?nid=1191&tabela=leis,2026-09-30
RO,benefits_pensions,legal_basis,https://www.cnpp.ro/activitati-cnpp/asigurarea-in-sistemul-public-de-pensii/,200,text/html,8c4baf371a1e7e881fd180744e3185ebd6b9aeac87f31b2cbc1a8ebd9569f362,exact,https://web.archive.org/web/20260905223549/https://www.cnpp.ro/activitati-cnpp/asigurarea-in-sistemul-public-de-pensii/,2026-09-29
RO,benefits_pensions,operator,https://www.cnpp.ro/despre-cnpp/,200,text/html,99cdebebeb912ec7bdbfe11c44ea9ec98433c5c6624894f551d6dcbfc71f9bea,exact,https://web.archive.org/web/20260905223544/https://www.cnpp.ro/despre-cnpp/,2026-09-29
RO,benefits_pensions,record_count,https://www.cnpp.ro/despre-cnpp/,200,text/html,99cdebebeb912ec7bdbfe11c44ea9ec98433c5c6624894f551d6dcbfc71f9bea,exact,https://web.archive.org/web/20260905223544/https://www.cnpp.ro/despre-cnpp/,2026-09-29
RO,border_control,holding_name,https://schengen.mai.gov.ro/index09.htm,200,text/html,bb689f3cae5ae8cb928a182604917635ce5f1a938cb96fb36470e2854e8cd6ca,exact,https://web.archive.org/web/20250523114019/https://schengen.mai.gov.ro/index09.htm,2026-09-29
RO,border_control,holding_name,https://www.politiadefrontiera.ro/ro/main/n-entryexit-system-ees-246/,200,text/html,c5a6013cb5cb7e10b4c272ddfce578078e67768212d51e1afcd46bb131b784bc,exact,https://web.archive.org/web/20260622124516/https://www.politiadefrontiera.ro/ro/main/n-entryexit-system-ees-246/,2026-09-29
RO,border_control,legal_basis,https://www.politiadefrontiera.ro/ro/main/pg-cadrul-legal-26.html,200,text/html,4401e42b5ab58e699a412be2fc23c19655cfa02960a8b948d44f62479e63c96f,exact,https://web.archive.org/web/20260618132731/https://www.politiadefrontiera.ro/ro/main/pg-cadrul-legal-26.html,2026-09-29
RO,border_control,operator,https://www.mai.gov.ro/despre-noi/organizare/structuri-in-subordinea-in-cadrul-mai/,200,text/html,551c2bd7520f51b03b378c58e04ddb9cccfc6b8bfebf0d69c27c1831dba464c9,exact,https://web.archive.org/web/20260709212319/https://www.mai.gov.ro/despre-noi/organizare/structuri-in-subordinea-in-cadrul-mai/,2026-09-29
RO,breeder_documents,legal_basis,https://pasapoarte.mai.gov.ro/legislatie/,403,text/html,,fetch_failed,,2026-09-29
RO,breeder_documents,operator,https://depabd.mai.gov.ro/atributii.html,403,text/html,,fetch_failed,,2026-09-29
RO,breeder_documents,record_count,https://depabd.mai.gov.ro/,403,text/html,,fetch_failed,,2026-09-29
RO,central_bank,holding_name,https://www.bnr.ro/2152-sisteme-operate-de-bnr,200,text/html,650c192a12a14bab1623efcd49455a48bed6b1da1acea1b59c5dbb4d8845973a,exact,https://web.archive.org/web/20260514142924/https://www.bnr.ro/2152-sisteme-operate-de-bnr,2026-09-29
RO,civil_registry,holding_name,https://depabd.mai.gov.ro/atributii.html,403,text/html,,fetch_failed,,2026-09-29
RO,civil_registry,legal_basis,https://depabd.mai.gov.ro/baza_legala.html,403,text/html,,fetch_failed,,2026-09-29
RO,civil_registry,operator,https://depabd.mai.gov.ro/atributii.html,403,text/html,,fetch_failed,,2026-09-29
RO,civil_registry,operator,https://depabd.mai.gov.ro/baza_legala.html,403,text/html,,fetch_failed,,2026-09-29
RO,crisis_management,legal_basis,https://www.igsu.ro/atributii-si-istoric,403,text/html,,fetch_failed,,2026-09-29
RO,crisis_management,operator,https://www.igsu.ro/atributii-si-istoric,403,text/html,,fetch_failed,,2026-09-29
RO,customs,legal_basis,https://static.anaf.ro/static/10/Anaf/Informatii_R/StrategiaANAF_2021-2024_republ_19052021.pdf,200,application/pdf,9037cc4f3f4c9c4b5e356f7b6fa30c792e0755ac0b0ea8aff096a565e3f4349d,exact,,2026-09-29
RO,customs,operator,https://static.anaf.ro/static/10/Anaf/Informatii_R/StrategiaANAF_2021-2024_republ_19052021.pdf,200,application/pdf,9037cc4f3f4c9c4b5e356f7b6fa30c792e0755ac0b0ea8aff096a565e3f4349d,exact,,2026-09-29
RO,digital_identity_credentials,holding_name,https://carteadeidentitate.gov.ro/despre/,200,text/html,55e17368c23b5742f4f004a5dd0cde6d53aabac143f4d335064747ab7bb9fc6f,exact,https://web.archive.org/web/20260820162144/https://carteadeidentitate.gov.ro/despre/,2026-09-29
RO,digital_identity_credentials,holding_name,https://roeid.ro/,200,text/html,a0ec76c0aca7c1b0a2291e900491762a74961b66c68917240fc2de2ded4242d3,exact,https://web.archive.org/web/20260903070414/https://roeid.ro/,2026-09-29
RO,digital_identity_credentials,holding_name,https://www.adr.gov.ro/platforme-operate,200,text/html,cad9159437faaaac3bf4f973679cb4b8979f638fc7deb851b92255ab2ef6b493,exact,https://web.archive.org/web/20260904191551/https://www.adr.gov.ro/platforme-operate,2026-09-29
RO,digital_identity_credentials,operator,https://roeid.ro/,200,text/html,a0ec76c0aca7c1b0a2291e900491762a74961b66c68917240fc2de2ded4242d3,exact,https://web.archive.org/web/20260903070414/https://roeid.ro/,2026-09-29
RO,education,holding_name,https://www.edu.ro/proiect_sistem_integrat_management_informatii_educationale,200,text/html,09e449b5ef8880bbadd677bd4b8ec975f6f85d85390b5d6ba891dba83b07eeab,exact,https://web.archive.org/web/20260928194106/https://www.edu.ro/proiect_sistem_integrat_management_informatii_educationale,2026-09-29
RO,electoral_management,operator,https://www.registrulelectoral.ro/upload/public/FormulareCereri/Nota%20de%20informare%20finala%20RE.pdf,200,application/pdf,acad2fc9d5e211ed08ade2d441232015debac1802cefd71969f625139c332659,exact,,2026-09-29
RO,electoral_roll,holding_name,https://www.registrulelectoral.ro/upload/public/FormulareCereri/Nota%20de%20informare%20finala%20RE.pdf,200,application/pdf,acad2fc9d5e211ed08ade2d441232015debac1802cefd71969f625139c332659,exact,,2026-09-29
RO,electoral_roll,legal_basis,https://www.registrulelectoral.ro/upload/public/FormulareCereri/Nota%20de%20informare%20finala%20RE.pdf,200,application/pdf,acad2fc9d5e211ed08ade2d441232015debac1802cefd71969f625139c332659,exact,,2026-09-29
RO,electoral_roll,operator,https://depabd.mai.gov.ro/atributii.html,403,text/html,,fetch_failed,,2026-09-29
RO,emergency_communications,operator,https://www.mai.gov.ro/despre-noi/organizare/aparat-central/directia-generala-pentru-comunicatii-si-tehnologia-informatiei/,200,text/html,fda5101a489a79cffa5117b09f4761258e77de909f63bf9fe6f637bdd99f276f,exact,https://web.archive.org/web/20260310104221/https://www.mai.gov.ro/despre-noi/organizare/aparat-central/directia-generala-pentru-comunicatii-si-tehnologia-informatiei/,2026-09-29
RO,extra:e_procurement,holding_name,https://www.adr.gov.ro/platforme-operate,200,text/html,cad9159437faaaac3bf4f973679cb4b8979f638fc7deb851b92255ab2ef6b493,exact,https://web.archive.org/web/20260904191551/https://www.adr.gov.ro/platforme-operate,2026-09-29
RO,extra:government_cloud,hosting,https://www.adr.gov.ro/articole/anunt-de-presa-pentru-proiectul-implementarea-infrastructurii-de-cloud-guvernamental-componenta-7---transformare-digitala-investitia-1---implementarea-infrastructurii-de-cloud-guvernamental,200,text/html,fd0feb60dc80db612ab327b0245cdc50248f0482c01154d0026ab16ac5fd65dd,exact,,2026-09-29
RO,extra:government_cloud,hosting,https://www.adr.gov.ro/investitia-2-dezvoltarea-cloudului-si-migrarea-in-cloud,200,text/html,77afe07682675c64cef210a847609ddff14e5a107a4e36ad7e309d6b0f70f34a,exact,https://web.archive.org/web/20260518012107/https://www.adr.gov.ro/investitia-2-dezvoltarea-cloudului-si-migrarea-in-cloud,2026-09-29
RO,extra:government_cloud,operator,https://www.adr.gov.ro/articole/anunt-de-presa-pentru-proiectul-implementarea-infrastructurii-de-cloud-guvernamental-componenta-7---transformare-digitala-investitia-1---implementarea-infrastructurii-de-cloud-guvernamental,200,text/html,fd0feb60dc80db612ab327b0245cdc50248f0482c01154d0026ab16ac5fd65dd,exact,,2026-09-29
RO,extra:government_payments,record_count,https://www.adr.gov.ro/platforme-operate,200,text/html,cad9159437faaaac3bf4f973679cb4b8979f638fc7deb851b92255ab2ef6b493,exact,https://web.archive.org/web/20260904191551/https://www.adr.gov.ro/platforme-operate,2026-09-29
RO,facial_biometric,holding_name,https://carteadeidentitate.gov.ro/despre/,200,text/html,55e17368c23b5742f4f004a5dd0cde6d53aabac143f4d335064747ab7bb9fc6f,exact,https://web.archive.org/web/20260820162144/https://carteadeidentitate.gov.ro/despre/,2026-09-29
RO,facial_biometric,holding_name,https://politiaromana.ro/ro/informatii-generale/proiecte/4afis2afis,error,,,fetch_failed,,2026-09-29
RO,fingerprint_biometric,holding_name,https://politiaromana.ro/ro/informatii-generale/proiecte/4afis2afis,error,,,fetch_failed,,2026-09-29
RO,fingerprint_biometric,not_held,https://carteadeidentitate.gov.ro/despre/,200,text/html,55e17368c23b5742f4f004a5dd0cde6d53aabac143f4d335064747ab7bb9fc6f,exact,https://web.archive.org/web/20260820162144/https://carteadeidentitate.gov.ro/despre/,2026-09-29
RO,fingerprint_biometric,operator,https://politiaromana.ro/ro/politia-romana/unitati-centrale/directia-cazier-judiciar-statistica-si-evidenta-operativa,error,,,fetch_failed,,2026-09-29
RO,firearms_register,holding_name,https://politiaromana.ro/ro/politia-romana/unitati-centrale/directia-arme-explozivi-si-substante-periculoase,error,,,fetch_failed,,2026-09-29
RO,firearms_register,legal_basis,https://politiaromana.ro/ro/structura-politiei-romane/unitati-centrale/directia-arme-explozivi-si-substante-periculoase/serviciul-arme,error,,,fetch_failed,,2026-09-29
RO,firearms_register,operator,https://politiaromana.ro/ro/structura-politiei-romane/unitati-centrale/directia-arme-explozivi-si-substante-periculoase/serviciul-arme,error,,,fetch_failed,,2026-09-29
RO,geospatial,holding_name,https://www.ancpi.ro/,200,text/html,cb064ad69593fdbc119877dca910c93e8c355706040883b7f44c040ea372ea73,exact,,2026-09-29
RO,government_payroll,holding_name,https://www.anfp.gov.ro/media/fepnqk44/raport-activitate-anfp_2025_final.pdf,200,application/pdf,843372557e7a4c89b9ec496b971c9d70869a54aa8f3d2841e3662283ec1a967e,exact,https://web.archive.org/web/20260514052203/https://www.anfp.gov.ro/media/fepnqk44/raport-activitate-anfp_2025_final.pdf,2026-09-29
RO,grid_control,holding_name,https://www.transelectrica.ro/ro/web/tel/operator-de-sistem,200,text/html,c5c7fc681ad34910c3c5e57f22e9ef250515a610cbe3f0bed25ed61dcfc0e9db,exact,https://web.archive.org/web/20250803190750/https://www.transelectrica.ro/ro/web/tel/operator-de-sistem,2026-09-29
RO,grid_control,operator,https://www.transelectrica.ro/ro/web/tel/operator-de-sistem,200,text/html,c5c7fc681ad34910c3c5e57f22e9ef250515a610cbe3f0bed25ed61dcfc0e9db,exact,https://web.archive.org/web/20250803190750/https://www.transelectrica.ro/ro/web/tel/operator-de-sistem,2026-09-29
RO,health_insurance,holding_name,https://siui.casan.ro/,200,text/html,bfd330083e8bc955c72933656a0fe47e8d162410c87c7aabd66e3a1586d140d1,exact,https://web.archive.org/web/20260727073727/https://siui.casan.ro/,2026-09-29
RO,indicator:C1,indicator,https://www.adr.gov.ro/articole/anunt-de-presa-pentru-proiectul-implementarea-infrastructurii-de-cloud-guvernamental-componenta-7---transformare-digitala-investitia-1---implementarea-infrastructurii-de-cloud-guvernamental,200,text/html,52434a60a811c5e27756b97edd4676617f07f8aaa1a7319e095221f550f1f169,exact,,2026-09-29
RO,indicator:C1,indicator,https://www.research.gov.ro/wp-content/uploads/2023/10/Nota-Fundamentare-OUG-Cloud-19.10.2023.pdf,error,,,fetch_failed,,2026-09-29
RO,indicator:C2,indicator,https://www.adr.gov.ro/articole/adr-a-organizat-conferinta-de-status-a-proiectului-implementarea-infrastructurii-de-cloud-guvernamental,200,text/html,653a9187f42432f8f7d7fdb81727396e5dda67e67231d55420032e7f2dbade04,exact,https://web.archive.org/web/20260608060129/https://www.adr.gov.ro/articole/adr-a-organizat-conferinta-de-status-a-proiectului-implementarea-infrastructurii-de-cloud-guvernamental,2026-09-29
RO,indicator:C2,indicator,https://www.adr.gov.ro/proiecte-in-implementare,200,text/html,1dcdb166fba922f698e0723577751a8cffe9cf0f32333f75c8f5c0bf9b0d5301,exact,https://web.archive.org/web/20260429160355/https://www.adr.gov.ro/proiecte-in-implementare,2026-09-29
RO,indicator:C2,indicator,https://www.research.gov.ro/wp-content/uploads/2023/10/Nota-Fundamentare-OUG-Cloud-19.10.2023.pdf,error,,,fetch_failed,,2026-09-29
RO,indicator:K1,indicator,https://trustedlist.adr.gov.ro/trustedlist.xml,200,text/xml,233e4e07a479ed14ab3985c2d7b0ba519abbdc7ee194783229b180f49d5e10ff,exact,https://web.archive.org/web/20260908033515/https://trustedlist.adr.gov.ro/trustedlist.xml,2026-09-29
RO,indicator:K1,indicator,https://www.adr.gov.ro/semnatura-electronica-trusted-list,200,text/html,ecaf7f3d52fdb37c651f0277b72da59dc5e8ad9d331eb294fe08fdbc30b7fefe,exact,https://web.archive.org/web/20260615083106/https://www.adr.gov.ro/semnatura-electronica-trusted-list,2026-09-29
RO,indicator:K2,indicator,https://roeid.ro/,200,text/html,aadacd3bfc19a00137a56eb09df407757a2483ab40596bfdb5362828f6575c3b,exact,https://web.archive.org/web/20260903070414/https://roeid.ro/,2026-09-29
RO,indicator:K2,indicator,https://roeid.ro/glosar-termeni,200,text/html,b6030273cfa7fd464e853698a03858105a48f0c8f264d6546ac7cfe6179b0e8b,exact,,2026-09-29
RO,indicator:K2,indicator,https://www.adr.gov.ro/articole/comisia-europeana-recunoaste-roeid-ca-fiind-sistemul-de-identificare-electronica-al-statului-roman,200,text/html,77cce91ba1893a425dd3e409559781de557839963a17b973dc9375c41a31c879,exact,https://web.archive.org/web/20260122073937/https://www.adr.gov.ro/articole/comisia-europeana-recunoaste-roeid-ca-fiind-sistemul-de-identificare-electronica-al-statului-roman,2026-09-29
RO,indicator:L1,indicator,https://orniss.ro/ro/legislatie/pdf/HG%20585.pdf,error,,,fetch_failed,,2026-09-29
RO,indicator:L2,indicator,https://www.sri.ro/assets/files/legislatie/2024/Lege_182.2002.pdf,200,application/pdf,a4e97fdebb7a567713934b7ff8a283d657cd3fc16e5df2c1182f65e1f2e4bf44,exact,https://web.archive.org/web/20251021133206/https://www.sri.ro/assets/files/legislatie/2024/Lege_182.2002.pdf,2026-09-29
RO,indicator:L3,indicator,https://www.research.gov.ro/wp-content/uploads/2023/10/Nota-Fundamentare-OUG-Cloud-19.10.2023.pdf,error,,,fetch_failed,,2026-09-29
RO,intelligence,legal_basis,https://www.sri.ro/legislatie,200,text/html,b17aa18098f4009f57b288e2d3f4e108e623f667b48d90737482101c54a81559,exact,https://web.archive.org/web/20251021130042/https://www.sri.ro/legislatie,2026-09-29
RO,intelligence,operator,https://www.sri.ro/cyberint,200,text/html,8a9e9dd59ade08a362a38fc8a0299034d12c85808445f7e39d634989683cd4f5,exact,https://web.archive.org/web/20260922065552/https://www.sri.ro/cyberint,2026-09-29
RO,issuance_history,holding_name,https://pasapoarte.mai.gov.ro/furnizarea-datelor-din-r-n-e-p-s/,403,text/html,,fetch_failed,,2026-09-29
RO,issuance_history,legal_basis,https://pasapoarte.mai.gov.ro/furnizarea-datelor-din-r-n-e-p-s/,403,text/html,,fetch_failed,,2026-09-29
RO,issuance_history,record_count,https://carteadeidentitate.gov.ro/,200,text/html,08505a4235b0dc4b3a0e25c6861cbc1b78eb59c720cff0f5225779cd81654fc4,exact,https://web.archive.org/web/20260923120142/https://carteadeidentitate.gov.ro/,2026-09-29
RO,judicial_criminal,holding_name,https://www.politiaromana.ro/ro/stiri-si-media/comunicate/aproape-un-milion-de-certificate-de-cazier-judiciar-obtinute-online,error,,,fetch_failed,,2026-09-29
RO,judicial_criminal,legal_basis,https://politiaromana.ro/ro/politia-romana/unitati-centrale/directia-cazier-judiciar-statistica-si-evidenta-operativa,error,,,fetch_failed,,2026-09-29
RO,judicial_criminal,operator,https://politiaromana.ro/ro/politia-romana/unitati-centrale/directia-cazier-judiciar-statistica-si-evidenta-operativa,error,,,fetch_failed,,2026-09-29
RO,land_property,holding_name,https://www.ancpi.ro/,200,text/html,cb064ad69593fdbc119877dca910c93e8c355706040883b7f44c040ea372ea73,exact,,2026-09-29
RO,national_archives,legal_basis,https://www.adr.gov.ro/centre-de-date-arhivare-electronica,200,text/html,c0ed7a9060e933d015f40a69c7a9e248cf4356030303aee462509be1dd60f00e,exact,,2026-09-29
RO,national_archives,operator,https://politiaromana.ro/ro/informatii-generale/proiecte/mai-digital,error,,,fetch_failed,,2026-09-29
RO,national_archives,operator,https://www.mai.gov.ro/despre-noi/organizare/structuri-in-subordinea-in-cadrul-mai/,200,text/html,551c2bd7520f51b03b378c58e04ddb9cccfc6b8bfebf0d69c27c1831dba464c9,exact,https://web.archive.org/web/20260709212319/https://www.mai.gov.ro/despre-noi/organizare/structuri-in-subordinea-in-cadrul-mai/,2026-09-29
RO,official_gazette,holding_name,https://igi.mai.gov.ro/informatii-generale/,403,text/html,,fetch_failed,,2026-09-29
RO,police_records,holding_name,https://www.politiadefrontiera.ro/ro/main/pg-sistemul-de-informatii-schengen-87.html,200,text/html,4e2c94fa184c335cae8fc31806463e8ed9a7f43e5420aee02a8eacc68e538b57,exact,https://web.archive.org/web/20260826035149/https://www.politiadefrontiera.ro/ro/main/pg-sistemul-de-informatii-schengen-87.html,2026-09-29
RO,police_records,legal_basis,https://www.politiadefrontiera.ro/ro/main/pg-sistemul-de-informatii-schengen-87.html,200,text/html,4e2c94fa184c335cae8fc31806463e8ed9a7f43e5420aee02a8eacc68e538b57,exact,https://web.archive.org/web/20260826035149/https://www.politiadefrontiera.ro/ro/main/pg-sistemul-de-informatii-schengen-87.html,2026-09-29
RO,police_records,operator,https://politiaromana.ro/ro/politia-romana/unitati-centrale/directia-cazier-judiciar-statistica-si-evidenta-operativa,error,,,fetch_failed,,2026-09-29
RO,police_records,operator,https://www.politiadefrontiera.ro/ro/main/pg-sistemul-de-informatii-schengen-87.html,200,text/html,4e2c94fa184c335cae8fc31806463e8ed9a7f43e5420aee02a8eacc68e538b57,exact,https://web.archive.org/web/20260826035149/https://www.politiadefrontiera.ro/ro/main/pg-sistemul-de-informatii-schengen-87.html,2026-09-29
RO,public_finance,holding_name,https://forexepublic.mfinante.gov.ro/,error,,,fetch_failed,,2026-09-29
RO,residence_permits,legal_basis,https://igi.mai.gov.ro/protectia-datelor/,403,text/html,,fetch_failed,,2026-09-29
RO,residence_permits,operator,https://igi.mai.gov.ro/informatii-generale/,403,text/html,,fetch_failed,,2026-09-29
RO,residence_permits,record_count,https://igi.mai.gov.ro/peste-16-700-de-permise-de-sedere-emise-in-luna-august-a-acestui-an/,403,text/html,,fetch_failed,,2026-09-29
RO,tax,holding_name,https://static.anaf.ro/static/10/Anaf/Informatii_R/240917_%20Plan_%20StrategicANAF2025-2028.pdf,200,application/pdf,68ab5c1614ef7cee8a2176e720dd6b96404e3faf7d1a9ebf2b51c27e27280c50,exact,,2026-09-29
RO,tax,holding_name,https://static.anaf.ro/static/10/Anaf/Informatii_R/StrategiaANAF_2021-2024_republ_19052021.pdf,200,application/pdf,9037cc4f3f4c9c4b5e356f7b6fa30c792e0755ac0b0ea8aff096a565e3f4349d,exact,,2026-09-29
RO,trust_services_pki,holding_name,https://carteadeidentitate.gov.ro/despre/,200,text/html,55e17368c23b5742f4f004a5dd0cde6d53aabac143f4d335064747ab7bb9fc6f,exact,https://web.archive.org/web/20260820162144/https://carteadeidentitate.gov.ro/despre/,2026-09-29
RO,trust_services_pki,legal_basis,https://www.adr.gov.ro/semnatura-electronica-trusted-list,200,text/html,1925fca69324e4ed1ec454415eafc769319e98446db21f4a6c522e10f03a5462,exact,https://web.archive.org/web/20260615083106/https://www.adr.gov.ro/semnatura-electronica-trusted-list,2026-09-29
RO,trust_services_pki,operator,https://www.mai.gov.ro/despre-noi/organizare/aparat-central/directia-generala-pentru-comunicatii-si-tehnologia-informatiei/,200,text/html,fda5101a489a79cffa5117b09f4761258e77de909f63bf9fe6f637bdd99f276f,exact,https://web.archive.org/web/20260310104221/https://www.mai.gov.ro/despre-noi/organizare/aparat-central/directia-generala-pentru-comunicatii-si-tehnologia-informatiei/,2026-09-29
RO,vehicle_licensing,legal_basis,https://pasapoarte.mai.gov.ro/legislatie/,403,text/html,,fetch_failed,,2026-09-29
RO,vehicle_licensing,operator,https://www.mai.gov.ro/despre-noi/organizare/structuri-in-subordinea-in-cadrul-mai/,200,text/html,551c2bd7520f51b03b378c58e04ddb9cccfc6b8bfebf0d69c27c1831dba464c9,exact,https://web.archive.org/web/20260709212319/https://www.mai.gov.ro/despre-noi/organizare/structuri-in-subordinea-in-cadrul-mai/,2026-09-29
RO,water_control,holding_name,https://rowater.ro/activitatea-institutiei/proiecte/proiecte-implementate/watman/,200,text/html,fa0c37664f85526719822bc00ea54d491ac70205dd94955ffc1ea1722fb9c869,exact,https://web.archive.org/web/20260519042221/https://rowater.ro/activitatea-institutiei/proiecte/proiecte-implementate/watman/,2026-09-29
RO,water_control,operator,https://rowater.ro/activitatea-institutiei/proiecte/proiecte-implementate/watman/,200,text/html,fa0c37664f85526719822bc00ea54d491ac70205dd94955ffc1ea1722fb9c869,exact,https://web.archive.org/web/20260519042221/https://rowater.ro/activitatea-institutiei/proiecte/proiecte-implementate/watman/,2026-09-29
SE,beneficial_ownership,holding_name,https://www.riksdagen.se/sv/dokument-och-lagar/dokument/svensk-forfattningssamling/lag-2017631-om-registrering-av-verkliga_sfs-2017-631/,200,text/html,9c70c991be83eb41cf35acec300197ec065dc089d8741deea310fc60eca16b31,exact,https://web.archive.org/web/20260813171133/https://www.riksdagen.se/sv/dokument-och-lagar/dokument/svensk-forfattningssamling/lag-2017631-om-registrering-av-verkliga_sfs-2017-631/,2026-09-29
SE,benefits_pensions,operator,https://www.riksdagen.se/sv/dokument-och-lagar/dokument/svensk-forfattningssamling/socialforsakringsbalk-2010110_sfs-2010-110/,200,text/html,6dacd6e2ea05943d030d1e7997de8a32812cab5072cf02e642018e72d9d944ff,exact,https://web.archive.org/web/20260914073602/https://www.riksdagen.se/sv/dokument-och-lagar/dokument/svensk-forfattningssamling/socialforsakringsbalk-2010110_sfs-2010-110/,2026-09-29
SE,border_control,holding_name,https://www.riksdagen.se/sv/dokument-och-lagar/dokument/svensk-forfattningssamling/lag-20211187-med-kompletterande-bestammelser_sfs-2021-1187/,200,text/html,b8e60caa793c5205463471550d8bb6e25d61778887c80941d0503e6afd9f03d2,exact,https://web.archive.org/web/20260813144455/https://www.riksdagen.se/sv/dokument-och-lagar/dokument/svensk-forfattningssamling/lag-20211187-med-kompletterande-bestammelser_sfs-2021-1187/,2026-09-29
SE,border_control,operator,https://www.riksdagen.se/sv/dokument-och-lagar/dokument/svensk-forfattningssamling/lag-20211187-med-kompletterande-bestammelser_sfs-2021-1187/,200,text/html,b8e60caa793c5205463471550d8bb6e25d61778887c80941d0503e6afd9f03d2,exact,https://web.archive.org/web/20260813144455/https://www.riksdagen.se/sv/dokument-och-lagar/dokument/svensk-forfattningssamling/lag-20211187-med-kompletterande-bestammelser_sfs-2021-1187/,2026-09-29
SE,business_registry,holding_name,https://www.riksdagen.se/sv/dokument-och-lagar/dokument/svensk-forfattningssamling/aktiebolagsforordning-2005559_sfs-2005-559/,200,text/html,f11261f69e4707a404c0359367db7bbe8b623e6140fde4d35d5135a206734bd1,exact,https://web.archive.org/web/20260417064235/https://www.riksdagen.se/sv/dokument-och-lagar/dokument/svensk-forfattningssamling/aktiebolagsforordning-2005559_sfs-2005-559/,2026-09-29
SE,business_registry,legal_basis,https://www.riksdagen.se/sv/dokument-och-lagar/dokument/svensk-forfattningssamling/aktiebolagsforordning-2005559_sfs-2005-559/,200,text/html,f11261f69e4707a404c0359367db7bbe8b623e6140fde4d35d5135a206734bd1,exact,https://web.archive.org/web/20260417064235/https://www.riksdagen.se/sv/dokument-och-lagar/dokument/svensk-forfattningssamling/aktiebolagsforordning-2005559_sfs-2005-559/,2026-09-29
SE,central_bank,foreign_dependency,https://data.riksdagen.se/dokument/hc04rb1.html,200,text/html,f991d6aedd6c0ed470f6d9aeb209a878c98700af79ac2cdad1152b6eec1418bd,exact,,2026-09-29
SE,central_bank,foreign_dependency,https://www.riksbank.se/sv/betalningar--kontanter/betalningssystemet-rix/pagaende-utredningar-och-projekt/,200,text/html,2ee3dca5abc46e17178c93e58ec94a6ba87b655737aa7e650415f411a248c607,exact,https://web.archive.org/web/20260310191935/https://www.riksbank.se/sv/betalningar--kontanter/betalningssystemet-rix/pagaende-utredningar-och-projekt/,2026-09-29
SE,central_bank,legal_basis,https://www.riksdagen.se/sv/dokument-och-lagar/dokument/svensk-forfattningssamling/lag-20221568-om-sveriges-riksbank_sfs-2022-1568/,200,text/html,4b67362dbf876829c842249eec5dd657951b03664b185d76cbf8d5b7c476f6e3,exact,https://web.archive.org/web/20260716232723/https://www.riksdagen.se/sv/dokument-och-lagar/dokument/svensk-forfattningssamling/lag-20221568-om-sveriges-riksbank_sfs-2022-1568/,2026-09-29
SE,central_bank,record_count,https://data.riksdagen.se/dokument/hc04rb1.html,200,text/html,f991d6aedd6c0ed470f6d9aeb209a878c98700af79ac2cdad1152b6eec1418bd,exact,,2026-09-29
SE,civil_registry,holding_name,https://www.riksdagen.se/sv/dokument-och-lagar/dokument/svensk-forfattningssamling/folkbokforingsdatalag-2026126_sfs-2026-126/,200,text/html,ed72f8af92f828acb70ce6d304e4af16cb4f1c4102bfd76cda6d3ff657afef81,exact,https://web.archive.org/web/20260611073903/https://www.riksdagen.se/sv/dokument-och-lagar/dokument/svensk-forfattningssamling/folkbokforingsdatalag-2026126_sfs-2026-126/,2026-09-29
SE,civil_registry,legal_basis,https://www.riksdagen.se/sv/dokument-och-lagar/dokument/svensk-forfattningssamling/folkbokforingsdatalag-2026126_sfs-2026-126/,200,text/html,ed72f8af92f828acb70ce6d304e4af16cb4f1c4102bfd76cda6d3ff657afef81,exact,https://web.archive.org/web/20260611073903/https://www.riksdagen.se/sv/dokument-och-lagar/dokument/svensk-forfattningssamling/folkbokforingsdatalag-2026126_sfs-2026-126/,2026-09-29
SE,civil_registry,operator,https://www.riksdagen.se/sv/dokument-och-lagar/dokument/svensk-forfattningssamling/folkbokforingslag-1991481_sfs-1991-481/,200,text/html,6e797e315ef20b327e63f5aa1904bbe8df7ff7ff3b48261c7c11d4def9fe33a7,exact,https://web.archive.org/web/20260913214218/https://www.riksdagen.se/sv/dokument-och-lagar/dokument/svensk-forfattningssamling/folkbokforingslag-1991481_sfs-1991-481/,2026-09-29
SE,civil_registry,record_count,https://www.scb.se/hitta-statistik/sverige-i-siffror/manniskorna-i-sverige/sveriges-befolkning/,200,text/html,d20a17511b60e1febfa2c2db42f34fe0d4571c46990f4e82bd52859fafe6ec86,exact,https://web.archive.org/web/20260921030628/https://www.scb.se/hitta-statistik/sverige-i-siffror/manniskorna-i-sverige/sveriges-befolkning/,2026-09-29
SE,crisis_management,operator,https://www.riksdagen.se/sv/dokument-och-lagar/dokument/svensk-forfattningssamling/forordning-20081002-med-instruktion-for_sfs-2008-1002/,200,text/html,589fc7dda7ac3ad741a805b64c7357c70e609606873b7d5666047cd18790ac66,exact,https://web.archive.org/web/20260907001045/https://www.riksdagen.se/sv/dokument-och-lagar/dokument/svensk-forfattningssamling/forordning-20081002-med-instruktion-for_sfs-2008-1002/,2026-09-29
SE,customs,legal_basis,https://www.riksdagen.se/sv/dokument-och-lagar/dokument/svensk-forfattningssamling/tulldatalag-2026127_sfs-2026-127/,200,text/html,e18763b95efb271750546c537081d8e7c754f5a892633a6cda8226a878fca3fc,exact,https://web.archive.org/web/20260315055843/https://www.riksdagen.se/sv/dokument-och-lagar/dokument/svensk-forfattningssamling/tulldatalag-2026127_sfs-2026-127/,2026-09-29
SE,defence_command,legal_basis,https://www.riksdagen.se/sv/dokument-och-lagar/dokument/svensk-forfattningssamling/lag-20211171-om-behandling-av-personuppgifter_sfs-2021-1171/,200,text/html,9780592782ab57f83d281937ef754ba2ea7165e00af86104a42ba1747c9783e7,exact,https://web.archive.org/web/20251110191046/https://www.riksdagen.se/sv/dokument-och-lagar/dokument/svensk-forfattningssamling/lag-20211171-om-behandling-av-personuppgifter_sfs-2021-1171/,2026-09-29
SE,digital_identity_credentials,legal_basis,https://www.riksdagen.se/sv/dokument-och-lagar/dokument/svensk-forfattningssamling/lag-20261358-om-statlig-e-legitimation-och_sfs-2026-1358/,200,text/html,312d52c6b66dd3bb29f2d4346e5f767733c6c2c768ffb883f59afbecf9284c95,loose,https://web.archive.org/web/20260720175634/https://www.riksdagen.se/sv/dokument-och-lagar/dokument/svensk-forfattningssamling/lag-20261358-om-statlig-e-legitimation-och_sfs-2026-1358/,2026-09-29
SE,digital_identity_credentials,operator,https://data.riksdagen.se/dokument/hd03250.html,200,text/html,47dfc129737dc9f9e2668050f27affaaa65c2266b98280c8f82342fc24bdc608,exact,,2026-09-29
SE,digital_identity_credentials,operator,https://www.riksdagen.se/sv/dokument-och-lagar/dokument/svensk-forfattningssamling/forordning-20261769-med-instruktion-for_sfs-2026-1769/,200,text/html,80a798f645ab8b48b1c62f54f908604259187be81693f8af401fccc1d5bc2b55,exact,https://web.archive.org/web/20260909175711/https://www.riksdagen.se/sv/dokument-och-lagar/dokument/svensk-forfattningssamling/forordning-20261769-med-instruktion-for_sfs-2026-1769/,2026-09-29
SE,digital_identity_credentials,operator,https://www.riksdagen.se/sv/dokument-och-lagar/dokument/svensk-forfattningssamling/lag-20261358-om-statlig-e-legitimation-och_sfs-2026-1358/,200,text/html,312d52c6b66dd3bb29f2d4346e5f767733c6c2c768ffb883f59afbecf9284c95,loose,https://web.archive.org/web/20260720175634/https://www.riksdagen.se/sv/dokument-och-lagar/dokument/svensk-forfattningssamling/lag-20261358-om-statlig-e-legitimation-och_sfs-2026-1358/,2026-09-29
SE,education,holding_name,https://www.riksdagen.se/sv/dokument-och-lagar/dokument/svensk-forfattningssamling/forordning-19931153-om-redovisning-av-studier-m_sfs-1993-1153/,200,text/html,556055d3d08c81a259fc7bec9ed20cc90138d2404de286ebc0119e45089855d9,exact,https://web.archive.org/web/20260516085842/https://www.riksdagen.se/sv/dokument-och-lagar/dokument/svensk-forfattningssamling/forordning-19931153-om-redovisning-av-studier-m_sfs-1993-1153/,2026-09-29
SE,electoral_management,holding_name,https://www.val.se/om-valmyndigheten/vart-it-stod,200,text/html,05e7092e975e07febf34f2cbd74aefe351e020fe9140122c4d2c4ccfa419609c,exact,https://web.archive.org/web/20260913174143/https://www.val.se/om-valmyndigheten/vart-it-stod,2026-09-29
SE,electoral_management,hosting,https://www.val.se/om-valmyndigheten/vart-it-stod,200,text/html,05e7092e975e07febf34f2cbd74aefe351e020fe9140122c4d2c4ccfa419609c,exact,https://web.archive.org/web/20260913174143/https://www.val.se/om-valmyndigheten/vart-it-stod,2026-09-29
SE,electoral_roll,holding_name,https://www.riksdagen.se/sv/dokument-och-lagar/dokument/svensk-forfattningssamling/vallag-2005837_sfs-2005-837/,200,text/html,fdac96d38dc887e4bd22cfafdd9c6454f8d90552c3e056a534d54ca06b2c1af1,exact,https://web.archive.org/web/20260924072102/https://www.riksdagen.se/sv/dokument-och-lagar/dokument/svensk-forfattningssamling/vallag-2005837_sfs-2005-837/,2026-09-29
SE,electoral_roll,hosting,https://www.val.se/om-valmyndigheten/vart-it-stod,200,text/html,05e7092e975e07febf34f2cbd74aefe351e020fe9140122c4d2c4ccfa419609c,exact,https://web.archive.org/web/20260913174143/https://www.val.se/om-valmyndigheten/vart-it-stod,2026-09-29
SE,electoral_roll,legal_basis,https://www.riksdagen.se/sv/dokument-och-lagar/dokument/svensk-forfattningssamling/vallag-2005837_sfs-2005-837/,200,text/html,fdac96d38dc887e4bd22cfafdd9c6454f8d90552c3e056a534d54ca06b2c1af1,exact,https://web.archive.org/web/20260924072102/https://www.riksdagen.se/sv/dokument-och-lagar/dokument/svensk-forfattningssamling/vallag-2005837_sfs-2005-837/,2026-09-29
SE,emergency_communications,hosting,https://www.riksdagen.se/sv/dokument-och-lagar/dokument/svar-pa-skriftlig-fraga/upphandling-av-rakel-generation-2_h9121496/,200,text/html,e472fb918ab5c5a80de3916af4f17fe6f60f40ab8fc197f5eb3c5004e7b5b575,exact,,2026-09-29
SE,emergency_communications,operator,https://data.riksdagen.se/dokument/hb03123.html,200,text/html,2cf69288e53e94b40e9eb64c0694c3406ae2277087bf30771912dff01fb01fbb,exact,,2026-09-29
SE,emergency_communications,operator,https://www.riksdagen.se/sv/dokument-och-lagar/dokument/svensk-forfattningssamling/forordning-20081002-med-instruktion-for_sfs-2008-1002/,200,text/html,589fc7dda7ac3ad741a805b64c7357c70e609606873b7d5666047cd18790ac66,loose,https://web.archive.org/web/20260907001045/https://www.riksdagen.se/sv/dokument-och-lagar/dokument/svensk-forfattningssamling/forordning-20081002-med-instruktion-for_sfs-2008-1002/,2026-09-29
SE,emergency_communications,record_count,https://data.riksdagen.se/dokument/hb03123.html,200,text/html,2cf69288e53e94b40e9eb64c0694c3406ae2277087bf30771912dff01fb01fbb,exact,,2026-09-29
SE,extra:government_secure_network,operator,https://www.riksdagen.se/sv/dokument-och-lagar/dokument/svensk-forfattningssamling/forordning-20081002-med-instruktion-for_sfs-2008-1002/,200,text/html,589fc7dda7ac3ad741a805b64c7357c70e609606873b7d5666047cd18790ac66,exact,https://web.archive.org/web/20260907001045/https://www.riksdagen.se/sv/dokument-och-lagar/dokument/svensk-forfattningssamling/forordning-20081002-med-instruktion-for_sfs-2008-1002/,2026-09-29
SE,extra:population_address_register,holding_name,https://www.riksdagen.se/sv/dokument-och-lagar/dokument/svensk-forfattningssamling/lag-2026129-om-det-statliga_sfs-2026-129/,200,text/html,40bbbf2abe93b61295a31e634ad64b70fac843bbd240096d171f9c0d813d4c5d,exact,https://web.archive.org/web/20260512035445/https://www.riksdagen.se/sv/dokument-och-lagar/dokument/svensk-forfattningssamling/lag-2026129-om-det-statliga_sfs-2026-129/,2026-09-29
SE,extra:shared_state_it_operations,hosting,https://www.riksdagen.se/sv/dokument-och-lagar/dokument/svensk-forfattningssamling/forordning-20241005-om-samordnad-och-saker_sfs-2024-1005/,200,text/html,4c1fa5f526f73aa37ae31924db7ebd88e1ce25d96623b4d5b37a7c715422da56,loose,https://web.archive.org/web/20260519120028/https://www.riksdagen.se/sv/dokument-och-lagar/dokument/svensk-forfattningssamling/forordning-20241005-om-samordnad-och-saker_sfs-2024-1005/,2026-09-29
SE,facial_biometric,holding_name,https://www.riksdagen.se/sv/dokument-och-lagar/dokument/svensk-forfattningssamling/lag-2015899-om-identitetskort-for-folkbokforda_sfs-2015-899/,200,text/html,c8f3c042fba41eefbb534e0e7c3177e4e990c4e1a45e538708c2b98694c66f1f,exact,,2026-09-29
SE,facial_biometric,holding_name,https://www.riksdagen.se/sv/dokument-och-lagar/dokument/svensk-forfattningssamling/passforordning-1979664_sfs-1979-664/,200,text/html,8e76113a8e8d4d344cb6af2701395d68476c761e8e7b67a962d7a0876d5bf0b8,exact,https://web.archive.org/web/20260813145910/https://www.riksdagen.se/sv/dokument-och-lagar/dokument/svensk-forfattningssamling/passforordning-1979664_sfs-1979-664/,2026-09-29
SE,facial_biometric,legal_basis,https://www.riksdagen.se/sv/dokument-och-lagar/dokument/svensk-forfattningssamling/passlag-1978302_sfs-1978-302/,200,text/html,427f5c1c6961043afbf0a79eb44aa4e2c4224e8e84bdeae643423ef9cd535d6d,exact,https://web.archive.org/web/20260813152209/https://www.riksdagen.se/sv/dokument-och-lagar/dokument/svensk-forfattningssamling/passlag-1978302_sfs-1978-302/,2026-09-29
SE,fingerprint_biometric,not_held,https://www.riksdagen.se/sv/dokument-och-lagar/dokument/svensk-forfattningssamling/forordning-2005661-om-nationellt-identitetskort_sfs-2005-661/,200,text/html,1c37661f13fd42e839d80cf9acf91847fce47a5d4a67d636a5a1d73827bad55d,exact,https://web.archive.org/web/20260813144529/https://www.riksdagen.se/sv/dokument-och-lagar/dokument/svensk-forfattningssamling/forordning-2005661-om-nationellt-identitetskort_sfs-2005-661/,2026-09-29
SE,fingerprint_biometric,not_held,https://www.riksdagen.se/sv/dokument-och-lagar/dokument/svensk-forfattningssamling/passlag-1978302_sfs-1978-302/,200,text/html,427f5c1c6961043afbf0a79eb44aa4e2c4224e8e84bdeae643423ef9cd535d6d,exact,https://web.archive.org/web/20260813152209/https://www.riksdagen.se/sv/dokument-och-lagar/dokument/svensk-forfattningssamling/passlag-1978302_sfs-1978-302/,2026-09-29
SE,firearms_register,holding_name,https://www.riksdagen.se/sv/dokument-och-lagar/dokument/svensk-forfattningssamling/vapenlag-2026408_sfs-2026-408/,200,text/html,86bb21fbc11dbe3e751759da5c1787a5de114ca66c5443db5bb8a993d8425795,exact,https://web.archive.org/web/20260919075515/https://www.riksdagen.se/sv/dokument-och-lagar/dokument/svensk-forfattningssamling/vapenlag-2026408_sfs-2026-408/,2026-09-29
SE,geospatial,operator,https://www.riksdagen.se/sv/dokument-och-lagar/dokument/svensk-forfattningssamling/forordning-2009946-med-instruktion-for_sfs-2009-946/,200,text/html,a107847e8d574d60f96f0163c1821f5363e5b8735663775ba323cb68be1d8ae3,exact,https://web.archive.org/web/20251212072213/https://www.riksdagen.se/sv/dokument-och-lagar/dokument/svensk-forfattningssamling/forordning-2009946-med-instruktion-for_sfs-2009-946/,2026-09-29
SE,grid_control,operator,https://www.riksdagen.se/sv/dokument-och-lagar/dokument/svensk-forfattningssamling/forordning-2025782-med-instruktion-for_sfs-2025-782/,200,text/html,23657fb25e4c7448b530de78f65cd48ce20fa7c0e361e49b6521556104c530ef,exact,https://web.archive.org/web/20260921061652/https://www.riksdagen.se/sv/dokument-och-lagar/dokument/svensk-forfattningssamling/forordning-2025782-med-instruktion-for_sfs-2025-782/,2026-09-29
SE,health_records,legal_basis,https://www.riksdagen.se/sv/dokument-och-lagar/dokument/svensk-forfattningssamling/lag-2022913-om-sammanhallen-vard-och_sfs-2022-913/,200,text/html,fa1372e6154956d468f5be0dde1cae434cf1e4a8daa574c156e82593967bf961,exact,https://web.archive.org/web/20260429185641/https://www.riksdagen.se/sv/dokument-och-lagar/dokument/svensk-forfattningssamling/lag-2022913-om-sammanhallen-vard-och_sfs-2022-913/,2026-09-29
SE,health_records,operator,https://data.riksdagen.se/dokument/heb36.html,200,text/html,779719b0f96b3fe58f8bbb7fb843838d0ecf886c69712a4441454ba66f7ca419,exact,,2026-09-29
SE,indicator:C1,indicator,https://data.riksdagen.se/dokument/ZZB31.html,200,text/html,340d13413849c3487d5996bd617b2f3b840611838c346dd0d9733961151fd56b,exact,,2026-09-29
SE,indicator:C1,indicator,https://data.riksdagen.se/dokument/sfs-2024-1005.html,200,text/html,040bb7177170646436bfee6e4b1b502e6cb324958975d65bb0b0016d71e5170f,exact,,2026-09-29
SE,indicator:C2,indicator,https://data.riksdagen.se/dokument/HDB313.html,200,text/html,9391e8eddcc0bbea090d020f5a5c4940e63666e84fb692f1c6fd69d9eb21330b,exact,,2026-09-29
SE,indicator:C2,indicator,https://data.riksdagen.se/dokument/sfs-2024-1005.html,200,text/html,040bb7177170646436bfee6e4b1b502e6cb324958975d65bb0b0016d71e5170f,exact,,2026-09-29
SE,indicator:K1,indicator,https://data.riksdagen.se/dokument/HBB361.html,200,text/html,89452b14fc8852ef6375b88e0bd90ef6461976dbf1d4864b8dc896ac9efa70af,exact,https://web.archive.org/web/20250715095543/https://data.riksdagen.se/dokument/HBB361.html,2026-09-29
SE,indicator:K2,indicator,https://data.riksdagen.se/dokument/HD03250.html,200,text/html,47dfc129737dc9f9e2668050f27affaaa65c2266b98280c8f82342fc24bdc608,exact,,2026-09-29
SE,indicator:L1,indicator,https://data.riksdagen.se/dokument/HD12932.html,200,text/html,e4f6fc842c33a24c2b076e8a7a2d253419fce7ff0a16ad3a279ee9d2a3a43e0b,exact,,2026-09-29
SE,indicator:L1,indicator,https://www.riksdagen.se/sv/dokument-och-lagar/dokument/svensk-forfattningssamling/sakerhetsskyddslag-2018585_sfs-2018-585/,200,text/html,9bf71ab19b3303b349353a7276b5d2367db264aec543b1a480e52c7182c88273,exact,https://web.archive.org/web/20260906142442/https://www.riksdagen.se/sv/dokument-och-lagar/dokument/svensk-forfattningssamling/sakerhetsskyddslag-2018585_sfs-2018-585/,2026-09-29
SE,indicator:L2,indicator,https://www.riksdagen.se/sv/dokument-och-lagar/dokument/svensk-forfattningssamling/sakerhetsskyddslag-2018585_sfs-2018-585/,200,text/html,9bf71ab19b3303b349353a7276b5d2367db264aec543b1a480e52c7182c88273,exact,https://web.archive.org/web/20260906142442/https://www.riksdagen.se/sv/dokument-och-lagar/dokument/svensk-forfattningssamling/sakerhetsskyddslag-2018585_sfs-2018-585/,2026-09-29
SE,indicator:L3,indicator,https://data.riksdagen.se/dokument/HD12932.html,200,text/html,e4f6fc842c33a24c2b076e8a7a2d253419fce7ff0a16ad3a279ee9d2a3a43e0b,exact,,2026-09-29
SE,intelligence,legal_basis,https://www.riksdagen.se/sv/dokument-och-lagar/dokument/svensk-forfattningssamling/lag-20191182-om-sakerhetspolisens-behandling-av_sfs-2019-1182/,200,text/html,5830a0935ab867c488565fa68c1a92c065e786d63b5f0ccf4394c7e2b0c9fe3b,exact,https://web.archive.org/web/20260611173437/https://www.riksdagen.se/sv/dokument-och-lagar/dokument/svensk-forfattningssamling/lag-20191182-om-sakerhetspolisens-behandling-av_sfs-2019-1182/,2026-09-29
SE,intelligence,legal_basis,https://www.riksdagen.se/sv/dokument-och-lagar/dokument/svensk-forfattningssamling/lag-20211172-om-behandling-av-personuppgifter_sfs-2021-1172/,200,text/html,318b0751b950eda5a1e78414e91ea195c5eed9aef20fae99433285a9af9107af,exact,https://web.archive.org/web/20260607044011/https://www.riksdagen.se/sv/dokument-och-lagar/dokument/svensk-forfattningssamling/lag-20211172-om-behandling-av-personuppgifter_sfs-2021-1172/,2026-09-29
SE,issuance_history,holding_name,https://www.riksdagen.se/sv/dokument-och-lagar/dokument/svensk-forfattningssamling/forordning-2005661-om-nationellt-identitetskort_sfs-2005-661/,200,text/html,1c37661f13fd42e839d80cf9acf91847fce47a5d4a67d636a5a1d73827bad55d,exact,https://web.archive.org/web/20260813144529/https://www.riksdagen.se/sv/dokument-och-lagar/dokument/svensk-forfattningssamling/forordning-2005661-om-nationellt-identitetskort_sfs-2005-661/,2026-09-29
SE,issuance_history,holding_name,https://www.riksdagen.se/sv/dokument-och-lagar/dokument/svensk-forfattningssamling/lag-2015899-om-identitetskort-for-folkbokforda_sfs-2015-899/,200,text/html,c8f3c042fba41eefbb534e0e7c3177e4e990c4e1a45e538708c2b98694c66f1f,exact,,2026-09-29
SE,issuance_history,holding_name,https://www.riksdagen.se/sv/dokument-och-lagar/dokument/svensk-forfattningssamling/passforordning-1979664_sfs-1979-664/,200,text/html,8e76113a8e8d4d344cb6af2701395d68476c761e8e7b67a962d7a0876d5bf0b8,exact,https://web.archive.org/web/20260813145910/https://www.riksdagen.se/sv/dokument-och-lagar/dokument/svensk-forfattningssamling/passforordning-1979664_sfs-1979-664/,2026-09-29
SE,issuance_history,record_count,https://data.riksdagen.se/dokument/hd03250.html,200,text/html,47dfc129737dc9f9e2668050f27affaaa65c2266b98280c8f82342fc24bdc608,exact,,2026-09-29
SE,judicial_criminal,holding_name,https://www.riksdagen.se/sv/dokument-och-lagar/dokument/svensk-forfattningssamling/lag-1998620-om-belastningsregister_sfs-1998-620/,200,text/html,0a071779652801e23abcb4594b44168ffe225959b8300f5ac42fcfa628072ae2,exact,https://web.archive.org/web/20260813145908/https://www.riksdagen.se/sv/dokument-och-lagar/dokument/svensk-forfattningssamling/lag-1998620-om-belastningsregister_sfs-1998-620/,2026-09-29
SE,judicial_criminal,operator,https://www.riksdagen.se/sv/dokument-och-lagar/dokument/svensk-forfattningssamling/domstolsdatalag-2015728_sfs-2015-728/,200,text/html,054aa2bf027e32222c0293de6a72b155504247f9cb064252f9fd999d13ae91f6,exact,,2026-09-29
SE,land_property,holding_name,https://www.riksdagen.se/sv/dokument-och-lagar/dokument/svensk-forfattningssamling/lag-2000224-om-fastighetsregister_sfs-2000-224/,200,text/html,c43c2485f7ad52254156855ff3e623b5d1f902b3ea37c6bf6d63c61cc3deba40,exact,https://web.archive.org/web/20250210201207/https://www.riksdagen.se/sv/dokument-och-lagar/dokument/svensk-forfattningssamling/lag-2000224-om-fastighetsregister_sfs-2000-224/,2026-09-29
SE,land_property,operator,https://www.lantmateriet.se/sv/om-lantmateriet/nyheter-och-sociala-medier/nyheter/lantmateriet-och-geodata--en-viktig-del-av-sveriges-beredskap/,200,text/html,16a667be7afe1935ac6d1577dedbfcb9269a5fc2b284ead173861956ccc01c23,exact,https://web.archive.org/web/20260924114448/https://www.lantmateriet.se/sv/om-lantmateriet/nyheter-och-sociala-medier/nyheter/lantmateriet-och-geodata--en-viktig-del-av-sveriges-beredskap/,2026-09-29
SE,land_property,operator,https://www.riksdagen.se/sv/dokument-och-lagar/dokument/svensk-forfattningssamling/lag-2000224-om-fastighetsregister_sfs-2000-224/,200,text/html,c43c2485f7ad52254156855ff3e623b5d1f902b3ea37c6bf6d63c61cc3deba40,exact,https://web.archive.org/web/20250210201207/https://www.riksdagen.se/sv/dokument-och-lagar/dokument/svensk-forfattningssamling/lag-2000224-om-fastighetsregister_sfs-2000-224/,2026-09-29
SE,national_archives,operator,https://www.riksdagen.se/sv/dokument-och-lagar/dokument/svensk-forfattningssamling/forordning-20091593-med-instruktion-for_sfs-2009-1593/,200,text/html,a56a436805ad4ccd77043b77c6b60bb09f8147e3d6020596e8db75d120860a02,exact,https://web.archive.org/web/20260916193237/https://www.riksdagen.se/sv/dokument-och-lagar/dokument/svensk-forfattningssamling/forordning-20091593-med-instruktion-for_sfs-2009-1593/,2026-09-29
SE,official_gazette,legal_basis,https://www.riksdagen.se/sv/dokument-och-lagar/dokument/svensk-forfattningssamling/lag-1976633-om-kungorande-av-lagar-och-andra_sfs-1976-633/,200,text/html,db54c90661e47f5ba37b9eccc1a3a9e18d098c1d0861523299a52ac7af5f5e02,exact,https://web.archive.org/web/20260109215134/https://www.riksdagen.se/sv/dokument-och-lagar/dokument/svensk-forfattningssamling/lag-1976633-om-kungorande-av-lagar-och-andra_sfs-1976-633/,2026-09-29
SE,police_records,operator,https://www.riksdagen.se/sv/dokument-och-lagar/dokument/svensk-forfattningssamling/lag-20181693-om-polisens-behandling-av_sfs-2018-1693/,200,text/html,e189754cbc44850283f342481f49142f524390cb92593938cd63390c7a6ce8bc,exact,https://web.archive.org/web/20260813145912/https://www.riksdagen.se/sv/dokument-och-lagar/dokument/svensk-forfattningssamling/lag-20181693-om-polisens-behandling-av_sfs-2018-1693/,2026-09-29
SE,public_finance,holding_name,https://www.riksdagen.se/sv/dokument-och-lagar/dokument/svensk-forfattningssamling/forordning-20161023-med-instruktion-for_sfs-2016-1023/,200,text/html,d2b4656cd50f4b94bdf0a731b10ce7426ee2f01c990fbc62a646c51821acc4bd,exact,https://web.archive.org/web/20250502031355/https://www.riksdagen.se/sv/dokument-och-lagar/dokument/svensk-forfattningssamling/forordning-20161023-med-instruktion-for_sfs-2016-1023/,2026-09-29
SE,public_finance,operator,https://www.riksdagen.se/sv/dokument-och-lagar/dokument/svensk-forfattningssamling/forordning-20161023-med-instruktion-for_sfs-2016-1023/,200,text/html,d2b4656cd50f4b94bdf0a731b10ce7426ee2f01c990fbc62a646c51821acc4bd,exact,https://web.archive.org/web/20250502031355/https://www.riksdagen.se/sv/dokument-och-lagar/dokument/svensk-forfattningssamling/forordning-20161023-med-instruktion-for_sfs-2016-1023/,2026-09-29
SE,public_health_surveillance,holding_name,https://www.riksdagen.se/sv/dokument-och-lagar/dokument/svensk-forfattningssamling/lag-2012453-om-register-over-nationella_sfs-2012-453/,200,text/html,5e82a0d08d8da64bd393f867e8a320a083530fe364b0b5d59d9bc2c5a65547a8,exact,https://web.archive.org/web/20260606164900/https://www.riksdagen.se/sv/dokument-och-lagar/dokument/svensk-forfattningssamling/lag-2012453-om-register-over-nationella_sfs-2012-453/,2026-09-29
SE,public_health_surveillance,operator,https://www.riksdagen.se/sv/dokument-och-lagar/dokument/svensk-forfattningssamling/smittskyddslag-2004168_sfs-2004-168/,200,text/html,cc1648e68fa17f16be6a938ae0268e54fcd8d36bb1508e9e204cdf2cda76a495,exact,,2026-09-29
SE,residence_permits,operator,https://www.riksdagen.se/sv/dokument-och-lagar/dokument/svensk-forfattningssamling/utlanningsdatalag-201627_sfs-2016-27/,200,text/html,e50938485fb704b618c4a8ca7fe8f96447c988caf665621b612c6a83de18385b,exact,https://web.archive.org/web/20260813144156/https://www.riksdagen.se/sv/dokument-och-lagar/dokument/svensk-forfattningssamling/utlanningsdatalag-201627_sfs-2016-27/,2026-09-29
SE,statistics_microdata,operator,https://www.riksdagen.se/sv/dokument-och-lagar/dokument/svensk-forfattningssamling/forordning-2016822-med-instruktion-for_sfs-2016-822/,200,text/html,1891cc5a9305bcded1d51a935f658beea83e2d5787e71447127e25aae768142e,exact,https://web.archive.org/web/20260106122126/https://www.riksdagen.se/sv/dokument-och-lagar/dokument/svensk-forfattningssamling/forordning-2016822-med-instruktion-for_sfs-2016-822/,2026-09-29
SE,tax,hosting,https://www.riksdagen.se/sv/dokument-och-lagar/dokument/svensk-forfattningssamling/forordning-20241005-om-samordnad-och-saker_sfs-2024-1005/,200,text/html,4c1fa5f526f73aa37ae31924db7ebd88e1ce25d96623b4d5b37a7c715422da56,exact,https://web.archive.org/web/20260519120028/https://www.riksdagen.se/sv/dokument-och-lagar/dokument/svensk-forfattningssamling/forordning-20241005-om-samordnad-och-saker_sfs-2024-1005/,2026-09-29
SE,tax,legal_basis,https://www.riksdagen.se/sv/dokument-och-lagar/dokument/svensk-forfattningssamling/beskattningsdatalag-2026125_sfs-2026-125/,200,text/html,e754bb0e70a9cec98b26f7b0d25aa0ff90f3ce2610830d03b3d98171d8fe1f41,exact,https://web.archive.org/web/20260606144141/https://www.riksdagen.se/sv/dokument-och-lagar/dokument/svensk-forfattningssamling/beskattningsdatalag-2026125_sfs-2026-125/,2026-09-29
SE,trust_services_pki,legal_basis,https://www.riksdagen.se/sv/dokument-och-lagar/dokument/svensk-forfattningssamling/forordning-20261769-med-instruktion-for_sfs-2026-1769/,200,text/html,80a798f645ab8b48b1c62f54f908604259187be81693f8af401fccc1d5bc2b55,exact,https://web.archive.org/web/20260909175711/https://www.riksdagen.se/sv/dokument-och-lagar/dokument/svensk-forfattningssamling/forordning-20261769-med-instruktion-for_sfs-2026-1769/,2026-09-29
SE,trust_services_pki,operator,https://www.riksdagen.se/sv/dokument-och-lagar/dokument/svensk-forfattningssamling/forordning-20261769-med-instruktion-for_sfs-2026-1769/,200,text/html,80a798f645ab8b48b1c62f54f908604259187be81693f8af401fccc1d5bc2b55,exact,https://web.archive.org/web/20260909175711/https://www.riksdagen.se/sv/dokument-och-lagar/dokument/svensk-forfattningssamling/forordning-20261769-med-instruktion-for_sfs-2026-1769/,2026-09-29
SE,vehicle_licensing,foreign_dependency,https://data.riksdagen.se/dokument/h6b46.html,200,text/html,5bf0174dbf088d9189d4ccff2a64442caddba2ce2525ff93a8a5de2f03b18158,exact,,2026-09-29
SE,vehicle_licensing,holding_name,https://www.riksdagen.se/sv/dokument-och-lagar/dokument/svensk-forfattningssamling/vagtrafikdatalag-2019369_sfs-2019-369/,200,text/html,24666f83f463771c115b1534bad83cb1d298d6e9fb2ee0e5daea8921371ef1cb,exact,https://web.archive.org/web/20260609063421/https://www.riksdagen.se/sv/dokument-och-lagar/dokument/svensk-forfattningssamling/vagtrafikdatalag-2019369_sfs-2019-369/,2026-09-29
SE,vehicle_licensing,hosting,https://data.riksdagen.se/dokument/h6b46.html,200,text/html,5bf0174dbf088d9189d4ccff2a64442caddba2ce2525ff93a8a5de2f03b18158,exact,,2026-09-29
SI,authentication_audit_log,holding_name,https://www.si-trust.gov.si/sl/si-pass-obvestilo-posameznikom,200,text/html,baf640f9a39225723bd1f62b4ad6ee53588da9e35f732996c6f4f7d90f0ec51b,exact,,2026-09-29
SI,authentication_audit_log,hosting,https://www.si-trust.gov.si/sl/si-pass-obvestilo-posameznikom,200,text/html,baf640f9a39225723bd1f62b4ad6ee53588da9e35f732996c6f4f7d90f0ec51b,exact,,2026-09-29
SI,authentication_audit_log,legal_basis,https://www.uradni-list.si/glasilo-uradni-list-rs/vsebina/2021-01-2571,200,text/html,8dc7a931d276593be424a8c6410c6735b0c286f95de241544a8597bc91ac15c5,exact,https://web.archive.org/web/20240326053554/https://www.uradni-list.si/glasilo-uradni-list-rs/vsebina/2021-01-2571,2026-09-29
SI,authentication_audit_log,operator,https://www.si-trust.gov.si/sl/si-pass-obvestilo-posameznikom,200,text/html,baf640f9a39225723bd1f62b4ad6ee53588da9e35f732996c6f4f7d90f0ec51b,exact,,2026-09-29
SI,beneficial_ownership,holding_name,https://www.ajpes.si/registri/drugi_registri/register_dejanskih_lastnikov/splosno,200,text/html,5a18a864a458a7245a4a1ee23ee5bddfb2b622b9eaa6537827da0a9fcadcf7e1,exact,,2026-09-29
SI,beneficial_ownership,legal_basis,https://www.uradni-list.si/glasilo-uradni-list-rs/vsebina/2022-01-0977,200,text/html,5224275935185c0ea25d2debd542e5d80e2292d8407e30d08995562b407d9955,exact,https://web.archive.org/web/20260518033754/https://www.uradni-list.si/glasilo-uradni-list-rs/vsebina/2022-01-0977,2026-09-29
SI,benefits_pensions,legal_basis,https://www.zpiz.si/cms/engine/download.php?actionID=inf&id=68&name=Letno%20poro%C4%8Dilo%202024.pdf,200,application/octet-stream,ea587b97b6b7c927948236a073da02a9e2d43f2e648e06a0538c27e6e8fbbab1,exact,,2026-09-29
SI,benefits_pensions,record_count,https://www.zpiz.si/cms/engine/download.php?actionID=inf&id=68&name=Letno%20poro%C4%8Dilo%202024.pdf,200,application/octet-stream,ea587b97b6b7c927948236a073da02a9e2d43f2e648e06a0538c27e6e8fbbab1,exact,,2026-09-29
SI,border_control,holding_name,https://www.gov.si/novice/2023-03-08-prenovljeni-schengenski-informacijski-sistem/,200,text/html,4c018c175fcf957fae8f52247e7d14e1a531939572795cc8577a0cf322efd87f,exact,https://web.archive.org/web/20230604005507/https://www.gov.si/novice/2023-03-08-prenovljeni-schengenski-informacijski-sistem/,2026-09-29
SI,breeder_documents,holding_name,https://www.uradni-list.si/glasilo-uradni-list-rs/vsebina/2011-01-0451,200,text/html,d677254609a211826c28c4bd14b9c6cde4046bed334cedf11f04309e875b6d9e,exact,https://web.archive.org/web/20231115081008/http://www.uradni-list.si/glasilo-uradni-list-rs/vsebina/2011-01-0451,2026-09-29
SI,breeder_documents,hosting,https://www.uradni-list.si/glasilo-uradni-list-rs/vsebina/2011-01-0451,200,text/html,d677254609a211826c28c4bd14b9c6cde4046bed334cedf11f04309e875b6d9e,exact,https://web.archive.org/web/20231115081008/http://www.uradni-list.si/glasilo-uradni-list-rs/vsebina/2011-01-0451,2026-09-29
SI,breeder_documents,legal_basis,https://www.uradni-list.si/glasilo-uradni-list-rs/vsebina/2011-01-0451,200,text/html,d677254609a211826c28c4bd14b9c6cde4046bed334cedf11f04309e875b6d9e,exact,https://web.archive.org/web/20231115081008/http://www.uradni-list.si/glasilo-uradni-list-rs/vsebina/2011-01-0451,2026-09-29
SI,business_registry,operator,https://www.uradni-list.si/glasilo-uradni-list-rs/vsebina/2025-01-3031,200,text/html,c9634bb301fd06e271168732712044d3c6f4b6435039fe1ac1c0649fa554a9d0,exact,,2026-09-29
SI,central_bank,foreign_dependency,https://www.bsi.si/sl/placilni-sistemi/placilna-infrastruktura,200,text/html,4167846d09baa7192d175e5bd2bd418c5cc6b38eec6239815505f6757906fad2,exact,,2026-09-29
SI,central_bank,holding_name,https://www.bsi.si/sl/placilni-sistemi/placilna-infrastruktura,200,text/html,4167846d09baa7192d175e5bd2bd418c5cc6b38eec6239815505f6757906fad2,exact,,2026-09-29
SI,civil_registry,holding_name,https://ecrp.gov.si/predstavitevCRP.html,200,text/html,6f553295a40ab78d1da10714c1679b9999b86258abb7ec2e32e8a8db5ee1d694,exact,https://web.archive.org/web/20250527084027/https://ecrp.gov.si/predstavitevCRP.html,2026-09-29
SI,civil_registry,legal_basis,https://www.uradni-list.si/glasilo-uradni-list-rs/vsebina/2006-01-3079,200,text/html,45670f0ed00e1fd7713bef1ec8190a642c5240e65c2eb74f7a259aa1d5892e98,exact,https://web.archive.org/web/20221122133812/http://www.uradni-list.si/glasilo-uradni-list-rs/vsebina/2006-01-3079,2026-09-29
SI,civil_registry,legal_basis,https://www.uradni-list.si/glasilo-uradni-list-rs/vsebina/2011-01-0451,200,text/html,d677254609a211826c28c4bd14b9c6cde4046bed334cedf11f04309e875b6d9e,exact,https://web.archive.org/web/20231115081008/http://www.uradni-list.si/glasilo-uradni-list-rs/vsebina/2011-01-0451,2026-09-29
SI,civil_registry,operator,https://ecrp.gov.si/predstavitevCRP.html,200,text/html,6f553295a40ab78d1da10714c1679b9999b86258abb7ec2e32e8a8db5ee1d694,exact,https://web.archive.org/web/20250527084027/https://ecrp.gov.si/predstavitevCRP.html,2026-09-29
SI,crisis_management,holding_name,https://www.gov.si/drzavni-organi/ministrstva/ministrstvo-za-obrambo/o-ministrstvu/direktorat-za-obrambne-zadeve/nacionalni-center-za-krizno-upravljanje/,200,text/html,a69294e4fcc61fbb402521aaf42ab522747848c858ca6559483e64a23fa7769d,exact,https://web.archive.org/web/20250727032849/https://www.gov.si/drzavni-organi/ministrstva/ministrstvo-za-obrambo/o-ministrstvu/direktorat-za-obrambne-zadeve/nacionalni-center-za-krizno-upravljanje/,2026-09-29
SI,customs,holding_name,https://www.gov.si/assets/organi-v-sestavi/FURS/Strateski-dokumenti/2025/Letno-porocilo-Financne-uprave-za-leto-2024.pdf,200,application/pdf,b1b4712296cec04221b7ce9f5a0cd477e431a8a34cc412d02cf702eee2b0a89c,exact,https://web.archive.org/web/20260916213111/https://www.gov.si/assets/organi-v-sestavi/FURS/Strateski-dokumenti/2025/Letno-porocilo-Financne-uprave-za-leto-2024.pdf,2026-09-29
SI,customs,legal_basis,https://www.uradni-list.si/glasilo-uradni-list-rs/vsebina/2016-01-1362,200,text/html,7d01c6f4665bb2e9dab297006db2f280b73b66daa35f160671c30d29ee266c78,exact,https://web.archive.org/web/20250915184434/https://www.uradni-list.si/glasilo-uradni-list-rs/vsebina/2016-01-1362,2026-09-29
SI,digital_identity_credentials,holding_name,https://www.si-trust.gov.si/sl/o-nas,200,text/html,d1d03a4c1b18b2b673ac94c4b162996d008ba90b4dcf7f7fc77fd5b1afc451a1,exact,https://web.archive.org/web/20260727081457/https://www.si-trust.gov.si/sl/o-nas,2026-09-29
SI,digital_identity_credentials,holding_name,https://www.si-trust.gov.si/sl/si-pass,200,text/html,71c0e6b7b5d692f273b8bee5243c8b85f78f2f548d3f7565a286eb303d40a349,exact,https://web.archive.org/web/20260727081439/https://www.si-trust.gov.si/sl/si-pass,2026-09-29
SI,digital_identity_credentials,hosting,https://www.si-trust.gov.si/sl/si-pass-obvestilo-posameznikom,200,text/html,baf640f9a39225723bd1f62b4ad6ee53588da9e35f732996c6f4f7d90f0ec51b,exact,,2026-09-29
SI,digital_identity_credentials,legal_basis,https://www.uradni-list.si/glasilo-uradni-list-rs/vsebina/2021-01-2571,200,text/html,8dc7a931d276593be424a8c6410c6735b0c286f95de241544a8597bc91ac15c5,exact,https://web.archive.org/web/20240326053554/https://www.uradni-list.si/glasilo-uradni-list-rs/vsebina/2021-01-2571,2026-09-29
SI,digital_identity_credentials,operator,https://www.si-trust.gov.si/sl/o-nas,200,text/html,d1d03a4c1b18b2b673ac94c4b162996d008ba90b4dcf7f7fc77fd5b1afc451a1,exact,https://web.archive.org/web/20260727081457/https://www.si-trust.gov.si/sl/o-nas,2026-09-29
SI,education,holding_name,https://www.uradni-list.si/glasilo-uradni-list-rs/vsebina/2011-01-2099,200,text/html,699577e9a604bce6e8292af6cf150e23f998c03bf72d43120883d1007a41b7f7,exact,https://web.archive.org/web/20240504214009/https://www.uradni-list.si/glasilo-uradni-list-rs/vsebina/2011-01-2099,2026-09-29
SI,education,holding_name,https://www.uradni-list.si/glasilo-uradni-list-rs/vsebina/2017-01-0550/pravilnik-o-zagotavljanju-podatkov-za-evs/,200,text/html,60b3de34e4a33c3277b0da51172ab14bdef903931882f1f3f4bb81a828a6eb6c,exact,,2026-09-29
SI,education,legal_basis,https://www.uradni-list.si/glasilo-uradni-list-rs/vsebina/102705/,200,text/html,42d7148bea88988c726dd59ebee740335a44d4a5adb9271a87cdba3657853c86,exact,https://web.archive.org/web/20230321142417/https://www.uradni-list.si/glasilo-uradni-list-rs/vsebina/102705,2026-09-29
SI,electoral_management,legal_basis,https://www.uradni-list.si/glasilo-uradni-list-rs/vsebina/76022,200,text/html,593f1b372f7d7aaf7d8eb0eb76f0f6696a46bd511f4a263e3b55591ef91e4ff4,exact,https://web.archive.org/web/20250823091544/https://www.uradni-list.si/glasilo-uradni-list-rs/vsebina/76022,2026-09-29
SI,electoral_management,operator,https://www.gov.si/drzavni-organi/drugi-drzavni-organi/drzavna-volilna-komisija/,200,text/html,6bfb9e46d65c077de69c21e6fa6941405ed9bbca0aa675f98d6a08f0330aa13d,exact,https://web.archive.org/web/20260426175642/https://www.gov.si/drzavni-organi/drugi-drzavni-organi/drzavna-volilna-komisija/,2026-09-29
SI,electoral_roll,holding_name,https://www.gov.si/teme/volivci-in-evidenca-volilne-pravice/,200,text/html,53f8f7a61e1dfd573d59d1840971309c8d5ecc89114e12aa594a533dad8c6635,exact,https://web.archive.org/web/20260518161634/https://www.gov.si/teme/volivci-in-evidenca-volilne-pravice/,2026-09-29
SI,electoral_roll,legal_basis,https://www.uradni-list.si/glasilo-uradni-list-rs/vsebina/2013-01-3489,200,text/html,d36c0ea5d9f780136d243bb31c36d62b0e8e8d7269d84e7a07ba2e73208ef627,exact,https://web.archive.org/web/20220514154852/https://www.uradni-list.si/glasilo-uradni-list-rs/vsebina/2013-01-3489,2026-09-29
SI,emergency_communications,holding_name,https://www.gov.si/drzavni-organi/organi-v-sestavi/uprava-za-zascito-in-resevanje/o-upravi/urad-za-obvescanje-in-alarmiranje/,200,text/html,553cbe05a714823891006f8ad7ae86a0a9f919e4344d3938cc1f9e0795d060b5,exact,https://web.archive.org/web/20260323061511/https://www.gov.si/drzavni-organi/organi-v-sestavi/uprava-za-zascito-in-resevanje/o-upravi/urad-za-obvescanje-in-alarmiranje/,2026-09-29
SI,emergency_communications,holding_name,https://www.gov.si/novice/2020-12-10-po-vec-letih-bo-zgrajena-nova-infrastruktura-sistema-tetra/,200,text/html,bd34e362514211ce85dfe2b2559fa72b0e647f03094fd1b2ec599a581485c957,exact,,2026-09-29
SI,emergency_communications,hosting,https://www.gov.si/novice/2020-12-10-po-vec-letih-bo-zgrajena-nova-infrastruktura-sistema-tetra/,200,text/html,bd34e362514211ce85dfe2b2559fa72b0e647f03094fd1b2ec599a581485c957,exact,,2026-09-29
SI,emergency_communications,operator,https://www.gov.si/drzavni-organi/organi-v-sestavi/uprava-za-zascito-in-resevanje/o-upravi/urad-za-obvescanje-in-alarmiranje/,200,text/html,553cbe05a714823891006f8ad7ae86a0a9f919e4344d3938cc1f9e0795d060b5,exact,https://web.archive.org/web/20260323061511/https://www.gov.si/drzavni-organi/organi-v-sestavi/uprava-za-zascito-in-resevanje/o-upravi/urad-za-obvescanje-in-alarmiranje/,2026-09-29
SI,extra:bank_account_register,operator,https://www.uradni-list.si/glasilo-uradni-list-rs/vsebina/2022-01-0977,200,text/html,5224275935185c0ea25d2debd542e5d80e2292d8407e30d08995562b407d9955,exact,https://web.archive.org/web/20260518033754/https://www.uradni-list.si/glasilo-uradni-list-rs/vsebina/2022-01-0977,2026-09-29
SI,extra:government_cloud_hosting,foreign_dependency,https://www.rs-rs.si/fileadmin/user_upload/Datoteke/Revizije/2021/VzpDO/VzpDO_SP14-20_RevizijskoP.pdf,200,application/pdf,a900f8573dc867ea97922093156fa2f7c8874dcd2fa4f1e7bfaa10cfe8be6770,exact,https://web.archive.org/web/20230608160854/https://www.rs-rs.si/fileadmin/user_upload/Datoteke/Revizije/2021/VzpDO/VzpDO_SP14-20_RevizijskoP.pdf,2026-09-29
SI,extra:government_cloud_hosting,hosting,https://www.rs-rs.si/fileadmin/user_upload/Datoteke/Revizije/2021/VzpDO/VzpDO_SP14-20_RevizijskoP.pdf,200,application/pdf,a900f8573dc867ea97922093156fa2f7c8874dcd2fa4f1e7bfaa10cfe8be6770,exact,https://web.archive.org/web/20230608160854/https://www.rs-rs.si/fileadmin/user_upload/Datoteke/Revizije/2021/VzpDO/VzpDO_SP14-20_RevizijskoP.pdf,2026-09-29
SI,extra:government_cloud_hosting,operator,https://www.gov.si/drzavni-organi/ministrstva/ministrstvo-za-notranje-zadeve-in-javno-upravo/o-ministrstvu/direktorat-za-informatiko/urad-za-digitalno-infrastrukturo/sektor-za-virt/,200,text/html,74e181f638323ff64d05b184daf1610f09a473e79cffbd551012c9d1d68b8c29,exact,,2026-09-29
SI,facial_biometric,holding_name,https://www.uradni-list.si/glasilo-uradni-list-rs/vsebina/2025-01-0584,200,text/html,791867f96e2f2dccfc0f1cc4857fe11add2ff9a5539ed4decbd1aad3b0549120,exact,https://web.archive.org/web/20260510231526/https://www.uradni-list.si/glasilo-uradni-list-rs/vsebina/2025-01-0584,2026-09-29
SI,facial_biometric,operator,https://www.uradni-list.si/glasilo-uradni-list-rs/vsebina/2025-01-0581,200,text/html,d58970693fd4a0e99c7829f41feef8e9a812a0b17efe21ef450b243f82da8335,exact,,2026-09-29
SI,facial_biometric,operator,https://www.uradni-list.si/glasilo-uradni-list-rs/vsebina/2025-01-0584,200,text/html,791867f96e2f2dccfc0f1cc4857fe11add2ff9a5539ed4decbd1aad3b0549120,exact,https://web.archive.org/web/20260510231526/https://www.uradni-list.si/glasilo-uradni-list-rs/vsebina/2025-01-0584,2026-09-29
SI,fingerprint_biometric,holding_name,https://www.uradni-list.si/glasilo-uradni-list-rs/vsebina/2025-01-0581,200,text/html,d58970693fd4a0e99c7829f41feef8e9a812a0b17efe21ef450b243f82da8335,exact,,2026-09-29
SI,fingerprint_biometric,not_held,https://www.uradni-list.si/glasilo-uradni-list-rs/vsebina/2025-01-0581,200,text/html,d58970693fd4a0e99c7829f41feef8e9a812a0b17efe21ef450b243f82da8335,exact,,2026-09-29
SI,fingerprint_biometric,not_held,https://www.uradni-list.si/glasilo-uradni-list-rs/vsebina/2025-01-0584,200,text/html,791867f96e2f2dccfc0f1cc4857fe11add2ff9a5539ed4decbd1aad3b0549120,exact,https://web.archive.org/web/20260510231526/https://www.uradni-list.si/glasilo-uradni-list-rs/vsebina/2025-01-0584,2026-09-29
SI,firearms_register,holding_name,https://www.uradni-list.si/glasilo-uradni-list-rs/vsebina/2000-01-2747/zakon-o-orozju-zoro-1,200,text/html,7624d2e488b82cb0012cf51930b87362727265852050c26b958783657f942b01,exact,https://web.archive.org/web/20210924055842/https://www.uradni-list.si/glasilo-uradni-list-rs/vsebina/2000-01-2747/zakon-o-orozju-zoro-1,2026-09-29
SI,firearms_register,hosting,https://www.uradni-list.si/glasilo-uradni-list-rs/vsebina/2000-01-2747/zakon-o-orozju-zoro-1,200,text/html,7624d2e488b82cb0012cf51930b87362727265852050c26b958783657f942b01,exact,https://web.archive.org/web/20210924055842/https://www.uradni-list.si/glasilo-uradni-list-rs/vsebina/2000-01-2747/zakon-o-orozju-zoro-1,2026-09-29
SI,geospatial,operator,https://www.uradni-list.si/glasilo-uradni-list-rs/vsebina/2021-01-1047,200,text/html,18af38f4a9e59439af04f85f28ff8983aca9ddc061c956e61d1237fae6d2a3df,exact,https://web.archive.org/web/20220419233023/https://www.uradni-list.si/glasilo-uradni-list-rs/vsebina/2021-01-1047,2026-09-29
SI,government_payroll,holding_name,https://www.ajpes.si/Statistike/Place_v_javnem_sektorju/Splosno,200,text/html,9d6abb41672db6ad97f67569f33979dff8dddf0bf9e3c36f61344c03626009da,exact,https://web.archive.org/web/20260730160225/https://www.ajpes.si/Statistike/Place_v_javnem_sektorju/Splosno,2026-09-29
SI,government_payroll,holding_name,https://www.gov.si/zbirke/storitve/mferac/,200,text/html,b7d05d1e486c5db6ec7b91bbdfa0630e7bce86917188daf9e07b85119e649cbe,exact,,2026-09-29
SI,grid_control,holding_name,https://www.energetika-portal.si/podrocja/energetika/upravljanje-kapitalskih-nalozb/eles/,200,text/html,1503f023e41cef3d9cb69dbe5fecaa450a9e3ddd169c8f7ad6d67f1299b6a20b,exact,https://web.archive.org/web/20250516111733/https://www.energetika-portal.si/podrocja/energetika/upravljanje-kapitalskih-nalozb/eles/,2026-09-29
SI,grid_control,operator,https://www.energetika-portal.si/podrocja/energetika/upravljanje-kapitalskih-nalozb/eles/,200,text/html,1503f023e41cef3d9cb69dbe5fecaa450a9e3ddd169c8f7ad6d67f1299b6a20b,exact,https://web.archive.org/web/20250516111733/https://www.energetika-portal.si/podrocja/energetika/upravljanje-kapitalskih-nalozb/eles/,2026-09-29
SI,health_insurance,holding_name,https://www.zzzs.si/fileadmin/user_upload/dokumenti/informacije_in_publikacije/evidenca_o_zavarovanih_osebah.pdf,200,application/pdf,6292fc09e34356d41e28bd276c7de15d1c59c986c19d462e5209fb84f61b7914,exact,https://web.archive.org/web/20240802165003/https://www.zzzs.si/fileadmin/user_upload/dokumenti/informacije_in_publikacije/evidenca_o_zavarovanih_osebah.pdf,2026-09-29
SI,health_insurance,legal_basis,https://zavezanec.zzzs.si/fileadmin/user_upload/dokumenti/novice/2026/zzzsporocilo2025-infografika-web.pdf,200,application/pdf,c86dfdff2d835ef736e7234bdb6077beca6a8b036df022e758bcc81bb87e68bf,exact,,2026-09-29
SI,health_insurance,record_count,https://zavezanec.zzzs.si/fileadmin/user_upload/dokumenti/novice/2026/zzzsporocilo2025-infografika-web.pdf,200,application/pdf,c86dfdff2d835ef736e7234bdb6077beca6a8b036df022e758bcc81bb87e68bf,exact,,2026-09-29
SI,health_records,holding_name,https://ezdrav.si/resitve/crpp/,200,text/html,8ce3b065414c92d1c8167d4d668d663c97b354a6e8b892b715503b8cad1de763,exact,https://web.archive.org/web/20251015032134/https://ezdrav.si/resitve/crpp/,2026-09-29
SI,health_records,hosting,https://www.uradni-list.si/glasilo-uradni-list-rs/vsebina/2025-01-3387,200,text/html,2ab949686439c4cb7d299187f1b38d1d92ab9368ceca95aa9e663ebe2f8a7b58,exact,,2026-09-29
SI,health_records,legal_basis,https://www.uradni-list.si/glasilo-uradni-list-rs/vsebina/2025-01-3387,200,text/html,2ab949686439c4cb7d299187f1b38d1d92ab9368ceca95aa9e663ebe2f8a7b58,exact,,2026-09-29
SI,health_records,operator,https://www.uradni-list.si/glasilo-uradni-list-rs/vsebina/2025-01-3387,200,text/html,2ab949686439c4cb7d299187f1b38d1d92ab9368ceca95aa9e663ebe2f8a7b58,exact,,2026-09-29
SI,indicator:C1,indicator,https://www.gov.si/drzavni-organi/ministrstva/ministrstvo-za-notranje-zadeve-in-javno-upravo/o-ministrstvu/direktorat-za-informatiko/urad-za-digitalno-infrastrukturo/sektor-za-podatkovno-in-streznisko-infrastrukturo/,200,text/html,4d5c6fe51362ddf366f14592e6873f570ab9168dfd031d785af34070f8f82222,exact,,2026-09-29
SI,indicator:C2,indicator,https://www.gov.si/drzavni-organi/ministrstva/ministrstvo-za-notranje-zadeve-in-javno-upravo/o-ministrstvu/direktorat-za-informatiko/urad-za-digitalno-infrastrukturo/sektor-za-virt/,200,text/html,74e181f638323ff64d05b184daf1610f09a473e79cffbd551012c9d1d68b8c29,exact,,2026-09-29
SI,indicator:C2,indicator,https://www.gov.si/teme/informatika-v-drzavni-upravi/,200,text/html,88ba4056bce04ffe6ec0c113ea131f2621ff282cabb25644870e585b5f4b63d2,exact,,2026-09-29
SI,indicator:K1,indicator,https://www.si-trust.gov.si/sl/o-nas,200,text/html,d1d03a4c1b18b2b673ac94c4b162996d008ba90b4dcf7f7fc77fd5b1afc451a1,exact,https://web.archive.org/web/20260727081457/https://www.si-trust.gov.si/sl/o-nas,2026-09-29
SI,indicator:K2,indicator,https://www.si-trust.gov.si/sl/eoi,200,text/html,baec35ff02f95c2caa969b9d6dd67e246022ad1bbd7c60806ba3fc73f58f57ba,exact,https://web.archive.org/web/20260615134158/https://www.si-trust.gov.si/sl/eoi,2026-09-29
SI,indicator:K2,indicator,https://www.si-trust.gov.si/sl/o-nas,200,text/html,d1d03a4c1b18b2b673ac94c4b162996d008ba90b4dcf7f7fc77fd5b1afc451a1,exact,https://web.archive.org/web/20260727081457/https://www.si-trust.gov.si/sl/o-nas,2026-09-29
SI,indicator:K2,indicator,https://www.si-trust.gov.si/sl/si-pass,200,text/html,71c0e6b7b5d692f273b8bee5243c8b85f78f2f548d3f7565a286eb303d40a349,exact,https://web.archive.org/web/20260727081439/https://www.si-trust.gov.si/sl/si-pass,2026-09-29
SI,indicator:L1,indicator,https://www.gov.si/teme/informatika-v-drzavni-upravi/,200,text/html,88ba4056bce04ffe6ec0c113ea131f2621ff282cabb25644870e585b5f4b63d2,exact,,2026-09-29
SI,indicator:L1,indicator,https://www.uradni-list.si/glasilo-uradni-list-rs/vsebina/2018-01-1272/uredba-o-informacijski-varnosti-v-drzavni-upravi,200,text/html,42b07a1f28dbfdb9016eaa2d42e9e44fe03c42d57494ff5e4d08acb50517b35b,exact,,2026-09-29
SI,indicator:L2,indicator,https://www.uradni-list.si/glasilo-uradni-list-rs/vsebina/2006-01-2128/zakon-o-tajnih-podatkih-uradno-precisceno-besedilo-ztp-upb2,200,text/html,b92bc405c634dea95bcddbeb75703e26fb81ef3adbbbc2adc0f8d2dc9e352428,exact,,2026-09-29
SI,intelligence,legal_basis,https://www.gov.si/drzavni-organi/vladne-sluzbe/slovenska-obvescevalno-varnostna-agencija/o-sovi/,200,text/html,73ac3c8fb2f865a3dbc7eb4459a063af00787b6cbb60c6aa37890c131232c746,exact,https://web.archive.org/web/20251102035222/https://www.gov.si/drzavni-organi/vladne-sluzbe/slovenska-obvescevalno-varnostna-agencija/o-sovi/,2026-09-29
SI,intelligence,legal_basis,https://www.uradni-list.si/glasilo-uradni-list-rs/vsebina/51272,200,text/html,9a115cd921990cc631aa4183d21e00fe8a715a7997aab7ee1fb8efc02cc4db50,exact,,2026-09-29
SI,issuance_history,holding_name,https://www.uradni-list.si/glasilo-uradni-list-rs/vsebina/2025-01-0584,200,text/html,791867f96e2f2dccfc0f1cc4857fe11add2ff9a5539ed4decbd1aad3b0549120,exact,https://web.archive.org/web/20260510231526/https://www.uradni-list.si/glasilo-uradni-list-rs/vsebina/2025-01-0584,2026-09-29
SI,issuance_history,legal_basis,https://www.uradni-list.si/glasilo-uradni-list-rs/vsebina/2025-01-0581,200,text/html,d58970693fd4a0e99c7829f41feef8e9a812a0b17efe21ef450b243f82da8335,exact,,2026-09-29
SI,issuance_history,legal_basis,https://www.uradni-list.si/glasilo-uradni-list-rs/vsebina/2025-01-0584,200,text/html,791867f96e2f2dccfc0f1cc4857fe11add2ff9a5539ed4decbd1aad3b0549120,exact,https://web.archive.org/web/20260510231526/https://www.uradni-list.si/glasilo-uradni-list-rs/vsebina/2025-01-0584,2026-09-29
SI,issuance_history,operator,https://www.uradni-list.si/glasilo-uradni-list-rs/vsebina/2025-01-0584,200,text/html,791867f96e2f2dccfc0f1cc4857fe11add2ff9a5539ed4decbd1aad3b0549120,exact,https://web.archive.org/web/20260510231526/https://www.uradni-list.si/glasilo-uradni-list-rs/vsebina/2025-01-0584,2026-09-29
SI,judicial_criminal,hosting,https://www.sodisce.si/sodisca/posebne_sluzbe/center_za_informatiko/,200,text/html,586cdb7e4aa8c7cdea316c8f18feb614a0c68af22fa9fd15251946b2c2e8e766,exact,,2026-09-29
SI,judicial_criminal,operator,https://www.gov.si/teme/kazenskopravne-evidence/,200,text/html,5f793ee259a6cdc02f5a04529c7b44a2f8657165437cefdb3bfb240e934bcaa4,exact,https://web.archive.org/web/20260519042322/https://www.gov.si/teme/kazenskopravne-evidence/,2026-09-29
SI,judicial_criminal,operator,https://www.sodisce.si/sodisca/posebne_sluzbe/center_za_informatiko/,200,text/html,586cdb7e4aa8c7cdea316c8f18feb614a0c68af22fa9fd15251946b2c2e8e766,exact,,2026-09-29
SI,land_property,holding_name,https://www.sodisce.si/javne_knjige/zemljiska_knjiga/,200,text/html,a5739c6809e3723b257329fa1a267a8ddeb49cba1735f918274103fdc03fd19d,exact,https://web.archive.org/web/20260720094305/https://www.sodisce.si/javne_knjige/zemljiska_knjiga/,2026-09-29
SI,land_property,holding_name,https://www.uradni-list.si/glasilo-uradni-list-rs/vsebina/2021-01-1047,200,text/html,18af38f4a9e59439af04f85f28ff8983aca9ddc061c956e61d1237fae6d2a3df,exact,https://web.archive.org/web/20220419233023/https://www.uradni-list.si/glasilo-uradni-list-rs/vsebina/2021-01-1047,2026-09-29
SI,land_property,legal_basis,https://www.uradni-list.si/glasilo-uradni-list-rs/vsebina/2003-01-2857,200,text/html,626accca0d54e5ee5eff469c7ec394e4bd2af1bc2f37e1177afca4e3cf706c25,exact,https://web.archive.org/web/20260520140716/https://www.uradni-list.si/glasilo-uradni-list-rs/vsebina/2003-01-2857,2026-09-29
SI,land_property,operator,https://www.uradni-list.si/glasilo-uradni-list-rs/vsebina/2021-01-1047,200,text/html,18af38f4a9e59439af04f85f28ff8983aca9ddc061c956e61d1237fae6d2a3df,exact,https://web.archive.org/web/20220419233023/https://www.uradni-list.si/glasilo-uradni-list-rs/vsebina/2021-01-1047,2026-09-29
SI,national_archives,holding_name,https://www.gov.si/teme/slovenski-elektronski-arhiv/,200,text/html,26de2ac84938d6d7ff2c9f35b77cc23552c798268234bc090d6cc263110ea9ca,exact,https://web.archive.org/web/20260612043003/https://www.gov.si/teme/slovenski-elektronski-arhiv/,2026-09-29
SI,national_archives,legal_basis,https://www.uradni-list.si/glasilo-uradni-list-rs/vsebina/2006-01-1229,200,text/html,29dbd00dd419bd63ef706d7207532677e5b15560076af756d6aae0857c703b19,exact,https://web.archive.org/web/20260316121734/https://www.uradni-list.si/glasilo-uradni-list-rs/vsebina/2006-01-1229,2026-09-29
SI,official_gazette,hosting,https://www.uradni-list.si/glasilo-uradni-list-rs/vsebina/2025-01-2953,200,text/html,b8504d983f07e83e46d6477a4b7fc01771eaf64d24641931cc9579b1700f60de,exact,https://web.archive.org/web/20260413190141/https://www.uradni-list.si/glasilo-uradni-list-rs/vsebina/2025-01-2953,2026-09-29
SI,official_gazette,legal_basis,https://www.uradni-list.si/glasilo-uradni-list-rs/vsebina/2025-01-2953,200,text/html,b8504d983f07e83e46d6477a4b7fc01771eaf64d24641931cc9579b1700f60de,exact,https://web.archive.org/web/20260413190141/https://www.uradni-list.si/glasilo-uradni-list-rs/vsebina/2025-01-2953,2026-09-29
SI,official_gazette,operator,https://www.uradni-list.si/glasilo-uradni-list-rs/vsebina/2025-01-2953,200,text/html,b8504d983f07e83e46d6477a4b7fc01771eaf64d24641931cc9579b1700f60de,exact,https://web.archive.org/web/20260413190141/https://www.uradni-list.si/glasilo-uradni-list-rs/vsebina/2025-01-2953,2026-09-29
SI,police_records,holding_name,https://www.uradni-list.si/glasilo-uradni-list-rs/vsebina/2013-01-0435/,200,text/html,a83e83ef4b726a25cc8756868d712ecf3baf0a21d118150b12624791bae037dc,exact,https://web.archive.org/web/20260119082921/https://www.uradni-list.si/glasilo-uradni-list-rs/vsebina/2013-01-0435/,2026-09-29
SI,police_records,legal_basis,https://www.uradni-list.si/glasilo-uradni-list-rs/vsebina/2013-01-0435/,200,text/html,a83e83ef4b726a25cc8756868d712ecf3baf0a21d118150b12624791bae037dc,exact,https://web.archive.org/web/20260119082921/https://www.uradni-list.si/glasilo-uradni-list-rs/vsebina/2013-01-0435/,2026-09-29
SI,public_finance,holding_name,https://www.gov.si/drzavni-organi/organi-v-sestavi/uprava-za-javna-placila/o-upravi/,200,text/html,24d650b4101f9bce84d66e582273d930a894cbb62a8bc2c79be38cfadd2cbc76,exact,https://web.archive.org/web/20260517120748/https://www.gov.si/drzavni-organi/organi-v-sestavi/uprava-za-javna-placila/o-upravi/,2026-09-29
SI,public_finance,holding_name,https://www.gov.si/zbirke/storitve/mferac/,200,text/html,b7d05d1e486c5db6ec7b91bbdfa0630e7bce86917188daf9e07b85119e649cbe,exact,,2026-09-29
SI,public_health_surveillance,holding_name,https://nijz.si/nalezljive-bolezni/cepljenje/elektronski-register-cepljenih-oseb-in-nezelenih-ucinkov-po-cepljenju-erco/,error,,,fetch_failed,,2026-09-29
SI,public_health_surveillance,hosting,https://www.uradni-list.si/glasilo-uradni-list-rs/vsebina/2025-01-3387,200,text/html,2ab949686439c4cb7d299187f1b38d1d92ab9368ceca95aa9e663ebe2f8a7b58,exact,,2026-09-29
SI,public_health_surveillance,legal_basis,https://www.uradni-list.si/glasilo-uradni-list-rs/vsebina/2025-01-3387,200,text/html,2ab949686439c4cb7d299187f1b38d1d92ab9368ceca95aa9e663ebe2f8a7b58,exact,,2026-09-29
SI,residence_permits,holding_name,https://www.uradni-list.si/glasilo-uradni-list-rs/vsebina/2021-01-1957,200,text/html,ee9671c2ad1975d986a10658ba178d212b5991f9b6b5dfce631c20f9e4bcd362,exact,https://web.archive.org/web/20260216110731/https://www.uradni-list.si/glasilo-uradni-list-rs/vsebina/2021-01-1957/,2026-09-29
SI,statistics_microdata,legal_basis,https://www.uradni-list.si/glasilo-uradni-list-rs/vsebina/1995-01-2169/zakon-o-drzavni-statistiki-zdsta/,200,text/html,5f1ecc11b10e89787d9b7284160eb1963e079fcf9eadb32909d787ba4bc48899,exact,https://web.archive.org/web/20260210124256/https://www.uradni-list.si/glasilo-uradni-list-rs/vsebina/1995-01-2169/zakon-o-drzavni-statistiki-zdsta,2026-09-29
SI,statistics_microdata,operator,https://www.uradni-list.si/glasilo-uradni-list-rs/vsebina/1995-01-2169/zakon-o-drzavni-statistiki-zdsta/,200,text/html,5f1ecc11b10e89787d9b7284160eb1963e079fcf9eadb32909d787ba4bc48899,exact,https://web.archive.org/web/20260210124256/https://www.uradni-list.si/glasilo-uradni-list-rs/vsebina/1995-01-2169/zakon-o-drzavni-statistiki-zdsta,2026-09-29
SI,tax,holding_name,https://www.fu.gov.si/davki_in_druge_dajatve/poslovanje_z_nami/vpis_v_davcni_register_in_davcna_stevilka/,200,text/html,fec7a8d851db1b7084f717222f3b4a56aa00f44bcf45456733a6b77dff3e403a,exact,https://web.archive.org/web/20260520064339/https://www.fu.gov.si/davki_in_druge_dajatve/poslovanje_z_nami/vpis_v_davcni_register_in_davcna_stevilka/,2026-09-29
SI,tax,operator,https://www.fu.gov.si/davki_in_druge_dajatve/poslovanje_z_nami/vpis_v_davcni_register_in_davcna_stevilka/,200,text/html,fec7a8d851db1b7084f717222f3b4a56aa00f44bcf45456733a6b77dff3e403a,exact,https://web.archive.org/web/20260520064339/https://www.fu.gov.si/davki_in_druge_dajatve/poslovanje_z_nami/vpis_v_davcni_register_in_davcna_stevilka/,2026-09-29
SI,trust_services_pki,holding_name,https://www.si-trust.gov.si/sl/o-nas,200,text/html,d1d03a4c1b18b2b673ac94c4b162996d008ba90b4dcf7f7fc77fd5b1afc451a1,exact,https://web.archive.org/web/20260727081457/https://www.si-trust.gov.si/sl/o-nas,2026-09-29
SI,trust_services_pki,hosting,https://www.si-trust.gov.si/sl/si-pass,200,text/html,71c0e6b7b5d692f273b8bee5243c8b85f78f2f548d3f7565a286eb303d40a349,exact,https://web.archive.org/web/20260727081439/https://www.si-trust.gov.si/sl/si-pass,2026-09-29
SI,trust_services_pki,operator,https://www.si-trust.gov.si/sl/o-nas,200,text/html,d1d03a4c1b18b2b673ac94c4b162996d008ba90b4dcf7f7fc77fd5b1afc451a1,exact,https://web.archive.org/web/20260727081457/https://www.si-trust.gov.si/sl/o-nas,2026-09-29
SI,vehicle_licensing,legal_basis,https://www.uradni-list.si/glasilo-uradni-list-rs/vsebina/2016-01-3686,200,text/html,42ff332ce9790be9be8e55cb7b2f69f69c7a9d76976da0a9024811b7e7f1a872,exact,https://web.archive.org/web/20240706213410/https://www.uradni-list.si/glasilo-uradni-list-rs/vsebina/2016-01-3686,2026-09-29
SI,vehicle_licensing,legal_basis,https://www.uradni-list.si/glasilo-uradni-list-rs/vsebina/2017-01-3592,200,text/html,c539c9358c3db2754a83becea296148fc5e593018a781ad6f091fc03abbe604f,exact,https://web.archive.org/web/20260308034108/https://www.uradni-list.si/glasilo-uradni-list-rs/vsebina/2017-01-3592,2026-09-29
SK,authentication_audit_log,holding_name,https://zakony.judikaty.info/predpis/zakon-305/2013,200,text/html,7f0ad69c1b48552391cfd2842a32e77bd7a84556f8ab56e28dbb34e4db9e2f4b,exact,,2026-09-29
SK,beneficial_ownership,holding_name,https://zakony.judikaty.info/predpis/zakon-272/2015,200,text/html,7942f9c9978472155b50fd00c8e604488ff7c081d40eaf04f48a0a6c79ddabd2,exact,,2026-09-29
SK,beneficial_ownership,holding_name,https://zakony.judikaty.info/predpis/zakon-315/2016,200,text/html,8bf7bf0c118c521643b21122a242bfb12303c477b541d649b903718d7fe150a3,exact,https://web.archive.org/web/20240522091210/https://zakony.judikaty.info/predpis/zakon-315/2016,2026-09-29
SK,benefits_pensions,holding_name,https://zakony.judikaty.info/predpis/zakon-461/2003,200,text/html,ff50f23a07d69a991c0d97c7830ea606e6e9271edb2413eb57109bc94b3d3af4,exact,https://web.archive.org/web/20250624100422/https://zakony.judikaty.info/predpis/zakon-461/2003,2026-09-29
SK,benefits_pensions,legal_basis,https://zakony.judikaty.info/predpis/zakon-461/2003,200,text/html,ff50f23a07d69a991c0d97c7830ea606e6e9271edb2413eb57109bc94b3d3af4,exact,https://web.archive.org/web/20250624100422/https://zakony.judikaty.info/predpis/zakon-461/2003,2026-09-29
SK,border_control,holding_name,https://zakony.judikaty.info/predpis/zakon-404/2011,200,text/html,333ea0347ff325b503ee11fd2ddd228afd3d4ccc241176940325dc1a1706c929,exact,https://web.archive.org/web/20250624013534/https://zakony.judikaty.info/predpis/zakon-404/2011,2026-09-29
SK,breeder_documents,holding_name,https://zakony.judikaty.info/predpis/zakon-154/1994,200,text/html,277c033a5ab437054b61de93280c2d834d14400d4a12c6b4da01ae16cfeff521,exact,https://web.archive.org/web/20240913021122/https://zakony.judikaty.info/predpis/zakon-154/1994,2026-09-29
SK,breeder_documents,legal_basis,https://zakony.judikaty.info/predpis/zakon-154/1994,200,text/html,277c033a5ab437054b61de93280c2d834d14400d4a12c6b4da01ae16cfeff521,exact,https://web.archive.org/web/20240913021122/https://zakony.judikaty.info/predpis/zakon-154/1994,2026-09-29
SK,breeder_documents,operator,https://zakony.judikaty.info/predpis/zakon-154/1994,200,text/html,277c033a5ab437054b61de93280c2d834d14400d4a12c6b4da01ae16cfeff521,exact,https://web.archive.org/web/20240913021122/https://zakony.judikaty.info/predpis/zakon-154/1994,2026-09-29
SK,business_registry,holding_name,https://zakony.judikaty.info/predpis/zakon-272/2015,200,text/html,7942f9c9978472155b50fd00c8e604488ff7c081d40eaf04f48a0a6c79ddabd2,exact,,2026-09-29
SK,business_registry,holding_name,https://zakony.judikaty.info/predpis/zakon-530/2003,200,text/html,c9a1606c0295eaf2833a1751dfebf4406043f4b2e1f9fdb5682a2c5e56511cf1,exact,https://web.archive.org/web/20250624003611/https://zakony.judikaty.info/predpis/zakon-530/2003,2026-09-29
SK,central_bank,foreign_dependency,https://nbs.sk/platby/platobne-systemy/,200,text/html,4836e7e30079b3d999d40f66bdbe6d30734a4dd1a9031fdaaefafda40052e660,exact,https://web.archive.org/web/20260617103250/https://nbs.sk/platby/platobne-systemy/,2026-09-29
SK,central_bank,holding_name,https://nbs.sk/platby/platobne-systemy/,200,text/html,4836e7e30079b3d999d40f66bdbe6d30734a4dd1a9031fdaaefafda40052e660,exact,https://web.archive.org/web/20260617103250/https://nbs.sk/platby/platobne-systemy/,2026-09-29
SK,civil_registry,holding_name,https://zakony.judikaty.info/predpis/zakon-253/1998,200,text/html,9e01e960fffd46d6c9fd82fc4ca12183e1fefe21eca22d3c860ff8e55887ac50,exact,https://web.archive.org/web/20240913011250/https://zakony.judikaty.info/predpis/zakon-253/1998,2026-09-29
SK,civil_registry,legal_basis,https://zakony.judikaty.info/predpis/zakon-253/1998,200,text/html,9e01e960fffd46d6c9fd82fc4ca12183e1fefe21eca22d3c860ff8e55887ac50,exact,https://web.archive.org/web/20240913011250/https://zakony.judikaty.info/predpis/zakon-253/1998,2026-09-29
SK,civil_registry,operator,https://www.minv.sk/?register-obyvatelov-sr,200,text/html,9b4347745ea4ee81ebd394966ec627b1ed72c1a5ff6698b1982b6fd0abbf1b01,exact,https://web.archive.org/web/20260710142250/https://www.minv.sk/?register-obyvatelov-sr,2026-09-29
SK,civil_registry,operator,https://zakony.judikaty.info/predpis/zakon-253/1998,200,text/html,9e01e960fffd46d6c9fd82fc4ca12183e1fefe21eca22d3c860ff8e55887ac50,exact,https://web.archive.org/web/20240913011250/https://zakony.judikaty.info/predpis/zakon-253/1998,2026-09-29
SK,crisis_management,holding_name,https://zakony.judikaty.info/predpis/zakon-387/2002,200,text/html,b058550f1f74c0fb314ad4c7f53e0d604dbf877c6ddacf10b25f14cda8298f69,exact,,2026-09-29
SK,customs,legal_basis,https://zakony.judikaty.info/predpis/zakon-35/2019,200,text/html,0056fcc415db81e0ed6eaae5ac963677a4fb111cddaa4eb589de0b38e3a38c3b,exact,https://web.archive.org/web/20240519141053/https://zakony.judikaty.info/predpis/zakon-35/2019,2026-09-29
SK,customs,operator,https://zakony.judikaty.info/predpis/zakon-35/2019,200,text/html,0056fcc415db81e0ed6eaae5ac963677a4fb111cddaa4eb589de0b38e3a38c3b,exact,https://web.archive.org/web/20240519141053/https://zakony.judikaty.info/predpis/zakon-35/2019,2026-09-29
SK,digital_identity_credentials,holding_name,https://www.slovensko.sk/sk/eid,200,text/html,06d1fc9795c9a7ca1c407182ef1dfdbb1b6700f335df456541638bc01361fe13,exact,https://web.archive.org/web/20260218060914/https://www.slovensko.sk/sk/eid,2026-09-29
SK,digital_identity_credentials,legal_basis,https://zakony.judikaty.info/predpis/zakon-305/2013,200,text/html,7f0ad69c1b48552391cfd2842a32e77bd7a84556f8ab56e28dbb34e4db9e2f4b,exact,,2026-09-29
SK,digital_identity_credentials,operator,https://www.slovensko.sk/sk/clanok/_evidencia-autentifikacnych-pro,200,text/html,5156861f1b4d33d1be393502c02181f5c555f4ccd609dd4a3f8f46c3e6ccc019,exact,https://web.archive.org/web/20260822132239/https://www.slovensko.sk/sk/clanok/_evidencia-autentifikacnych-pro,2026-09-29
SK,digital_identity_credentials,operator,https://zakony.judikaty.info/predpis/zakon-305/2013,200,text/html,7f0ad69c1b48552391cfd2842a32e77bd7a84556f8ab56e28dbb34e4db9e2f4b,exact,,2026-09-29
SK,education,holding_name,https://zakony.judikaty.info/predpis/zakon-131/2002,200,text/html,4de9e394fe8d03f710900bcace865894c54fe959a23b35591616a9075fc346be,exact,https://web.archive.org/web/20241005132131/https://zakony.judikaty.info/predpis/zakon-131/2002,2026-09-29
SK,education,holding_name,https://zakony.judikaty.info/predpis/zakon-245/2008,200,text/html,87fbbcc975c2d8888d9f8634d9863783f74ed3724590babedbf3b237dba4ccf9,exact,https://web.archive.org/web/20240715115213/https://zakony.judikaty.info/predpis/zakon-245/2008,2026-09-29
SK,electoral_management,holding_name,https://zakony.judikaty.info/predpis/zakon-180/2014,200,text/html,6e548db8b78129655a7f3193edd395980f22070cda5978eb5bb176b31ea8ef6a,exact,https://web.archive.org/web/20240913004101/https://zakony.judikaty.info/predpis/zakon-180/2014,2026-09-29
SK,electoral_management,legal_basis,https://zakony.judikaty.info/predpis/zakon-180/2014,200,text/html,6e548db8b78129655a7f3193edd395980f22070cda5978eb5bb176b31ea8ef6a,exact,https://web.archive.org/web/20240913004101/https://zakony.judikaty.info/predpis/zakon-180/2014,2026-09-29
SK,electoral_management,operator,https://zakony.judikaty.info/predpis/zakon-180/2014,200,text/html,6e548db8b78129655a7f3193edd395980f22070cda5978eb5bb176b31ea8ef6a,exact,https://web.archive.org/web/20240913004101/https://zakony.judikaty.info/predpis/zakon-180/2014,2026-09-29
SK,electoral_roll,holding_name,https://zakony.judikaty.info/predpis/zakon-180/2014,200,text/html,6e548db8b78129655a7f3193edd395980f22070cda5978eb5bb176b31ea8ef6a,exact,https://web.archive.org/web/20240913004101/https://zakony.judikaty.info/predpis/zakon-180/2014,2026-09-29
SK,electoral_roll,legal_basis,https://zakony.judikaty.info/predpis/zakon-180/2014,200,text/html,6e548db8b78129655a7f3193edd395980f22070cda5978eb5bb176b31ea8ef6a,exact,https://web.archive.org/web/20240913004101/https://zakony.judikaty.info/predpis/zakon-180/2014,2026-09-29
SK,emergency_communications,holding_name,https://zakony.judikaty.info/predpis/zakon-129/2002,200,text/html,f03483c0fee301a3e190fd7f0ba72a8d5b032a0334680807724cd0283126aa3a,exact,https://web.archive.org/web/20250624004629/https://zakony.judikaty.info/predpis/zakon-129/2002,2026-09-29
SK,emergency_communications,legal_basis,https://zakony.judikaty.info/predpis/zakon-129/2002,200,text/html,f03483c0fee301a3e190fd7f0ba72a8d5b032a0334680807724cd0283126aa3a,exact,https://web.archive.org/web/20250624004629/https://zakony.judikaty.info/predpis/zakon-129/2002,2026-09-29
SK,extra:government_cloud_platform,foreign_dependency,https://mirri.gov.sk/sekcie/informatizacia/dokumenty/vladny-cloud/,200,text/html,d91aabe8f4504bd3758c53c155676485a7f6dbf7cdafd3a2fdfcb21c51f8f11c,exact,,2026-09-29
SK,extra:government_cloud_platform,hosting,https://mirri.gov.sk/sekcie/informatizacia/dokumenty/vladny-cloud/,200,text/html,d91aabe8f4504bd3758c53c155676485a7f6dbf7cdafd3a2fdfcb21c51f8f11c,exact,,2026-09-29
SK,extra:government_cloud_platform,operator,https://mirri.gov.sk/sekcie/informatizacia/dokumenty/vladny-cloud/,200,text/html,d91aabe8f4504bd3758c53c155676485a7f6dbf7cdafd3a2fdfcb21c51f8f11c,exact,,2026-09-29
SK,extra:government_network,holding_name,https://www.nases.gov.sk/sluzby/sluzby-pre-po-a-ovm/govnet,200,text/html,7b3e0175fe81f466367f6fc908fc4bbdb5bc3406477c1016caeb2e40eb4fcb96,exact,,2026-09-29
SK,extra:government_network,hosting,https://www.nases.gov.sk/sluzby/sluzby-pre-po-a-ovm/govnet,200,text/html,7b3e0175fe81f466367f6fc908fc4bbdb5bc3406477c1016caeb2e40eb4fcb96,exact,,2026-09-29
SK,facial_biometric,holding_name,https://zakony.judikaty.info/predpis/zakon-224/2006,200,text/html,ffdb1e2c3028e3720a78ba45977625a9d2ee2bcf0bb27888226ab7390a922ac5,exact,https://web.archive.org/web/20220307183542/https://zakony.judikaty.info/predpis/zakon-224/2006,2026-09-29
SK,facial_biometric,legal_basis,https://zakony.judikaty.info/predpis/zakon-224/2006,200,text/html,ffdb1e2c3028e3720a78ba45977625a9d2ee2bcf0bb27888226ab7390a922ac5,exact,https://web.archive.org/web/20220307183542/https://zakony.judikaty.info/predpis/zakon-224/2006,2026-09-29
SK,facial_biometric,legal_basis,https://zakony.judikaty.info/predpis/zakon-647/2007,200,text/html,475500c755fee702d5d8c6885860d21055a5f39e412e2ed05ad5f29ee1d12ef7,exact,https://web.archive.org/web/20240913021636/https://zakony.judikaty.info/predpis/zakon-647/2007,2026-09-29
SK,facial_biometric,operator,https://zakony.judikaty.info/predpis/zakon-647/2007,200,text/html,475500c755fee702d5d8c6885860d21055a5f39e412e2ed05ad5f29ee1d12ef7,exact,https://web.archive.org/web/20240913021636/https://zakony.judikaty.info/predpis/zakon-647/2007,2026-09-29
SK,fingerprint_biometric,holding_name,https://zakony.judikaty.info/predpis/zakon-647/2007,200,text/html,475500c755fee702d5d8c6885860d21055a5f39e412e2ed05ad5f29ee1d12ef7,exact,https://web.archive.org/web/20240913021636/https://zakony.judikaty.info/predpis/zakon-647/2007,2026-09-29
SK,fingerprint_biometric,legal_basis,https://zakony.judikaty.info/predpis/zakon-647/2007,200,text/html,475500c755fee702d5d8c6885860d21055a5f39e412e2ed05ad5f29ee1d12ef7,exact,https://web.archive.org/web/20240913021636/https://zakony.judikaty.info/predpis/zakon-647/2007,2026-09-29
SK,firearms_register,holding_name,https://zakony.judikaty.info/predpis/zakon-190/2003,200,text/html,1079de4386bf11e3f56061bf6086d35c15029ec82f68ee619b87c54e5aea8191,exact,https://web.archive.org/web/20240521050240/https://zakony.judikaty.info/predpis/zakon-190/2003,2026-09-29
SK,firearms_register,legal_basis,https://zakony.judikaty.info/predpis/zakon-190/2003,200,text/html,1079de4386bf11e3f56061bf6086d35c15029ec82f68ee619b87c54e5aea8191,exact,https://web.archive.org/web/20240521050240/https://zakony.judikaty.info/predpis/zakon-190/2003,2026-09-29
SK,geospatial,holding_name,https://www.minv.sk/?register-adries,200,text/html,3827d6a9b905ad9f0c0273c5042c219932f9578ed526fddadbe9d7959a5b4753,exact,https://web.archive.org/web/20260508081152/https://www.minv.sk/?register-adries,2026-09-29
SK,geospatial,holding_name,https://zakony.judikaty.info/predpis/zakon-125/2015,200,text/html,4a5860b30a65ad431a87ba71f9f7d3676b6c60b176ab96dc20473e1821547498,exact,https://web.archive.org/web/20210228034237/https://zakony.judikaty.info/predpis/zakon-125/2015,2026-09-29
SK,geospatial,operator,https://www.skgeodesy.sk/files/sk/slovensky/ugkk/kontrakty-vyrocne-spravy/ugkk-sr_vyrocna-sprava_2025.pdf,200,application/pdf,052cde96b4e1686d5d301bb5dacd22a0db96fd0750f36357b492cae256280962,exact,https://web.archive.org/web/20260609112750/https://www.skgeodesy.sk/files/sk/slovensky/ugkk/kontrakty-vyrocne-spravy/ugkk-sr_vyrocna-sprava_2025.pdf,2026-09-29
SK,government_payroll,holding_name,https://zakony.judikaty.info/predpis/zakon-55/2017,200,text/html,14f5dc3145c18f60bad88c0e18ac226ef863e9e31cc1f6c9d2a1888e578f82f4,exact,,2026-09-29
SK,government_payroll,operator,https://zakony.judikaty.info/predpis/zakon-55/2017,200,text/html,14f5dc3145c18f60bad88c0e18ac226ef863e9e31cc1f6c9d2a1888e578f82f4,exact,,2026-09-29
SK,grid_control,holding_name,https://www.sepsas.sk/pre-partnerov/dispecing/,200,text/html,dc42b9efbbe473e640c8df8898b558e7d71c36e4e58a93096bae680cdef5c464,exact,https://web.archive.org/web/20260614225618/https://www.sepsas.sk/pre-partnerov/dispecing/,2026-09-29
SK,grid_control,legal_basis,https://zakony.judikaty.info/predpis/zakon-251/2012,200,text/html,5a95a4b0da7ea72d0562e3f8c26e12dd761b587884cfa64c08f0139a4a332309,exact,https://web.archive.org/web/20240913014515/https://zakony.judikaty.info/predpis/zakon-251/2012,2026-09-29
SK,grid_control,operator,https://www.sepsas.sk/o-nas/o-spolocnosti/,200,text/html,320c8be08ee6bd1e8b8745f4b9d45bc5d2a22742d3c0aad0b0893a84a6a94b69,exact,https://web.archive.org/web/20260516114637/https://www.sepsas.sk/o-nas/o-spolocnosti/,2026-09-29
SK,health_insurance,holding_name,https://zakony.judikaty.info/predpis/zakon-581/2004,200,text/html,6639e24569b55c5eedf72fa5c4e8cfd778d7272dff53b5401c47616d064f41d5,exact,,2026-09-29
SK,health_insurance,legal_basis,https://zakony.judikaty.info/predpis/zakon-581/2004,200,text/html,6639e24569b55c5eedf72fa5c4e8cfd778d7272dff53b5401c47616d064f41d5,exact,,2026-09-29
SK,health_records,holding_name,https://zakony.judikaty.info/predpis/zakon-153/2013,200,text/html,306fd36acdf13a720702fc6685479ab627ef38b4247880a2186d9ff0da6b1820,exact,https://web.archive.org/web/20250624093444/https://zakony.judikaty.info/predpis/zakon-153/2013,2026-09-29
SK,health_records,operator,https://zakony.judikaty.info/predpis/zakon-153/2013,200,text/html,306fd36acdf13a720702fc6685479ab627ef38b4247880a2186d9ff0da6b1820,exact,https://web.archive.org/web/20250624093444/https://zakony.judikaty.info/predpis/zakon-153/2013,2026-09-29
SK,indicator:C1,indicator,https://mirri.gov.sk/sekcie/informatizacia/dokumenty/vladny-cloud/,200,text/html,d91aabe8f4504bd3758c53c155676485a7f6dbf7cdafd3a2fdfcb21c51f8f11c,exact,,2026-09-29
SK,indicator:C1,indicator,https://static.slov-lex.sk/static/SK/ZZ/2019/95/20260430.html,403,text/html,,fetch_failed,,2026-09-29
SK,indicator:C2,indicator,https://mirri.gov.sk/sekcie/informatizacia/dokumenty/vladny-cloud/,200,text/html,d91aabe8f4504bd3758c53c155676485a7f6dbf7cdafd3a2fdfcb21c51f8f11c,exact,,2026-09-29
SK,indicator:C2,indicator,https://static.slov-lex.sk/static/SK/ZZ/2019/95/20260430.html,403,text/html,,fetch_failed,,2026-09-29
SK,indicator:K1,indicator,https://snca.gov.sk/o-nas/certifikacna-autorita,200,text/html,cc9ffe7186cc67a212f2f69fb5bce3616ee28e182964dd51d804d4cebe33990b,exact,,2026-09-29
SK,indicator:K1,indicator,https://www.nases.gov.sk/o-nas/cinnost-agentury,200,text/html,6c531abeb7d20a24021da3ff9987dbcca0c71aed4924690f1ecc2c61d11e7acf,exact,https://web.archive.org/web/20260928114903/https://www.nases.gov.sk/o-nas/cinnost-agentury,2026-09-29
SK,indicator:K2,indicator,https://static.slov-lex.sk/static/SK/ZZ/2016/272/20250101.html,403,text/html,,fetch_failed,,2026-09-29
SK,indicator:K2,indicator,https://www.slovensko.sk/sk/eid,200,text/html,4e0bb86959d20b967c820802300ca3894e8a7de418fcd431287f245e08d239cf,exact,https://web.archive.org/web/20260218060914/https://www.slovensko.sk/sk/eid,2026-09-29
SK,indicator:L1,indicator,https://static.slov-lex.sk/static/SK/ZZ/2020/78/20260515.html,403,text/html,,fetch_failed,,2026-09-29
SK,indicator:L2,indicator,https://static.slov-lex.sk/static/SK/ZZ/2004/215/20250501.html,403,text/html,,fetch_failed,,2026-09-29
SK,indicator:L3,indicator,https://static.slov-lex.sk/static/SK/ZZ/2020/78/20260515.html,403,text/html,,fetch_failed,,2026-09-29
SK,intelligence,legal_basis,https://zakony.judikaty.info/predpis/zakon-46/1993,200,text/html,06109d96c8cb5889748e67265f2a3818fecd72a7bc00afe61f68197d10d67df4,exact,https://web.archive.org/web/20240722202241/https://zakony.judikaty.info/predpis/zakon-46/1993,2026-09-29
SK,issuance_history,holding_name,https://zakony.judikaty.info/predpis/zakon-224/2006,200,text/html,ffdb1e2c3028e3720a78ba45977625a9d2ee2bcf0bb27888226ab7390a922ac5,exact,https://web.archive.org/web/20220307183542/https://zakony.judikaty.info/predpis/zakon-224/2006,2026-09-29
SK,issuance_history,holding_name,https://zakony.judikaty.info/predpis/zakon-647/2007,200,text/html,475500c755fee702d5d8c6885860d21055a5f39e412e2ed05ad5f29ee1d12ef7,exact,https://web.archive.org/web/20240913021636/https://zakony.judikaty.info/predpis/zakon-647/2007,2026-09-29
SK,issuance_history,operator,https://zakony.judikaty.info/predpis/zakon-224/2006,200,text/html,ffdb1e2c3028e3720a78ba45977625a9d2ee2bcf0bb27888226ab7390a922ac5,exact,https://web.archive.org/web/20220307183542/https://zakony.judikaty.info/predpis/zakon-224/2006,2026-09-29
SK,judicial_criminal,holding_name,https://zakony.judikaty.info/predpis/zakon-330/2007,200,text/html,4814fef83390e11746f655424b9e5cb7781972e3404b6442309ca273b3b14419,exact,https://web.archive.org/web/20240913022235/https://zakony.judikaty.info/predpis/zakon-330/2007,2026-09-29
SK,judicial_criminal,holding_name,https://zakony.judikaty.info/predpis/zakon-757/2004,200,text/html,43eb3c596eb6768a2581a6d0cae7f888e954d138756e475c90c50ae6053a0b49,exact,https://web.archive.org/web/20240920035311/https://zakony.judikaty.info/predpis/zakon-757/2004,2026-09-29
SK,land_property,holding_name,https://zakony.judikaty.info/predpis/zakon-162/1995,200,text/html,b4512a1657cbeeaed86bbcdb3fca2e4fab176392ddffffac76363c682758a4f6,exact,https://web.archive.org/web/20251008162932/https://zakony.judikaty.info/predpis/zakon-162/1995,2026-09-29
SK,land_property,operator,https://zakony.judikaty.info/predpis/zakon-162/1995,200,text/html,b4512a1657cbeeaed86bbcdb3fca2e4fab176392ddffffac76363c682758a4f6,exact,https://web.archive.org/web/20251008162932/https://zakony.judikaty.info/predpis/zakon-162/1995,2026-09-29
SK,land_property,record_count,https://www.skgeodesy.sk/files/sk/slovensky/ugkk/kontrakty-vyrocne-spravy/ugkk-sr_vyrocna-sprava_2025.pdf,200,application/pdf,052cde96b4e1686d5d301bb5dacd22a0db96fd0750f36357b492cae256280962,exact,https://web.archive.org/web/20260609112750/https://www.skgeodesy.sk/files/sk/slovensky/ugkk/kontrakty-vyrocne-spravy/ugkk-sr_vyrocna-sprava_2025.pdf,2026-09-29
SK,national_archives,holding_name,https://www.minv.sk/?elektronicky-archiv-slovenska-mv-sr,200,text/html,d47a338c9c6ae511385180527b237c02f5129baa4b913cddb234b9c428bfbd93,exact,,2026-09-29
SK,national_archives,legal_basis,https://zakony.judikaty.info/predpis/zakon-395/2002,200,text/html,c394598b0fd40aebbcde4ce30625ea41e46f19d21673afe01e58f57bdf54d6b3,exact,https://web.archive.org/web/20220703091657/https://zakony.judikaty.info/predpis/zakon-395/2002,2026-09-29
SK,national_archives,operator,https://www.minv.sk/?elektronicky-archiv-slovenska-mv-sr,200,text/html,d47a338c9c6ae511385180527b237c02f5129baa4b913cddb234b9c428bfbd93,exact,,2026-09-29
SK,official_gazette,holding_name,https://zakony.judikaty.info/predpis/zakon-400/2015,200,text/html,b9a8a2d9a53abc059a1647b35dc4a86d22d39ee48857c54e049ab977b892f7c4,exact,https://web.archive.org/web/20250624015208/https://zakony.judikaty.info/predpis/zakon-400/2015,2026-09-29
SK,official_gazette,legal_basis,https://zakony.judikaty.info/predpis/zakon-400/2015,200,text/html,b9a8a2d9a53abc059a1647b35dc4a86d22d39ee48857c54e049ab977b892f7c4,exact,https://web.archive.org/web/20250624015208/https://zakony.judikaty.info/predpis/zakon-400/2015,2026-09-29
SK,official_gazette,operator,https://zakony.judikaty.info/predpis/zakon-400/2015,200,text/html,b9a8a2d9a53abc059a1647b35dc4a86d22d39ee48857c54e049ab977b892f7c4,exact,https://web.archive.org/web/20250624015208/https://zakony.judikaty.info/predpis/zakon-400/2015,2026-09-29
SK,police_records,holding_name,https://zakony.judikaty.info/predpis/zakon-171/1993,200,text/html,a08ccd5a170a48c027658651af6f873932be5cba22149fc13932ea4d42b3fda5,exact,https://web.archive.org/web/20240915235127/https://zakony.judikaty.info/predpis/zakon-171/1993,2026-09-29
SK,public_finance,operator,https://zakony.judikaty.info/predpis/zakon-291/2002,200,text/html,4d73dd4eae17dc1bfe093b05dfdeb3c60d644193c1a8300fe06d6caf54ab7dac,exact,https://web.archive.org/web/20240913010656/https://zakony.judikaty.info/predpis/zakon-291/2002,2026-09-29
SK,public_health_surveillance,legal_basis,https://zakony.judikaty.info/predpis/zakon-355/2007,200,text/html,80075886127f380d728f192a9949f64708dd692d4e9c56d52d15fe595dea7732,exact,https://web.archive.org/web/20240714080855/https://zakony.judikaty.info/predpis/zakon-355/2007,2026-09-29
SK,residence_permits,holding_name,https://zakony.judikaty.info/predpis/zakon-404/2011,200,text/html,333ea0347ff325b503ee11fd2ddd228afd3d4ccc241176940325dc1a1706c929,exact,https://web.archive.org/web/20250624013534/https://zakony.judikaty.info/predpis/zakon-404/2011,2026-09-29
SK,statistics_microdata,legal_basis,https://zakony.judikaty.info/predpis/zakon-540/2001,200,text/html,8dffe5e894144e3910c7991f676f7cda3967dfec1724c2582bacc1e5140380a0,exact,https://web.archive.org/web/20250624025141/https://zakony.judikaty.info/predpis/zakon-540/2001,2026-09-29
SK,tax,legal_basis,https://zakony.judikaty.info/predpis/zakon-563/2009,200,text/html,fa51861273642e76e62a0d7c9e1abbc7c7084fe0b8dff434916af6c50e73f87b,exact,https://web.archive.org/web/20251008181851/https://zakony.judikaty.info/predpis/zakon-563/2009,2026-09-29
SK,tax,operator,https://zakony.judikaty.info/predpis/zakon-35/2019,200,text/html,0056fcc415db81e0ed6eaae5ac963677a4fb111cddaa4eb589de0b38e3a38c3b,exact,https://web.archive.org/web/20240519141053/https://zakony.judikaty.info/predpis/zakon-35/2019,2026-09-29
SK,trust_services_pki,holding_name,https://www.nases.gov.sk/sluzby/sluzby-pre-po-a-ovm/doveryhodne-sluzby-snca,200,text/html,f30468512c7ac21c03fac09b47a308e0595cd0a803d11cd2906e974e458157de,exact,https://web.archive.org/web/20260928114903/https://www.nases.gov.sk/sluzby/sluzby-pre-po-a-ovm/doveryhodne-sluzby-snca,2026-09-29
SK,trust_services_pki,legal_basis,https://snca.gov.sk/o-nas/certifikacna-autorita,200,text/html,cc9ffe7186cc67a212f2f69fb5bce3616ee28e182964dd51d804d4cebe33990b,exact,https://web.archive.org/web/20260612111428/https://snca.gov.sk/o-nas/certifikacna-autorita,2026-09-29
SK,trust_services_pki,legal_basis,https://zakony.judikaty.info/predpis/zakon-272/2016,200,text/html,1711a99dceea3e0f39c9a7f3576c651ac19c81d426b699108f2903044aea629e,exact,https://web.archive.org/web/20240416174109/https://zakony.judikaty.info/predpis/zakon-272/2016,2026-09-29
SK,trust_services_pki,operator,https://snca.gov.sk/o-nas/certifikacna-autorita,200,text/html,cc9ffe7186cc67a212f2f69fb5bce3616ee28e182964dd51d804d4cebe33990b,exact,https://web.archive.org/web/20260612111428/https://snca.gov.sk/o-nas/certifikacna-autorita,2026-09-29
SK,vehicle_licensing,holding_name,https://zakony.judikaty.info/predpis/zakon-8/2009,200,text/html,66e38bfbaf4b51cedbab31ddf3f717e1137b97d82e89b370ec065b3916ee5c04,exact,https://web.archive.org/web/20240225121954/https://zakony.judikaty.info/predpis/zakon-8/2009,2026-09-29
SK,water_control,legal_basis,https://zakony.judikaty.info/predpis/zakon-7/2010,200,text/html,87b6021dd48471163216456506a90a8b80982a8ab4940515e986d1256701c5a1,exact,https://web.archive.org/web/20240916051220/https://zakony.judikaty.info/predpis/zakon-7/2010,2026-09-29
SK,water_control,operator,https://zakony.judikaty.info/predpis/zakon-7/2010,200,text/html,87b6021dd48471163216456506a90a8b80982a8ab4940515e986d1256701c5a1,exact,https://web.archive.org/web/20240916051220/https://zakony.judikaty.info/predpis/zakon-7/2010,2026-09-29
