claim,source_id,locator,quote,value_as_found,unit,confidence,retrieved,checked_by
indicator:AT:C1,brz-gv-at:79f90b28d7,page text,"Darüber hinaus verfügen wir über eines der größten Rechenzentren des Landes und hüten den Datenschatz der Republik. [English: In addition, we have one of the largest data centres in the country and safeguard the Republic's data treasure.]",yes,,official,2026-09-29,research.py: quote exact in fetched document
indicator:AT:C1,ris-bka-gv-at:00e4d18206,page text,Die Anteile der Gesellschaft sind zu 100% dem Bund vorbehalten. Die Veräußerung von Geschäftsanteilen des Bundes ist nicht zulässig. [English: The shares of the company are reserved 100% to the Federation. The sale of the Federation's shares is not permitted.],yes,,official,2026-09-29,research.py: quote exact in fetched document
indicator:AT:C2,brz-gv-at:bbd9ff2cbb,page text,"Wir organisieren den Umzug in die Cloud und unsere Kunden profitieren von den Vorteilen wie Effizienz, Flexibilität – und das alles in Österreich. [English: We organise the move to the cloud and our customers benefit from advantages such as efficiency and flexibility, all in Austria.]",yes,,official,2026-09-29,research.py: quote exact in fetched document
indicator:AT:C2,brz-gv-at:d5ebbcabe9,page text,"BRZ GoverDrive ist ein Ablageort zur sicheren Speicherung, Synchronisierung und zum Teilen von digitalen Informationen in der Cloud. [English: BRZ GoverDrive is a storage location for the secure storage, synchronisation and sharing of digital information in the cloud.]",yes,,official,2026-09-29,research.py: quote exact in fetched document
indicator:AT:K1,bmi-gv-at:fdbace9b54,page text,This website contains information on the Austrian CSCA operated by the Federal Ministry of Interior (BMI). [English: This website contains information on the Austrian CSCA operated by the Federal Ministry of Interior (BMI).],partial,,official,2026-09-29,research.py: quote exact in fetched document
indicator:AT:K1,rechnungshof-gv-at:58d5050525,PDF text,"Der (behördliche) Registrierungsprozess wurde mithilfe eines Vertrauensdiensteanbieters durchgeführt. Dieser nahm eine zentrale Rolle im Registrierungs– und Authentifizierungsprozess ein, da das E–ID–System auf dem Vertrauensdienst der Ausstellung von Signaturzertifikaten beruhte. Für die Erbringung dieses Vertrauensdienstes war das (privatwirtschaftliche) Unternehmen [English: The (official) registration process was carried out with the help of a trust service provider. It played a central role in registration and authentication, since the E-ID system relied on the trust service of issuing signature certificates. For providing this trust service, the (private-sector) company [A acted as subcontractor to BRZ GmbH]]",partial,,official,2026-09-29,research.py: quote exact in fetched document
indicator:AT:K2,rechnungshof-gv-at:a554cc68a2,page text,Auftragnehmer des BMDW war fast ausschließlich die Bundesrechenzentrum (BRZ) GmbH. [English: The contractor of the Federal Ministry for Digital and Economic Affairs was almost exclusively Bundesrechenzentrum (BRZ) GmbH.],yes,,secondary,2026-09-29,research.py: quote exact in fetched document
indicator:AT:K2,ris-bka-gv-at:10d2ab61ab,page text,"Der Bundesminister für Inneres sowie die Stammzahlenregisterbehörde sind ermächtigt, diese personenbezogenen Daten zu Zwecken der Verwaltung des E-ID zu verarbeiten. [English: The Federal Minister of the Interior and the Source PIN Register Authority are authorised to process these personal data for the purposes of administering the E-ID.]",yes,,official,2026-09-29,research.py: quote exact in fetched document
indicator:AT:L2,ris-bka-gv-at:0f896da3e5,page text,"„streng geheim“, wenn sie geheim ist und überdies ihr Bekanntwerden eine schwere Schädigung nach Z 2 wahrscheinlich machen würde. [English: 'top secret', if it is secret and its becoming known would moreover make serious harm under item 2 likely.]",yes,,official,2026-09-29,research.py: quote exact in fetched document
indicator:AT:L2,ris-bka-gv-at:e1710f5636,page text,"„GEHEIM“, wenn die Informationen vertraulich sind und ihre Preisgabe zudem die Gefahr einer erheblichen Schädigung der in § 6 Abs. 1 IFG genannten Interessen schaffen würde; [English: 'SECRET', if the information is confidential and its disclosure would moreover create the risk of substantial harm to the interests named in § 6(1) Freedom of Information Act;]",yes,,official,2026-09-29,research.py: quote exact in fetched document
indicator:BE:K1,repository-eid-belgium-be:8485ac65e6,PDF text,The Belgian authorities are the CSP responsible for the Belgium Root CAs and for the CA certificates issued under the Belgian Root CA. [English: The Belgian authorities are the CSP responsible for the Belgium Root CAs and for the CA certificates issued under the Belgian Root CA.],yes,,official,2026-09-29,research.py: quote exact in fetched document
indicator:BE:K2,ibz-rrn-fgov-be:192a634168,page text,De eID is de elektronische identiteitskaart die wordt uitgereikt aan elke Belg ouder dan 12 jaar. [English: The eID is the electronic identity card issued to every Belgian over the age of 12.],yes,,official,2026-09-29,research.py: quote exact in fetched document
indicator:BE:L2,etaamb-openjustice-be:d1488d8bbe,page text,Le degré TRES SECRET est attribué lorsque l'utilisation inappropriée peut porter très gravement atteinte à un des intérêts visés à l'article 3. [English: The TOP SECRET degree is assigned when inappropriate use could very seriously harm one of the interests referred to in Article 3.],yes,,official,2026-09-29,research.py: quote exact in fetched document
indicator:BG:C1,is-bg-net:54686f3c44,page text,Информационно обслужване предоставя на своите клиенти възможност да разположат свое хардуерно оборудване в сървърните помещения на компанията чрез колокация на оборудването в сигурен център за данни. [English: Information Services lets its clients place their own hardware in the company's server rooms through colocation in a secure data centre.],yes,,official,2026-09-29,research.py: quote exact in fetched document
indicator:BG:K1,crc-bg:091930d4a9,page text,"Вписаните от КРС в националния доверителен списък доставчици на квалифицирани удостоверителни услуги са: „Борика“ АД , „Евротръст Технолъджис“ АД , „Инфонотари“ ЕАД, „Информационно обслужване“ АД и „Идокс България“ ЕООД [English: The qualified trust service providers entered by the CRC in the national trusted list are: Borica AD, Evrotrust Technologies AD, InfoNotary EAD, Information Services AD and Idox Bulgaria EOOD.]",yes,,official,2026-09-29,research.py: quote exact in fetched document
indicator:BG:K1,is-bg-net:58846edda3,PDF text,Национална инфраструктура за издаване и управление на удостоверения за електронен подпис с търговското име StampIT [English: National infrastructure for issuing and managing electronic signature certificates under the trade name StampIT.],yes,,official,2026-09-29,research.py: quote exact in fetched document
indicator:BG:K2,crc-bg:091930d4a9,page text,"Вписаните от КРС в националния доверителен списък доставчици на квалифицирани удостоверителни услуги са: „Борика“ АД , „Евротръст Технолъджис“ АД , „Инфонотари“ ЕАД, „Информационно обслужване“ АД и „Идокс България“ ЕООД [English: The qualified trust service providers entered by the CRC in the national trusted list are: Borica AD, Evrotrust Technologies AD, InfoNotary EAD, Information Services AD and Idox Bulgaria EOOD.]",partial,,official,2026-09-29,research.py: quote exact in fetched document
indicator:BG:K2,segabg-com:893a8ce07a,page text,"Удостоверенията за електронна идентичност е предвидено да се издават и записват върху електронния носител на информация в документите за самоличност, повече известен като чипа в личните карти. Този чип имат новите лични карти. Към момента обаче МВР не ги е задействала. [English: Electronic identity certificates are meant to be issued and written onto the electronic chip in identity documents. The new ID cards have this chip. So far, however, the Ministry of Interior has not activated them.]",partial,,secondary,2026-09-29,research.py: quote exact in fetched document
indicator:CY:C1,interoperable-europe-ec-europa-eu:999ca03fec,PDF text,At the beginning of 2024 the UDC launched its own Disaster Recovery site supporting its IT systems. [English: At the beginning of 2024 the UDC launched its own Disaster Recovery site supporting its IT systems.],yes,,official,2026-09-29,research.py: quote exact in fetched document
indicator:CY:C2,interoperable-europe-ec-europa-eu:999ca03fec,PDF text,The G-Cloud will be implemented in the premises of a datacentre provider (Tier3 datacentre) and not in government premises. [English: The G-Cloud will be implemented in the premises of a datacentre provider (Tier3 datacentre) and not in government premises.],partial,,official,2026-09-29,research.py: quote exact in fetched document
indicator:CY:K1,interoperable-europe-ec-europa-eu:999ca03fec,PDF text,issued in February 2019 to JCC Payment Systems Ltd the first authorisation as qualified trust service provider. [English: issued in February 2019 to JCC Payment Systems Ltd the first authorisation as qualified trust service provider.],partial,,official,2026-09-29,research.py: quote exact in fetched document
indicator:CY:K2,interoperable-europe-ec-europa-eu:999ca03fec,PDF text,in March 2022 the Department of Electronic Communications issued to JCC Payment Systems Ltd (qualified trust services provider) an authorisation to provide eID to Cypriot citizens. [English: in March 2022 the Department of Electronic Communications issued to JCC Payment Systems Ltd (qualified trust services provider) an authorisation to provide eID to Cypriot citizens.],partial,,official,2026-09-29,research.py: quote exact in fetched document
indicator:CZ:C1,web-archive-org:75166dee30,page text,Provozujeme dvě nezávislé lokality propojené optickým kruhem. Nabízíme certifikovanou bezpečnost i moderní kapacitu pro Cloud computingové služby. [English: We operate two independent sites connected by an optical ring. We offer certified security and modern capacity for cloud computing services.],yes,,official,2026-09-29,research.py: quote exact in fetched document
indicator:CZ:C2,web-archive-org:75166dee30,page text,"Poskytovatel služeb Státní části eGovernment cloudu, služeb kybernetické bezpečnosti a dalších souvisejících ICT služeb pro státní správu. [English: Provider of services of the State part of the eGovernment cloud, cybersecurity services and other related ICT services for the state administration.]",yes,,official,2026-09-29,research.py: quote exact in fetched document
indicator:CZ:C2,zakonyprolidi-cz:7859dc5414,page text,"pověřuje osobu nebo jiné právní uspořádání, které jsou zřízené nebo založené státem a které splňují požadavky podle § 6m odst. 1, poskytováním cloud computingu orgánům veřejné správy [English: [The Government] mandates a person or other legal arrangement established or founded by the state and meeting the requirements of § 6m(1) to provide cloud computing to public administration bodies.]",yes,,official,2026-09-29,research.py: quote exact in fetched document
indicator:CZ:K1,sssvd-gov-cz:dfdd6618fb,page text,"Správa byla ze strany Digitální a informační agentury zapsána na Seznam kvalifikovaných poskytovatelů služeb vytvářejících důvěru a poskytovaných kvalifikovaných služeb vytvářejících důvěru a od 1. ledna 2024 může poskytovat služby vytvářející důvěru. [English: The Administration was entered by the Digital and Information Agency on the List of qualified trust service providers and qualified trust services, and may provide trust services from 1 January 2024.]",yes,,official,2026-09-29,research.py: quote exact in fetched document
indicator:CZ:K1,zakonyprolidi-cz:635a6233a1,page text,Předmětem činnosti Správy je poskytování služeb vytvářejících důvěru pro potřeby České republiky. [English: The Administration's activity is the provision of trust services for the needs of the Czech Republic.],yes,,official,2026-09-29,research.py: quote exact in fetched document
indicator:CZ:K2,info-identitaobcana-cz:c6ddc5720a,page text,"NIA ID - státem zdarma poskytovaný identifikační prostředek založený na kombinaci jména, hesla a SMS kódu [English: NIA ID – an identification means provided free of charge by the state, based on a combination of name, password and SMS code.]",yes,,official,2026-09-29,research.py: quote exact in fetched document
indicator:CZ:K2,zakonyprolidi-cz:ba1c501e72,page text,působnost Digitální a informační agentury (dále jen „Agentura“) na úseku elektronické identifikace [English: the competence of the Digital and Information Agency (the 'Agency') in the field of electronic identification],yes,,official,2026-09-29,research.py: quote exact in fetched document
indicator:CZ:L1,zakonyprolidi-cz:0116023f54,page text,"Zákaznická data a specifické provozní údaje jsou zpracovávány na území České republiky. [English: Customer data and specific operational data are processed on the territory of the Czech Republic (Annex 4, requirement 1.2, critical security level).]",partial,,official,2026-09-29,research.py: quote exact in fetched document
indicator:CZ:L1,zakonyprolidi-cz:7859dc5414,page text,Poskytovatelem cloud computingu poskytujícím orgánu veřejné správy cloud computing zařazený do nejvyšší bezpečnostní úrovně může být pouze poskytovatel státního cloud computingu. [English: Only the state cloud computing provider may provide a public administration body with cloud computing classified at the highest security level.],partial,,official,2026-09-29,research.py: quote exact in fetched document
indicator:CZ:L2,zakonyprolidi-cz:2ad9441693,page text,"Přísně tajné, jestliže její vyzrazení neoprávněné osobě nebo zneužití může způsobit mimořádně vážnou újmu zájmu České republiky [English: Top Secret, if its disclosure to an unauthorised person or misuse may cause exceptionally grave harm to the interests of the Czech Republic.]",yes,,official,2026-09-29,research.py: quote exact in fetched document
indicator:DE:C1,itzbund-de:a59e11192f,page text,Das ITZBund arbeitet ressortübergreifend für die gesamte Bundesverwaltung. [English: ITZBund works across ministries for the entire federal administration.],yes,,official,2026-09-29,research.py: quote exact in fetched document
indicator:DE:C1,itzbund-de:c61eb2fa73,page text,"Unsere Strategie ist ein überregionaler Verbund von Rechenzentren, aufgeteilt auf mindestens drei Regionen. [English: Our strategy is a supra-regional network of data centres spread across at least three regions.]",yes,,official,2026-09-29,research.py: quote exact in fetched document
indicator:DE:C2,itzbund-de:97b489181a,page text,"stellen wir sicher, dass der Bund die Hoheit über seine Daten behält. [English: (by operating the private Bundescloud in our own ITZBund data centres) we ensure that the federal government retains sovereignty over its data.]",yes,,official,2026-09-29,research.py: quote exact in fetched document
indicator:DE:K1,bsi-bund-de:db18328d00,page text,wird dieser Sicherungsanker seit dem 20. Februar 2001 im BSI betrieben [English: this trust anchor (the root CA of the public administration PKI) has been operated at the BSI since 20 February 2001],yes,,official,2026-09-29,research.py: quote exact in fetched document
indicator:DE:K1,d-trust-net:9815d0323b,page text,"Die D-Trust GmbH ist ein Unternehmen der Bundesdruckerei-Gruppe mit Sitz im Herzen Berlins. [English: D-Trust GmbH is a company of the Bundesdruckerei Group, headquartered in the heart of Berlin.]",yes,,official,2026-09-29,research.py: quote exact in fetched document
indicator:DE:K2,bundesdruckerei-de:2e8ac42075,page text,"Die Bundesdruckerei-Gruppe leistet mit ihrer Digital- und Sicherheitskompetenz als Technologieunternehmen des Bundes einen Beitrag für die digitale Souveränität Deutschlands und Europas. [English: As the federal government's technology company, the Bundesdruckerei Group contributes its digital and security expertise to the digital sovereignty of Germany and Europe.]",yes,,official,2026-09-29,research.py: quote exact in fetched document
indicator:DE:K2,gesetze-im-internet-de:3b46010997,page text,"Das Bundesministerium des Innern und für Heimat bestimmt 1. den Ausweishersteller, [English: The Federal Ministry of the Interior determines 1. the ID card manufacturer, (and further the certificate authority for service providers and the blocking-list operator)]",yes,,official,2026-09-29,research.py: quote exact in fetched document
indicator:DE:L1,bsi-bund-de:a38e3a49a7,PDF text,"Die Einrichtung SOLLTE zur Absicherung der Verfügbarkeit als Teil der Informationssicherheit Vereinbarungen ausschließlich nach deutschem Recht und deutschem Gerichtsstand und ohne obligatorisch vorab zu betreibende Schlichtungsverfahren abschließen. [English: To safeguard availability as part of information security, the body SHOULD conclude agreements exclusively under German law and German jurisdiction, without mandatory prior arbitration.]",partial,,official,2026-09-29,research.py: quote exact in fetched document
indicator:DE:L2,gesetze-im-internet-de:aab4518525,page text,"VS-NUR FÜR DEN DIENSTGEBRAUCH, wenn die Kenntnisnahme durch Unbefugte für die Interessen der Bundesrepublik Deutschland oder eines ihrer Länder nachteilig sein kann. [English: RESTRICTED (for official use only), if disclosure to unauthorised persons may be disadvantageous to the interests of the Federal Republic of Germany or one of its Länder.]",yes,,official,2026-09-29,research.py: quote exact in fetched document
indicator:DK:C1,statens-it-dk:6b2998562a,PDF text,"Igangværende arbejder for egen regning udgør 23,9 mio. kr. og vedrører primært etablering af nyt datacenter. [English: Work in progress on own account amounts to DKK 23.9 million and relates mainly to establishment of a new data centre.]",yes,,official,2026-09-29,research.py: quote exact in fetched document
indicator:DK:C1,statens-it-dk:83105c9f72,page text,"Statens It leverer it-drift og services til statslige ministerier, styrelser og selvejende uddannelsesinstitutioner. [English: Statens It delivers IT operations and services to state ministries, agencies and self-governing educational institutions.]",yes,,official,2026-09-29,research.py: quote exact in fetched document
indicator:DK:C2,statens-it-dk:6b2998562a,PDF text,"Tilgangen i de immaterielle anlægsaktiver skyldes en markant stigning i udviklingsprojekter under opførsel, som primært kan henføres til transitionsprojekter og udvikling af SIT Cloud. [English: The increase in intangible fixed assets is due to a marked rise in development projects under construction, mainly attributable to transition projects and development of SIT Cloud.]",yes,,official,2026-09-29,research.py: quote exact in fetched document
indicator:DK:K1,ca1-gov-dk:964232322c,page text,Den Danske Stat (CA1) er en kvalificeret tillidstjenesteudbyder efter eIDAS-forordningen og optræder på positivlisten over godkendte tillidstjenesteudbydere. [English: The Danish State (CA1) is a qualified trust service provider under the eIDAS Regulation and appears on the trusted list of approved trust service providers.],yes,,official,2026-09-29,research.py: quote exact in fetched document
indicator:DK:K1,certifikat-gov-dk:d5f6f676ef,page text,I Danmark er Digitaliseringsstyrelsen udpeget som tilsynsorgan for tillidstjenester. [English: In Denmark the Agency for Digital Government is designated as the supervisory body for trust services.],yes,,official,2026-09-29,research.py: quote exact in fetched document
indicator:DK:K2,digst-dk:ea3e91374d,page text,"MitID-partnerskabet har rettighederne til MitID løsningen, navn og logo, også efter kontraktens løbetid. [English: The MitID partnership holds the rights to the MitID solution, name and logo, also after the contract term.]",partial,,official,2026-09-29,research.py: quote exact in fetched document
indicator:DK:L2,retsinformation-dk:ab991b96f7,page text,"Denne klassifikationsgrad skal anvendes om informationer, hvis videregivelse uden dertil indhentet bemyndigelse ville kunne forvolde Danmark eller landene i NATO eller EU alvorlig skade. [English: This classification level [HEMMELIGT / SECRET] shall be used for information whose unauthorised disclosure could cause Denmark or the NATO or EU countries grave damage.]",partial,,official,2026-09-29,research.py: quote exact in fetched document
indicator:EE:C1,riigikontroll-ee:f0e5603207,PDF text,"Järgmiseks sammuks on esimese andmesaatkonna loomine ehk oma serveriruum välisriigi riiklikus andmekeskuses. [English: The next step is creating the first data embassy, that is, Estonia's own server room in a foreign state's national data centre.]",yes,,official,2026-09-29,research.py: quote exact in fetched document
indicator:EE:C1,riigipilv-ee:16c4688e19,page text,Riigipilve riistvararessursid koosnevad erinevate parameetritega tehnilistest lahendustest erinevates asukohtades Eesti Vabariigi piirides ja üks asukoht väljaspool Eestit. [English: The Government Cloud's hardware resources consist of technical solutions with different parameters in different locations within the borders of the Republic of Estonia and one location outside Estonia.],yes,,official,2026-09-29,research.py: quote exact in fetched document
indicator:EE:C1,riigipilv-ee:42ee6bff70,page text,See võimaldab riigiasutustel majutada oma andmeid ja infosüsteeme hajusamalt. Dubleeriva andmekeskuse asukoht jääb Tallinna piirkonnast välja. [English: This allows state agencies to host their data and information systems in a more distributed way. The duplicate data centre is located outside the Tallinn area.],yes,,official,2026-09-29,research.py: quote exact in fetched document
indicator:EE:C2,riigikontroll-ee:f0e5603207,PDF text,Riigi privaatpilve keskkond (http://riigipilv.ee/) võeti ametlikult kasutusele 2017. aasta maikuus. [English: The state private cloud environment (riigipilv.ee) was officially put into use in May 2017.],yes,,official,2026-09-29,research.py: quote exact in fetched document
indicator:EE:C2,riigipilv-ee:8882c59d89,page text,Riigipilve arenduse eest vastutab Riigi Info- ja Kommunikatsioonitehnoloogia Keskus (Riigi IT Keskus). [English: The State Information and Communication Technology Centre (State IT Centre) is responsible for developing the Government Cloud.],yes,,official,2026-09-29,research.py: quote exact in fetched document
indicator:EE:C2,riigipilv-ee:ff4d0b6ad2,page text,1. juuni 2022 seisuga on Riigipilvel 82 tellijat. [English: As of 1 June 2022 the Government Cloud had 82 customers.],yes,,official,2026-09-29,research.py: quote exact in fetched document
indicator:EE:K2,repository-eidpki-ee:1d46b67463,page text,The Police and Border Guard Board (PBGB) or the Ministry of Foreign Affairs (MFA) is the issuing authority of Documents in the Republic of Estonia. [English: The Police and Border Guard Board or the Ministry of Foreign Affairs is the issuing authority of the (ID-1 identity) documents in the Republic of Estonia.],partial,,official,2026-09-29,research.py: quote exact in fetched document
indicator:EE:L2,teabeamet-ee:3a282e16fe,page text,"Seadus sätestab riigisaladuse mõiste, riigisaladuseks oleva teabe tasemed ja liigid, riigisaladusele juurdepääsu, riigisaladuse ja salastatud teabekandjate töötlemise korra alused, samuti salastatud välisteabe kaitse üldalused. [English: The Act (State Secrets and Classified Information of Foreign States Act) establishes the concept of state secret, the levels and types of information constituting state secrets, access to state secrets, the basis for processing state secrets and classified media, and the general principles for protecting classified foreign information.]",yes,,official,2026-09-29,research.py: quote exact in fetched document
indicator:EE:L2,teabeamet-ee:52cd46756f,page text,salastatud teabe tasemete vastavus Eesti seadustega kehtestatud tasemetele [English: correspondence of classified information levels to the levels established by Estonian law],yes,,official,2026-09-29,research.py: quote exact in fetched document
indicator:EL:C1,grnet-gr:910a35e7b0,page text,The GRNET data center on Louros has the capacity to support equipment up to 200 KWatt.,yes,,official,2026-09-29,research.py: quote exact in fetched document
indicator:EL:C2,lawspot-gr:b11a8df980,page text,Ως Κυβερνητικό Νέφος Δημόσιου Τομέα (GCloud) νοείται το σύνολο των ψηφιακών υποδομών που διαχειρίζεται η Γενική Γραμματεία Πληροφοριακών Συστημάτων Δημόσιας Διοίκησης [English: The Public Sector Government Cloud (G-Cloud) means the totality of digital infrastructures managed by the General Secretariat of Public Administration Information Systems.],yes,,official,2026-09-29,research.py: quote exact in fetched document
indicator:EL:K1,aped-gov-gr:94e26b80ab,page text,Η Αρχή Πιστοποίησης του Ελληνικού Δημοσίου (ΑΠΕΔ) παρέχει δωρεάν εγκεκριμένα πιστοποιητικά ηλεκτρονικής υπογραφής. [English: The Hellenic Public Administration Certification Authority (APED) provides free qualified electronic signature certificates.],yes,,official,2026-09-29,research.py: quote exact in fetched document
indicator:EL:K1,aped-gov-gr:f3a88e6ae7,page text,Η επιχειρησιακή διαχείριση της Υποδομής Δημοσίου Κλειδιού του Δημόσιου Τομέα και της Αρχής Πιστοποίησης του Ελληνικού Δημοσίου ασκείται αρμοδίως από το Τμήμα Υπηρεσιών Εμπιστοσύνης [English: The operational management of the Public Sector Public Key Infrastructure and of the Hellenic Public Administration Certification Authority is exercised by the Trust Services Department.],yes,,official,2026-09-29,research.py: quote exact in fetched document
indicator:EL:K2,lawspot-gr:fa40eabc5e,page text,η Γενική Γραμματεία Πληροφοριακών Συστημάτων Δημόσιας Διοίκησης είναι αποκλειστικά υπεύθυνη για την ταυτοποίηση και την αυθεντικοποίηση των φυσικών ή νομικών προσώπων ή νομικών οντοτήτων για σκοπούς παροχής και χρήσης των ψηφιακών δημόσιων υπηρεσιών [English: The General Secretariat of Public Administration Information Systems is exclusively responsible for the identification and authentication of natural or legal persons or legal entities for the provision and use of digital public services.],yes,,official,2026-09-29,research.py: quote exact in fetched document
indicator:EL:L2,lawspot-gr:86306a9b7f,page text,"Για τα συστήματα επικοινωνιών και πληροφορικής, στα οποία αποθηκεύονται, επεξεργάζονται ή διαβιβάζονται εθνικά διαβαθμισμένες πληροφορίες, εφαρμόζονται οι διατάξεις του Εθνικού Κανονισμού Ασφαλείας (Ε.Κ.Α.). [English: For communication and information systems in which nationally classified information is stored, processed or transmitted, the provisions of the National Security Regulation (EKA) apply.]",yes,,official,2026-09-29,research.py: quote exact in fetched document
indicator:ES:C1,boe-es:794a6fb20f,page text,"El diseño, provisión, explotación y evolución de los centros de proceso de datos de referencia, gestionados por la Agencia, para la prestación de servicios comunes. [English: The design, provision, operation and evolution of the reference data processing centres, managed by the Agency, for providing common services.]",yes,,official,2026-09-29,research.py: quote exact in fetched document
indicator:ES:C1,interoperable-europe-ec-europa-eu:92a5c57c6a,PDF text,"consolidating data processing centres by merging internal centres (private cloud) and, if needed, external providers (public cloud). This strategy was approved in 2023. [English: (English original)]",yes,,official,2026-09-29,research.py: quote exact in fetched document
indicator:ES:C2,boe-es:794a6fb20f,page text,"La operación de la capa de infraestructuras que soporta las distintas plataformas de la Agencia, entre ellas la solución de nube híbrida propia de la Administración, conocida como «NubeSARA». [English: The operation of the infrastructure layer supporting the Agency's various platforms, including the Administration's own hybrid cloud solution, known as 'NubeSARA'.]",yes,,official,2026-09-29,research.py: quote exact in fetched document
indicator:ES:K1,boe-es:1c59d3287e,page text,"se faculta a la Fábrica Nacional de Moneda y Timbre (FNMT) para la prestación de los servicios técnicos y administrativos necesarios para garantizar la seguridad, validez y eficacia de la emisión y recepción de comunicaciones y documentos [English: the FNMT is empowered to provide the technical and administrative services needed to guarantee the security, validity and effectiveness of issuing and receiving communications and documents]",yes,,official,2026-09-29,research.py: quote exact in fetched document
indicator:ES:K1,boe-es:f258cd5f31,page text,La Fábrica Nacional de Moneda y Timbre-Real Casa de la Moneda es una entidad pública empresarial de las previstas en el artículo 43.1.b) de la Ley 6/1997 [English: The FNMT-RCM is a public business entity of the kind provided for in article 43.1.b) of Law 6/1997],yes,,official,2026-09-29,research.py: quote exact in fetched document
indicator:ES:K1,tsl-digital-gob-es:71ad256934,page text,"Fábrica Nacional de Moneda y Timbre - Real Casa de la Moneda, Entidad Pública Empresarial, Medio Propio (FNMT-RCM) [English: National Mint and Stamp Factory - Royal Mint, Public Business Entity, In-house Provider (FNMT-RCM)]",yes,,official,2026-09-29,research.py: quote exact in fetched document
indicator:ES:K2,boe-es:1f4d088076,page text,"El Documento Nacional de Identidad es un documento personal e intransferible emitido por el Ministerio del Interior, a través de la Dirección General de la Policía [English: The National Identity Document is a personal and non-transferable document issued by the Ministry of the Interior, through the Directorate-General of the Police]",yes,,official,2026-09-29,research.py: quote exact in fetched document
indicator:ES:K2,interoperable-europe-ec-europa-eu:92a5c57c6a,PDF text,The Spanish electronic National Identity Document (eDNI) was notified in November 2018 as a high-level of assurance eID provided by the Ministry of the Interior. [English: (English original)],yes,,official,2026-09-29,research.py: quote exact in fetched document
indicator:ES:L2,boe-es:ff149accef,page text,Las «materias clasificadas» serán calificadas en las categorías de secreto y reservado en atención al grado de protección que requieran. [English: 'Classified matters' shall be graded in the categories of secret and reserved according to the degree of protection they require.],yes,,official,2026-09-29,research.py: quote exact in fetched document
indicator:FI:C1,erillisverkot-fi:5bb7b96539,page text,Konesalimme on rakennettu täyttämään KATAKRI-turvaluokitustason 3 (TLIII) tai 4 (TLIV) vaatimukset. [English: Our data centres are built to meet the requirements of KATAKRI security classification level 3 (TL III) or 4 (TL IV).],yes,,official,2026-09-29,research.py: quote exact in fetched document
indicator:FI:C1,opendata-finlex-fi:c26c9dda26,page text,Turvallisuusverkon verkko- ja infrastruktuuripalvelujen tuottajana toimii valtion kokonaan omistama Suomen Erillisverkot Oy -niminen osakeyhtiö. [English: The wholly state-owned limited company Suomen Erillisverkot Oy acts as the producer of the security network's network and infrastructure services.],yes,,official,2026-09-29,research.py: quote exact in fetched document
indicator:FI:C2,erillisverkot-fi:5266ce1d26,page text,"Erillisverkkojen omistama, operoima ja hallinnoima virtuaalinen konesalipalvelu, joka on täysin ohjelmisto-ohjattu kokonaisratkaisu. [English: A virtual data centre service owned, operated and managed by Erillisverkot, a fully software-defined overall solution.]",yes,,official,2026-09-29,research.py: quote exact in fetched document
indicator:FI:K1,opendata-finlex-fi:4187ed7874,page text,"Väestörekisterikeskuksen tehtävänä on tuottaa, tarjota ja hallinnoida varmennetussa sähköisessä asioinnissa käytettäväksi tarkoitettu kansalaisvarmenne sekä sen käyttöön välittömästi liittyvät varmennehakemisto- ja sulkulistapalvelut. [English: The Population Register Centre's task is to produce, provide and manage the citizen certificate for certified electronic transactions and the directly related certificate directory and revocation list services.]",yes,,official,2026-09-29,research.py: quote exact in fetched document
indicator:FI:K2,dvv-fi:0e79936b79,page text,"valtion hallintoviranomaisten ja virastojen, laitosten ja liikelaitosten sekä kunnallisten viranomaisten tulee tarjota lakisääteisiin palveluihin liittyvä tunnistautuminen Suomi.fi-tunnistus -palvelulla. [English: state administrative authorities, agencies, institutions and enterprises and municipal authorities must provide identification for statutory services through the Suomi.fi e-Identification service.]",yes,,official,2026-09-29,research.py: quote exact in fetched document
indicator:FI:K2,opendata-finlex-fi:bcafff1597,page text,Väestörekisterikeskus tuottaa ja kehittää 3 §:n 1 momentin 1–7 kohdissa tarkoitettuja tukipalveluja. [English: The Population Register Centre produces and develops the support services referred to in section 3(1)(1-7) [which include the identification service for natural persons].],yes,,official,2026-09-29,research.py: quote exact in fetched document
indicator:FI:L1,opendata-finlex-fi:c26c9dda26,page text,"Turvallisuusverkkoon välittömästi kuuluvien laitetilojen ja laitteiden on sijaittava ja palvelut on tuotettava Suomessa. Turvallisuusverkon laitetilojen, laitteiden ja palvelutuotannon hallinta ja valvonta on hoidettava Suomessa. [English: Equipment facilities and equipment belonging directly to the security network must be located, and services produced, in Finland. Management and supervision of the security network's facilities, equipment and service production must be carried out in Finland.]",partial,,official,2026-09-29,research.py: quote exact in fetched document
indicator:FI:L2,opendata-finlex-fi:b349c9896d,page text,"turvallisuusluokan I asiakirja, jos asiakirjaan sisältyvän salassa pidettävän tiedon oikeudeton paljastuminen tai oikeudeton käyttö voi aiheuttaa erityisen suurta vahinkoa [English: a security class I document, if unauthorised disclosure or use of the confidential information in it may cause exceptionally great damage]",yes,,official,2026-09-29,research.py: quote exact in fetched document
indicator:FR:C1,numerique-gouv-fr:9239b406fc,page text,Les infrastructures de π sont déployées sur 2 sites en Ile-de-France. [English: The π (Pi) infrastructure is deployed across 2 sites in Ile-de-France.],yes,,official,2026-09-29,research.py: quote exact in fetched document
indicator:FR:C2,numerique-gouv-fr:9239b406fc,page text,"π (Pi), opérée par le ministère de l’Intérieur, adaptée à l’hébergement de données sensibles jusqu’au niveau Diffusion restreinte. [English: π (Pi), operated by the Ministry of the Interior, suited to hosting sensitive data up to the Diffusion Restreinte level.]",yes,,official,2026-09-29,research.py: quote exact in fetched document
indicator:FR:K1,cyber-gouv-fr:c931442851,page text,"L’Agence nationale de la sécurité des systèmes d’information (ANSSI) est, en France, l’organe de contrôle chargé de qualifier les prestataires de services de confiance, et l’organisme responsable de l’établissement, la tenue à jour et la publication de la liste de confiance. [English: ANSSI is, in France, the supervisory body responsible for qualifying trust service providers and the body responsible for establishing, maintaining and publishing the trusted list.]",yes,,official,2026-09-29,research.py: quote exact in fetched document
indicator:FR:K1,messervices-cyber-gouv-fr:86b9503348,page text,Service d'émission de certificats de personnes qualifiés des ministères économiques et financiers [English: Qualified personal certificate issuance service of the economic and financial ministries],yes,,official,2026-09-29,research.py: quote exact in fetched document
indicator:FR:K2,france-identite-gouv-fr:3819ddc500,page text,Elle a été notifiée par la Commission européenne comme la solution française pour l’identité numérique [English: It has been notified by the European Commission as the French digital identity solution],yes,,official,2026-09-29,research.py: quote exact in fetched document
indicator:FR:K2,franceconnect-gouv-fr:5d40bbf959,page text,FranceConnect est un service de l’État qui confirme l’identité et l’authentification d’une personne lorsqu’elle souhaite accéder à un service en ligne. [English: FranceConnect is a State service that confirms a person's identity and authentication when they want to access an online service.],yes,,official,2026-09-29,research.py: quote exact in fetched document
indicator:FR:L2,sgdsn-gouv-fr:96a6de35c3,page text,"il existe deux niveaux de classification : le niveau Secret qui protège les informations et supports dont la divulgation ou auxquels l’accès est de nature à porter atteinte à la défense et à la sécurité nationale [English: there are two classification levels: the Secret level, which protects information and media whose disclosure or access would harm defence and national security]",yes,,official,2026-09-29,research.py: quote exact in fetched document
indicator:FR:L2,sgdsn-gouv-fr:f1840587a5,page text,La protection du secret de la défense nationale repose sur un corpus juridique qui a fait l’objet d’une importante révision : modification des articles R. 2311-2 et suivants du code de la défense et nouvelle instruction générale interministérielle n° 1300 [English: Protection of national defence secrecy rests on a legal corpus that has been significantly revised: amendment of articles R. 2311-2 et seq. of the Defence Code and a new general interministerial instruction no. 1300],yes,,official,2026-09-29,research.py: quote exact in fetched document
indicator:FR:L3,numerique-gouv-fr:e03a1fee57,page text,"l’offre de Cloud commerciale retenue devra impérativement respecter la qualification SecNumCloud (ou une qualification européenne garantissant un niveau au moins équivalent, notamment de cybersécurité) et être immunisée contre tout accès non autorisé par des autorités publiques d’État tiers [English: the commercial cloud offer chosen must imperatively comply with the SecNumCloud qualification (or an at least equivalent European qualification) and be immune to any unauthorised access by public authorities of third states]",yes,,official,2026-09-29,research.py: quote exact in fetched document
indicator:FR:L3,numerique-gouv-fr:eb25953231,PDF text,"la France dispose de la qualification nationale dénommée SecNumCloud, attribuée par l’ANSSI aux prestations de services d’informatique en nuage, comprenant notamment des exigences visant à assurer une protection adéquate contre les lois non européennes à portée extraterritoriale. [English: France has the national qualification called SecNumCloud, awarded by ANSSI to cloud services, including requirements designed to ensure adequate protection against non-European laws with extraterritorial reach.]",yes,,official,2026-09-29,research.py: quote exact in fetched document
indicator:HR:C1,mpudt-gov-hr:5df8638476,page text,Platforma se temelji na dva geografski odvojena podatkovna centra visoke raspoloživosti koji omogućuju nastavak rada sustava i u slučaju izvanrednih okolnosti. [English: The platform is based on two geographically separated high-availability data centres that allow systems to keep running even in extraordinary circumstances.],yes,,official,2026-09-29,research.py: quote exact in fetched document
indicator:HR:C2,mpudt-gov-hr:5df8638476,page text,"Njegove usluge koristi više od 1.080 korisnika, na platformi radi gotovo 6.000 virtualnih poslužitelja, dok se podaci pohranjuju na više od 8 petabajta prostora. [English: Its services are used by more than 1,080 users, almost 6,000 virtual servers run on the platform, and data is stored on more than 8 petabytes of storage.]",yes,,official,2026-09-29,research.py: quote exact in fetched document
indicator:HR:K1,akd-hr:def3eaefa0,page text,Društvo je u 100 %-tnom vlasništvu Republike Hrvatske. [English: The company is 100% owned by the Republic of Croatia.],yes,,official,2026-09-29,research.py: quote exact in fetched document
indicator:HR:K1,fina-hr:edfd258b86,page text,Osnivač: Republika Hrvatska Osnivački akt: Zakon o Financijskoj agenciji [English: Founder: Republic of Croatia. Founding act: Financial Agency Act.],yes,,official,2026-09-29,research.py: quote exact in fetched document
indicator:HR:K2,akd-hr:def3eaefa0,page text,Društvo je u 100 %-tnom vlasništvu Republike Hrvatske. [English: The company is 100% owned by the Republic of Croatia.],yes,,official,2026-09-29,research.py: quote exact in fetched document
indicator:HR:K2,narodne-novine-nn-hr:7f0c2da59e,page text,"Sustav e-Građani je dio državnog informacijskog sustava, a čine ga središnji državni portal, nacionalni identifikacijski i autentifikacijski sustav i sustav osobnog korisničkog pretinca. [English: The e-Citizens system is part of the state information system and consists of the central state portal, the national identification and authentication system (NIAS) and the personal user mailbox system.]",yes,,official,2026-09-29,research.py: quote exact in fetched document
indicator:HR:L1,mpudt-gov-hr:5df8638476,page text,"Zakonom je propisano da tijela državne uprave za uspostavu i rad svojih informacijskih sustava koriste usluge Centra dijeljenih usluga, osim u slučajevima propisanim Zakonom i provedbenim propisima. [English: The Act prescribes that state administration bodies use the services of the Shared Services Centre to set up and run their information systems, except in cases provided by the Act and implementing regulations.]",partial,,official,2026-09-29,research.py: quote exact in fetched document
indicator:HR:L1,narodne-novine-nn-hr:7f0c2da59e,page text,"Javni registri se pohranjuju u podatkovnim centrima koji se nalaze na teritoriju Republike Hrvatske, a koji zadovoljavaju uvjete propisane uredbom iz članka 4. stavka 2. ovoga Zakona. [English: Public registers are stored in data centres located on the territory of the Republic of Croatia that meet the conditions set by the regulation referred to in Article 4(2) of this Act.]",partial,,official,2026-09-29,research.py: quote exact in fetched document
indicator:HR:L2,zakon-hr:d00cece7f0,page text,Stupnjem tajnosti »VRLO TAJNO« klasificiraju se podaci čije bi neovlašteno otkrivanje nanijelo nepopravljivu štetu nacionalnoj sigurnosti i vitalnim interesima Republike Hrvatske [English: Data whose unauthorised disclosure would cause irreparable damage to national security and the vital interests of the Republic of Croatia are classified TOP SECRET.],yes,,official,2026-09-29,research.py: quote exact in fetched document
indicator:HU:C1,dmu-gov-hu:7b89c0b7f3,page text,"egyedi döntésében megállapítja a Kormányzati Adatközpont szolgáltatások kötelező igénybevételét vagy az alóli teljes vagy időleges mentességet [English: [the Agency] decides case by case whether Government Data Centre services must be used, or grants a full or temporary exemption from that obligation]",yes,,official,2026-09-29,research.py: quote exact in fetched document
indicator:HU:C2,net-jogtar-hu:e1f0a9821e,page text,"Az F4 besorolású adatok – kizárólag Magyarország területén, – felhőszolgáltatás igénybevétele esetén – harmadik fél által tanúsított privát felhőben vagy – kormányzati felhőben kezelhetők. [English: F4-class data may be processed only on the territory of Hungary and, where cloud services are used, only in a third-party-certified private cloud or in the government cloud.]",yes,,official,2026-09-29,research.py: quote exact in fetched document
indicator:HU:K1,hiteles-gov-hu:2a0d283b3e,page text,"A NISZ Nemzeti Infokommunikációs Szolgáltató Zrt. kijelölt kormányzati hitelesítés-szolgáltatóként (GovCA) bizalmi szolgáltatásokat és egyéb PKI szolgáltatásokat nyújt. [English: NISZ National Infocommunications Service Company, as the designated government certification service provider (GovCA), provides trust services and other PKI services.]",yes,,official,2026-09-29,research.py: quote exact in fetched document
indicator:HU:K2,dmu-gov-hu:a7a6924366,page text,"A DMÜ közvetlen módon 6 társaság felett látja el a tulajdonosi jogokat. [English: The Digital Hungary Agency directly exercises ownership rights over six companies (the list starts with IdomSoft Zrt., developer of the Digital Citizenship Programme).]",yes,,official,2026-09-29,research.py: quote exact in fetched document
indicator:HU:K2,net-jogtar-hu:d430c92b55,page text,"a digitális keretalkalmazás, a digitális keretszolgáltatások és az életesemény-alapú szolgáltatások nyújtására a Kormány által kijelölt szervre, valamint a digitális állampolgárság szolgáltatóra. [English: [the Act extends] to the body designated by the Government to provide the digital framework application, digital framework services and life-event-based services, and to the digital citizenship provider.]",yes,,official,2026-09-29,research.py: quote exact in fetched document
indicator:HU:L1,net-jogtar-hu:2c720e670d,page text,"kizárólag az adatosztályozás alapján, annak eredményére figyelemmel vehet igénybe nem privát felhőszolgáltatást, vagy kezelhet külföldön adatot, amennyiben más jogszabály a felhőszolgáltatás igénybevételét, vagy a külföldi adatkezelést nem tiltja vagy korlátozza. [English: [the organisation] may use non-private cloud services or process data abroad only on the basis of, and having regard to the result of, data classification, provided other legislation does not prohibit or restrict cloud use or foreign data processing.]",partial,,official,2026-09-29,research.py: quote exact in fetched document
indicator:HU:L1,net-jogtar-hu:e1f0a9821e,page text,"Az F1 besorolású adatok – földrajzi korlátozás nélkül, – nem privát felhőszolgáltatás igénybevétele esetén korlátozás nélkül kezelhetők és tárolhatók. [English: F1-class data may be processed and stored without geographic restriction and, when non-private cloud services are used, without restriction.]",partial,,official,2026-09-29,research.py: quote exact in fetched document
indicator:HU:L2,net-jogtar-hu:aefde2e285,page text,"rendkívül súlyosan károsítja a minősítéssel védhető közérdeket, akkor „Szigorúan titkos!”, b) súlyosan károsítja a minősítéssel védhető közérdeket, akkor „Titkos!”, c) károsítja a minősítéssel védhető közérdeket, akkor „Bizalmas!” [English: if it causes exceptionally grave damage to the public interest protectable by classification, then 'Top Secret!'; b) if it causes grave damage, then 'Secret!'; c) if it causes damage, then 'Confidential!']",yes,,official,2026-09-29,research.py: quote exact in fetched document
indicator:HU:L3,nki-gov-hu:7e0f362387,page text,"A FedRAMP marketplace-en megtalálható listában szereplő felhőszolgáltatásokat a nemzeti kiberbiztonsági hatóság engedélyezett és a Vhr. 1. melléklet 4.2.2.2. pontjában definiált tanúsított felhőszolgáltatásként ismeri el. [English: The national cybersecurity authority recognises cloud services on the FedRAMP marketplace list as authorised, certified cloud services as defined in point 4.2.2.2 of Annex 1 of the implementing decree.]",no,,absence,2026-09-29,research.py: quote exact in fetched document
indicator:IE:C1,assets-per-gov-ie:1072f00483,PDF text,delivers private Government Cloud services to public service organisations from Government Data Centres. The range and scale of services offered continues to expand and already includes compute and storage services i.e. IaaS. [English: Same (English original).],yes,,official,2026-09-29,research.py: quote exact in fetched document
indicator:IE:C1,ogcio-gov-ie:b00e924ad9,page text,enabling public service bodies to locate their ICT infrastructure in a purpose-built Government owned and run facility. The multi-year project to deliver the Government Data Centre is underway. [English: Same (English original).],yes,,official,2026-09-29,research.py: quote exact in fetched document
indicator:IE:C2,ogcio-gov-ie:b00e924ad9,page text,"Delivers a shared robust, resilient, private Government Cloud infrastructure platform available for system/application hosting for all Public Bodies. [English: Same (English original).]",yes,,official,2026-09-29,research.py: quote exact in fetched document
indicator:IE:C2,ogcio-gov-ie:dda774ec83,page text,The Government Cloud means that smaller departments and offices will not have to support their own hardware. [English: Same (English original).],yes,,official,2026-09-29,research.py: quote exact in fetched document
indicator:IE:L2,assets-per-gov-ie:1072f00483,PDF text,"While some organisations have a data classification system in place (for example the Department of Foreign Affairs and Trade), others do not and there are no central classification rules in place except for information defined as [English: Same (English original).]",partial,,official,2026-09-29,research.py: quote exact in fetched document
indicator:IT:C1,normattiva-it:8ae7eff63c,page text,"migrano i loro Centri per l'elaborazione delle informazioni (CED) e i relativi sistemi informatici, privi dei requisiti fissati dal regolamento di cui al comma 4, verso l'infrastruttura di cui al primo periodo o verso altra infrastruttura propria già esistente [English: [Central administrations] migrate their data processing centres (CED) that lack the requirements of the regulation to the national infrastructure or to another existing infrastructure of their own that meets them.]",yes,,official,2026-09-29,research.py: quote exact in fetched document
indicator:IT:K1,eidas-agid-gov-it:716a43ae73,page text,"CN=Ministero della Difesa - Time Stamp Authority eIDAS SERIALNUMBER=97355240587 OU=S.M.D. - C.do C4 Difesa O=Ministero della Difesa C=IT [English: Qualified eIDAS time-stamp authority operated by the Italian Ministry of Defence (Defence General Staff, C4 Command).]",yes,,official,2026-09-29,research.py: quote exact in fetched document
indicator:IT:K2,eidas-agid-gov-it:716a43ae73,page text,"C=IT, O=Ministero dell'Interno, OU=Direz. Centr. per i Servizi Demografici - CNSD, CN=National root CA for the Italian Electronic Identity Card [English: Italy, Ministry of the Interior, Central Directorate for Demographic Services: National root CA for the Italian Electronic Identity Card.]",yes,,official,2026-09-29,research.py: quote exact in fetched document
indicator:IT:L1,acn-gov-it:75df96d0d5,PDF text,"I dati dell’amministrazione, ivi inclusi quelli deputati alla sicurezza (quali, a titolo esemplificativo, i sistemi di controllo degli accessi), sono trattati mediante infrastrutture localizzate sul territorio dell'Unione europea. [English: The administration's data, including security data (for example access-control systems), are processed using infrastructure located on the territory of the European Union.]",yes,,official,2026-09-29,research.py: quote exact in fetched document
indicator:IT:L1,normattiva-it:8ae7eff63c,page text,la Presidenza del Consiglio dei ministri promuove lo sviluppo di un'infrastruttura ad alta affidabilità localizzata sul territorio nazionale per la razionalizzazione e il consolidamento dei Centri per l'elaborazione delle informazioni (CED) [English: The Presidency of the Council of Ministers promotes a high-reliability infrastructure located on national territory to rationalise and consolidate the public administration's data processing centres (CED).],yes,,official,2026-09-29,research.py: quote exact in fetched document
indicator:IT:L2,acn-gov-it:75df96d0d5,PDF text,"I dati e i servizi digitali delle amministrazioni di cui al comma 1 sono classificati, sulla base della loro caratterizzazione, nelle seguenti tre classi: [English: The administrations' data and digital services referred to in paragraph 1 are classified, based on their characterisation, into the following three classes (ordinary, critical, strategic).]",yes,,official,2026-09-29,research.py: quote exact in fetched document
indicator:IT:L3,acn-gov-it:75df96d0d5,PDF text,"«strategici» possono essere erogati tramite servizi cloud accreditati nell’ambito delle tipologie di cui al comma 1, lettere c) e d). [English: 'Strategic' data and services may be delivered only through cloud services qualified at levels c) and d) (QC3 and QC4).]",partial,,official,2026-09-29,research.py: quote exact in fetched document
indicator:LT:C1,lrt-lt:dab77997fd,page text,Telecentras baigė valstybinio duomenų centro VDC3 pridavimo Valstybinei teritorijų planavimo ir statybos inspekcijai procedūrą ir pradeda eksploatuoti objektą pagal jo paskirtį [English: Telecentras has completed the handover of state data centre VDC3 to the State Territorial Planning and Construction Inspectorate and is starting to operate the facility for its intended purpose],yes,,secondary,2026-09-29,research.py: quote exact in fetched document
indicator:LT:C2,lrt-lt:b4f6e681b1,page text,"vienas didžiausių pirmo pusmečio debesijos paslaugų kontraktų buvo pasirašytas su „Via Lietuva“, pagal kurį Telecentro valdomuose duomenų centruose bus saugomi visi su nauja kelių rinkliavos „Via Toll“ sistema ir jos veikimu susiję duomenys [English: one of the largest cloud-service contracts of the first half-year was signed with Via Lietuva, under which all data related to the new Via Toll road-charging system will be stored in data centres operated by Telecentras]",yes,,secondary,2026-09-29,research.py: quote exact in fetched document
indicator:LT:K1,nsc-vrm-lt:92756a8f46,page text,the Migration Department with immediate effect is taking over the provision of qualified trust services from the Identity Documents Personalisation Centre under the Ministry of Interior of the Republic of Lithuania [English: (English original)],yes,,official,2026-09-29,research.py: quote exact in fetched document
indicator:LT:K2,nsc-vrm-lt:92756a8f46,page text,are supported by digital certificates issued by the Migration Department under the Ministry of Interior of the Republic of Lithuania [English: (English original)],yes,,official,2026-09-29,research.py: quote exact in fetched document
indicator:LT:K2,nsc-vrm-lt:d6fccf37db,page text,"Lietuvos Respublikos piliečiams išduodamos asmens tapatybės kortelės yra elektroninės kortelės, kurios gali būti naudojamos ne tik kaip asmens dokumentai, bet taip pat kaip elektroninės atpažinties priemonės ir elektroninių dokumentų pasirašymo elektroniniu parašu įtaisai [English: Identity cards issued to citizens of the Republic of Lithuania are electronic cards which can be used not only as identity documents but also as electronic identification means and devices for signing electronic documents with an electronic signature]",yes,,official,2026-09-29,research.py: quote exact in fetched document
indicator:LT:L1,lrt-lt:ca5f0d562a,page text,"kopijas valstybės institucijos galės laikyti ne tik Lietuvos, bet ir kitų Europos Sąjungos, Europos ekonominės erdvės ar Šiaurės Atlanto Sutarties Organizacijos (NATO) valstybių duomenų centruose [English: state institutions will be able to keep copies not only in Lithuanian data centres but also in data centres of other EU, EEA or NATO states]",partial,,secondary,2026-09-29,research.py: quote exact in fetched document
indicator:LU:C1,ctie-gouvernement-lu:d5e3660bb0,page text,"la gestion des équipements électroniques, informatiques et de sécurité appropriés à l'accomplissement de ses attributions [English: the management of the electronic, IT and security equipment needed to carry out its duties]",yes,,official,2026-09-29,research.py: quote exact in fetched document
indicator:LU:C1,en-wikipedia-org:cbdd04f061,page text,October 2006: Incorporation of LuxConnect S.A. by the State of Luxembourg as main shareholder. [English: October 2006: Incorporation of LuxConnect S.A. by the State of Luxembourg as main shareholder.],yes,,secondary,2026-09-29,research.py: quote exact in fetched document
indicator:LU:C2,ctie-gouvernement-lu:19d1d77cc6,page text,Les demandes de projets govCloud et de développement de solutions métiers ne cessent de croitre. [English: Requests for govCloud projects and for the development of business solutions keep growing.],partial,,official,2026-09-29,research.py: quote loose in fetched document
indicator:LU:K1,incert-lu:05260b3ab9,page text,"Managing secure digital trust services such as qualified time stampings, and certificates for authentication and signature purposes (eIDAS 2.0). [English: Managing secure digital trust services such as qualified time stamping, and certificates for authentication and signature purposes (eIDAS 2.0).]",yes,,official,2026-09-29,research.py: quote exact in fetched document
indicator:LU:K1,incert-lu:52a70e39e6,page text,"Established in 2012 by the State of Luxembourg, INCERT serves national public services within [English: Established in 2012 by the State of Luxembourg, INCERT serves national public services within [identity management and cryptography]]",yes,,official,2026-09-29,research.py: quote exact in fetched document
indicator:LU:K2,ctie-gouvernement-lu:231c9e328b,page text,le gouvernement luxembourgeois donne au citoyen la possibilité d’utiliser sa carte d’identité électronique [English: the Luxembourg government gives citizens the possibility to use their electronic identity card],yes,,official,2026-09-29,research.py: quote exact in fetched document
indicator:LU:K2,ctie-gouvernement-lu:d5e3660bb0,page text,la production et la personnalisation de documents administratifs sécurisés et le traitement des données biométriques y relatives [English: the production and personalisation of secure administrative documents and the processing of the related biometric data],yes,,official,2026-09-29,research.py: quote exact in fetched document
indicator:LV:C1,lvrtc-lv:ab38a3a776,page text,"Mēs esam viens no nozīmīgākajiem datu centru pakalpojumu sniedzējiem Latvijā. Piedāvājam Jums iespēju izvietot iekārtas gan Rīgā, gan pārējā Latvijas teritorijā [English: We are one of the most significant data centre service providers in Latvia. We offer the possibility to place equipment both in Riga and elsewhere in Latvia]",yes,,official,2026-09-29,research.py: quote exact in fetched document
indicator:LV:C1,lvrtc-lv:dc0a712b43,page text,"LVRTC ir 100% Latvijas valstij piederoša kapitālsabiedrība, kuras misija ir gādāt, lai ikvienam valsts iedzīvotājam būtu iespēja droši un ātri saņemt un pārraidīt informāciju. [English: LVRTC is a capital company 100% owned by the Latvian state, whose mission is to ensure that every resident can receive and transmit information safely and quickly.]",yes,,official,2026-09-29,research.py: quote exact in fetched document
indicator:LV:C2,lvrtc-lv:63af424478,page text,"nacionālajā federētajā mākonī tika izmitinātas vēl piecas publiskās pārvaldes informācijas sistēmas, kas kopējo sistēmu skaitu ir palielinājis līdz deviņām [English: five more public administration information systems were hosted in the national federated cloud, raising the total number of systems to nine]",yes,,official,2026-09-29,research.py: quote exact in fetched document
indicator:LV:C2,lvrtc-lv:d0313a291b,page text,2021. gada sākumā uzsākta pakalpojumu nodrošināšana valsts pārvaldes iestādēm atbilstoši valsts elektronisko sakaru pakalpojumu centra (VESPC) nodrošināšanas kārtībai. [English: At the beginning of 2021 service provision to state administration institutions began in accordance with the procedure for the State Electronic Communications Services Centre (VESPC).],yes,,official,2026-09-29,research.py: quote exact in fetched document
indicator:LV:K1,lvrtc-lv:dc0a712b43,page text,"LVRTC ir 100% Latvijas valstij piederoša kapitālsabiedrība, kuras misija ir gādāt, lai ikvienam valsts iedzīvotājam būtu iespēja droši un ātri saņemt un pārraidīt informāciju. [English: LVRTC is a capital company 100% owned by the Latvian state, whose mission is to ensure that every resident can receive and transmit information safely and quickly.]",yes,,official,2026-09-29,research.py: quote exact in fetched document
indicator:LV:K2,lvrtc-lv:851dfaaf30,page text,LVRTC ir reģistrēts kā vienīgais valstī kvalificēta paaugstinātas drošības elektroniskās identifikācijas pakalpojuma sniedzējs. [English: LVRTC is registered as the only qualified high-security electronic identification service provider in the country.],yes,,official,2026-09-29,research.py: quote exact in fetched document
indicator:LV:K2,lvrtc-lv:eb400ff26d,page text,"jānodrošina iespēja saņemt pakalpojumus, izmantojot nacionālos elektroniskās identifikācijas līdzekļus – eID karti un mobilo lietotni eParaksts mobile [English: must ensure the possibility to receive services using the national electronic identification means: the eID card and the mobile app eParaksts mobile]",yes,,official,2026-09-29,research.py: quote exact in fetched document
indicator:LV:L1,likumi-lv:6b4845fb33,page text,"Vienoto valsts interneta plūsmu apmaiņas punktu izveido un uztur, lai: 1) pastāvīgi nodrošinātu kritiskās datu plūsmas atrašanos tikai Latvijas Republikas teritorijā [English: The single state internet exchange point is established and maintained in order to: 1) permanently ensure that critical data flows remain only within the territory of the Republic of Latvia]",partial,,official,2026-09-29,research.py: quote exact in fetched document
indicator:LV:L1,likumi-lv:e9ce742876,page text,"akreditēta informācijas sistēma – Satversmes aizsardzības biroja noteiktā kārtībā reģistrēta un akreditēta informācijas sistēma, kurā apstrādā klasificēto informāciju [English: accredited information system: an information system registered and accredited in accordance with the procedure set by the Constitution Protection Bureau, in which classified information is processed]",partial,,official,2026-09-29,research.py: quote exact in fetched document
indicator:LV:L2,likumi-lv:56ccf6942d,page text,"Informāciju, kas ir valsts noslēpums, pēc svarīguma klasificē sevišķi slepenā, slepenā un konfidenciālā informācijā un informācijā dienesta vajadzībām. [English: Information that is a state secret is classified by importance as top secret, secret and confidential information, and information for official use.]",yes,,official,2026-09-29,research.py: quote exact in fetched document
indicator:MT:C1,interoperable-europe-ec-europa-eu:ae4b6fe043,PDF text,"The Malta Information Technology Agency (MITA), which falls under the remit of the OPM [English: MITA falls under the Office of the Prime Minister.]",yes,,official,2026-09-29,research.py: quote exact in fetched document
indicator:MT:C2,interoperable-europe-ec-europa-eu:ae4b6fe043,PDF text,"MITA operates a Hybrid Cloud Platform (HCP), a hosting solution entirely developed and maintained in Malta for all government entities. [English: MITA operates a Hybrid Cloud Platform, a hosting solution developed and maintained in Malta for all government entities.]",yes,,official,2026-09-29,research.py: quote exact in fetched document
indicator:MT:K1,tsl-mca-org-mt:c1c4113db2,page text,"CN=Malta Citizen Electronic Identity CA, OU=Class Qualified, O=Government of Malta, C=MT [English: The qualified CA for Maltese citizen electronic identity certificates belongs to the organisation 'Government of Malta'.]",yes,,official,2026-09-29,research.py: quote exact in fetched document
indicator:MT:K2,identita-gov-mt:3b09be07b4,page text,"The government agency offers a specialized public service in matters relating to e-ID cards, e-Passports, visas, residence documents, acts of civil status and public deeds. [English: Identità is a government agency providing public services for e-ID cards, e-passports, visas, residence documents, civil status acts and public deeds.]",yes,,official,2026-09-29,research.py: quote exact in fetched document
indicator:MT:K2,interoperable-europe-ec-europa-eu:ae4b6fe043,PDF text,"In 2022, following a successful notification process of the Maltese eID and e-RP scheme at an EU level in terms of the e-IDAS Regulation [English: In 2022 the Maltese eID and electronic residence permit scheme was successfully notified at EU level under eIDAS.]",yes,,official,2026-09-29,research.py: quote exact in fetched document
indicator:NL:C1,odc-noord-nl:0cc9a97862,page text,"ODC-Noord, 1 van de 4 landelijke rijksdatacenters, is hét kenniscentrum op het gebied van datacenter- en IT-diensten. [English: ODC-Noord, one of the 4 national central-government data centres, is the centre of expertise for data centre and IT services.]",yes,,official,2026-09-29,research.py: quote exact in fetched document
indicator:NL:C1,zoek-officielebekendmakingen-nl:21c4d0ab99,PDF text,"Het kabinet geeft de voorkeur aan een zo soeverein mogelijk ingerichte cloudomgeving die waar mogelijk wordt gehuisvest in de overheidsdatacenters (ODC’s) van het Rijk. [English: The cabinet prefers a cloud environment set up as sovereignly as possible, housed where possible in the central government's own government data centres (ODCs).]",yes,,official,2026-09-29,research.py: quote exact in fetched document
indicator:NL:C2,odc-noord-nl:0cc9a97862,page text,"ODC-Noord is dé clouddienstverlener binnen de Rijksoverheid. Wij geloven in een efficiënte overheid. Vanuit onze datacenters leveren wij gestandaardiseerde, schaalbare en duurzame clouddiensten [English: ODC-Noord is the cloud service provider within central government. We believe in efficient government. From our data centres we deliver standardised, scalable and sustainable cloud services.]",yes,,official,2026-09-29,research.py: quote exact in fetched document
indicator:NL:C2,odc-noord-nl:e800e7ac70,page text,De dienstverlening Infrastructure as a Service (IaaS) van ODC-Noord biedt een compleet gevirtualiseerd en geautomatiseerd datacenterconcept. [English: ODC-Noord's Infrastructure as a Service (IaaS) offering provides a fully virtualised and automated data centre concept.],yes,,official,2026-09-29,research.py: quote exact in fetched document
indicator:NL:C2,zoek-officielebekendmakingen-nl:21c4d0ab99,PDF text,"De Proof of Concept van het ontwerp is gestart en bij positieve uitkomsten doorontwikkeld naar een kleinschalige productieomgeving. [English: The Proof of Concept of the design has started and, if results are positive, will be developed into a small-scale production environment.]",yes,,official,2026-09-29,research.py: quote exact in fetched document
indicator:NL:K1,logius-nl:a624a29ad7,page text,Logius is een agentschap van het ministerie van Binnenlandse Zaken en Koninkrijksrelaties. We ontwikkelen en beheren producten en diensten voor de digitale overheid. [English: Logius is an agency of the Ministry of the Interior and Kingdom Relations. We develop and manage products and services for digital government.],yes,,official,2026-09-29,research.py: quote exact in fetched document
indicator:NL:K1,logius-nl:b7d25aebe2,page text,TSP’s geven de certificaten uit onder het vertrouwensanker van de Staat der Nederlanden zoals beschreven in de richtlijnen van het afsprakenstelsel. [English: TSPs issue certificates under the trust anchor of the State of the Netherlands as described in the framework's guidelines.],yes,,official,2026-09-29,research.py: quote exact in fetched document
indicator:NL:K2,logius-nl:a624a29ad7,page text,Logius is een agentschap van het ministerie van Binnenlandse Zaken en Koninkrijksrelaties. We ontwikkelen en beheren producten en diensten voor de digitale overheid. [English: Logius is an agency of the Ministry of the Interior and Kingdom Relations. We develop and manage products and services for digital government.],yes,,official,2026-09-29,research.py: quote exact in fetched document
indicator:NL:K2,logius-nl:ff0101bb0f,page text,DigiD is een veilig en betrouwbaar middel waarmee gebruikers zich digitaal kunnen identificeren. [English: DigiD is a secure and reliable means by which users can identify themselves digitally.],yes,,official,2026-09-29,research.py: quote exact in fetched document
indicator:NL:L2,zoek-officielebekendmakingen-nl:8abab4a5b0,page text,"Informatie waarvan de geheimhouding vanwege de vitale belangen van Nederland en de Nederlandse staat, van zijn bondgenoten of één of meer ministeries is geboden, moet worden voorzien van een passend niveau van rubricering. [English: Information whose secrecy is required because of the vital interests of the Netherlands and the Dutch state, its allies or one or more ministries must be given an appropriate classification level.]",yes,,official,2026-09-29,research.py: quote exact in fetched document
indicator:NL:L3,zoek-officielebekendmakingen-nl:37250de695,PDF text,de Cloud & AI Development Act (CADA) als het primaire regelgevende kader ziet voor het vaststellen van een definitie en criteria van cloud soevereiniteit [English: [the cabinet] sees the Cloud & AI Development Act (CADA) as the primary regulatory framework for setting a definition and criteria of cloud sovereignty],no,,absence,2026-09-29,research.py: quote exact in fetched document
indicator:PL:C1,coi-gov-pl:2e1a526da7,page text,Infrastruktura Systemów Rządowych (ISR) – przestrzeń dla najważniejszych e-usług państwowych. Infrastruktura Disaster Recovery (IDR) – zasoby pozwalające błyskawicznie odtworzyć systemy w razie awarii. [English: Government Systems Infrastructure (ISR) - space for the most important state e-services. Disaster Recovery Infrastructure (IDR) - resources that allow systems to be restored quickly after a failure.],partial,,official,2026-09-29,research.py: quote exact in fetched document
indicator:PL:C1,coi-gov-pl:a97e6bf2ac,page text,"urzędy mogą szybciej wymieniać informacje między sobą, dane są bezpiecznie przechowywane w państwowej infrastrukturze [English: offices can exchange information with each other faster, and data are stored securely in state infrastructure]",partial,,official,2026-09-29,research.py: quote exact in fetched document
indicator:PL:C1,gov-pl:965491e524,page text,"budowę 3 ustandaryzowanych i efektywnych energetycznie centrów przetwarzania danych (CPD) w różnych lokalizacjach [English: construction of 3 standardised, energy-efficient data processing centres (CPD) in different locations]",partial,,official,2026-09-29,research.py: quote exact in fetched document
indicator:PL:C2,coi-gov-pl:2e1a526da7,page text,"Dzięki Rządowej Chmurze Obliczeniowej (RChO) urzędy mogą przetwarzać dane i uruchamiać systemy w bezpiecznym środowisku, bez konieczności budowania własnej infrastruktury. [English: Thanks to the Government Computing Cloud (RChO), offices can process data and run systems in a secure environment without having to build their own infrastructure.]",yes,,official,2026-09-29,research.py: quote exact in fetched document
indicator:PL:C2,coi-gov-pl:845969a117,page text,"Centralnym komponentem architektury pozostaje Rządowa Chmura Obliczeniowa, w której osadzono usługę SaaS EZD RP. [English: The central component of the architecture remains the Government Computing Cloud, in which the EZD RP SaaS service has been deployed.]",yes,,official,2026-09-29,research.py: quote exact in fetched document
indicator:PL:C2,gov-pl:74a1f71094,page text,Rozwój Rządowej Chmury Obliczeniowej (RCHO) poprzez migrację kolejnych systemów administracji rządowej na bezpieczne zasoby RCHO [English: Development of the Government Computing Cloud (RCHO) by migrating further government administration systems onto secure RCHO resources],yes,,official,2026-09-29,research.py: quote exact in fetched document
indicator:PL:K1,api-sejm-gov-pl:7f8018ff29,page text,"Na wniosek Prezesa Narodowego Banku Polskiego, minister właściwy do spraw informatyzacji może upoważnić Narodowy Bank Polski do realizacji zadań, o których mowa w art. 10, jak również do prowadzenia rejestru i zaufanej listy. [English: At the request of the President of the National Bank of Poland, the minister responsible for digitisation may authorise the National Bank of Poland to perform the tasks referred to in art. 10, and to keep the register and the trusted list.]",yes,,official,2026-09-29,research.py: quote exact in fetched document
indicator:PL:K1,nccert-pl:1f2b21d31f,page text,Narodowe Centrum Certyfikacji to system informatyczny Narodowego Banku Polskiego zbudowany w celu realizacji zadań powierzonych NBP przez ministra właściwego do spraw informatyzacji [English: The National Certification Centre is an IT system of the National Bank of Poland built to perform tasks entrusted to the NBP by the minister responsible for digitisation],yes,,official,2026-09-29,research.py: quote exact in fetched document
indicator:PL:K2,coi-gov-pl:dccdbe1449,page text,"Profil zaufany jest środkiem identyfikacji elektronicznej notyfikowanym na poziomie średnim. Oznacza to, że uznają go inne kraje UE [English: The trusted profile is an electronic identification means notified at the substantial level. This means other EU countries recognise it]",yes,,official,2026-09-29,research.py: quote exact in fetched document
indicator:PL:K2,gov-pl:b610555d30,page text,Za rozwój i utrzymanie serwisu odpowiada Minister Cyfryzacji [English: The Minister of Digital Affairs is responsible for developing and maintaining the service],yes,,official,2026-09-29,research.py: quote exact in fetched document
indicator:PL:L2,api-sejm-gov-pl:24a5d01ac3,page text,"Informacjom niejawnym nadaje się klauzulę „ściśle tajne”, jeżeli ich nieuprawnione ujawnienie spowoduje wyjątkowo poważną szkodę dla Rzeczypospolitej Polskiej [English: Classified information is given the 'top secret' (ściśle tajne) marking if its unauthorised disclosure would cause exceptionally grave damage to the Republic of Poland]",yes,,official,2026-09-29,research.py: quote exact in fetched document
indicator:PT:C1,arte-gov-pt:f6b30d291b,PDF text,"um modelo fragmentado, assente em milhares de centros de dados dispersos e sistemas legados difíceis de proteger e de atualizar [English: a fragmented model, based on thousands of dispersed data centres and legacy systems that are hard to protect and update]",yes,,official,2026-09-29,research.py: quote exact in fetched document
indicator:PT:C1,iptelecom-pt:a3e6c65370,page text,"A operar em Portugal desde o ano 2000, é detida a 100% pela Infraestruturas de Portugal, S.A. [English: Operating in Portugal since 2000, it is 100% owned by Infraestruturas de Portugal, S.A.]",yes,,official,2026-09-29,research.py: quote exact in fetched document
indicator:PT:C1,iptelecom-pt:ba3c465501,page text,"Com 3 Datacenters em território Nacional (Lisboa, Porto e Viseu), ligados em alto débito entre si, com fibras próprias, e geridos de forma única e redundante, é garantido ao cliente a permanência dos seus dados em Portugal [English: With 3 data centres in national territory (Lisbon, Porto and Viseu), linked by high-speed own fibre and managed as a single redundant system, customers are guaranteed that their data stays in Portugal.]",yes,,official,2026-09-29,research.py: quote exact in fetched document
indicator:PT:C2,arte-gov-pt:de9b2cb20b,page text,A Agência para a Reforma Tecnológica do Estado (ARTE) é a entidade responsável pela coordenação de todo o processo de elaboração do plano e assumirá agora a supervisão da sua execução. [English: ARTE is the body responsible for coordinating the drafting of the plan and will now supervise its execution.],partial,,secondary,2026-09-29,research.py: quote exact in fetched document
indicator:PT:C2,arte-gov-pt:f6b30d291b,PDF text,"Desenvolvimento, pelo Estado, de infraestrutura nacional soberana de nuvem, incluindo capacidades de IA Soberana. [English: Development, by the State, of national sovereign cloud infrastructure, including sovereign AI capabilities.]",partial,,official,2026-09-29,research.py: quote exact in fetched document
indicator:PT:C2,bo-digital-gov-pt:17741bbeeb,PDF text,"O financiamento da implementação da Nuvem Soberana, incluindo o processo de migração inicial, é garantido pelo orçamento do Estado através da Agência para a Reforma Tecnológica do Estado, I. P. [English: Funding for implementing the Sovereign Cloud, including the initial migration process, is guaranteed by the State budget through ARTE, I.P.]",partial,,official,2026-09-29,research.py: quote exact in fetched document
indicator:PT:K2,autenticacao-gov-pt:133175d62d,page text,"Este sítio é gerido pela A Agência para a Reforma Tecnológica do Estado, I.P., adiante abreviadamente designada por [English: This site is managed by the Agency for the Technological Reform of the State, I.P. (ARTE).]",yes,,official,2026-09-29,research.py: quote exact in fetched document
indicator:PT:K2,autenticacao-gov-pt:4cb6bc5565,page text,A Chave Móvel Digital (CMD) é um meio de autenticação e assinatura digital certificado pelo Estado português. [English: The Digital Mobile Key (CMD) is a means of authentication and digital signature certified by the Portuguese State.],yes,,official,2026-09-29,research.py: quote exact in fetched document
indicator:PT:L1,arte-gov-pt:cf0d386079,PDF text,"que permita a identificação dos dados sensíveis do Estado, definindo a obrigatoriedade de dados sensíveis permanecerem em infraestruturas nacionais com requisitos de criptografia, governança e acesso [English: [a national data classification model] that allows the State's sensitive data to be identified, making it mandatory for sensitive data to remain in national infrastructure with encryption, governance and access requirements.]",partial,,official,2026-09-29,research.py: quote exact in fetched document
indicator:PT:L1,bo-digital-gov-pt:17741bbeeb,PDF text,"Mandatar a ARTE, I. P., e o Centro Nacional de Cibersegurança (CNCS) para, no prazo de 90 dias a contar da entrada em vigor da presente resolução, determinarem a metodologia de qualificação e os requisitos de soberania previstos na presente resolução [English: Mandate ARTE and the National Cybersecurity Centre (CNCS) to determine, within 90 days of this resolution entering into force, the qualification methodology and the sovereignty requirements provided for in this resolution.]",partial,,official,2026-09-29,research.py: quote exact in fetched document
indicator:PT:L1,sirp-pt:2b1deb9a86,PDF text,Proibição de armazenamento de documentos e informações classificados fora dos locais ou equipamentos definidos para o efeito [English: Prohibition on storing classified documents and information outside the premises or equipment designated for that purpose.],partial,,official,2026-09-29,research.py: quote exact in fetched document
indicator:PT:L2,sirp-pt:2b1deb9a86,PDF text,"A classificação como segredo de Estado não prejudica a aplicação do quadro normativo respeitante à segurança das matérias classificadas, abreviadamente designado por SEGNAC, que comporta os graus de classificação «Muito secreto», «Secreto», «Confidencial» e «Reservado». [English: Classification as a State secret does not affect the rules on the security of classified matters, known as SEGNAC, which contain the classification levels 'Top Secret', 'Secret', 'Confidential' and 'Restricted'.]",yes,,official,2026-09-29,research.py: quote exact in fetched document
indicator:RO:C1,adr-gov-ro:097a6a76c0,page text,Amenajarea și dotarea centrelor de date cu un nivel de reziliență caracteristic nivelului Tier IV/III by design [English: Fitting out and equipping data centres with resilience characteristic of Tier IV/III by design],partial,,secondary,2026-09-29,research.py: quote exact in fetched document
indicator:RO:C2,adr-gov-ro:706cfede54,page text,"Investiția 1 – Implementarea infrastructurii de Cloud Guvernamental - proiect finanțat prin PNRR, Componenta 7 – Transformare Digitală [English: Investment 1 – Implementation of the Government Cloud infrastructure – project financed through the RRF plan, Component 7 – Digital Transformation (listed under projects in implementation)]",partial,,official,2026-09-29,research.py: quote exact in fetched document
indicator:RO:C2,adr-gov-ro:c1e6c89b48,page text,"Anul trecut, am recepționat lucrările pentru componenta de infrastructură a cloudului dedicat. [English: Last year we took delivery of the works for the infrastructure component of the dedicated cloud.]",partial,,secondary,2026-09-29,research.py: quote exact in fetched document
indicator:RO:K1,adr-gov-ro:75f2d54b6f,page text,ADR exercită atribuţiile de organism de supraveghere pentru prestatorii de servicii de încredere calificaţi stabiliţi pe teritoriul României [English: ADR acts as the supervisory body for qualified trust service providers established on Romanian territory],yes,,official,2026-09-29,research.py: quote exact in fetched document
indicator:RO:K1,trustedlist-adr-gov-ro:ecb749bb9f,page text,"CN=SRI Qualified e-Signatures CA, OU=UM 0296, OID.2.5.4.97=VATRO-14381010, O=SRI, C=RO [English: Romanian Intelligence Service (SRI) qualified e-signatures CA, listed with granted status on the Romanian trusted list.]",yes,,official,2026-09-29,research.py: quote exact in fetched document
indicator:RO:K2,adr-gov-ro:9c0e1ee03b,page text,"În urma auditului, ROeID a fost recunoscut de către țările membre având un nivel de încredere substanțial, conform cărții de identitate existente la momentul actual în România. [English: Following the audit, ROeID was recognised by the Member States as having a substantial assurance level, based on the identity card currently in use in Romania.]",yes,,secondary,2026-09-29,research.py: quote exact in fetched document
indicator:RO:K2,roeid-ro:70a96931fa,page text,"Operator – Autoritatea pentru Digitalizarea României, structură cu personalitate juridică în subordinea Ministerului Cercetării, Inovării şi Digitalizării [English: Operator – the Romanian Digitalisation Authority, a legal entity subordinate to the Ministry of Research, Innovation and Digitalisation]",yes,,official,2026-09-29,research.py: quote exact in fetched document
indicator:RO:K2,roeid-ro:a116a98b16,page text,Aplicația mobila ROeID iți permite să semnezi digital documente folosind noua carte de identitate cu cip emisa de MAI în România. [English: The ROeID mobile app lets you sign documents digitally using the new chip identity card issued by the Ministry of Internal Affairs in Romania.],yes,,official,2026-09-29,research.py: quote exact in fetched document
indicator:RO:L2,sri-ro:d98cc7909a,PDF text,c) clasele de secretizare sunt: secrete de stat şi secrete de serviciu; [English: c) the secrecy classes are: state secrets and service secrets;],yes,,official,2026-09-29,research.py: quote exact in fetched document
indicator:SE:C1,data-riksdagen-se:1abe931264,page text,"Av 158 respondenter som svarat på frågan om datacenter i vår enkät har 58 procent (100) uppgivit att de har egna datacenter. [English: Of 158 respondents who answered the question on data centres in our survey, 58 percent (100) stated that they have their own data centres.]",yes,,official,2026-09-29,research.py: quote exact in fetched document
indicator:SE:C1,data-riksdagen-se:d51ddaa8b6,page text,"Leverantörsmyndigheter enligt denna förordning är Försäkringskassan, Lantmäteriet, Skatteverket och Trafikverket. [English: Supplier authorities under this ordinance are the Social Insurance Agency, the Land Survey, the Tax Agency and the Transport Administration.]",yes,,official,2026-09-29,research.py: quote exact in fetched document
indicator:SE:C2,data-riksdagen-se:42ce2ff7bb,page text,"Vidare har myndigheten ett samverkansavtal med Försäkringskassan om molntjänsterna SAFOS Mötestjänst för [English: Furthermore, the agency has a cooperation agreement with the Social Insurance Agency on the cloud services SAFOS Meeting Service for [video meetings]]",yes,,official,2026-09-29,research.py: quote exact in fetched document
indicator:SE:C2,data-riksdagen-se:d51ddaa8b6,page text,samordnat statligt tjänsteutbud: it-driftstjänster som tillhandahålls myndigheter av en leverantörsmyndighet eller på uppdrag av en sådan myndighet. [English: coordinated state service offering: IT operation services provided to agencies by a supplier authority or on behalf of such an authority.],yes,,official,2026-09-29,research.py: quote exact in fetched document
indicator:SE:K1,data-riksdagen-se:5322e4a5a3,page text,"Efos är visserligen anmäld för gränsöverskridande användning på nivå hög enligt eIDAS-förordningen, men det är fråga om en e-tjänstelegitimation [English: Efos is indeed notified for cross-border use at level high under the eIDAS Regulation, but it is an e-service (employee) credential.]",yes,,official,2026-09-29,research.py: quote exact in fetched document
indicator:SE:K2,data-riksdagen-se:5b1639dabd,page text,Lagen om statlig e-legitimation och elektronisk identifiering ska träda i kraft den 1 december 2026. [English: The Act on state e-ID and electronic identification shall enter into force on 1 December 2026.],partial,,official,2026-09-29,research.py: quote exact in fetched document
indicator:SE:L2,riksdagen-se:13c7045f9d,page text,"1. kvalificerat hemlig vid en synnerligen allvarlig skada, 2. hemlig vid en allvarlig skada, 3. konfidentiell vid en inte obetydlig skada, eller 4. begränsat hemlig vid endast ringa skada. [English: 1. top secret for exceptionally grave damage, 2. secret for serious damage, 3. confidential for not insignificant damage, or 4. restricted for only minor damage.]",yes,,official,2026-09-29,research.py: quote exact in fetched document
indicator:SI:C1,gov-si:4636d90fb3,page text,"upravljamo sistemsko programsko in strojno opremo v podatkovnih centrih na centralni lokaciji, kjer deluje DRO (Državni Računalniški Oblak), ter v lokalnih podatkovnih centrih centraliziranih organov [English: we manage system software and hardware in the data centres at the central location where DRO (State Computing Cloud) runs, and in the local data centres of centralised bodies]",yes,,official,2026-09-29,research.py: quote exact in fetched document
indicator:SI:C2,gov-si:b2a7eb741c,page text,zagotavljamo brezhibno delovanje in optimalno uporabniško izkušnjo portala Državnega računalniškega oblaka. [English: we ensure the smooth operation and optimal user experience of the State Computing Cloud portal.],yes,,official,2026-09-29,research.py: quote exact in fetched document
indicator:SI:C2,gov-si:b822ddd7c8,page text,"Na tej infrastrukturi se izvajajo storitve, ki uporabljajo občutljive, osebne in druge podatke in informacije, ki jih država ne želi shranjevati zunaj svojega okolja. [English: This infrastructure runs services that use sensitive, personal and other data and information that the state does not want to store outside its own environment.]",yes,,official,2026-09-29,research.py: quote exact in fetched document
indicator:SI:K1,si-trust-gov-si:7bcc9040ee,page text,"Državni center za storitve zaupanja upravlja s korenskim izdajateljem SI-TRUST Root, izdajateljem kvalificiranih digitalnih potrdil SIGEN-CA, izdajateljem kvalificiranih digitalnih potrdil SIGOV-CA [English: The State Trust Services Centre manages the root issuer SI-TRUST Root, the qualified certificate issuer SIGEN-CA and the qualified certificate issuer SIGOV-CA]",yes,,official,2026-09-29,research.py: quote exact in fetched document
indicator:SI:K2,si-trust-gov-si:158382bc68,page text,"Storitev SI-PASS je enotna točka za preverjanje identitete različnih uporabnikov (državljanov, poslovnih subjektov, javnih uslužbencev) ter elektronsko podpisovanje vlog in ostalih dokumentov. [English: The SI-PASS service is the single point for verifying the identity of various users (citizens, business entities, public employees) and for electronically signing applications and other documents.]",yes,,official,2026-09-29,research.py: quote exact in fetched document
indicator:SI:K2,si-trust-gov-si:4213d5c44b,page text,"Elektronska osebna izkaznica je del osebne izkaznice, ki jo pridobite osebno na upravni enoti ali diplomatsko-konzularnem predstavništvu. [English: The electronic identity card is part of the identity card, which you obtain in person at an administrative unit or a diplomatic-consular mission.]",yes,,official,2026-09-29,research.py: quote exact in fetched document
indicator:SI:K2,si-trust-gov-si:7bcc9040ee,page text,je skrbnik storitve za spletno prijavo in e-podpis SI-PASS ter izdaja mobilno identiteto smsPASS [English: is the custodian of the SI-PASS online login and e-signature service and issues the smsPASS mobile identity],yes,,official,2026-09-29,research.py: quote exact in fetched document
indicator:SI:L2,uradni-list-si:9dead513ca,page text,"V organih se smejo za določanje stopenj tajnosti podatkov uporabljati samo stopnje, določene v prejšnjem odstavku. [English: Bodies may use only the levels set out in the preceding paragraph when determining the classification level of data.]",yes,,official,2026-09-29,research.py: quote exact in fetched document
indicator:SK:C1,mirri-gov-sk:bdc8badf76,page text,Poskytovateľom cloudových služieb a prevádzkovateľom cloudových služieb v časti komunitného cloudu pre obce a mestá je DataCentrum elektronizácie územnej samosprávy Slovenska (DEUS) [English: The provider and operator of cloud services in the community cloud part for municipalities and towns is DataCentrum for the Electronisation of Local Self-Government of Slovakia (DEUS)],yes,,official,2026-09-29,research.py: quote exact in fetched document
indicator:SK:C2,mirri-gov-sk:bdc8badf76,page text,Všetky dáta sú v infraštruktúre štátnej správy na území SR. [English: All data are in state administration infrastructure on the territory of the Slovak Republic.],yes,,official,2026-09-29,research.py: quote exact in fetched document
indicator:SK:K1,nases-gov-sk:7c739339cc,page text,"je príspevkovou organizáciou Ministerstva investícií, regionálneho rozvoja a informatizácie Slovenskej republiky, ktorá je zriadená k plneniu úloh vyplývajúcich [English: [NASES] is a state-funded contributory organisation of the Ministry of Investment, Regional Development and Informatization of the Slovak Republic, established to perform tasks arising from [Act 575/2001 and Act 95/2019]]",yes,,official,2026-09-29,research.py: quote exact in fetched document
indicator:SK:K1,snca-gov-sk:c4488488e6,page text,Od 1. augusta 2019 je prevádzkovateľom Slovenskej národnej certifikačnej autority (SNCA) a poskytovateľom kvalifikovaných dôveryhodných služieb Národná agentúra pre sieťové a elektronické služby (NASES). SNCA poskytuje kvalifikované dôveryhodné služby orgánom verejnej moci Slovenskej republiky. [English: Since 1 August 2019 the operator of the Slovak National Certification Authority (SNCA) and provider of qualified trust services is the National Agency for Network and Electronic Services (NASES). SNCA provides qualified trust services to public authorities of the Slovak Republic.],yes,,official,2026-09-29,research.py: quote exact in fetched document
indicator:SK:K2,slovensko-sk:1e21687709,page text,O vydanie eID môže občan požiadať na ktoromkoľvek pracovisku oddelenia dokladov Okresného riaditeľstva Policajného zboru (OR PZ). [English: A citizen may apply for the eID at any documents office of a District Directorate of the Police Force.],yes,,official,2026-09-29,research.py: quote exact in fetched document
param:AT:elec_price_eur_mwh,eurostat:nrg_pc_205@2025-S2,nrg_pc_205; currency=EUR; nrg_cons=MWH500-1999; tax=X_VAT; unit=KWH; geo=AT; time=2025-S2,,198.6,,primary,2026-09-11,fetch_eurostat.py
param:AT:gdp_eur_bn,eurostat:nama_10_gdp@2025,nama_10_gdp; na_item=B1GQ; unit=CP_MEUR; geo=AT; time=2025,,514.3,,primary,2026-09-11,fetch_eurostat.py
param:AT:gov_employment_k,eurostat:nama_10_a64_e@2023,nama_10_a64_e; na_item=EMP_DC; nace_r2=O; unit=THS_PER; geo=AT; time=2023,,278.8,,primary,2026-09-11,fetch_eurostat.py
param:AT:land_km2,eurostat:reg_area3@2019,reg_area3; landuse=L0008; unit=KM2; geo=AT; time=2019,,82519,,primary,2026-09-11,fetch_eurostat.py
param:AT:population_m,eurostat:tps00001@2025,tps00001; indic_de=JAN; geo=AT; time=2025,,9.197,,primary,2026-09-11,fetch_eurostat.py
param:AT:renewables_pct,eurostat:nrg_ind_ren@2024,nrg_ind_ren; nrg_bal=REN_ELC; unit=PC; geo=AT; time=2024,,90.1,,primary,2026-09-11,fetch_eurostat.py
param:BE:elec_price_eur_mwh,eurostat:nrg_pc_205@2025-S2,nrg_pc_205; currency=EUR; nrg_cons=MWH500-1999; tax=X_VAT; unit=KWH; geo=BE; time=2025-S2,,186.6,,primary,2026-09-11,fetch_eurostat.py
param:BE:gdp_eur_bn,eurostat:nama_10_gdp@2025,nama_10_gdp; na_item=B1GQ; unit=CP_MEUR; geo=BE; time=2025,,642.0,,primary,2026-09-11,fetch_eurostat.py
param:BE:gov_employment_k,eurostat:nama_10_a64_e@2023,nama_10_a64_e; na_item=EMP_DC; nace_r2=O; unit=THS_PER; geo=BE; time=2023,,454.0,,primary,2026-09-11,fetch_eurostat.py
param:BE:land_km2,eurostat:reg_area3@2019,reg_area3; landuse=L0008; unit=KM2; geo=BE; time=2019,,30451,,primary,2026-09-11,fetch_eurostat.py
param:BE:population_m,eurostat:tps00001@2025,tps00001; indic_de=JAN; geo=BE; time=2025,,11.883,,primary,2026-09-11,fetch_eurostat.py
param:BE:renewables_pct,eurostat:nrg_ind_ren@2024,nrg_ind_ren; nrg_bal=REN_ELC; unit=PC; geo=BE; time=2024,,31.3,,primary,2026-09-11,fetch_eurostat.py
param:BG:elec_price_eur_mwh,eurostat:nrg_pc_205@2025-S2,nrg_pc_205; currency=EUR; nrg_cons=MWH500-1999; tax=X_VAT; unit=KWH; geo=BG; time=2025-S2,,141.3,,primary,2026-09-11,fetch_eurostat.py
param:BG:gdp_eur_bn,eurostat:nama_10_gdp@2025,nama_10_gdp; na_item=B1GQ; unit=CP_MEUR; geo=BG; time=2025,,116.0,,primary,2026-09-11,fetch_eurostat.py
param:BG:gov_employment_k,eurostat:nama_10_a64_e@2023,nama_10_a64_e; na_item=EMP_DC; nace_r2=O; unit=THS_PER; geo=BG; time=2023,,216.6,,primary,2026-09-11,fetch_eurostat.py
param:BG:land_km2,eurostat:reg_area3@2019,reg_area3; landuse=L0008; unit=KM2; geo=BG; time=2019,,110001,,primary,2026-09-11,fetch_eurostat.py
param:BG:population_m,eurostat:tps00001@2025,tps00001; indic_de=JAN; geo=BG; time=2025,,6.437,,primary,2026-09-11,fetch_eurostat.py
param:BG:renewables_pct,eurostat:nrg_ind_ren@2024,nrg_ind_ren; nrg_bal=REN_ELC; unit=PC; geo=BG; time=2024,,33.8,,primary,2026-09-11,fetch_eurostat.py
param:CY:elec_price_eur_mwh,eurostat:nrg_pc_205@2025-S2,nrg_pc_205; currency=EUR; nrg_cons=MWH500-1999; tax=X_VAT; unit=KWH; geo=CY; time=2025-S2,,242.9,,primary,2026-09-11,fetch_eurostat.py
param:CY:gdp_eur_bn,eurostat:nama_10_gdp@2025,nama_10_gdp; na_item=B1GQ; unit=CP_MEUR; geo=CY; time=2025,,36.5,,primary,2026-09-11,fetch_eurostat.py
param:CY:gov_employment_k,eurostat:nama_10_a64_e@2023,nama_10_a64_e; na_item=EMP_DC; nace_r2=O; unit=THS_PER; geo=CY; time=2023,,34.9,,primary,2026-09-11,fetch_eurostat.py
param:CY:land_km2,eurostat:reg_area3@2019,reg_area3; landuse=L0008; unit=KM2; geo=CY; time=2019,,9213,,primary,2026-09-11,fetch_eurostat.py
param:CY:population_m,eurostat:tps00001@2025,tps00001; indic_de=JAN; geo=CY; time=2025,,0.983,,primary,2026-09-11,fetch_eurostat.py
param:CY:renewables_pct,eurostat:nrg_ind_ren@2024,nrg_ind_ren; nrg_bal=REN_ELC; unit=PC; geo=CY; time=2024,,24.1,,primary,2026-09-11,fetch_eurostat.py
param:CZ:elec_price_eur_mwh,eurostat:nrg_pc_205@2025-S2,nrg_pc_205; currency=EUR; nrg_cons=MWH500-1999; tax=X_VAT; unit=KWH; geo=CZ; time=2025-S2,,182.5,,primary,2026-09-11,fetch_eurostat.py
param:CZ:gdp_eur_bn,eurostat:nama_10_gdp@2025,nama_10_gdp; na_item=B1GQ; unit=CP_MEUR; geo=CZ; time=2025,,347.3,,primary,2026-09-11,fetch_eurostat.py
param:CZ:gov_employment_k,eurostat:nama_10_a64_e@2023,nama_10_a64_e; na_item=EMP_DC; nace_r2=O; unit=THS_PER; geo=CZ; time=2023,,329.1,,primary,2026-09-11,fetch_eurostat.py
param:CZ:land_km2,eurostat:reg_area3@2019,reg_area3; landuse=L0008; unit=KM2; geo=CZ; time=2019,,77212,,primary,2026-09-11,fetch_eurostat.py
param:CZ:population_m,eurostat:tps00001@2025,tps00001; indic_de=JAN; geo=CZ; time=2025,,10.909,,primary,2026-09-11,fetch_eurostat.py
param:CZ:renewables_pct,eurostat:nrg_ind_ren@2024,nrg_ind_ren; nrg_bal=REN_ELC; unit=PC; geo=CZ; time=2024,,17.9,,primary,2026-09-11,fetch_eurostat.py
param:DE:elec_price_eur_mwh,eurostat:nrg_pc_205@2025-S2,nrg_pc_205; currency=EUR; nrg_cons=MWH500-1999; tax=X_VAT; unit=KWH; geo=DE; time=2025-S2,,226.4,,primary,2026-09-11,fetch_eurostat.py
param:DE:gdp_eur_bn,eurostat:nama_10_gdp@2025,nama_10_gdp; na_item=B1GQ; unit=CP_MEUR; geo=DE; time=2025,,4529.7,,primary,2026-09-11,fetch_eurostat.py
param:DE:gov_employment_k,eurostat:nama_10_a64_e@2023,nama_10_a64_e; na_item=EMP_DC; nace_r2=O; unit=THS_PER; geo=DE; time=2023,,2889.0,,primary,2026-09-11,fetch_eurostat.py
param:DE:land_km2,eurostat:reg_area3@2019,reg_area3; landuse=L0008; unit=KM2; geo=DE; time=2019,,353296,,primary,2026-09-11,fetch_eurostat.py
param:DE:population_m,eurostat:tps00001@2025,tps00001; indic_de=JAN; geo=DE; time=2025,,83.577,,primary,2026-09-11,fetch_eurostat.py
param:DE:renewables_pct,eurostat:nrg_ind_ren@2024,nrg_ind_ren; nrg_bal=REN_ELC; unit=PC; geo=DE; time=2024,,54.1,,primary,2026-09-11,fetch_eurostat.py
param:DK:elec_price_eur_mwh,eurostat:nrg_pc_205@2025-S2,nrg_pc_205; currency=EUR; nrg_cons=MWH500-1999; tax=X_VAT; unit=KWH; geo=DK; time=2025-S2,,121.6,,primary,2026-09-11,fetch_eurostat.py
param:DK:gdp_eur_bn,eurostat:nama_10_gdp@2025,nama_10_gdp; na_item=B1GQ; unit=CP_MEUR; geo=DK; time=2025,,417.8,,primary,2026-09-11,fetch_eurostat.py
param:DK:gov_employment_k,eurostat:nama_10_a64_e@2023,nama_10_a64_e; na_item=EMP_DC; nace_r2=O; unit=THS_PER; geo=DK; time=2023,,167.5,,primary,2026-09-11,fetch_eurostat.py
param:DK:land_km2,eurostat:reg_area3@2019,reg_area3; landuse=L0008; unit=KM2; geo=DK; time=2019,,41987,,primary,2026-09-11,fetch_eurostat.py
param:DK:population_m,eurostat:tps00001@2025,tps00001; indic_de=JAN; geo=DK; time=2025,,5.993,,primary,2026-09-11,fetch_eurostat.py
param:DK:renewables_pct,eurostat:nrg_ind_ren@2024,nrg_ind_ren; nrg_bal=REN_ELC; unit=PC; geo=DK; time=2024,,79.7,,primary,2026-09-11,fetch_eurostat.py
param:EE:elec_price_eur_mwh,eurostat:nrg_pc_205@2025-S2,nrg_pc_205; currency=EUR; nrg_cons=MWH500-1999; tax=X_VAT; unit=KWH; geo=EE; time=2025-S2,,141.0,,primary,2026-09-11,fetch_eurostat.py
param:EE:gdp_eur_bn,eurostat:nama_10_gdp@2025,nama_10_gdp; na_item=B1GQ; unit=CP_MEUR; geo=EE; time=2025,,41.9,,primary,2026-09-11,fetch_eurostat.py
param:EE:gov_employment_k,eurostat:nama_10_a64_e@2023,nama_10_a64_e; na_item=EMP_DC; nace_r2=O; unit=THS_PER; geo=EE; time=2023,,44.2,,primary,2026-09-11,fetch_eurostat.py
param:EE:land_km2,eurostat:reg_area3@2019,reg_area3; landuse=L0008; unit=KM2; geo=EE; time=2019,,43466,,primary,2026-09-11,fetch_eurostat.py
param:EE:population_m,eurostat:tps00001@2025,tps00001; indic_de=JAN; geo=EE; time=2025,,1.370,,primary,2026-09-11,fetch_eurostat.py
param:EE:renewables_pct,eurostat:nrg_ind_ren@2024,nrg_ind_ren; nrg_bal=REN_ELC; unit=PC; geo=EE; time=2024,,38.9,,primary,2026-09-11,fetch_eurostat.py
param:EL:elec_price_eur_mwh,eurostat:nrg_pc_205@2025-S2,nrg_pc_205; currency=EUR; nrg_cons=MWH500-1999; tax=X_VAT; unit=KWH; geo=EL; time=2025-S2,,173.8,,primary,2026-09-11,fetch_eurostat.py
param:EL:gdp_eur_bn,eurostat:nama_10_gdp@2025,nama_10_gdp; na_item=B1GQ; unit=CP_MEUR; geo=EL; time=2025,,248.4,,primary,2026-09-11,fetch_eurostat.py
param:EL:gov_employment_k,eurostat:nama_10_a64_e@2023,nama_10_a64_e; na_item=EMP_DC; nace_r2=O; unit=THS_PER; geo=EL; time=2023,,397.7,,primary,2026-09-11,fetch_eurostat.py
param:EL:land_km2,eurostat:reg_area3@2019,reg_area3; landuse=L0008; unit=KM2; geo=EL; time=2019,,130048,,primary,2026-09-11,fetch_eurostat.py
param:EL:population_m,eurostat:tps00001@2025,tps00001; indic_de=JAN; geo=EL; time=2025,,10.372,,primary,2026-09-11,fetch_eurostat.py
param:EL:renewables_pct,eurostat:nrg_ind_ren@2024,nrg_ind_ren; nrg_bal=REN_ELC; unit=PC; geo=EL; time=2024,,51.2,,primary,2026-09-11,fetch_eurostat.py
param:ES:elec_price_eur_mwh,eurostat:nrg_pc_205@2025-S2,nrg_pc_205; currency=EUR; nrg_cons=MWH500-1999; tax=X_VAT; unit=KWH; geo=ES; time=2025-S2,,132.4,,primary,2026-09-11,fetch_eurostat.py
param:ES:gdp_eur_bn,eurostat:nama_10_gdp@2025,nama_10_gdp; na_item=B1GQ; unit=CP_MEUR; geo=ES; time=2025,,1687.2,,primary,2026-09-11,fetch_eurostat.py
param:ES:gov_employment_k,eurostat:nama_10_a64_e@2023,nama_10_a64_e; na_item=EMP_DC; nace_r2=O; unit=THS_PER; geo=ES; time=2023,,1678.5,,primary,2026-09-11,fetch_eurostat.py
param:ES:land_km2,eurostat:reg_area3@2019,reg_area3; landuse=L0008; unit=KM2; geo=ES; time=2019,,502654,,primary,2026-09-11,fetch_eurostat.py
param:ES:population_m,eurostat:tps00001@2025,tps00001; indic_de=JAN; geo=ES; time=2025,,49.128,,primary,2026-09-11,fetch_eurostat.py
param:ES:renewables_pct,eurostat:nrg_ind_ren@2024,nrg_ind_ren; nrg_bal=REN_ELC; unit=PC; geo=ES; time=2024,,59.7,,primary,2026-09-11,fetch_eurostat.py
param:FI:elec_price_eur_mwh,eurostat:nrg_pc_205@2025-S2,nrg_pc_205; currency=EUR; nrg_cons=MWH500-1999; tax=X_VAT; unit=KWH; geo=FI; time=2025-S2,,74.8,,primary,2026-09-11,fetch_eurostat.py
param:FI:gdp_eur_bn,eurostat:nama_10_gdp@2025,nama_10_gdp; na_item=B1GQ; unit=CP_MEUR; geo=FI; time=2025,,281.7,,primary,2026-09-11,fetch_eurostat.py
param:FI:gov_employment_k,eurostat:nama_10_a64_e@2023,nama_10_a64_e; na_item=EMP_DC; nace_r2=O; unit=THS_PER; geo=FI; time=2023,,149.1,,primary,2026-09-11,fetch_eurostat.py
param:FI:land_km2,eurostat:reg_area3@2019,reg_area3; landuse=L0008; unit=KM2; geo=FI; time=2019,,304316,,primary,2026-09-11,fetch_eurostat.py
param:FI:population_m,eurostat:tps00001@2025,tps00001; indic_de=JAN; geo=FI; time=2025,,5.636,,primary,2026-09-11,fetch_eurostat.py
param:FI:renewables_pct,eurostat:nrg_ind_ren@2024,nrg_ind_ren; nrg_bal=REN_ELC; unit=PC; geo=FI; time=2024,,54.3,,primary,2026-09-11,fetch_eurostat.py
param:FR:data_classification,sgdsn:igi-secret-defense@2021-12-01,p. 11 (Diffusion Restreinte paragraph),"Traitee par le § 1.4.3 de l'IGI 1300, la mention « Diffusion Restreinte » (DR) n'est pas un niveau de classification mais une mention de protection.",,,primary,2026-09-11,sources.csv migration (#67)
param:FR:elec_price_eur_mwh,eurostat:nrg_pc_205@2025-S2,nrg_pc_205; currency=EUR; nrg_cons=MWH500-1999; tax=X_VAT; unit=KWH; geo=FR; time=2025-S2,,153.4,,primary,2026-09-11,fetch_eurostat.py
param:FR:gdp_eur_bn,eurostat:nama_10_gdp@2025,nama_10_gdp; na_item=B1GQ; unit=CP_MEUR; geo=FR; time=2025,,2991.1,,primary,2026-09-11,fetch_eurostat.py
param:FR:gov_employment_k,eurostat:nama_10_a64_e@2023,nama_10_a64_e; na_item=EMP_DC; nace_r2=O; unit=THS_PER; geo=FR; time=2023,,2481.4,,primary,2026-09-11,fetch_eurostat.py
param:FR:land_km2,eurostat:reg_area3@2019,reg_area3; landuse=L0008; unit=KM2; geo=FR; time=2019,,633886,,primary,2026-09-11,fetch_eurostat.py
param:FR:population_m,eurostat:tps00001@2025,tps00001; indic_de=JAN; geo=FR; time=2025,,68.883,,primary,2026-09-11,fetch_eurostat.py
param:FR:renewables_pct,eurostat:nrg_ind_ren@2024,nrg_ind_ren; nrg_bal=REN_ELC; unit=PC; geo=FR; time=2024,,31.3,,primary,2026-09-11,fetch_eurostat.py
param:HR:elec_price_eur_mwh,eurostat:nrg_pc_205@2025-S2,nrg_pc_205; currency=EUR; nrg_cons=MWH500-1999; tax=X_VAT; unit=KWH; geo=HR; time=2025-S2,,154.8,,primary,2026-09-11,fetch_eurostat.py
param:HR:gdp_eur_bn,eurostat:nama_10_gdp@2025,nama_10_gdp; na_item=B1GQ; unit=CP_MEUR; geo=HR; time=2025,,93.0,,primary,2026-09-11,fetch_eurostat.py
param:HR:gov_employment_k,eurostat:nama_10_a64_e@2023,nama_10_a64_e; na_item=EMP_DC; nace_r2=O; unit=THS_PER; geo=HR; time=2023,,115.8,,primary,2026-09-11,fetch_eurostat.py
param:HR:land_km2,eurostat:reg_area3@2019,reg_area3; landuse=L0008; unit=KM2; geo=HR; time=2019,,55896,,primary,2026-09-11,fetch_eurostat.py
param:HR:population_m,eurostat:tps00001@2025,tps00001; indic_de=JAN; geo=HR; time=2025,,3.874,,primary,2026-09-11,fetch_eurostat.py
param:HR:renewables_pct,eurostat:nrg_ind_ren@2024,nrg_ind_ren; nrg_bal=REN_ELC; unit=PC; geo=HR; time=2024,,58.0,,primary,2026-09-11,fetch_eurostat.py
param:HU:elec_price_eur_mwh,eurostat:nrg_pc_205@2025-S2,nrg_pc_205; currency=EUR; nrg_cons=MWH500-1999; tax=X_VAT; unit=KWH; geo=HU; time=2025-S2,,213.2,,primary,2026-09-11,fetch_eurostat.py
param:HU:gdp_eur_bn,eurostat:nama_10_gdp@2025,nama_10_gdp; na_item=B1GQ; unit=CP_MEUR; geo=HU; time=2025,,218.8,,primary,2026-09-11,fetch_eurostat.py
param:HU:gov_employment_k,eurostat:nama_10_a64_e@2023,nama_10_a64_e; na_item=EMP_DC; nace_r2=O; unit=THS_PER; geo=HU; time=2023,,343.8,,primary,2026-09-11,fetch_eurostat.py
param:HU:land_km2,eurostat:reg_area3@2019,reg_area3; landuse=L0008; unit=KM2; geo=HU; time=2019,,91248,,primary,2026-09-11,fetch_eurostat.py
param:HU:population_m,eurostat:tps00001@2025,tps00001; indic_de=JAN; geo=HU; time=2025,,9.540,,primary,2026-09-11,fetch_eurostat.py
param:HU:renewables_pct,eurostat:nrg_ind_ren@2024,nrg_ind_ren; nrg_bal=REN_ELC; unit=PC; geo=HU; time=2024,,24.1,,primary,2026-09-11,fetch_eurostat.py
param:IE:elec_price_eur_mwh,eurostat:nrg_pc_205@2025-S2,nrg_pc_205; currency=EUR; nrg_cons=MWH500-1999; tax=X_VAT; unit=KWH; geo=IE; time=2025-S2,,255.2,,primary,2026-09-11,fetch_eurostat.py
param:IE:gdp_eur_bn,eurostat:nama_10_gdp@2025,nama_10_gdp; na_item=B1GQ; unit=CP_MEUR; geo=IE; time=2025,,602.4,,primary,2026-09-11,fetch_eurostat.py
param:IE:gov_employment_k,eurostat:nama_10_a64_e@2023,nama_10_a64_e; na_item=EMP_DC; nace_r2=O; unit=THS_PER; geo=IE; time=2023,,142.2,,primary,2026-09-11,fetch_eurostat.py
param:IE:land_km2,eurostat:reg_area3@2019,reg_area3; landuse=L0008; unit=KM2; geo=IE; time=2019,,68655,,primary,2026-09-11,fetch_eurostat.py
param:IE:population_m,eurostat:tps00001@2025,tps00001; indic_de=JAN; geo=IE; time=2025,,5.440,,primary,2026-09-11,fetch_eurostat.py
param:IE:renewables_pct,eurostat:nrg_ind_ren@2024,nrg_ind_ren; nrg_bal=REN_ELC; unit=PC; geo=IE; time=2024,,41.3,,primary,2026-09-11,fetch_eurostat.py
param:IT:elec_price_eur_mwh,eurostat:nrg_pc_205@2025-S2,nrg_pc_205; currency=EUR; nrg_cons=MWH500-1999; tax=X_VAT; unit=KWH; geo=IT; time=2025-S2,,220.3,,primary,2026-09-11,fetch_eurostat.py
param:IT:gdp_eur_bn,eurostat:nama_10_gdp@2025,nama_10_gdp; na_item=B1GQ; unit=CP_MEUR; geo=IT; time=2025,,2258.0,,primary,2026-09-11,fetch_eurostat.py
param:IT:gov_employment_k,eurostat:nama_10_a64_e@2023,nama_10_a64_e; na_item=EMP_DC; nace_r2=O; unit=THS_PER; geo=IT; time=2023,,1203.6,,primary,2026-09-11,fetch_eurostat.py
param:IT:land_km2,eurostat:reg_area3@2019,reg_area3; landuse=L0008; unit=KM2; geo=IT; time=2019,,297734,,primary,2026-09-11,fetch_eurostat.py
param:IT:population_m,eurostat:tps00001@2025,tps00001; indic_de=JAN; geo=IT; time=2025,,58.943,,primary,2026-09-11,fetch_eurostat.py
param:IT:renewables_pct,eurostat:nrg_ind_ren@2024,nrg_ind_ren; nrg_bal=REN_ELC; unit=PC; geo=IT; time=2024,,40.7,,primary,2026-09-11,fetch_eurostat.py
param:LT:elec_price_eur_mwh,eurostat:nrg_pc_205@2025-S2,nrg_pc_205; currency=EUR; nrg_cons=MWH500-1999; tax=X_VAT; unit=KWH; geo=LT; time=2025-S2,,159.1,,primary,2026-09-11,fetch_eurostat.py
param:LT:gdp_eur_bn,eurostat:nama_10_gdp@2025,nama_10_gdp; na_item=B1GQ; unit=CP_MEUR; geo=LT; time=2025,,84.3,,primary,2026-09-11,fetch_eurostat.py
param:LT:gov_employment_k,eurostat:nama_10_a64_e@2023,nama_10_a64_e; na_item=EMP_DC; nace_r2=O; unit=THS_PER; geo=LT; time=2023,,92.3,,primary,2026-09-11,fetch_eurostat.py
param:LT:land_km2,eurostat:reg_area3@2019,reg_area3; landuse=L0008; unit=KM2; geo=LT; time=2019,,62643,,primary,2026-09-11,fetch_eurostat.py
param:LT:population_m,eurostat:tps00001@2025,tps00001; indic_de=JAN; geo=LT; time=2025,,2.891,,primary,2026-09-11,fetch_eurostat.py
param:LT:renewables_pct,eurostat:nrg_ind_ren@2024,nrg_ind_ren; nrg_bal=REN_ELC; unit=PC; geo=LT; time=2024,,49.0,,primary,2026-09-11,fetch_eurostat.py
param:LU:elec_price_eur_mwh,eurostat:nrg_pc_205@2025-S2,nrg_pc_205; currency=EUR; nrg_cons=MWH500-1999; tax=X_VAT; unit=KWH; geo=LU; time=2025-S2,,171.7,,primary,2026-09-11,fetch_eurostat.py
param:LU:gdp_eur_bn,eurostat:nama_10_gdp@2025,nama_10_gdp; na_item=B1GQ; unit=CP_MEUR; geo=LU; time=2025,,89.5,,primary,2026-09-11,fetch_eurostat.py
param:LU:gov_employment_k,eurostat:nama_10_a64_e@2023,nama_10_a64_e; na_item=EMP_DC; nace_r2=O; unit=THS_PER; geo=LU; time=2023,,31.3,,primary,2026-09-11,fetch_eurostat.py
param:LU:land_km2,eurostat:reg_area3@2019,reg_area3; landuse=L0008; unit=KM2; geo=LU; time=2019,,2586,,primary,2026-09-11,fetch_eurostat.py
param:LU:population_m,eurostat:tps00001@2025,tps00001; indic_de=JAN; geo=LU; time=2025,,0.682,,primary,2026-09-11,fetch_eurostat.py
param:LU:renewables_pct,eurostat:nrg_ind_ren@2024,nrg_ind_ren; nrg_bal=REN_ELC; unit=PC; geo=LU; time=2024,,20.5,,primary,2026-09-11,fetch_eurostat.py
param:LV:elec_price_eur_mwh,eurostat:nrg_pc_205@2025-S2,nrg_pc_205; currency=EUR; nrg_cons=MWH500-1999; tax=X_VAT; unit=KWH; geo=LV; time=2025-S2,,136.1,,primary,2026-09-11,fetch_eurostat.py
param:LV:gdp_eur_bn,eurostat:nama_10_gdp@2025,nama_10_gdp; na_item=B1GQ; unit=CP_MEUR; geo=LV; time=2025,,43.0,,primary,2026-09-11,fetch_eurostat.py
param:LV:gov_employment_k,eurostat:nama_10_a64_e@2023,nama_10_a64_e; na_item=EMP_DC; nace_r2=O; unit=THS_PER; geo=LV; time=2023,,63.6,,primary,2026-09-11,fetch_eurostat.py
param:LV:land_km2,eurostat:reg_area3@2019,reg_area3; landuse=L0008; unit=KM2; geo=LV; time=2019,,63290,,primary,2026-09-11,fetch_eurostat.py
param:LV:population_m,eurostat:tps00001@2025,tps00001; indic_de=JAN; geo=LV; time=2025,,1.861,,primary,2026-09-11,fetch_eurostat.py
param:LV:renewables_pct,eurostat:nrg_ind_ren@2024,nrg_ind_ren; nrg_bal=REN_ELC; unit=PC; geo=LV; time=2024,,55.5,,primary,2026-09-11,fetch_eurostat.py
param:MT:elec_price_eur_mwh,eurostat:nrg_pc_205@2025-S2,nrg_pc_205; currency=EUR; nrg_cons=MWH500-1999; tax=X_VAT; unit=KWH; geo=MT; time=2025-S2,,135.2,,primary,2026-09-11,fetch_eurostat.py
param:MT:gdp_eur_bn,eurostat:nama_10_gdp@2025,nama_10_gdp; na_item=B1GQ; unit=CP_MEUR; geo=MT; time=2025,,24.7,,primary,2026-09-11,fetch_eurostat.py
param:MT:gov_employment_k,eurostat:nama_10_a64_e@2023,nama_10_a64_e; na_item=EMP_DC; nace_r2=O; unit=THS_PER; geo=MT; time=2023,,19.3,,primary,2026-09-11,fetch_eurostat.py
param:MT:land_km2,eurostat:reg_area3@2019,reg_area3; landuse=L0008; unit=KM2; geo=MT; time=2019,,313,,primary,2026-09-11,fetch_eurostat.py
param:MT:population_m,eurostat:tps00001@2025,tps00001; indic_de=JAN; geo=MT; time=2025,,0.574,,primary,2026-09-11,fetch_eurostat.py
param:MT:renewables_pct,eurostat:nrg_ind_ren@2024,nrg_ind_ren; nrg_bal=REN_ELC; unit=PC; geo=MT; time=2024,,10.7,,primary,2026-09-11,fetch_eurostat.py
param:NL:data_classification,wetten-nl:bwbr0033507@2013-06-01,"Artikel 4, rubricering bijzondere informatie",a. Staatsgeheim ZEER GEHEIM (afgekort Stg.ZG) b. Staatsgeheim GEHEIM (afgekort Stg.G) c. Staatsgeheim CONFIDENTIEEL (afgekort Stg.C) d. Departementaal VERTROUWELIJK (afgekort Dep.V.),,,primary,2026-09-11,sources.csv migration (#67)
param:NL:elec_price_eur_mwh,eurostat:nrg_pc_205@2025-S2,nrg_pc_205; currency=EUR; nrg_cons=MWH500-1999; tax=X_VAT; unit=KWH; geo=NL; time=2025-S2,,199.1,,primary,2026-09-11,fetch_eurostat.py
param:NL:gdp_eur_bn,eurostat:nama_10_gdp@2025,nama_10_gdp; na_item=B1GQ; unit=CP_MEUR; geo=NL; time=2025,,1170.6,,primary,2026-09-11,fetch_eurostat.py
param:NL:gov_employment_k,eurostat:nama_10_a64_e@2023,nama_10_a64_e; na_item=EMP_DC; nace_r2=O; unit=THS_PER; geo=NL; time=2023,,638.0,,primary,2026-09-11,fetch_eurostat.py
param:NL:land_km2,eurostat:reg_area3@2019,reg_area3; landuse=L0008; unit=KM2; geo=NL; time=2019,,34188,,primary,2026-09-11,fetch_eurostat.py
param:NL:population_m,eurostat:tps00001@2025,tps00001; indic_de=JAN; geo=NL; time=2025,,18.044,,primary,2026-09-11,fetch_eurostat.py
param:NL:renewables_pct,eurostat:nrg_ind_ren@2024,nrg_ind_ren; nrg_bal=REN_ELC; unit=PC; geo=NL; time=2024,,50.5,,primary,2026-09-11,fetch_eurostat.py
param:PL:elec_price_eur_mwh,eurostat:nrg_pc_205@2025-S2,nrg_pc_205; currency=EUR; nrg_cons=MWH500-1999; tax=X_VAT; unit=KWH; geo=PL; time=2025-S2,,193.5,,primary,2026-09-11,fetch_eurostat.py
param:PL:gdp_eur_bn,eurostat:nama_10_gdp@2025,nama_10_gdp; na_item=B1GQ; unit=CP_MEUR; geo=PL; time=2025,,922.9,,primary,2026-09-11,fetch_eurostat.py
param:PL:gov_employment_k,eurostat:nama_10_a64_e@2023,nama_10_a64_e; na_item=EMP_DC; nace_r2=O; unit=THS_PER; geo=PL; time=2023,,1217.1,,primary,2026-09-11,fetch_eurostat.py
param:PL:land_km2,eurostat:reg_area3@2019,reg_area3; landuse=L0008; unit=KM2; geo=PL; time=2019,,307236,,primary,2026-09-11,fetch_eurostat.py
param:PL:population_m,eurostat:tps00001@2025,tps00001; indic_de=JAN; geo=PL; time=2025,,36.497,,primary,2026-09-11,fetch_eurostat.py
param:PL:renewables_pct,eurostat:nrg_ind_ren@2024,nrg_ind_ren; nrg_bal=REN_ELC; unit=PC; geo=PL; time=2024,,30.4,,primary,2026-09-11,fetch_eurostat.py
param:PT:elec_price_eur_mwh,eurostat:nrg_pc_205@2025-S2,nrg_pc_205; currency=EUR; nrg_cons=MWH500-1999; tax=X_VAT; unit=KWH; geo=PT; time=2025-S2,,132.9,,primary,2026-09-11,fetch_eurostat.py
param:PT:gdp_eur_bn,eurostat:nama_10_gdp@2025,nama_10_gdp; na_item=B1GQ; unit=CP_MEUR; geo=PT; time=2025,,306.7,,primary,2026-09-11,fetch_eurostat.py
param:PT:gov_employment_k,eurostat:nama_10_a64_e@2023,nama_10_a64_e; na_item=EMP_DC; nace_r2=O; unit=THS_PER; geo=PT; time=2023,,308.9,,primary,2026-09-11,fetch_eurostat.py
param:PT:land_km2,eurostat:reg_area3@2019,reg_area3; landuse=L0008; unit=KM2; geo=PT; time=2019,,90996,,primary,2026-09-11,fetch_eurostat.py
param:PT:population_m,eurostat:tps00001@2025,tps00001; indic_de=JAN; geo=PT; time=2025,,11.387,,primary,2026-09-11,fetch_eurostat.py
param:PT:renewables_pct,eurostat:nrg_ind_ren@2024,nrg_ind_ren; nrg_bal=REN_ELC; unit=PC; geo=PT; time=2024,,65.8,,primary,2026-09-11,fetch_eurostat.py
param:RO:elec_price_eur_mwh,eurostat:nrg_pc_205@2025-S2,nrg_pc_205; currency=EUR; nrg_cons=MWH500-1999; tax=X_VAT; unit=KWH; geo=RO; time=2025-S2,,188.7,,primary,2026-09-11,fetch_eurostat.py
param:RO:gdp_eur_bn,eurostat:nama_10_gdp@2025,nama_10_gdp; na_item=B1GQ; unit=CP_MEUR; geo=RO; time=2025,,380.1,,primary,2026-09-11,fetch_eurostat.py
param:RO:gov_employment_k,eurostat:nama_10_a64_e@2023,nama_10_a64_e; na_item=EMP_DC; nace_r2=O; unit=THS_PER; geo=RO; time=2023,,388.0,,primary,2026-09-11,fetch_eurostat.py
param:RO:land_km2,eurostat:reg_area3@2019,reg_area3; landuse=L0008; unit=KM2; geo=RO; time=2019,,234270,,primary,2026-09-11,fetch_eurostat.py
param:RO:population_m,eurostat:tps00001@2025,tps00001; indic_de=JAN; geo=RO; time=2025,,19.043,,primary,2026-09-11,fetch_eurostat.py
param:RO:renewables_pct,eurostat:nrg_ind_ren@2024,nrg_ind_ren; nrg_bal=REN_ELC; unit=PC; geo=RO; time=2024,,47.6,,primary,2026-09-11,fetch_eurostat.py
param:SE:elec_price_eur_mwh,eurostat:nrg_pc_205@2025-S2,nrg_pc_205; currency=EUR; nrg_cons=MWH500-1999; tax=X_VAT; unit=KWH; geo=SE; time=2025-S2,,97.0,,primary,2026-09-11,fetch_eurostat.py
param:SE:gdp_eur_bn,eurostat:nama_10_gdp@2025,nama_10_gdp; na_item=B1GQ; unit=CP_MEUR; geo=SE; time=2025,,600.4,,primary,2026-09-11,fetch_eurostat.py
param:SE:gov_employment_k,eurostat:nama_10_a64_e@2023,nama_10_a64_e; na_item=EMP_DC; nace_r2=O; unit=THS_PER; geo=SE; time=2023,,247.0,,primary,2026-09-11,fetch_eurostat.py
param:SE:land_km2,eurostat:reg_area3@2019,reg_area3; landuse=L0008; unit=KM2; geo=SE; time=2019,,407300,,primary,2026-09-11,fetch_eurostat.py
param:SE:population_m,eurostat:tps00001@2025,tps00001; indic_de=JAN; geo=SE; time=2025,,10.588,,primary,2026-09-11,fetch_eurostat.py
param:SE:renewables_pct,eurostat:nrg_ind_ren@2024,nrg_ind_ren; nrg_bal=REN_ELC; unit=PC; geo=SE; time=2024,,88.1,,primary,2026-09-11,fetch_eurostat.py
param:SI:elec_price_eur_mwh,eurostat:nrg_pc_205@2025-S2,nrg_pc_205; currency=EUR; nrg_cons=MWH500-1999; tax=X_VAT; unit=KWH; geo=SI; time=2025-S2,,150.3,,primary,2026-09-11,fetch_eurostat.py
param:SI:gdp_eur_bn,eurostat:nama_10_gdp@2025,nama_10_gdp; na_item=B1GQ; unit=CP_MEUR; geo=SI; time=2025,,71.2,,primary,2026-09-11,fetch_eurostat.py
param:SI:gov_employment_k,eurostat:nama_10_a64_e@2023,nama_10_a64_e; na_item=EMP_DC; nace_r2=O; unit=THS_PER; geo=SI; time=2023,,50.6,,primary,2026-09-11,fetch_eurostat.py
param:SI:land_km2,eurostat:reg_area3@2019,reg_area3; landuse=L0008; unit=KM2; geo=SI; time=2019,,20145,,primary,2026-09-11,fetch_eurostat.py
param:SI:population_m,eurostat:tps00001@2025,tps00001; indic_de=JAN; geo=SI; time=2025,,2.131,,primary,2026-09-11,fetch_eurostat.py
param:SI:renewables_pct,eurostat:nrg_ind_ren@2024,nrg_ind_ren; nrg_bal=REN_ELC; unit=PC; geo=SI; time=2024,,43.1,,primary,2026-09-11,fetch_eurostat.py
param:SK:elec_price_eur_mwh,eurostat:nrg_pc_205@2025-S2,nrg_pc_205; currency=EUR; nrg_cons=MWH500-1999; tax=X_VAT; unit=KWH; geo=SK; time=2025-S2,,209.0,,primary,2026-09-11,fetch_eurostat.py
param:SK:gdp_eur_bn,eurostat:nama_10_gdp@2025,nama_10_gdp; na_item=B1GQ; unit=CP_MEUR; geo=SK; time=2025,,136.8,,primary,2026-09-11,fetch_eurostat.py
param:SK:gov_employment_k,eurostat:nama_10_a64_e@2023,nama_10_a64_e; na_item=EMP_DC; nace_r2=O; unit=THS_PER; geo=SK; time=2023,,167.7,,primary,2026-09-11,fetch_eurostat.py
param:SK:land_km2,eurostat:reg_area3@2019,reg_area3; landuse=L0008; unit=KM2; geo=SK; time=2019,,48702,,primary,2026-09-11,fetch_eurostat.py
param:SK:population_m,eurostat:tps00001@2025,tps00001; indic_de=JAN; geo=SK; time=2025,,5.419,,primary,2026-09-11,fetch_eurostat.py
param:SK:renewables_pct,eurostat:nrg_ind_ren@2024,nrg_ind_ren; nrg_bal=REN_ELC; unit=PC; geo=SK; time=2024,,24.9,,primary,2026-09-11,fetch_eurostat.py
record:AT:breeder_documents:hosting,ris-bka-gv-at:e8f950b227,page text,"Anstelle der Schriftstücke gemäß Abs. 1 können auch Mikrofilme oder elektronische Informationsträger aufbewahrt werden. [English: Instead of the documents under para. 1, microfilms or electronic data carriers may also be kept.]",Documents may be kept on microfilm or electronic media instead of paper,,official,2026-09-29,research.py: quote exact in fetched document
record:AT:breeder_documents:register,ris-bka-gv-at:e8f950b227,page text,"Alle Schriftstücke, die die Grundlage der Eintragung und späterer Veränderungen sowie der Ermittlung der Ehefähigkeit und der Fähigkeit, eine eingetragene Partnerschaft zu begründen, gebildet haben, sind bei jener Personenstandsbehörde aufzubewahren, die die Eintragung vorgenommen hat. [English: All documents that formed the basis of the entry and later changes, and of establishing capacity to marry or to enter a registered partnership, shall be kept by the civil status authority that made the entry.]",Supporting documents underlying civil status entries are kept by the civil status authority that made the entry (decentralised),,official,2026-09-29,research.py: quote exact in fetched document
record:AT:civil_registry:legal_basis,ris-bka-gv-at:6cd23d2e13,page text,Die Meldebehörden haben dem Bundesminister für Inneres ihre Meldedaten im Sinne des ersten Satzes zu übermitteln. [English: The registration authorities must transmit their registration data within the meaning of the first sentence to the Federal Minister of the Interior.],"Meldegesetz 1991 (Registration Act), § 16",,official,2026-09-29,research.py: quote exact in fetched document
record:AT:civil_registry:operator,ris-bka-gv-at:e8f950b227,page text,Der Bundesminister für Inneres übt die Funktion des Auftragsverarbeiters gemäß Art. 4 Z 8 in Verbindung mit Art. 28 Abs. 1 DSGVO aus. [English: The Federal Minister of the Interior performs the function of processor under Art. 4(8) in conjunction with Art. 28(1) GDPR.],Federal Minister of the Interior acts as processor of the ZPR,,official,2026-09-29,research.py: quote exact in fetched document
record:AT:civil_registry:register,ris-bka-gv-at:6cd23d2e13,page text,"für die Zwecke der Führung des Zentralen Melderegisters ihre Meldedaten – mit Ausnahme der Angaben zum Religionsbekenntnis – samt allenfalls bestehende Auskunftssperren sowie zugehörige Abmeldungen gemeinsam in der Art zu verarbeiten [English: for the purposes of keeping the Central Register of Residents, to process their registration data - except details of religious denomination - together with any information blocks and associated deregistrations jointly]",Zentrales Melderegister (ZMR) - Central Register of Residents,,official,2026-09-29,research.py: quote exact in fetched document
record:AT:digital_identity_credentials:count,bundeskanzleramt-gv-at:87632f6055,page text,"Mit der ID Austria nutzen bereits über 4,1 Millionen Bürgerinnen und Bürger eine sichere digitale Identität – das ist rund jede zweite Person in Österreich. [English: With ID Austria, over 4.1 million citizens already use a secure digital identity - roughly every second person in Austria.]",Over 4.1 million citizens use ID Austria (August 2025),,secondary,2026-09-29,research.py: quote exact in fetched document
record:AT:digital_identity_credentials:hosting,rechnungshof-gv-at:58d5050525,PDF text,"Der Vertrauensdiensteanbieter war gesetzlich verpflichtet, den Betrieb bzw. die ständige Verfügbarkeit der in seinem Einflussbereich (Rechenzentrum) betriebenen Zertifikatsdatenbank zu gewährleisten. [English: The trust service provider was legally obliged to ensure the operation and permanent availability of the certificate database operated within its sphere of control (data centre).]",The private trust service provider runs the certificate database in its own data centre,,official,2026-09-29,research.py: quote exact in fetched document
record:AT:digital_identity_credentials:legal_basis,ris-bka-gv-at:10d2ab61ab,page text,"hat die Stammzahlenregisterbehörde die Stammzahl des E-ID-Werbers zu ermitteln und diese in verschlüsselter Form an den qualifizierten Vertrauensdiensteanbieter (VDA) gemäß Art. 3 Z 20 eIDAS-VO, der das qualifizierte Zertifikat für eine elektronische Signatur ausstellt [English: the Source PIN Register Authority shall determine the source PIN of the E-ID applicant and transmit it in encrypted form to the qualified trust service provider (VDA) under Art. 3(20) eIDAS Regulation which issues the qualified certificate for an electronic signature]",E-GovG § 4(4): qualified trust service provider issues the signature certificate bound to the E-ID,,official,2026-09-29,research.py: quote exact in fetched document
record:AT:digital_identity_credentials:operator,ris-bka-gv-at:10d2ab61ab,page text,"Der Bundesminister für Inneres sowie die Stammzahlenregisterbehörde sind ermächtigt, diese personenbezogenen Daten zu Zwecken der Verwaltung des E-ID zu verarbeiten. [English: The Federal Minister of the Interior and the Source PIN Register Authority are authorised to process these personal data for the purposes of administering the E-ID.]",Federal Minister of the Interior and the Source PIN Register Authority process E-ID registration data,,official,2026-09-29,research.py: quote exact in fetched document
record:AT:digital_identity_credentials:register,ris-bka-gv-at:10d2ab61ab,page text,"Der E-ID dient dem Nachweis der eindeutigen Identität, weiterer Merkmale sowie des Bestehens einer Einzelvertretungsbefugnis eines Einschreiters und der Authentizität des elektronisch gestellten Anbringens [English: The E-ID serves to prove the unique identity, further attributes and the existence of a sole power of representation of an applicant and the authenticity of the electronically submitted application]","Elektronischer Identitätsnachweis (E-ID), branded ID Austria",,official,2026-09-29,research.py: quote exact in fetched document
record:AT:electoral_roll:count,bmi-gv-at:00cef6f156,page text,"Das endgültige Ergebnis der Nationalratswahl 2024 lautet – nach Feststellung durch die Bundeswahlbehörde am 16. Oktober 2024 – wie folgt: Wahlberechtigte: 6.346.059 [English: The final result of the 2024 National Council election - as determined by the Federal Electoral Board on 16 October 2024 - is as follows: Persons entitled to vote: 6,346,059]","6,346,059 persons entitled to vote in the 2024 National Council election",,official,2026-09-29,research.py: quote exact in fetched document
record:AT:electoral_roll:operator,ris-bka-gv-at:fcf517edcc,page text,"Soweit der Bundesminister für Inneres aufgrund bundesgesetzlicher oder landesgesetzlicher Vorschriften Daten des ZeWaeR zu verarbeiten hat, übt er die Funktion des Auftragsverarbeiters gemäß Art. 4 Z 8 in Verbindung mit Art. 28 Abs. 1 DSGVO für die jeweilige Gemeinde aus [English: Insofar as the Federal Minister of the Interior has to process ZeWaeR data under federal or provincial law, he acts as processor under Art. 4(8) with Art. 28(1) GDPR for the respective municipality]",Federal Minister of the Interior acts as processor of ZeWaeR for each municipality,,official,2026-09-29,research.py: quote exact in fetched document
record:AT:electoral_roll:register,ris-bka-gv-at:fcf517edcc,page text,Die Wählerevidenz ist unter Verwendung des Zentralen Wählerregisters – ZeWaeR (§ 4 Abs. 1) zu führen. [English: The voter register shall be kept using the Central Voter Register - ZeWaeR (§ 4(1)).],Zentrales Wählerregister (ZeWaeR) - Central Voter Register,,official,2026-09-29,research.py: quote exact in fetched document
record:AT:facial_biometric:foreign_dependency,ris-bka-gv-at:c8de5cda2b,page text,"Die Bundesrechenzentrum GmbH hat als Auftragsverarbeiterin bei der Führung von Datenverarbeitungen gemäß § 22a und § 22b gegen Entgelt mitzuwirken. [English: Bundesrechenzentrum GmbH shall, as processor, participate for a fee in the conduct of the data processing under § 22a and § 22b.]",national,,official,2026-09-29,research.py: quote exact in fetched document
record:AT:facial_biometric:hosting,ris-bka-gv-at:c8de5cda2b,page text,"Die Bundesrechenzentrum GmbH hat als Auftragsverarbeiterin bei der Führung von Datenverarbeitungen gemäß § 22a und § 22b gegen Entgelt mitzuwirken. [English: Bundesrechenzentrum GmbH shall, as processor, participate for a fee in the conduct of the data processing under § 22a and § 22b.]",Bundesrechenzentrum GmbH (state-owned) is the processor for the passport data processing under §§ 22a and 22b,,official,2026-09-29,research.py: quote exact in fetched document
record:AT:facial_biometric:legal_basis,ris-bka-gv-at:c8de5cda2b,page text,"i) Litera i besondere Kennzeichen in verbaler Beschreibung, j) Litera j Lichtbild, k) Litera k die Papillarlinienabdrücke zweier Finger, l) Litera l Unterschrift [English: i) special characteristics in verbal description, j) photograph, k) the fingerprints of two fingers, l) signature]",Passgesetz 1992 § 22a(1): facial image (Lichtbild) is among the data collected on application,,official,2026-09-29,research.py: quote exact in fetched document
record:AT:facial_biometric:register,ris-bka-gv-at:c8de5cda2b,page text,"Die Passbehörden sind als gemeinsam Verantwortliche gemäß Art. 4 Z 7 in Verbindung mit Art. 26 Abs. 1 DSGVO ermächtigt, die für die Wahrnehmung der ihnen nach diesem Bundesgesetz übertragenen Aufgaben erforderlichen personenbezogenen Daten nach § 22a Abs. 1 mit Ausnahme der lit. k [English: The passport authorities, as joint controllers under Art. 4(7) with Art. 26(1) GDPR, are authorised to process the personal data under § 22a(1) necessary for their tasks under this Act, with the exception of lit. k [fingerprints]]",Central evidence under § 22b Passport Act holds passport/ID card data including the facial image (lit. j) but not fingerprints (lit. k),,official,2026-09-29,research.py: quote exact in fetched document
record:AT:fingerprint_biometric:register,ris-bka-gv-at:c8de5cda2b,page text,"Die Passbehörden sind als gemeinsam Verantwortliche gemäß Art. 4 Z 7 in Verbindung mit Art. 26 Abs. 1 DSGVO ermächtigt, die für die Wahrnehmung der ihnen nach diesem Bundesgesetz übertragenen Aufgaben erforderlichen personenbezogenen Daten nach § 22a Abs. 1 mit Ausnahme der lit. k [English: The passport authorities ... are authorised to process the personal data under § 22a(1) ... with the exception of lit. k [fingerprints]]",Fingerprints (§ 22a(1) lit. k) are excluded from the central passport evidence under § 22b,,absence,2026-09-29,research.py: quote exact in fetched document
record:AT:issuance_history:foreign_dependency,rechnungshof-gv-at:58d5050525,PDF text,"Für die Anpassung dieses Registers an die Anforderungen der zusätzlichen E–ID–Registrierung beauftragte das BMI die BRZ GmbH, den gesetzlichen Auftragsverarbeiter des Identitätsdokumentenregisters. [English: To adapt this register to the requirements of the additional E-ID registration, the Interior Ministry commissioned BRZ GmbH, the statutory processor of the Identity Document Register.]",national,,official,2026-09-29,research.py: quote exact in fetched document
record:AT:issuance_history:hosting,rechnungshof-gv-at:58d5050525,PDF text,"Für die Anpassung dieses Registers an die Anforderungen der zusätzlichen E–ID–Registrierung beauftragte das BMI die BRZ GmbH, den gesetzlichen Auftragsverarbeiter des Identitätsdokumentenregisters. [English: To adapt this register to the requirements of the additional E-ID registration, the Interior Ministry commissioned BRZ GmbH, the statutory processor of the Identity Document Register.]",BRZ GmbH is the statutory processor of the Identity Document Register,,official,2026-09-29,research.py: quote exact in fetched document
record:AT:issuance_history:legal_basis,ris-bka-gv-at:c8de5cda2b,page text,"Die Passbehörden dürfen weiters Namen, Geschlecht, akademische Grade und Qualifikationsbezeichnungen, die auf Grund des Gesetzes in amtlichen Urkunden eingetragen werden können, Geburtsdatum, Geburtsort, Staatsangehörigkeit, Wohnsitze oder Kontaktstelle [English: The passport authorities may further [process] names, sex, academic degrees and qualification titles that may be entered in official documents by law, date of birth, place of birth, nationality, residences or contact point]",Passgesetz 1992 § 22b central evidence of identity and document data,,official,2026-09-29,research.py: quote exact in fetched document
record:AT:issuance_history:register,rechnungshof-gv-at:58d5050525,PDF text,Die Registrierung des E–ID sollte über das Identitätsdokumentenregister [English: Registration of the E-ID was to be handled via the Identity Document Register],Identitätsdokumentenregister (IDR) - Identity Document Register,,official,2026-09-29,research.py: quote exact in fetched document
record:AT:residence_permits:operator,ris-bka-gv-at:3ca87f5339,page text,Der Bundesminister für Inneres übt die Funktion des Auftragsverarbeiters gemäß Art. 4 Z 8 in Verbindung mit Art. 28 Abs. 1 DSGVO aus. [English: The Federal Minister of the Interior performs the function of processor under Art. 4(8) in conjunction with Art. 28(1) GDPR.],Federal Minister of the Interior acts as processor of the Central Register of Foreigners,,official,2026-09-29,research.py: quote exact in fetched document
record:AT:residence_permits:register,ris-bka-gv-at:3ca87f5339,page text,"Der Bundesminister für Inneres, das Bundesamt, die Vertretungsbehörden, die Behörden nach dem NAG und die Landespolizeidirektionen sind als gemeinsam Verantwortliche gemäß Art. 4 Z 7 in Verbindung mit Art. 26 Abs. 1 DSGVO ermächtigt, personenbezogene Daten von Fremden (§ 27 Abs. 1) gemeinsam in der Art zu verarbeiten [English: The Federal Minister of the Interior, the Federal Office, the representation authorities, the authorities under the NAG and the provincial police directorates are authorised as joint controllers under Art. 4(7) with Art. 26(1) GDPR to process personal data of foreigners (§ 27(1)) jointly]",Zentrales Fremdenregister - Central Register of Foreigners (BFA-VG § 26),,official,2026-09-29,research.py: quote exact in fetched document
record:AT:trust_services_pki:count,a-trust-at:1f3b1dfe0f,page text,Bereits mehr als 4 Millionen Personen verwenden eine QES von A-Trust! [English: More than 4 million people already use a QES from A-Trust!],More than 4 million persons use a qualified electronic signature from A-Trust,,secondary,2026-09-29,research.py: quote exact in fetched document
record:AT:trust_services_pki:legal_basis,ris-bka-gv-at:34350faf1a,page text,Aufsichtsstelle gemäß Art. 17 eIDAS-VO ist die Telekom-Control-Kommission (§ 116 TKG 2003). [English: The supervisory body under Art. 17 eIDAS Regulation is the Telekom-Control-Kommission (§ 116 TKG 2003).],Supervisory body for trust services under Art. 17 eIDAS is the Telekom-Control-Kommission,,official,2026-09-29,research.py: quote exact in fetched document
record:AT:trust_services_pki:operator,ris-bka-gv-at:34350faf1a,page text,"Die RTR-GmbH erstellt, führt und veröffentlicht für die Aufsichtsstelle auf gesicherte Weise eine von der RTR-GmbH elektronisch unterzeichnete oder besiegelte Vertrauensliste gemäß Art. 22 eIDAS-VO. [English: RTR-GmbH compiles, maintains and publishes securely for the supervisory body a trust list under Art. 22 eIDAS Regulation, electronically signed or sealed by RTR-GmbH.]",RTR-GmbH compiles and publishes the national trust list,,official,2026-09-29,research.py: quote exact in fetched document
record:AT:trust_services_pki:register,bmi-gv-at:fdbace9b54,page text,This website contains information on the Austrian CSCA operated by the Federal Ministry of Interior (BMI).,Austrian Country Signing CA (CSCA) operated by the Federal Ministry of the Interior,,official,2026-09-29,research.py: quote exact in fetched document
record:BE:breeder_documents:legal_basis,ibz-rrn-fgov-be:e2e9ded180,page text,Wet van 18 juni 2018 houdende diverse bepalingen inzake burgerlijk recht en bepalingen met het oog op de bevordering van alternatieve vormen van geschillenoplossing [English: Law of 18 June 2018 containing various provisions on civil law and provisions to promote alternative forms of dispute resolution],Law of 18 June 2018 on various provisions of civil law (Civil Status Modernisation Law),,official,2026-09-29,research.py: quote exact in fetched document
record:BE:breeder_documents:operator,arch-be:44d4621965,page text,De DABS wordt aangestuurd door een Beheerscomité DABS. Dat staat in voor de inrichting en het beheer van de DABS [English: The DABS is steered by a DABS Management Committee. It is responsible for the set-up and management of the DABS],DABS is governed by a DABS Management Committee responsible for its set-up and management,,official,2026-09-29,research.py: quote exact in fetched document
record:BE:breeder_documents:register,arch-be:44d4621965,page text,De Databank voor Akten van de Burgerlijke Stand (DABS) is een centrale databank waarin alle akten van de burgerlijke stand voortaan worden bewaard en beheerd. [English: The Database of Civil Status Records (DABS) is a central database in which all civil status records are henceforth stored and managed.],"DABS: a central database holding all civil status deeds, replacing the municipal and consular registers",,official,2026-09-29,research.py: quote exact in fetched document
record:BE:civil_registry:legal_basis,ibz-rrn-fgov-be:42d8c82a64,page text,Vijftien jaar later verkreeg het Rijksregister een wettelijke basis door de goedkeuring van de wet van 8 augustus 1983 tot regeling van een Rijksregister van de natuurlijke personen. [English: Fifteen years later the National Register obtained a legal basis through the adoption of the law of 8 August 1983 organising a National Register of Natural Persons.],Law of 8 August 1983 organising a National Register of Natural Persons,,official,2026-09-29,research.py: quote exact in fetched document
record:BE:civil_registry:operator,ibz-rrn-fgov-be:e11b280087,page text,"Ze beheert het Rijksregister, de centrale databank waarin alle bevolkingsgegevens zijn opgeslagen. [English: It manages the National Register, the central database in which all population data are stored.]",The National Register is managed by the Directorate-General Identity and Civil Affairs of the FPS Interior,,official,2026-09-29,research.py: quote exact in fetched document
record:BE:civil_registry:register,ibz-rrn-fgov-be:42d8c82a64,page text,Het Rijksregister is dus een centrale databank waarin volgende groepen zijn geregistreerd: alle Belgen die in België verblijven; [English: The National Register is thus a central database in which the following groups are registered: all Belgians residing in Belgium;],"Rijksregister van de natuurlijke personen (National Register of Natural Persons), the central database of identification data of all registered persons",,official,2026-09-29,research.py: quote exact in fetched document
record:BE:facial_biometric:hosting,ibz-rrn-fgov-be:499b473c04,page text,De foto's worden bewaard op een beveiligde server. Enkel de bevoegde instanties hebben hier toegang toe. [English: The photos are stored on a secure server. Only the competent authorities have access to it.],Photos are kept on a secure server (no provider or location named),,official,2026-09-29,research.py: quote exact in fetched document
record:BE:facial_biometric:legal_basis,ibz-rrn-fgov-be:499b473c04,page text,Dit alles gebeurt in uitvoering van Artikel 6 en 6 bis van de wet van 19 juli 1991 betreffende de bevolkingsregisters en de identiteitskaarten. Een foto maakt het in het bijzonder mogelijk [English: All this is done in implementation of Articles 6 and 6bis of the law of 19 July 1991 on population registers and identity cards. A photo in particular makes it possible],Articles 6 and 6bis of the Law of 19 July 1991 on population registers and identity cards,,official,2026-09-29,research.py: quote exact in fetched document
record:BE:facial_biometric:register,ibz-rrn-fgov-be:499b473c04,page text,"Eenmaal de kaart geproduceerd is, zal de pasfoto te zien zijn op de identiteitskaart (zowel fysiek als op de chip) als in het rijksregister. [English: Once the card has been produced, the passport photo will be visible on the identity card (both physically and on the chip) and in the national register.]",ID-card photos are stored and visible in the National Register,,official,2026-09-29,research.py: quote exact in fetched document
record:BE:fingerprint_biometric:register,ibz-rrn-fgov-be:192a634168,page text,De vingerafdrukken staan enkel op de contactloze chip van de kaart (geen centrale databank) en zijn beveiligd. [English: The fingerprints are only on the contactless chip of the card (no central database) and are secured.],eID fingerprints are stored only on the card chip; there is no central fingerprint database,,absence,2026-09-29,research.py: quote exact in fetched document
record:BE:issuance_history:legal_basis,etaamb-openjustice-be:67f7aaffa6,page text,schept een wettelijk kader voor het bestand van de identiteitskaarten dat door het koninklijk besluit van 29 juli 1985 betreffende de identiteitskaarten ingesteld was. [English: creates a legal framework for the identity card file that had been established by the royal decree of 29 July 1985 on identity cards.],Article 6bis of the Law of 19 July 1991 gives the ID card file (set up by the Royal Decree of 29 July 1985) its legal framework,,official,2026-09-29,research.py: quote exact in fetched document
record:BE:issuance_history:register,etaamb-openjustice-be:67f7aaffa6,page text,De doelstelling van dit Register van de Identiteitskaarten bestaat erin een permanente inventaris te verzekeren van de identiteitskaarten die in België vervaardigd en uitgereikt werden. [English: The purpose of this Register of Identity Cards is to ensure a permanent inventory of the identity cards produced and issued in Belgium.],Register van de Identiteitskaarten: a permanent inventory of the identity cards produced and issued in Belgium,,official,2026-09-29,research.py: quote exact in fetched document
record:BE:residence_permits:register,gegevensbeschermingsautoriteit-be:6f515c0b30,PDF text,"de afgevaardigde van de minister heeft aangegeven dat het gaat om de interne databank van de vreemdelingendienst, namelijk Evibel, die in de toekomst zal worden vervangen door eMigration. [English: the minister's delegate indicated that it concerns the internal database of the immigration service, namely Evibel, which will in future be replaced by eMigration.]","Evibel is the internal database of the immigration service, to be replaced by eMigration",,official,2026-09-29,research.py: quote exact in fetched document
record:BE:trust_services_pki:operator,repository-eid-belgium-be:8485ac65e6,PDF text,The Belgian authorities are the CSP responsible for the Belgium Root CAs and for the CA certificates issued under the Belgian Root CA.,The Belgian authorities are the certification service provider responsible for the Belgium Root CAs,,official,2026-09-29,research.py: quote exact in fetched document
record:BE:trust_services_pki:register,repository-eid-belgium-be:8485ac65e6,PDF text,"On the top of this hierarchy, there is a “Belgium Root CA (BRCA)” of which the purpose amongst others is to build trust in the various Certification Authorities within the government domain.","Belgium Root CA (BRCA), the top of the government CA hierarchy",,official,2026-09-29,research.py: quote exact in fetched document
record:BG:authentication_audit_log:count,mtc-government-bg:c645e7ccb8,PDF text,държавните органи съхраняват информация за извършените проверки по реда на този раздел. (2) Информацията се съхранява за срок 10 години. [English: state bodies store information on the verifications performed under this section. (2) The information is stored for a period of 10 years.],"Verification records are kept for 10 years (Art. 23(2)); retention period, not a record count",,official,2026-09-29,research.py: quote exact in fetched document
record:BG:authentication_audit_log:legal_basis,mtc-government-bg:c645e7ccb8,PDF text,"При извършване на проверка на електронна идентичност лицата, осъществяващи дейност на център за електронна идентификация, и държавните органи съхраняват информация за извършените проверки по реда на този раздел. [English: When verifying an electronic identity, persons operating an electronic identification centre and state bodies store information on the verifications performed under this section.]","Rules for the Electronic Identification Act, Art. 23(1): eID centres and state bodies must keep information on every eID verification",,official,2026-09-29,research.py: quote exact in fetched document
record:BG:authentication_audit_log:register,mtc-government-bg:c645e7ccb8,PDF text,"Всички операции, извършени в регистъра по чл. 3, ал. 1, се съхраняват в журнал на събитията. (5) Интегритетът на журнала на събитията се защитава чрез криптографски методи. [English: All operations performed in the register under Art. 3(1) are stored in an event log. (5) The integrity of the event log is protected by cryptographic methods.]",All operations on the register of electronic identifiers are recorded in an event log protected cryptographically (Art. 4(4)-(5)),,official,2026-09-29,research.py: quote exact in fetched document
record:BG:beneficial_ownership:legal_basis,bulnao-government-bg:2b62662464,PDF text,"идентификационните данни за действителните собственици и данните за юридическите лица или други правни образувания, чрез които пряко или непряко се упражнява контрол, съгласно изискванията на Закона за мерките срещу изпирането на пари подлежат на вписване в търговския регистър/регистъра на юридическите лица с нестопанска цел. [English: identification data of beneficial owners and data on legal entities or other legal arrangements through which control is directly or indirectly exercised are, under the Measures against Money Laundering Act, subject to entry in the commercial register/register of non-profit legal entities.]",Beneficial-owner data are entered in the Commercial Register / Register of Non-Profit Legal Entities under the Measures against Money Laundering Act,,official,2026-09-29,research.py: quote exact in fetched document
record:BG:beneficial_ownership:register,bulnao-government-bg:2b62662464,PDF text,възлага на изпълнителя надграждане на регистрите с цел осигуряване на възможност за вписване на обстоятелствата относно действителните собственици в изпълнение на изискванията на ЗМИП. Промяната на софтуера е въведена в експлоатация на 28.01.2019 г. [English: assigns the contractor the upgrade of the registers to enable entry of circumstances concerning beneficial owners under the Measures against Money Laundering Act. The software change was put into operation on 28.01.2019.],The software change enabling beneficial-owner entries went live on 28.01.2019,,official,2026-09-29,research.py: quote exact in fetched document
record:BG:benefits_pensions:legal_basis,mlsp-government-bg:9d6dc1d5f6,PDF text,"Националният осигурителен институт създава и поддържа информационна система за ведомостите за заплати, предадени по реда на ал. 10. Данните от информационната система се използват за изчисляване и отпускане на пенсиите и паричните обезщетения. [English: The National Social Security Institute creates and maintains an information system for the payrolls submitted under para. 10. The data in the information system are used to calculate and grant pensions and cash benefits.]","NSSI creates and maintains the payroll-records information system used to calculate pensions (Social Security Code, Art. 5(12))",,official,2026-09-29,research.py: quote exact in fetched document
record:BG:benefits_pensions:register,mlsp-government-bg:9d6dc1d5f6,PDF text,"поддържа информационна система за изплащаните пенсии, обезщетения и помощи по този кодекс и за гарантираните вземания по Закона за гарантираните вземания на работниците и служителите при несъстоятелност на работодателя; [English: maintains an information system on the pensions, benefits and allowances paid under this Code and on guaranteed claims under the Act on Guaranteed Claims of Workers and Employees in Employer Insolvency;]","NSSI maintains the information system on pensions, benefits and allowances paid (Social Security Code, Art. 33)",,official,2026-09-29,research.py: quote exact in fetched document
record:BG:breeder_documents:legal_basis,asp-government-bg:ddac6f9091,PDF text,"При несъответствие на данните в акта за гражданско състояние и неговия електронен еквивалент доказателствена сила имат данните, вписани в акта за гражданско състояние, в писмен вид. [English: Where the data in the civil status act and its electronic equivalent differ, the data entered in the civil status act in written form have evidential force.]","Where the paper act and its electronic equivalent differ, the written (paper) act has evidential force (Civil Registration Act, Art. 41(4))",,official,2026-09-29,research.py: quote exact in fetched document
record:BG:breeder_documents:register,asp-government-bg:ddac6f9091,PDF text,Електронните актове за гражданско състояние образуват Национален електронен регистър на актове за гражданско състояние. [English: The electronic civil status acts form the National Electronic Register of Civil Status Acts.],"National Electronic Register of Civil Status Acts (birth, marriage, death acts) formed from the electronic equivalents of the acts (Civil Registration Act, Art. 41(5))",,official,2026-09-29,research.py: quote exact in fetched document
record:BG:business_registry:foreign_dependency,bulnao-government-bg:2b62662464,PDF text,"Разширяване капацитета на масиви за съхранение на данни, надграждане на сървъри и доставка на лентови библиотеки за архивиране на данни, обслужващи информационните системи на регистрите на АВ [English: Expanding the capacity of data storage arrays, upgrading servers and supplying tape libraries for data backup serving the information systems of the Registry Agency registers]",national,,official,2026-09-29,research.py: quote exact in fetched document
record:BG:business_registry:hosting,bulnao-government-bg:2b62662464,PDF text,"Разширяване капацитета на масиви за съхранение на данни, надграждане на сървъри и доставка на лентови библиотеки за архивиране на данни, обслужващи информационните системи на регистрите на АВ [English: Expanding the capacity of data storage arrays, upgrading servers and supplying tape libraries for data backup serving the information systems of the Registry Agency registers]","Registry Agency contract to expand storage arrays, upgrade servers and supply tape libraries serving the registers' information systems",,official,2026-09-29,research.py: quote exact in fetched document
record:BG:business_registry:legal_basis,bulnao-government-bg:2b62662464,PDF text,"От 2006 г. със Закона за търговския регистър на Агенцията по вписванията се възлага воденето и съхраняването на търговския регистър [English: From 2006, the Commercial Register Act assigns the Registry Agency the keeping and storing of the commercial register]",Commercial Register Act (2006; since 2016 the Commercial Register and Register of Non-Profit Legal Entities Act),,official,2026-09-29,research.py: quote exact in fetched document
record:BG:business_registry:register,bulnao-government-bg:2b62662464,PDF text,"Търговският регистър и регистърът на юридическите лица с нестопанска цел (ТРРЮЛНЦ) е обща електронна база данни, съдържаща обстоятелствата, вписани по силата на закон, [English: The Commercial Register and Register of Non-Profit Legal Entities (TRRYuLNTs) is a common electronic database containing the circumstances entered by force of law,]",The Commercial Register and Register of Non-Profit Legal Entities is a common electronic database,,official,2026-09-29,research.py: quote exact in fetched document
record:BG:crisis_management:legal_basis,segabg-com:0f370dfeb5,page text,"Измененията са в наредбата за реда за изграждане, поддържане, развитие и използване на системата BG-ALERT. Тя е издадена от министъра на вътрешните работи съвместно с министъра на транспорта и съобщенията. [English: The amendments are to the ordinance on building, maintaining, developing and using the BG-ALERT system. It was issued by the Minister of Interior jointly with the Minister of Transport and Communications.]","Ordinance on building, maintaining, developing and using BG-ALERT, issued by the Minister of Interior jointly with the Minister of Transport and Communications",,secondary,2026-09-29,research.py: quote exact in fetched document
record:BG:crisis_management:operator,segabg-com:0f370dfeb5,page text,Предупредителната система е разработена съвместно от МВР и Министерството на електронното управление. [English: The warning system was developed jointly by the Ministry of Interior and the Ministry of e-Government.],Developed jointly by MVR and the Ministry of e-Government,,secondary,2026-09-29,research.py: quote exact in fetched document
record:BG:crisis_management:register,segabg-com:0f370dfeb5,page text,BG-ALERT е система за разпространение на съобщения за предупреждение на населението в случаи на опасни събития [English: BG-ALERT is a system for disseminating warning messages to the population in the event of dangerous events],BG-ALERT public warning system over mobile networks (Cell Broadcast),,secondary,2026-09-29,research.py: quote exact in fetched document
record:BG:customs:legal_basis,infobusiness-bcci-bg:291b25fe05,page text,Новата информационна система за внасяне е разработена в съответствие с изискванията заложените в новата законодателна рамка - Регламент (ЕС) No 952/2013 [English: The new import information system is developed in accordance with the requirements of the new legislative framework – Regulation (EU) No 952/2013],"Built to the requirements of the Union Customs Code, Regulation (EU) No 952/2013",,secondary,2026-09-29,research.py: quote exact in fetched document
record:BG:customs:operator,dv-parliament-bg:8b19398fb2,page text,Решенията по прилагане на митническото законодателство се издават от директора на Агенция „Митници“ или от началниците на митници. [English: Decisions applying customs legislation are issued by the Director of the Customs Agency or by the heads of customs offices.],"Customs decisions are issued by the Director of the Customs Agency or heads of customs offices (Customs Act, Art. 19 as amended 2016)",,official,2026-09-29,research.py: quote exact in fetched document
record:BG:customs:register,infobusiness-bcci-bg:291b25fe05,page text,На 26.11.2018 г. ще бъде въведена в реална експлоатация новата Митническа информационна система за внасяне (МИСВ). [English: On 26.11.2018 the new Customs Information System for Import (MISV) will be put into live operation.],The new Customs Import Information System (MISV) went into production on 26.11.2018,,secondary,2026-09-29,research.py: quote exact in fetched document
record:BG:digital_identity_credentials:legal_basis,segabg-com:893a8ce07a,page text,Тези промени в Закона за електронната идентификация вече получиха единодушна подкрепа на първо четене и в парламентарната комисия по вътрешна сигурност и обществен ред. [English: These amendments to the Electronic Identification Act have already received unanimous support at first reading in the parliamentary committee on internal security and public order as well.],Amendments to the Electronic Identification Act (free eID certificates) passed first reading in parliamentary committees in September 2026,,secondary,2026-09-29,research.py: quote exact in fetched document
record:BG:digital_identity_credentials:operator,mtc-government-bg:c645e7ccb8,PDF text,"Достъп до регистъра по чл. 3, ал. 1 имат и лица, определени със заповед на министъра на вътрешните работи, които се идентифицират по електронен път преди всяко осъществяване на достъп. [English: Access to the register under Art. 3(1) is also granted to persons designated by order of the Minister of Interior, who identify themselves electronically before each access.]",Access to the register is granted to persons designated by order of the Minister of Interior (MVR runs the register),,official,2026-09-29,research.py: quote exact in fetched document
record:BG:digital_identity_credentials:register,mtc-government-bg:c645e7ccb8,PDF text,"В регистъра на електронните идентификатори се вписва всеки създаден електронен идентификатор и уникалният граждански идентификатор, на който той съответства. [English: Every electronic identifier created and the unique civil identifier to which it corresponds is entered in the register of electronic identifiers.]","Register of electronic identifiers linking each eID identifier to the unified civil identifier (Rules for the Electronic Identification Act, Art. 3(1))",,official,2026-09-29,research.py: quote exact in fetched document
record:BG:education:legal_basis,nacid-bg:c51a61dcf1,page text,"по силата на чл. 10, ал. 2, т. 3, б. „в“ от Закона за висшето образование. Достъпът до регистъра се осъществява чрез интернет страница на НАЦИД. [English: under Art. 10(2)(3)(c) of the Higher Education Act. Access to the register is through the NACID website.]","Higher Education Act, Art. 10(2)(3)(c)",,official,2026-09-29,research.py: quote exact in fetched document
record:BG:education:register,nacid-bg:c51a61dcf1,page text,"Регистърът на всички действащи, прекъснали и завършили студенти и докторанти по степени на обучение и по професионални направления (РДПЗСД) се води и поддържа като електронна база данни от министъра на образованието и науката чрез Националния център за информация и документация (НАЦИД) [English: The Register of all current, interrupted and graduated students and doctoral candidates by degree and professional field (RDPZSD) is kept and maintained as an electronic database by the Minister of Education and Science through the National Centre for Information and Documentation (NACID)]","Register of all current, interrupted and graduated students and doctoral candidates, kept as an electronic database through NACID",,official,2026-09-29,research.py: quote exact in fetched document
record:BG:facial_biometric:legal_basis,aref-government-bg:e0e9f32faa,PDF text,"данни от българските лични документи, заявленията за издаването им и биометрични данни; [English: data from Bulgarian identity documents, the applications for their issuance and biometric data;]","Bulgarian Identity Documents Act, Art. 65(1): the information funds contain document data, applications and biometric data",,official,2026-09-29,research.py: quote exact in fetched document
record:BG:facial_biometric:operator,aref-government-bg:e0e9f32faa,PDF text,"Българските лични документи се издават от Министерството на вътрешните работи, Министерството на външните работи, Министерството на транспорта и съобщенията и Министерството на отбраната съобразно предоставената им компетентност по този закон. [English: Bulgarian identity documents are issued by the Ministry of Interior, the Ministry of Foreign Affairs, the Ministry of Transport and Communications and the Ministry of Defence according to the competence assigned to them under this Act.]","Identity documents are issued by the Ministry of Interior, Ministry of Foreign Affairs, Ministry of Transport and Communications and Ministry of Defence",,official,2026-09-29,research.py: quote exact in fetched document
record:BG:facial_biometric:register,aref-government-bg:e0e9f32faa,PDF text,"На основата на автоматизираните информационни фондове по ал. 1 се създава Национален автоматизиран информационен фонд за българските лични документи - ""Национален регистър на българските лични документи"". [English: On the basis of the automated information funds under para. 1, a National Automated Information Fund for Bulgarian identity documents – the ""National Register of Bulgarian Identity Documents"" – is created.]","National Register of Bulgarian Identity Documents, built on the automated information funds of the Bulgarian Identity Documents Act (Art. 65(3))",,official,2026-09-29,research.py: quote exact in fetched document
record:BG:fingerprint_biometric:legal_basis,aref-government-bg:e0e9f32faa,PDF text,"Данните от информационните фондове за българските лични документи с изключение на пръстовите отпечатъци, снети по реда на този закон се предоставят на: [English: Data from the information funds for Bulgarian identity documents, with the exception of fingerprints taken under this Act, are provided to:]","Fingerprints are held in the identity-document information funds but are excluded from disclosure to other bodies (Bulgarian Identity Documents Act, Art. 70(1))",,official,2026-09-29,research.py: quote exact in fetched document
record:BG:fingerprint_biometric:register,aref-government-bg:e0e9f32faa,PDF text,"На основата на автоматизираните информационни фондове по ал. 1 се създава Национален автоматизиран информационен фонд за българските лични документи - ""Национален регистър на българските лични документи"". [English: On the basis of the automated information funds under para. 1, a National Automated Information Fund for Bulgarian identity documents – the ""National Register of Bulgarian Identity Documents"" – is created.]",National Register of Bulgarian Identity Documents (automated information fund),,official,2026-09-29,research.py: quote exact in fetched document
record:BG:firearms_register:legal_basis,mfa-bg:b0be806a0f,PDF text,Данните по ал. 2 се съхраняват за срок 20 години след датата на вписването им в регистъра. [English: The data under para. 2 are stored for 20 years after the date of their entry in the register.],Register data are retained for 20 years after entry (Art. 11(4)),,official,2026-09-29,research.py: quote exact in fetched document
record:BG:firearms_register:register,mfa-bg:b0be806a0f,PDF text,В Министерството на вътрешните работи се изгражда и поддържа единен автоматизиран регистър за дейностите по този закон. [English: A unified automated register for the activities under this Act is established and maintained at the Ministry of Interior.],"Weapons Act, Art. 11(1): MVR builds and maintains a unified automated register",,official,2026-09-29,research.py: quote exact in fetched document
record:BG:geospatial:legal_basis,cadastre-bg:efb0bf607b,page text,2. Съгласно Закона за геодезията и картографията: създаване и поддържане на държавните топографски карти в мащаби 1 : 5000 и 1 : 10 000 за територията на страната; [English: 2. Under the Geodesy and Cartography Act: creation and maintenance of the state topographic maps at scales 1:5000 and 1:10000 for the territory of the country;],Geodesy and Cartography Act: AGCC creates and maintains the state topographic maps at 1:5000 and 1:10000,,official,2026-09-29,research.py: quote exact in fetched document
record:BG:geospatial:register,cadastre-bg:efb0bf607b,page text,създаване и поддържане на топографски бази данни и на геоинформационната система; [English: creation and maintenance of topographic databases and of the geo-information system;],AGCC creates and maintains the topographic databases and the geo-information system,,official,2026-09-29,research.py: quote exact in fetched document
record:BG:grid_control:hosting,eso-bg:105eef5475,PDF text,"Изграждане на Резервен център за съхранение и обработка на данни за ЦДУ (прогнозна стойност на договора до 1,200,000 евро) [English: Construction of a backup data storage and processing centre for the CDU (estimated contract value up to EUR 1,200,000)]",The project includes a backup data storage and processing centre for the Central Dispatch,,official,2026-09-29,research.py: quote exact in fetched document
record:BG:grid_control:register,eso-bg:105eef5475,PDF text,Модернизация и Разширение на Системата SCADA/EMS и Информационната среда в Централно Диспечерско Управление (ЦДУ) на ЕСО [English: Modernisation and Extension of the SCADA/EMS System and the Information Environment in the Central Dispatch Control (CDU) of ESO],Project to modernise and extend the SCADA/EMS and information environment in ESO's Central Dispatch (CDU),,official,2026-09-29,research.py: quote exact in fetched document
record:BG:health_insurance:operator,nhif-bg:f33b858438,PDF text,изпълнителите на медицинска и дентална помощ да извършат проверка на здравноосигурителния статус на лицата съгласно данни на Националната агенция за приходите. [English: providers of medical and dental care shall check the health insurance status of persons according to data of the National Revenue Agency.],"Providers check health-insurance status against NRA data (Health Insurance Act, Art. 50)",,official,2026-09-29,research.py: quote exact in fetched document
record:BG:health_insurance:register,nhif-bg:f33b858438,PDF text,"Националната здравноосигурителна каса изгражда информационна система, която съдържа: 1. (изм. - ДВ, бр. 110 от 1999 г., доп., бр. 95 от 2006 г., в сила от 1.01.2007 г.) регистър на осигурените лица, [English: The National Health Insurance Fund builds an information system containing: 1. (...) a register of insured persons,]","Health Insurance Act, Art. 63(1): NHIF builds an information system containing the register of insured persons",,official,2026-09-29,research.py: quote exact in fetched document
record:BG:health_records:legal_basis,nhif-bg:5d73db1b8c,PDF text,"Създава се Национална здравноинформационна система, която се администрира и поддържа от Министерството на здравеопазването. [English: A National Health Information System is created, administered and maintained by the Ministry of Health.]","Health Act, Art. 28g(1): creates the National Health Information System, administered and maintained by the Ministry of Health",,official,2026-09-29,research.py: quote exact in fetched document
record:BG:health_records:register,nhif-bg:5d73db1b8c,PDF text,"В Националната здравноинформационна система се събира, обработва и съхранява информация за здравното състояние на населението чрез създаване и поддържане на електронен здравен запис на всеки гражданин. [English: The National Health Information System collects, processes and stores information on the health status of the population by creating and maintaining an electronic health record for every citizen.]",The NHIS holds an electronic health record for every citizen,,official,2026-09-29,research.py: quote exact in fetched document
record:BG:issuance_history:legal_basis,aref-government-bg:e0e9f32faa,PDF text,"Данни от информационните фондове могат да се предоставят на изпълнител по договор, включващ дейностите по персонализиране на български лични документи. [English: Data from the information funds may be provided to a contractor under a contract that includes personalisation of Bulgarian identity documents.]","Data from the information funds may be provided to a contractor performing personalisation of identity documents (Bulgarian Identity Documents Act, Art. 69a)",,official,2026-09-29,research.py: quote exact in fetched document
record:BG:issuance_history:operator,mvr-bg:d9551e4bf5,page text,"От днес, 27 април 2026 г., се преминава към централизирана персонализация и въвеждане на ново поколение български лични документи. [English: As of today, 27 April 2026, there is a transition to centralised personalisation and the introduction of a new generation of Bulgarian identity documents.]",From 27 April 2026 the Ministry of Interior moved to centralised personalisation and a new generation of identity documents,,secondary,2026-09-29,research.py: quote exact in fetched document
record:BG:issuance_history:register,aref-government-bg:e0e9f32faa,PDF text,предишни значения на личните данни от българските лични документи и заявленията за издаването им; [English: previous values of the personal data from Bulgarian identity documents and the applications for their issuance;],"The identity-document information funds also hold previous values of personal data from documents and applications (Bulgarian Identity Documents Act, Art. 65(1)(2))",,official,2026-09-29,research.py: quote exact in fetched document
record:BG:judicial_criminal:hosting,vas-bg:705e5c06e2,page text,"ЕИСС представлява централизирано уеб базирано приложение за организиране процесите по управление на дела по електронен път и свързаните с това промени, като се достъпва от потребителите през Интернет. [English: EISS is a centralised web-based application for organising electronic case-management processes, accessed by users over the Internet.]",EISS is a centralised web-based application accessed over the Internet (host not stated),,secondary,2026-09-29,research.py: quote exact in fetched document
record:BG:judicial_criminal:operator,fsc-bg:89bd0a8b2c,PDF text,Бюро за съдимост има при всеки районен съд и Централно бюро за съдимост при Министерството на правосъдието. [English: There is a criminal records bureau at every district court and a Central Criminal Records Bureau at the Ministry of Justice.],Criminal-record bureaus at every district court and a Central Criminal Records Bureau at the Ministry of Justice,,official,2026-09-29,research.py: quote exact in fetched document
record:BG:judicial_criminal:register,fsc-bg:89bd0a8b2c,PDF text,"Министерството на правосъдието създава и поддържа Централизирана автоматизирана информационна система ""Съдебен статус"" (ЦАИС ""Съдебен статус"") с централна база данни. [English: The Ministry of Justice creates and maintains the Centralised Automated Information System ""Court Status"" (CAIS ""Court Status"") with a central database.]","The Ministry of Justice creates and maintains the Centralised Automated Information System ""Court Status"" with a central database (Ordinance No 8/2008)",,official,2026-09-29,research.py: quote exact in fetched document
record:BG:land_property:foreign_dependency,bulnao-government-bg:2b62662464,PDF text,"договор 93-00-141 от 17.12.2019 г. с предмет ""Надграждане на информационните центрове за данни на АВ"" [English: contract 93-00-141 of 17.12.2019 on ""Upgrading the information data centres of the Registry Agency""]",national,,official,2026-09-29,research.py: quote exact in fetched document
record:BG:land_property:hosting,bulnao-government-bg:2b62662464,PDF text,"договор 93-00-141 от 17.12.2019 г. с предмет ""Надграждане на информационните центрове за данни на АВ"" [English: contract 93-00-141 of 17.12.2019 on ""Upgrading the information data centres of the Registry Agency""]",The Registry Agency operates its own data centres; a 2019 contract upgraded them,,official,2026-09-29,research.py: quote exact in fetched document
record:BG:land_property:legal_basis,bulnao-government-bg:2b62662464,PDF text,Агенцията е създадена през 2004 г. на основание чл. 58а от Закона за кадастъра и имотния регистър (ЗКИР) с цел да организира създаването и поддържането на имотния регистър [English: The Agency was created in 2004 on the basis of Art. 58a of the Cadastre and Property Register Act in order to organise the creation and maintenance of the property register],The Registry Agency was created in 2004 under Art. 58a of the Cadastre and Property Register Act,,official,2026-09-29,research.py: quote exact in fetched document
record:BG:land_property:operator,bulnao-government-bg:2b62662464,PDF text,"На Агенцията нормативно е възложено да води и съхранява имотен регистър, търговски регистър и регистър на юридическите лица с нестопанска цел, регистър БУЛСТАТ, регистър на имуществените отношения на съпрузите и централен регистър на особените залози. [English: The Agency is legally tasked with keeping and storing the property register, the commercial register and register of non-profit legal entities, the BULSTAT register, the register of spouses' property relations and the central register of special pledges.]","The Registry Agency (executive agency under the Minister of Justice) keeps the property register, commercial register, BULSTAT and other registers",,official,2026-09-29,research.py: quote exact in fetched document
record:BG:land_property:register,cadastre-bg:efb0bf607b,page text,Съгласно Закона за кадастъра и имотния регистър: създаване и поддържане на кадастралната карта и кадастралните регистри за територията на цялата страна; [English: Under the Cadastre and Property Register Act: creation and maintenance of the cadastral map and cadastral registers for the territory of the whole country;],AGCC creates and maintains the cadastral map and cadastral registers for the whole country under the Cadastre and Property Register Act,,official,2026-09-29,research.py: quote exact in fetched document
record:BG:official_gazette:legal_basis,bg-wikisource-org:fe8304bcb2,page text,"""Държавен вестник"" е официално издание на Република България. (2) ""Държавен вестник"" се издава от Народното събрание. [English: ""State Gazette"" is the official publication of the Republic of Bulgaria. (2) ""State Gazette"" is published by the National Assembly.]","State Gazette Act, Art. 1: the State Gazette is the official publication and is published by the National Assembly (text reproduced on Wikisource)",,secondary,2026-09-29,research.py: quote exact in fetched document
record:BG:official_gazette:register,n-lex-europa-eu:7377e8ce80,page text,На този уебсайт можете да намерите пълното съдържание на всички броеве на „Държавен вестник“ за последните 7 години в PDF формат. [English: On this website you can find the full content of all issues of the State Gazette for the last 7 years in PDF format.],The State Gazette website provides the full content of all issues for the last 7 years in PDF (EU N-Lex description),,official,2026-09-29,research.py: quote exact in fetched document
record:BG:public_finance:legal_basis,bnb-bg:dec1629802,PDF text,"Указанието се издава на основание чл. 151, ал. 1 от Закона за публичните финанси (ЗПФ). [English: The instruction is issued on the basis of Art. 151(1) of the Public Finance Act.]",Issued under Art. 151(1) of the Public Finance Act,,official,2026-09-29,research.py: quote exact in fetched document
record:BG:public_finance:operator,bnb-bg:dec1629802,PDF text,Указанието включва и изисквания към БОРИКА АД за трансформирането на информацията в XML формат съгласно ISO 20022 при финализация на одобрените плащания в СЕБРА. [English: The instruction also includes requirements for BORICA AD to transform the information into XML format under ISO 20022 when finalising the approved payments in SEBRA.],BORICA AD transforms approved SEBRA payments into ISO 20022 XML,,official,2026-09-29,research.py: quote exact in fetched document
record:BG:public_finance:register,bnb-bg:dec1629802,PDF text,"С това указание се регламентират образците на платежно нареждане за плащане от/към бюджета, на бюджетно платежно искане за иницииране на плащания чрез Системата за електронни бюджетни разплащания (СЕБРА) [English: This instruction sets the templates for the payment order for payments from/to the budget and for the budget payment request initiating payments through the System for Electronic Budget Payments (SEBRA)]",SEBRA (System for Electronic Budget Payments) is used to initiate payments of budget organisations,,official,2026-09-29,research.py: quote exact in fetched document
record:BG:residence_permits:legal_basis,aref-government-bg:e0e9f32faa,PDF text,На пребиваващи в Република България чужденци се издават следните видове документи за самоличност: [English: Foreigners residing in the Republic of Bulgaria are issued the following types of identity documents:],"Bulgarian Identity Documents Act, Art. 59: identity and residence documents issued to foreigners residing in Bulgaria",,official,2026-09-29,research.py: quote exact in fetched document
record:BG:residence_permits:operator,mfa-bg:08f16f5315,PDF text,"което има задължителен характер за дирекция ""Миграция"" и за отдел/сектор/група ""Миграция"" при областните дирекции на Министерството на вътрешните работи. [English: which is binding on the Migration Directorate and on the Migration department/sector/group at the regional directorates of the Ministry of Interior.]",Migration Directorate of MVR and Migration units of the regional MVR directorates (Foreigners in the Republic of Bulgaria Act),,official,2026-09-29,research.py: quote exact in fetched document
record:BG:residence_permits:register,aref-government-bg:e0e9f32faa,PDF text,"В информационния фонд по ал. 1 се съхраняват и данни за наложени мерки за държавна принуда, свързани с документи за самоличност и с разрешенията за пребиваване на чужденци или пребиваването им в Република България. [English: The information fund under para. 1 also stores data on coercive measures related to identity documents and to residence permits of foreigners or their residence in the Republic of Bulgaria.]",A separate information fund holds coercive measures linked to identity documents and residence permits of foreigners (Art. 66(2)),,official,2026-09-29,research.py: quote exact in fetched document
record:BG:statistics_microdata:register,census2021-bg:55620fe11f,page text,От 7 септември до 10 октомври 2021 г. се проведе 18-ото поред преброяване на населението и жилищния фонд в Република България. [English: From 7 September to 10 October 2021 the 18th population and housing census in the Republic of Bulgaria was held.],"2021 Population and Housing Census, the 18th in Bulgaria (census site of the National Statistical Institute)",,official,2026-09-29,research.py: quote exact in fetched document
record:BG:tax:legal_basis,mvr-bg:ea36347ddb,PDF text,Данъчно-осигурителна сметка Чл. 87. (1) На всяко регистрирано лице се открива данъчно-осигурителна сметка. (2) В данъчно-осигурителната сметка се отразяват: [English: Tax and social security account Art. 87. (1) A tax and social security account is opened for every registered person. (2) The tax and social security account records:],"Tax and Social Security Procedure Code, Art. 87: a tax and social-security account is opened for every registered person",,official,2026-09-29,research.py: quote exact in fetched document
record:BG:tax:register,mvr-bg:ea36347ddb,PDF text,Националната агенция за приходите създава и поддържа регистър и бази данни за задължените лица. [English: The National Revenue Agency creates and maintains a register and databases of obliged persons.],Tax and Social Security Procedure Code: NRA creates and maintains the register and databases of obliged persons,,official,2026-09-29,research.py: quote exact in fetched document
record:BG:trust_services_pki:legal_basis,crc-bg:091930d4a9,page text,"В съответствие с чл. 32 от Закона за електронния документ и електронните удостоверителни услуги (ЗЕДЕУУ), Комисията за регулиране на съобщенията (КРС) изпълнява следните функции: [English: In accordance with Art. 32 of the Electronic Document and Electronic Trust Services Act, the Communications Regulation Commission performs the following functions:]","Electronic Document and Electronic Trust Services Act (ЗЕДЕУУ), Art. 32",,official,2026-09-29,research.py: quote loose in fetched document
record:BG:trust_services_pki:operator,crc-bg:091930d4a9,page text,"Вписаните от КРС в националния доверителен списък доставчици на квалифицирани удостоверителни услуги са: „Борика“ АД, „Евротръст Технолъджис“ АД, „Инфонотари“ ЕАД, „Информационно обслужване“ АД и „Идокс България“ ЕООД. [English: The qualified trust service providers entered by the CRC in the national trusted list are: Borica AD, Evrotrust Technologies AD, InfoNotary EAD, Information Services AD and Idocs Bulgaria EOOD.]","Qualified trust service providers on the Bulgarian Trusted List: Borica AD, Evrotrust Technologies AD, InfoNotary EAD, Information Services AD and Idocs Bulgaria EOOD",,official,2026-09-29,research.py: quote loose in fetched document
record:BG:trust_services_pki:register,crc-bg:091930d4a9,page text,"КРС създава, поддържа и публикува националния доверителен списък на лицата, предоставящи удостоверителни услуги и квалифицирани удостоверителни услуги, съгласно чл. 22 от Регламент (ЕС) № 910/2014, изменен с Регламент (ЕС) 2024/1183. [English: The CRC creates, maintains and publishes the national trusted list of persons providing trust services and qualified trust services, under Art. 22 of Regulation (EU) No 910/2014 as amended by Regulation (EU) 2024/1183.]","The Communications Regulation Commission creates, maintains and publishes the national Trusted List",,official,2026-09-29,research.py: quote exact in fetched document
record:CY:central_bank:register,centralbank-cy:bedd65cafa,PDF text,"T2-CY is the Cypriot component of the European T2 payment system, which supports liquidity management and the settlement of high-value payments.","T2-CY, the Cypriot component of the European T2 payment system",,official,2026-09-29,research.py: quote exact in fetched document
record:CY:customs:register,mof-gov-cy:9fff5ca0e8,page text,Import Customs Declarations ( click here for sample of electr. import declaration for free circulation and consumption) and Import Manifest at national level may be submitted electronically through THESEAS Customs Electronic systems.,THESEAS customs electronic system for import declarations and manifests,,official,2026-09-29,research.py: quote exact in fetched document
record:CY:emergency_communications:foreign_dependency,news-rik-cy:647e246cd1,page text,"Υπογράφηκε χθες η συμφωνία για την ανάπτυξη του Συστήματος Νέας Γενιάς 112 μεταξύ της Πολιτικής Άμυνας και της CYTA, με ορίζοντα υλοποίησης του έργου τους 20 μήνες. [English: The agreement for the development of the Next Generation 112 System between Civil Defence and CYTA was signed yesterday, with an implementation horizon of 20 months.]",national,,secondary,2026-09-29,research.py: quote exact in fetched document
record:CY:emergency_communications:hosting,news-rik-cy:647e246cd1,page text,"Υπογράφηκε χθες η συμφωνία για την ανάπτυξη του Συστήματος Νέας Γενιάς 112 μεταξύ της Πολιτικής Άμυνας και της CYTA, με ορίζοντα υλοποίησης του έργου τους 20 μήνες. [English: The agreement for the development of the Next Generation 112 System between Civil Defence and CYTA was signed yesterday, with an implementation horizon of 20 months.]","NG112 developed by CYTA, the Cypriot telecommunications organisation",,secondary,2026-09-29,research.py: quote exact in fetched document
record:CY:emergency_communications:register,news-rik-cy:647e246cd1,page text,"Υπογράφηκε χθες η συμφωνία για την ανάπτυξη του Συστήματος Νέας Γενιάς 112 μεταξύ της Πολιτικής Άμυνας και της CYTA, με ορίζοντα υλοποίησης του έργου τους 20 μήνες. [English: The agreement for the development of the Next Generation 112 System between Civil Defence and CYTA was signed yesterday, with an implementation horizon of 20 months.]","Next Generation 112 system; development agreement between Civil Defence and CYTA, 20-month implementation",,secondary,2026-09-29,research.py: quote exact in fetched document
record:CY:police_records:register,politis-com-cy:7da09f5977,page text,Δύο μοναδικούς κωδικούς διαθέτει κάθε αστυνομικός για την πρόσβαση σε ηλεκτρονικό υπολογιστή και στο μηχανογραφικό σύστημα της Αστυνομίας. [English: Every police officer has two unique codes for access to a computer and to the Police computerised system.],"Cyprus Police computerised information system, with per-officer access codes",,secondary,2026-09-29,research.py: quote exact in fetched document
record:CY:statistics_microdata:legal_basis,cylaw-org:d11ad5f0f1,PDF text,ώστε να διασφαλίζεται ότι τα εμπιστευτικά στοιχεία χρησιμοποιούνται αποκλειστικά για στατιστικούς σκοπούς και να αποτρέπεται η παράνομη δημοσιοποίησή τους. [English: so as to ensure that confidential data are used exclusively for statistical purposes and their unlawful disclosure is prevented.],"Official Statistics Law of 2021 (25(I)/2021), art. 16: confidential data used exclusively for statistical purposes",,official,2026-09-29,research.py: quote exact in fetched document
record:CY:statistics_microdata:register,cylaw-org:d11ad5f0f1,PDF text,"«εμπιστευτικά στοιχεία» ή «εμπιστευτικά δεδομένα» σημαίνει τα στοιχεία που συλλέγονται και χρησιμοποιούνται για την παραγωγή στατιστικών, εφόσον καθιστούν δυνατή την άμεση ή έμμεση ταυτοποίηση στατιστικών μονάδων [English: 'confidential data' means data collected and used for producing statistics that allow direct or indirect identification of statistical units]",Confidential statistical data: data that permit direct or indirect identification of statistical units,,official,2026-09-29,research.py: quote exact in fetched document
record:CZ:authentication_audit_log:legal_basis,zakonyprolidi-cz:ba1c501e72,page text,Údaje podle odstavců 1 a 2 se v národním bodu uchovávají po dobu 15 let od skončení platnosti prostředku pro elektronickou identifikaci.,Act 250/2017 § 21(5): NIA data and operational records kept 15 years after the eID means expires,,official,2026-09-29,research.py: quote exact in fetched document
record:CZ:authentication_audit_log:register,zakonyprolidi-cz:ba1c501e72,page text,"V národním bodu se jako provozní údaj vede alespoň a) datum prvotního zápisu údaje do národního bodu, b) datum poslední změny údaje vedeného v národním bodu a c) záznam o využití údaje z národního bodu.",NIA keeps operational data including a record of each use of NIA data,,official,2026-09-29,research.py: quote exact in fetched document
record:CZ:beneficial_ownership:operator,zakonyprolidi-cz:5c69caa95d,page text,"Evidenci skutečných majitelů vede soud, který je příslušný k řízení o zápisu. (3) Zápis do evidence skutečných majitelů provádí soud nebo notář.",Kept by the court competent for registration; entries made by courts or notaries,,official,2026-09-29,research.py: quote exact in fetched document
record:CZ:beneficial_ownership:register,zakonyprolidi-cz:5c69caa95d,page text,"Evidence skutečných majitelů je informačním systémem veřejné správy, jehož správcem je Ministerstvo spravedlnosti",Register of beneficial owners is a public administration IS controlled by the Ministry of Justice,,official,2026-09-29,research.py: quote exact in fetched document
record:CZ:benefits_pensions:legal_basis,zakonyprolidi-cz:46654f5e99,page text,zajišťuje správu údajů Integrovaného informačního systému České správy sociálního zabezpečení; správou údajů se rozumí jejich sběr a zpracování,ČSSZ manages the data of the ČSSZ integrated information system,,official,2026-09-29,research.py: quote exact in fetched document
record:CZ:benefits_pensions:operator,zakonyprolidi-cz:46654f5e99,page text,"Integrovaný informační systém Ministerstva práce a sociálních věcí je informačním systémem veřejné správy, jehož správcem je ministerstvo","MPSV is controller of the integrated MPSV information system, which includes the ČSSZ system",,official,2026-09-29,research.py: quote exact in fetched document
record:CZ:benefits_pensions:register,zakonyprolidi-cz:46654f5e99,page text,"zajišťuje vydávání tiskopisů předepsaných podle tohoto zákona, g) vede registr pojištěnců důchodového pojištění",ČSSZ keeps the register of pension insurance contributors,,official,2026-09-29,research.py: quote exact in fetched document
record:CZ:border_control:operator,zakonyprolidi-cz:5da60c34f7,page text,Policejní prezidium provozuje národní součást Schengenského informačního systému a plní úkoly orgánu centrálně odpovědného za národní součást Schengenského informačního systému,Police Presidium operates the national component of SIS and the SIRENE function,,official,2026-09-29,research.py: quote exact in fetched document
record:CZ:border_control:register,zakonyprolidi-cz:4f5b361511,page text,"Ministerstvo zahraničních věcí při výkonu působnosti podle tohoto zákona a zákona o zahraniční službě provozuje informační systém, který obsahuje údaje o jménu",Ministry of Foreign Affairs visa information system incl. photographs and fingerprints,,official,2026-09-29,research.py: quote exact in fetched document
record:CZ:breeder_documents:operator,zakonyprolidi-cz:4ddefe1ed9,page text,předají matriční úřady Ministerstvu vnitra pro účely zřízení matričního informačního systému do 31. prosince 2026 podle harmonogramu stanoveného v národním standardu pro elektronické vedení matriky,Registry offices transfer electronic civil status data to the Ministry of the Interior to set up a central civil-status information system by 31 Dec 2026,,official,2026-09-29,research.py: quote exact in fetched document
record:CZ:breeder_documents:register,zakonyprolidi-cz:4ddefe1ed9,page text,Matriční úřad vede pro každou matriční knihu sbírku listin za každý kalendářní rok samostatně.,Collection of documents (sbírka listin) underlying each civil status register book,,official,2026-09-29,research.py: quote exact in fetched document
record:CZ:business_registry:operator,zakonyprolidi-cz:3399c8e538,page text,Správcem registru osob je Agentura. (2) Správce registru osob poskytuje editorům k přidělení identifikační číslo osoby a identifikační číslo provozovny,DIA administers the Basic Register of Persons (ROS) and assigns company identification numbers,,official,2026-09-29,research.py: quote exact in fetched document
record:CZ:business_registry:register,zakonyprolidi-cz:1698443c0c,page text,Veřejný rejstřík je informačním systémem veřejné správy. (4) Veřejný rejstřík je veden v elektronické podobě. Veřejný rejstřík vede soud,The Public Register is a public administration IS kept electronically by the registry courts,,official,2026-09-29,research.py: quote exact in fetched document
record:CZ:crisis_management:operator,zakonyprolidi-cz:19033c0085,page text,"Správu informačního systému krizového řízení zajišťuje Ministerstvo vnitra, přičemž úkoly s tím spojené plní generální ředitelství hasičského záchranného sboru.",Administered by the Ministry of the Interior through the Fire Rescue Service directorate,,official,2026-09-29,research.py: quote exact in fetched document
record:CZ:crisis_management:register,zakonyprolidi-cz:19033c0085,page text,"Informační systém krizového řízení je informačním systémem veřejné správy, jehož účelem je podpora orgánů krizového řízení při zajišťování připravenosti na krizové situace a při jejich řešení.",Crisis management information system supporting crisis authorities,,official,2026-09-29,research.py: quote exact in fetched document
record:CZ:customs:legal_basis,zakonyprolidi-cz:e10e25f7b1,page text,"výkon dohledu nad mezinárodním obchodem Evropské unie a nad zbožím, které vstupuje na celní území Evropské unie nebo jej opouští",Customs Act 242/2016 implementing the EU customs rules,,official,2026-09-29,research.py: quote exact in fetched document
record:CZ:customs:operator,zakonyprolidi-cz:abc8566548,page text,Základním úkolem celní správy je ochrana ekonomických zájmů České republiky a trhu zejména v souvislosti s dohledem nad zbožím a jeho pohybem.,Customs Administration: General Directorate of Customs and customs offices,,official,2026-09-29,research.py: quote exact in fetched document
record:CZ:customs:register,celnisprava-gov-cz:96fa250cad,page text,"Spuštěním tzv. automatizovaného dovozního systému bude završena elektronická komunikace u všech celních systémů – tranzitu, vývozu i dovozu.","Automated import system e-Dovoz completing electronic customs systems for transit, export and import",,secondary,2026-09-29,research.py: quote exact in fetched document
record:CZ:digital_identity_credentials:count,mv-gov-cz:a50684ad5c,page text,Každý občan může mít více Identit občana a jejich počet už překonal hranici 10 milionů.,More than 10 million 'Identita občana' credentials; 5.5 million citizens hold an electronic identity,,secondary,2026-09-29,research.py: quote exact in fetched document
record:CZ:digital_identity_credentials:legal_basis,zakonyprolidi-cz:ba1c501e72,page text,lze umožnit prokázání totožnosti s využitím elektronické identifikace pouze prostřednictvím kvalifikovaného systému,Act 250/2017: identity may be proven electronically only through a qualified eID system,,official,2026-09-29,research.py: quote exact in fetched document
record:CZ:digital_identity_credentials:register,zakonyprolidi-cz:ba1c501e72,page text,Národní bod je informační systém veřejné správy podporující proces elektronické identifikace a autentizace prostřednictvím kvalifikovaného systému. (2) Správcem národního bodu je Agentura.,"National point for identification and authentication (Národní bod, NIA), administered by DIA",,official,2026-09-29,research.py: quote exact in fetched document
record:CZ:electoral_management:operator,zakonyprolidi-cz:bd0515f03f,page text,"řídí, zajišťuje a metodicky podporuje zjišťování, zpracování a zpřístupňování výsledků voleb, b) k zajištění činností podle písmene a) vypracovává systém zjišťování výsledků voleb včetně programového vybavení",Czech Statistical Office runs results collection and builds the results system including software,,official,2026-09-29,research.py: quote exact in fetched document
record:CZ:electoral_management:register,zakonyprolidi-cz:bd0515f03f,page text,"Součástmi informačního systému jsou a) seznam voličů, b) registr kandidátních listin, c) registr okrskových volebních komisí a d) nástroj pro sestavování elektronických petic.",ISSV components include the register of candidate lists and of polling-station commissions,,official,2026-09-29,research.py: quote exact in fetched document
record:CZ:electoral_roll:legal_basis,zakonyprolidi-cz:bd0515f03f,page text,Ministerstvo vnitra vytvoří do 18 měsíců ode dne nabytí účinnosti tohoto zákona seznam voličů naplněním údaji ze základních registrů,The ministry must build the voter list from basic-register data within 18 months of the act taking effect,,official,2026-09-29,research.py: quote exact in fetched document
record:CZ:electoral_roll:operator,zakonyprolidi-cz:bd0515f03f,page text,Jeho správcem je Ministerstvo vnitra. (2) Informační systém slouží ve volbách upravených tímto zákonem a příslušnými zákony o volbách k zajištění evidence voličů,"Ministry of the Interior administers the ISSV, which keeps voter records",,official,2026-09-29,research.py: quote exact in fetched document
record:CZ:electoral_roll:register,zakonyprolidi-cz:bd0515f03f,page text,"Součástmi informačního systému jsou a) seznam voličů, b) registr kandidátních listin, c) registr okrskových volebních komisí a d) nástroj pro sestavování elektronických petic.",Election administration information system (ISSV) whose components include the voter list,,official,2026-09-29,research.py: quote exact in fetched document
record:CZ:emergency_communications:count,hzscr-gov-cz:b2904a307d,page text,V roce 2025 přijali operátoři tísňové linky 112 celkem 1 995 395 volání a 33 035 SMS,"1,995,395 calls and 33,035 SMS to 112 in 2025",,secondary,2026-09-29,research.py: quote exact in fetched document
record:CZ:emergency_communications:legal_basis,zakonyprolidi-cz:b0ab015533,page text,koordinuje a rozvíjí tísňovou komunikaci za účelem zajištění přístupu k základním složkám integrovaného záchranného systému prostřednictvím jednotného evropského tísňového čísla 112,"Act 239/2000: Ministry of the Interior coordinates emergency communication via 112, 150, 155, 158",,official,2026-09-29,research.py: quote exact in fetched document
record:CZ:emergency_communications:operator,hzscr-gov-cz:b2904a307d,page text,"Tísňová linka 112 funguje nepřetržitě 24 hodin denně, 7 dní v týdnu, prostřednictvím 14 vzájemně technologicky propojených krajských operačních a informačních středisek",112 runs through 14 regional operational and information centres of the Fire Rescue Service,,secondary,2026-09-29,research.py: quote exact in fetched document
record:CZ:emergency_communications:register,hzscr-gov-cz:92d0e6dc66,page text,"V ČR v současnosti funguje 14 call center linky 112, ta jsou v rámci celé republiky navzájem hlasově i datově propojena.",14 interconnected 112 call centres,,secondary,2026-09-29,research.py: quote exact in fetched document
record:CZ:facial_biometric:legal_basis,zakonyprolidi-cz:64b979d318,page text,"digitální zpracování podoby a podpisu uvedené v občanském průkazu, popřípadě důvod nepořízení podpisu",Act 269/2021 § 56(1)(i): the ID register keeps the digitised facial image and signature,,official,2026-09-29,research.py: quote exact in fetched document
record:CZ:facial_biometric:operator,zakonyprolidi-cz:64b979d318,page text,Správcem evidence občanských průkazů je ministerstvo. (3) Evidence občanských průkazů je neveřejnou evidencí.,Ministry of the Interior is the controller of the ID card register,,official,2026-09-29,research.py: quote exact in fetched document
record:CZ:facial_biometric:register,zakonyprolidi-cz:64b979d318,page text,"Evidence občanských průkazů je informačním systémem veřejné správy, který obsahuje údaje o držitelích občanských průkazů, údaje o občanských průkazech","ID card register (Evidence občanských průkazů), a public administration information system",,official,2026-09-29,research.py: quote exact in fetched document
record:CZ:fingerprint_biometric:register,zakonyprolidi-cz:64b979d318,page text,"se v evidenci občanských průkazů vedou výlučně po dobu od jejich pořízení do doby převzetí občanského průkazu žadatelem o vydání občanského průkazu, nejdéle však do uplynutí 90 dnů ode dne vydání občanského průkazu","ID card fingerprints are kept only until the card is collected, and at most 90 days after issue",,absence,2026-09-29,research.py: quote exact in fetched document
record:CZ:firearms_register:operator,zakonyprolidi-cz:7b69d38132,page text,Správcem centrálního registru zbraní je Policejní prezidium.,Police Presidium is the controller,,official,2026-09-29,research.py: quote exact in fetched document
record:CZ:firearms_register:register,zakonyprolidi-cz:7b69d38132,page text,"Centrální registr zbraní je neveřejný informační systém veřejné správy, který slouží k výkonu státní správy v oblasti nakládání se zbraněmi a střelivem",Central Firearms Register: non-public public administration IS,,official,2026-09-29,research.py: quote exact in fetched document
record:CZ:geospatial:operator,zakonyprolidi-cz:3399c8e538,page text,Registr územní identifikace je veřejným seznamem. (2) Správcem registru územní identifikace je Český úřad zeměměřický a katastrální.,ČÚZK is the controller of the territorial identification register (RÚIAN),,official,2026-09-29,research.py: quote exact in fetched document
record:CZ:geospatial:register,cuzk-gov-cz:90c23118f9,PDF text,"Z databáze ISKN je publikováno téma Parcely, z RÚIAN jsou to témata Budovy, Adresy a Územně-správní jednotky",ČÚZK publishes parcels from ISKN and buildings/addresses from RÚIAN,,official,2026-09-29,research.py: quote exact in fetched document
record:CZ:government_payroll:legal_basis,zakonyprolidi-cz:c73d330c14,page text,Informační systém o platech státních zaměstnanců je součástí informačního systému o platech podle § 137 zákoníku práce.,Pay data of state employees form part of the pay information system under the Labour Code § 137,,official,2026-09-29,research.py: quote exact in fetched document
record:CZ:government_payroll:operator,zakonyprolidi-cz:c73d330c14,page text,Správcem informačního systému o státní službě je Úřad vlády.,Office of the Government is the controller,,official,2026-09-29,research.py: quote exact in fetched document
record:CZ:government_payroll:register,zakonyprolidi-cz:c73d330c14,page text,"Zřizuje se informační systém o státní službě jako informační systém veřejné správy, jehož účelem je vedení údajů nezbytných pro správu organizačních věcí služby a služebních vztahů",Civil service information system for service relationships,,official,2026-09-29,research.py: quote exact in fetched document
record:CZ:health_insurance:register,zakonyprolidi-cz:6835ead736,page text,Všeobecná zdravotní pojišťovna České republiky vede registr všech pojištěnců veřejného zdravotního pojištění,VZP keeps the register of all persons insured under public health insurance,,official,2026-09-29,research.py: quote exact in fetched document
record:CZ:health_records:legal_basis,zakonyprolidi-cz:d2c3643206,page text,Centrální úložiště elektronických receptů je v rámci systému eRecept zřízeno k zabezpečení a) shromažďování a ukládání elektronických receptů,Central store collects e-prescriptions and dispensing records,,official,2026-09-29,research.py: quote exact in fetched document
record:CZ:health_records:register,zakonyprolidi-cz:d2c3643206,page text,Ústav zřizuje systém eRecept jako informační systém veřejné správy.,SÚKL ('Ústav') establishes eRecept as a public administration information system,,official,2026-09-29,research.py: quote exact in fetched document
record:CZ:issuance_history:legal_basis,zakonyprolidi-cz:432f506c61,page text,Skončení platnosti cestovního dokladu se bezodkladně uvede do evidence cestovních dokladů.,Act 329/1999: passport invalidation must be recorded without delay in the passport register,,official,2026-09-29,research.py: quote exact in fetched document
record:CZ:issuance_history:operator,zakonyprolidi-cz:64b979d318,page text,Správcem evidence občanských průkazů je ministerstvo. (3) Evidence občanských průkazů je neveřejnou evidencí.,Ministry of the Interior is the controller of the ID card register,,official,2026-09-29,research.py: quote exact in fetched document
record:CZ:issuance_history:register,zakonyprolidi-cz:64b979d318,page text,"V evidenci občanských průkazů se o neplatném občanském průkazu vedou a) číslo, popřípadě série, b) datum skutečného skončení platnosti, c) důvod skončení platnosti","The ID card register records invalid cards, the date and the reason they became invalid",,official,2026-09-29,research.py: quote exact in fetched document
record:CZ:judicial_criminal:operator,zakonyprolidi-cz:968668a791,page text,"Údaje z rejstříku trestů slouží pro potřebu trestního, občanskoprávního nebo správního řízení a k prokazování bezúhonnosti. Správcem rejstříku trestů je Ministerstvo spravedlnosti",Ministry of Justice is the controller,,official,2026-09-29,research.py: quote exact in fetched document
record:CZ:judicial_criminal:register,zakonyprolidi-cz:968668a791,page text,"Rejstřík trestů je informační systém veřejné správy, který obsahuje údaje o fyzických a právnických osobách",Criminal Records Register: public administration IS of persons finally convicted,,official,2026-09-29,research.py: quote exact in fetched document
record:CZ:land_property:count,cuzk-gov-cz:90c23118f9,PDF text,V digitální části sbírky listin je k dispozici více než 33 milionů dokumentů,More than 33 million documents in the digital part of the cadastral deed collection,,official,2026-09-29,research.py: quote exact in fetched document
record:CZ:land_property:legal_basis,zakonyprolidi-cz:80e422e6d8,page text,"je veřejný seznam, který obsahuje soubor údajů o nemovitých věcech",Cadastral Act 256/2013 § 1: the cadastre is a public list of real property and rights,,official,2026-09-29,research.py: quote exact in fetched document
record:CZ:land_property:operator,zakonyprolidi-cz:d07c0378c2,page text,jako ústřední správní úřad zeměměřictví a katastru nemovitostí České republiky se sídlem v Praze,ČÚZK is the central state authority for surveying and the cadastre,,official,2026-09-29,research.py: quote exact in fetched document
record:CZ:land_property:register,cuzk-gov-cz:90c23118f9,PDF text,Informační systém katastru nemovitostí (ISKN) je integrovaný informační systém pro podporu výkonu státní správy katastru nemovitostí a pro zajištění uživatelských služeb katastru nemovitostí.,Cadastre is kept in the Cadastre of Real Estate Information System (ISKN),,official,2026-09-29,research.py: quote exact in fetched document
record:CZ:public_health_surveillance:operator,zakonyprolidi-cz:c4a9a000d1,page text,Zřizuje se Informační systém infekčních nemocí jako informační systém veřejné správy. Jeho správcem je Ministerstvo zdravotnictví a provozovatelem Ústav zdravotnických informací a statistiky České republiky.,"Infectious disease IS: Ministry of Health controller, ÚZIS operator",,official,2026-09-29,research.py: quote exact in fetched document
record:CZ:public_health_surveillance:register,zakonyprolidi-cz:c4a9a000d1,page text,Součástmi Informačního systému infekčních nemocí jsou a) registr případů infekčních onemocnění a očkování,Includes the register of infectious disease cases and vaccination,,official,2026-09-29,research.py: quote exact in fetched document
record:CZ:residence_permits:legal_basis,zakonyprolidi-cz:4f5b361511,page text,"Informační systém cizinců podle odstavce 1 obsahuje rovněž údaje o cizincích, kteří požádali Českou republiku o udělení mezinárodní ochrany nebo dočasné ochrany",The system also covers applicants for and holders of international or temporary protection,,official,2026-09-29,research.py: quote exact in fetched document
record:CZ:residence_permits:register,zakonyprolidi-cz:4f5b361511,page text,"Policie při výkonu působnosti podle tohoto zákona provozuje informační systém cizinců, jehož je správcem a který obsahuje jméno","Police operate and control the foreigners' information system, incl. photos and fingerprints",,official,2026-09-29,research.py: quote exact in fetched document
record:CZ:tax:legal_basis,zakonyprolidi-cz:c92ab11840,page text,"Správce daně vede evidenci daní, kde zaznamenává stanovení daně, vznik, splnění, popřípadě jiný zánik daňových povinností, a z toho vyplývající přeplatky, nedoplatky a případné převody.",Tax Code (Act 280/2009) § 149: tax administrator keeps tax records on personal tax accounts,,official,2026-09-29,research.py: quote exact in fetched document
record:CZ:tax:register,financnisprava-gov-cz:7b00e5ec25,PDF text,Podílí se na vývoji a praktickém uplatňování Automatizovaného daňového informačního systému,Automated Tax Information System (ADIS) of the Financial Administration,,official,2026-09-29,research.py: quote exact in fetched document
record:CZ:trust_services_pki:legal_basis,zakonyprolidi-cz:635a6233a1,page text,Předmětem činnosti Správy je poskytování služeb vytvářejících důvěru pro potřeby České republiky.,Its purpose is to provide trust services for the needs of the Czech Republic,,official,2026-09-29,research.py: quote exact in fetched document
record:CZ:trust_services_pki:operator,zakonyprolidi-cz:635a6233a1,page text,Zřizovatelskou funkci vůči Správě vykonává Agentura. (3) Statutárním orgánem Správy je ředitel.,DIA acts as founder of the State Trust Services Administration,,official,2026-09-29,research.py: quote exact in fetched document
record:CZ:trust_services_pki:register,zakonyprolidi-cz:635a6233a1,page text,Zřizuje se a vzniká Správa státních služeb vytvářejících důvěru,State Trust Services Administration established by Act 297/2016 § 14,,official,2026-09-29,research.py: quote exact in fetched document
record:CZ:vehicle_licensing:operator,zakonyprolidi-cz:968d9f961b,page text,vede centrální registr řidičů a informační systém digitálního tachografu,Ministry of Transport keeps the central driver register and digital tachograph system,,official,2026-09-29,research.py: quote exact in fetched document
record:CZ:vehicle_licensing:register,zakonyprolidi-cz:9a93e4b049,page text,"jehož správcem je ministerstvo. Registr silničních vozidel obsahuje evidenci a) silničních vozidel, vlastníků a provozovatelů těchto vozidel","Road Vehicle Register, controlled by the Ministry of Transport, records vehicles, owners and operators",,official,2026-09-29,research.py: quote exact in fetched document
record:DE:benefits_pensions:operator,gesetze-im-internet-de:7643471870,page text,"Die Träger der Rentenversicherung unterhalten gemeinsam eine Datenstelle, die von der Deutschen Rentenversicherung Bund verwaltet wird. [English: The pension insurance institutions jointly maintain a data centre, which is administered by Deutsche Rentenversicherung Bund.]",Pension insurers jointly maintain a data centre (Datenstelle) administered by Deutsche Rentenversicherung Bund (SGB VI § 145),,official,2026-09-29,research.py: quote exact in fetched document
record:DE:benefits_pensions:register,gesetze-im-internet-de:eb21a5a15b,page text,"Der Träger der Rentenversicherung führt für jeden Versicherten ein Versicherungskonto, das nach der Versicherungsnummer geordnet ist. [English: The pension insurance institution keeps an insurance account for each insured person, ordered by insurance number.]","Each pension insurer keeps an insurance account for every insured person, ordered by insurance number (SGB VI § 149)",,official,2026-09-29,research.py: quote exact in fetched document
record:DE:border_control:operator,gesetze-im-internet-de:4f79954d49,page text,die zentrale nationale Stelle für den Betrieb des nationalen Teils des Schengener Informationssystems [English: the central national authority for operating the national part of the Schengen Information System],The BKA is the central national authority operating the national part of the Schengen Information System,,official,2026-09-29,research.py: quote exact in fetched document
record:DE:border_control:register,gesetze-im-internet-de:d8b3bb5b35,page text,Das Bundesverwaltungsamt führt eine Visa-Warndatei zur Vermeidung des Missbrauchs von Visa. [English: The Federal Office of Administration keeps a visa warning file to prevent the misuse of visas.],The Federal Office of Administration keeps a Visa Warning File to prevent visa misuse (VWDG § 1),,official,2026-09-29,research.py: quote exact in fetched document
record:DE:breeder_documents:operator,gesetze-im-internet-de:d37a59e7c8,page text,"Das Standesamt führt für seinen Zuständigkeitsbereich 1. ein Eheregister (§ 15), 2. ein Lebenspartnerschaftsregister (§ 17), 3. ein Geburtenregister (§ 21), 4. ein Sterberegister (§ 31). [English: The registry office keeps for its area 1. a marriage register, 2. a civil partnership register, 3. a birth register, 4. a death register.]",Each Standesamt keeps the birth register (Geburtenregister) and other civil status registers,,official,2026-09-29,research.py: quote exact in fetched document
record:DE:breeder_documents:register,gesetze-im-internet-de:aec0b77b4d,page text,"Dokumente, die einzelne Beurkundungen in den Personenstandsregistern betreffen, werden in besonderen Akten (Sammelakten) aufbewahrt. [English: Documents relating to individual entries in the civil status registers are kept in special files (collected files).]",Documents underlying each civil status entry are kept in special files (Sammelakten) (PStG § 6),,official,2026-09-29,research.py: quote exact in fetched document
record:DE:civil_registry:legal_basis,gesetze-im-internet-de:bf6c8ead7a,page text,"Die Meldebehörden haben die in ihrem Zuständigkeitsbereich wohnhaften Personen (Einwohner) zu registrieren, um deren Identität und deren Wohnungen feststellen und nachweisen zu können. [English: The registration authorities must register persons residing in their area (residents) in order to establish and prove their identity and dwellings.]",Bundesmeldegesetz (BMG) § 2: registration offices must register all residents to establish their identity and dwellings,,official,2026-09-29,research.py: quote exact in fetched document
record:DE:civil_registry:operator,gesetze-im-internet-de:3fe2afde50,page text,"Das Bundeszentralamt für Steuern speichert zu natürlichen Personen folgende Daten: 1. Identifikationsnummer, 2. Wirtschafts-Identifikationsnummern, 3. Familienname, 4. frühere Namen, 5. Vornamen [English: The Federal Central Tax Office stores the following data on natural persons: 1. identification number, 2. business identification numbers, 3. surname, 4. former names, 5. first names]",The Federal Central Tax Office (BZSt) stores the national personal identification number (Identifikationsnummer) with core identity data for every natural person (Abgabenordnung § 139b(3)),,official,2026-09-29,research.py: quote exact in fetched document
record:DE:civil_registry:register,gesetze-im-internet-de:bf6c8ead7a,page text,"Die Meldebehörden führen zur Erfüllung ihrer Aufgaben Melderegister. Diese enthalten Daten, die bei der betroffenen Person erhoben, von öffentlichen Stellen übermittelt oder sonst amtlich bekannt werden. [English: The registration authorities keep population registers to fulfil their tasks. These contain data collected from the data subject, transmitted by public bodies or otherwise officially known.]",Melderegister (population/residence registers) kept by the Meldebehörden,,official,2026-09-29,research.py: quote exact in fetched document
record:DE:crisis_management:legal_basis,gesetze-im-internet-de:fb2d15c90c,page text,"Die für die Warnung bei Katastrophen zuständigen Behörden der Länder warnen im Auftrage des Bundes auch vor den besonderen Gefahren, die der Bevölkerung in einem Verteidigungsfall drohen. [English: The state authorities responsible for disaster warnings also warn, on behalf of the Federation, of the special dangers threatening the population in a state of defence.]",ZSKG § 6: warning of the population; Länder warning authorities also warn on behalf of the Federation,,official,2026-09-29,research.py: quote exact in fetched document
record:DE:crisis_management:register,bbk-bund-de:f2c744301d,page text,"Das Modulare Warnsystem (kurz: MoWaS) ist ein hochverfügbares, gehärtetes System zur Warnung der Bevölkerung in Deutschland. [English: The Modular Warning System (MoWaS) is a highly available, hardened system for warning the population in Germany.]","MoWaS is a highly available, hardened system for warning the population in Germany",,official,2026-09-29,research.py: quote exact in fetched document
record:DE:customs:register,zoll-de:f2183dbfc2,page text,Mit dem IT-Verfahren ATLAS (Automatisiertes Tarif- und Lokales Zollabwicklungssystem) wird die weitgehend automatisierte Abfertigung und die Überwachung des grenzüberschreitenden Warenverkehrs gewährleistet. [English: The IT procedure ATLAS (Automated Tariff and Local Customs Clearance System) ensures largely automated clearance and monitoring of cross-border movement of goods.],ATLAS is the customs IT procedure for automated clearance and monitoring of cross-border goods traffic,,official,2026-09-29,research.py: quote exact in fetched document
record:DE:digital_identity_credentials:foreign_dependency,ozg-brandenburg-de:9abc55e93a,page text,Der Betrieb der BundID erfolgt im Rechenzentrum des ITZBund [English: BundID is operated in the ITZBund data centre],national,,official,2026-09-29,research.py: quote exact in fetched document
record:DE:digital_identity_credentials:hosting,ozg-brandenburg-de:9abc55e93a,page text,Der Betrieb der BundID erfolgt im Rechenzentrum des ITZBund [English: BundID is operated in the ITZBund data centre],"BundID is operated in the data centre of the Informationstechnikzentrum Bund (ITZBund), the federal IT service provider",,official,2026-09-29,research.py: quote exact in fetched document
record:DE:digital_identity_credentials:legal_basis,gesetze-im-internet-de:b7cbd7748a,page text,"Der Personalausweisinhaber, der mindestens 16 Jahre alt ist, kann den elektronischen Identitätsnachweis dazu verwenden, seine Identität gegenüber öffentlichen und nichtöffentlichen Stellen elektronisch nachzuweisen. [English: The ID card holder who is at least 16 years old may use the electronic proof of identity to prove his identity electronically to public and non-public bodies.]",PAuswG § 18: ID-card holders aged 16+ may use the electronic identity function (eID) to prove identity online,,official,2026-09-29,research.py: quote exact in fetched document
record:DE:digital_identity_credentials:register,ozg-brandenburg-de:9abc55e93a,page text,"Zukünftig wird die BundID gemäß OZG als zentrales Bürgerkonto für alle weiterentwickelt und in die DeutschlandID umgewandelt [English: In future, BundID will be developed under the OZG into the central citizen account for all and converted into the DeutschlandID]",BundID is to become the single central citizen account 'DeutschlandID' under the OZG,,official,2026-09-29,research.py: quote exact in fetched document
record:DE:facial_biometric:hosting,gesetze-im-internet-de:27da0847df,page text,Eine bundesweite Datenbank der biometrischen Merkmale wird nicht errichtet. [English: A nationwide database of biometric features will not be established.],No nationwide central database of biometric features is to be established; storage is decentral,,official,2026-09-29,research.py: quote exact in fetched document
record:DE:facial_biometric:operator,gesetze-im-internet-de:27da0847df,page text,"Beantragung, Ausstellung und Aushändigung von Ausweisen dürfen nicht zum Anlass genommen werden, die dafür erforderlichen Angaben und biometrischen Merkmale außer bei den ausstellenden Personalausweisbehörden nach § 7 Abs. 1 und 2 nach den Vorgaben der §§ 23 bis 25 zu speichern. [English: Application, issuance and handover of ID cards may not be used as occasion to store the required data and biometric features other than at the issuing ID card authorities under § 7(1) and (2) in accordance with §§ 23 to 25.]",Biometric features may be stored only at the issuing ID-card authorities,,official,2026-09-29,research.py: quote exact in fetched document
record:DE:facial_biometric:register,gesetze-im-internet-de:6aec179f85,page text,"Das Passregister darf neben dem Lichtbild und der Unterschrift des Passinhabers sowie verfahrensbedingten Bearbeitungsvermerken ausschließlich folgende Daten enthalten [English: Besides the photograph and signature of the passport holder and procedural processing notes, the passport register may contain only the following data]",Passregister (passport register) contains the holder's photograph (Passgesetz § 21),,official,2026-09-29,research.py: quote exact in fetched document
record:DE:fingerprint_biometric:register,gesetze-im-internet-de:27da0847df,page text,Die bei der Personalausweisbehörde gespeicherten Fingerabdrücke sind spätestens nach Aushändigung des Personalausweises an die antragstellende Person zu löschen. [English: The fingerprints stored at the ID card authority are to be deleted at the latest after the ID card is handed over to the applicant.],Fingerprints stored at the ID-card authority must be deleted at the latest when the card is handed over,,absence,2026-09-29,research.py: quote exact in fetched document
record:DE:intelligence:legal_basis,gesetze-im-internet-de:6116193ce1,page text,Der Bundesnachrichtendienst ist eine Bundesoberbehörde im Geschäftsbereich des Bundeskanzleramtes. Einer polizeilichen Dienststelle darf er nicht angegliedert werden. [English: The Federal Intelligence Service is a higher federal authority within the remit of the Federal Chancellery. It may not be attached to a police agency.],BND-Gesetz § 1: the BND is a federal authority under the Federal Chancellery,,official,2026-09-29,research.py: quote exact in fetched document
record:DE:intelligence:register,gesetze-im-internet-de:a758b3c2b0,page text,Die Verfassungsschutzbehörden verarbeiten zur Erfüllung ihrer Unterrichtungspflichten nach Absatz 1 Informationen im gemeinsamen nachrichtendienstlichen Informationssystem. [English: The constitution protection authorities process information in the joint intelligence information system to fulfil their duties to inform under paragraph 1.],The domestic intelligence authorities process information in the joint intelligence information system (BVerfSchG § 6),,official,2026-09-29,research.py: quote exact in fetched document
record:DE:issuance_history:legal_basis,gesetze-im-internet-de:6aec179f85,page text,"Personenbezogene Daten im Passregister sind mindestens bis zur Ausstellung eines neuen Passes, höchstens jedoch bis zu fünf Jahren nach dem Ablauf der Gültigkeit des Passes, auf den sie sich beziehen, zu speichern und dann zu löschen. [English: Personal data in the passport register are to be stored at least until a new passport is issued, but at most up to five years after the expiry of the passport concerned, and then deleted.]",Passport register data kept at least until a new passport is issued and at most five years after expiry (PassG § 21(4)),,official,2026-09-29,research.py: quote exact in fetched document
record:DE:issuance_history:operator,gesetze-im-internet-de:27da0847df,page text,"Eine zentrale, alle Seriennummern umfassende Speicherung darf nur bei dem Ausweishersteller und ausschließlich zum Nachweis des Verbleibs der Ausweise erfolgen. [English: Central storage covering all serial numbers may take place only at the ID card manufacturer and exclusively to prove the whereabouts of the cards.]","A central store of all ID-card serial numbers is permitted only at the card manufacturer, solely to trace the cards",,official,2026-09-29,research.py: quote exact in fetched document
record:DE:issuance_history:register,gesetze-im-internet-de:1c65b7fca8,page text,"11. Seriennummer, 12. Sperrkennwort und Sperrsumme, 13. letzter Tag der Gültigkeitsdauer, 14. ausstellende Behörde [English: 11. serial number, 12. revocation password and revocation sum, 13. last day of validity, 14. issuing authority]","The ID-card register records serial number, revocation password/sum and expiry date",,official,2026-09-29,research.py: quote exact in fetched document
record:DE:national_archives:legal_basis,gesetze-im-internet-de:22bd68f959,page text,"Das Bundesarchiv hat die Aufgabe, das Archivgut des Bundes auf Dauer zu sichern, nutzbar zu machen und wissenschaftlich zu verwerten. [English: The Federal Archives has the task of permanently securing the federal archival records, making them usable and evaluating them scientifically.]",BArchG § 3: the Bundesarchiv secures federal archival records permanently,,official,2026-09-29,research.py: quote exact in fetched document
record:DE:national_archives:register,bundesarchiv-de:0032bf77af,page text,Das Bundesarchiv stellt allen öffentlichen Stellen des Bundes das Digitale Zwischenarchiv des Bundes (DZAB) als zentralen Dienst zur Verfügung. [English: The Federal Archives provides all federal public bodies with the Digital Intermediate Archive of the Federation (DZAB) as a central service.],The Bundesarchiv provides the Digital Intermediate Archive of the Federation (DZAB) as a central service to all federal public bodies,,official,2026-09-29,research.py: quote exact in fetched document
record:DE:residence_permits:operator,gesetze-im-internet-de:0be2c39533,page text,Das Ausländerzentralregister wird vom Bundesamt für Migration und Flüchtlinge geführt (Registerbehörde). Das Bundesverwaltungsamt verarbeitet die gespeicherten Daten im Auftrag und nach Weisung des Bundesamtes für Migration und Flüchtlinge [English: The Central Register of Foreign Nationals is kept by the Federal Office for Migration and Refugees (register authority). The Federal Office of Administration processes the stored data on behalf of and as instructed by the Federal Office for Migration and Refugees],The AZR is kept by BAMF; the Federal Office of Administration (BVA) processes the data on BAMF's behalf,,official,2026-09-29,research.py: quote exact in fetched document
record:DE:residence_permits:register,gesetze-im-internet-de:0be2c39533,page text,Das Ausländerzentralregister besteht aus einem allgemeinen Datenbestand und einer gesondert geführten Visadatei. [English: The Central Register of Foreign Nationals consists of a general data stock and a separately kept visa file.],The AZR consists of a general data stock and a separately kept visa file,,official,2026-09-29,research.py: quote exact in fetched document
record:DE:trust_services_pki:foreign_dependency,bsi-bund-de:db18328d00,page text,wird dieser Sicherungsanker seit dem 20. Februar 2001 im BSI betrieben [English: this trust anchor has been operated at the BSI since 20 February 2001],national,,official,2026-09-29,research.py: quote exact in fetched document
record:DE:trust_services_pki:hosting,bsi-bund-de:db18328d00,page text,wird dieser Sicherungsanker seit dem 20. Februar 2001 im BSI betrieben [English: this trust anchor has been operated at the BSI since 20 February 2001],The root CA (trust anchor) of the public-administration PKI has been operated at the BSI since 20 February 2001,,official,2026-09-29,research.py: quote exact in fetched document
record:DE:trust_services_pki:legal_basis,gesetze-im-internet-de:3ac1792c58,page text,Die Aufgaben der Aufsichtsstelle nach Artikel 17 der Verordnung (EU) Nr. 910/2014 und nach diesem Gesetz sowie nach der Rechtsverordnung nach § 20 obliegen 1. der Bundesnetzagentur [English: The tasks of the supervisory body under Article 17 of Regulation (EU) No 910/2014 and under this Act are incumbent on 1. the Federal Network Agency],"Vertrauensdienstegesetz (VDG) § 2 assigns eIDAS supervisory-body tasks to the Bundesnetzagentur (signatures, seals, timestamps)",,official,2026-09-29,research.py: quote exact in fetched document
record:DE:trust_services_pki:register,bsi-bund-de:db18328d00,page text,"bietet diese Basistechnologie als zertifikatsbasierte Sicherheitsdienstleistung für Bundes- und Landesbehörden, Kommunen sowie öffentliche Institutionen an [English: offers this base technology as a certificate-based security service for federal and state authorities, municipalities and public institutions]","V-PKI provides certificate-based security services to federal and state authorities, municipalities and public institutions",,official,2026-09-29,research.py: quote exact in fetched document
record:DK:authentication_audit_log:count,digst-dk:5fe3813a43,page text,Der gennemføres i gennemsnit omkring 35 millioner logins gennem NemLog-in om måneden [English: On average around 35 million logins are made through NemLog-in each month],On average around 35 million logins per month through NemLog-in,,official,2026-09-29,research.py: quote exact in fetched document
record:DK:authentication_audit_log:hosting,digst-dk:26dd5488c1,page text,Den nuværende driftskontrakt blev indgået med NNIT (nu Aeven) i 2018 og løber til marts 2029. [English: The current operations contract was concluded with NNIT (now Aeven) in 2018 and runs until March 2029.],"NemLog-in infrastructure operation contracted to NNIT (now Aeven) in 2018, running to March 2029; re-tendered in 2026",,secondary,2026-09-29,research.py: quote exact in fetched document
record:DK:authentication_audit_log:legal_basis,retsinformation-dk:dcea3f2afa,page text,"Digitaliseringsstyrelsen videregive autentifikationssvar, herunder risikodata vedrørende den konkrete og enkelte transaktion, til en broker, der er tilsluttet MitID-løsningen eller NemLog-in. [English: the Agency for Digital Government may pass on authentication responses, including risk data concerning the specific individual transaction, to a broker connected to the MitID solution or NemLog-in.]",MitID and NemLog-in Act § 13: Digitaliseringsstyrelsen may pass authentication responses incl. per-transaction risk data to brokers,,official,2026-09-29,research.py: quote exact in fetched document
record:DK:authentication_audit_log:operator,digst-dk:26dd5488c1,page text,"Digitaliseringsstyrelsen offentliggør udbudsmaterialet om infrastrukturdrift af NemLog-in-løsningen, som er en samfundskritisk del af den offentlige digitale infrastruktur. [English: The Agency for Digital Government publishes the tender material for infrastructure operation of the NemLog-in solution, which is a society-critical part of the public digital infrastructure.]",Digitaliseringsstyrelsen; NemLog-in described as a society-critical part of public digital infrastructure,,secondary,2026-09-29,research.py: quote exact in fetched document
record:DK:authentication_audit_log:register,retsinformation-dk:dcea3f2afa,page text,"NemLog-in: Den fællesoffentlige digitale infrastrukturløsning, som sætter privatpersoner og erhvervsbrugere med digitale identiteter i stand til at interagere med digitale selvbetjeningsløsninger, [English: NemLog-in: the joint public digital infrastructure solution that enables private persons and business users with digital identities to interact with digital self-service solutions,]",NemLog-in - the joint public digital login infrastructure through which authentications to public self-service solutions pass,,official,2026-09-29,research.py: quote exact in fetched document
record:DK:beneficial_ownership:legal_basis,retsinformation-dk:9978344895,page text,"Kapitalselskabet skal registrere oplysningerne om selskabets reelle ejere, herunder oplysninger om de reelle ejeres rettigheder, i Erhvervsstyrelsens it-system, [English: The company shall register the information on its beneficial owners, including their rights, in the Danish Business Authority's IT system,]","Selskabsloven § 58 a, stk. 3 (LBK nr 331 af 20/03/2025): companies must register beneficial owners in the Business Authority's IT system",,official,2026-09-29,research.py: quote exact in fetched document
record:DK:beneficial_ownership:register,retsinformation-dk:b60e61662b,page text,"En juridisk person, jf. § 3, nr. 2, som i henhold til anden lovgivning er forpligtet til at registrere reelle ejere, skal være registreret i Det Centrale Virksomhedsregister. [English: A legal person that under other legislation is obliged to register beneficial owners must be registered in the Central Business Register.]",Beneficial ownership data held in CVR: legal persons and trusts obliged to register beneficial owners must be registered in CVR,,official,2026-09-29,research.py: quote exact in fetched document
record:DK:breeder_documents:hosting,cpr-dk:ec944f656f,page text,"gennemført et udbud af CPR-opgaven, der omfatter drift, vedligehold og support samt bistand til udvikling af CPR-systemet og Kirkeministeriets Personregistrering. [English: carried out a tender for the CPR task, covering operation, maintenance and support and assistance in developing the CPR system and the Church Ministry's Personal Registration.]","The 2022 CPR contract awarded to DXC Technologies A/S also covers operation, maintenance and support of Kirkeministeriets Personregistrering",,secondary,2026-09-29,research.py: quote exact in fetched document
record:DK:breeder_documents:legal_basis,retsinformation-dk:d9a3866d7d,page text,"§ 5, stk. 2, i bekendtgørelse af lov om udnævnelse af biskopper og om stiftsbåndsløsning, § 4 i lov om anmeldelse af fødsler og dødsfald [English: § 5(2) of the consolidated act on appointment of bishops and release from diocese ties, § 4 of the act on notification of births and deaths]",Includes § 4 of the Act on notification of births and deaths (lov om anmeldelse af fødsler og dødsfald) among the bases for the ministry's systems,,official,2026-09-29,research.py: quote exact in fetched document
record:DK:breeder_documents:register,retsinformation-dk:d9a3866d7d,page text,"Kirkeministeriet stiller således fælles systemer til rådighed til brug for personregistrering, sognebåndsløsning samt valg i folkekirken, [English: The Ministry of Ecclesiastical Affairs thus provides common systems for use in personal registration, release from parish ties and elections in the Church of Denmark,]","Kirkeministeriet's common systems for personregistrering (church registration of births, names and deaths), used by parish registrars",,official,2026-09-29,research.py: quote exact in fetched document
record:DK:central_bank:foreign_dependency,nationalbanken-dk:e7fa5b7a81,page text,"TARGET Services er en fælleseuropæisk teknisk platform, som stilles til rådighed for deltagende centralbanker af den Europæiske Centralbank, ECB, og Eurosystemet. [English: TARGET Services is a pan-European technical platform made available to participating central banks by the European Central Bank (ECB) and the Eurosystem.]",eu_provider,,official,2026-09-29,research.py: quote exact in fetched document
record:DK:central_bank:hosting,nationalbanken-dk:e7fa5b7a81,page text,"Nationalbanken flyttede i påsken 2025 afviklingen af danske kroner fra Nationalbankens eget afviklingssystem, Kronos2, til den fælleseuropæiske platform for afvikling af betalinger og værdipapirhandler, TARGET Services [English: At Easter 2025 Nationalbanken moved settlement of Danish kroner from its own settlement system, Kronos2, to the pan-European platform for settlement of payments and securities trades, TARGET Services]",At Easter 2025 Nationalbanken moved krone settlement from its own system Kronos2 to the pan-European TARGET Services platform,,official,2026-09-29,research.py: quote exact in fetched document
record:DK:central_bank:register,nationalbanken-dk:e7fa5b7a81,page text,"TARGET DKK (afvikling i danske kroner via T2 og TIPS på TARGET Services samt Nationalbankens system for de pengepolitiske instrumenter og sikkerhedsstillelse, SPI) [English: TARGET DKK (settlement in Danish kroner via T2 and TIPS on TARGET Services and Nationalbanken's system for monetary-policy instruments and collateral, SPI)]","TARGET DKK - Nationalbanken's payment system for krone settlement (via T2 and TIPS on TARGET Services, plus SPI for monetary-policy instruments and collateral)",,official,2026-09-29,research.py: quote exact in fetched document
record:DK:civil_registry:count,cpr-dk:97615a4356,page text,"Registret omfatter navne og andre personoplysninger for ca. 11,4 millioner personer, herunder knap 6,1 millioner nulevende personer. [English: The register covers names and other personal data for approx. 11.4 million persons, including just under 6.1 million living persons.]","About 11.4 million persons, of which just under 6.1 million living persons",,official,2026-09-29,research.py: quote exact in fetched document
record:DK:civil_registry:hosting,cpr-dk:ec944f656f,page text,"har besluttet at tildele kontrakten til DXC Technologies A/S, idet det efter en grundig evalueringsproces er vurderet, at DXC har afgivet det økonomisk mest fordelagtige tilbud [English: has decided to award the contract to DXC Technologies A/S, as it was assessed after a thorough evaluation process that DXC submitted the most economically advantageous tender]","Operation, maintenance and support of the CPR system contracted to DXC Technologies A/S (2022 tender, 6-8 year contract), subject to investment-screening permission as critical infrastructure",,secondary,2026-09-29,research.py: quote exact in fetched document
record:DK:civil_registry:legal_basis,retsinformation-dk:6cab131ec8,page text,"Herved bekendtgøres lov om Det Centrale Personregister, jf. lovbekendtgørelse nr. 702 af 23. maj 2022, med de ændringer, der følger af § 1 i lov nr. 411 af 25. april 2023 [English: The Act on the Central Person Register is hereby promulgated, cf. consolidated act no. 702 of 23 May 2022, with the amendments following from § 1 of act no. 411 of 25 April 2023]","Lov om Det Centrale Personregister (CPR-loven), consolidated as LBK nr 1010 af 23/06/2023",,official,2026-09-29,research.py: quote exact in fetched document
record:DK:civil_registry:operator,cpr-dk:5348550df6,page text,"CPR-administrationen er organisatorisk placeret i Forsknings-, Uddannelses- og Digitaliseringsministeriets departement. [English: The CPR administration is organisationally placed in the department of the Ministry of Research, Education and Digitalisation.]","CPR-administrationen (CPR Office), placed in the department of the Ministry of Research, Education and Digitalisation",,official,2026-09-29,research.py: quote exact in fetched document
record:DK:civil_registry:register,retsinformation-dk:6cab131ec8,page text,"Det Centrale Personregister (CPR) indeholder grundlæggende personoplysninger om enhver, der har et personnummer, [English: the Central Person Register (CPR) contains basic personal data on everyone who has a personal identification number,]",Det Centrale Personregister (CPR) - the Central Person Register,,official,2026-09-29,research.py: quote exact in fetched document
record:DK:customs:operator,toldst-dk:f040f063f2,page text,"Vi er nu helt overgået til de nye toldsystemer for eksport, forsendelse og import. Fremover kan nye importangivelser kun oprettes i DMS Import. [English: We have now fully moved to the new customs systems for export, transit and import. From now on new import declarations can only be created in DMS Import.]",Toldstyrelsen (Customs Agency); DMS Import in full operation from March 2026,,secondary,2026-09-29,research.py: quote exact in fetched document
record:DK:customs:register,toldst-dk:8ef1b36dbb,page text,"I toldsystemet DMS kan du håndtere din virksomheds import, eksport og forsendelse. [English: In the DMS customs system you can handle your company's import, export and transit.]","DMS (Declaration Management System) - customs system for import, export and transit declarations",,official,2026-09-29,research.py: quote exact in fetched document
record:DK:electoral_management:register,dst-dk:82a5edca3a,page text,Ved valg i Danmark optælles stemmer manuelt. Kommunerne indtaster derefter stemmetal i IT-system udviklet af KMD. [English: In Danish elections votes are counted manually. The municipalities then enter the vote counts into an IT system developed by KMD.],Election results system: municipalities enter manually counted vote totals into an IT system developed by KMD; Danmarks Statistik compiles results,,official,2026-09-29,research.py: quote exact in fetched document
record:DK:emergency_communications:hosting,sikkerhedsnet-dk:6e08971962,page text,Leverandør Dansk Beredskabskommunikation A/S står for driften af SINE. [English: Supplier: Dansk Beredskabskommunikation A/S is responsible for operating SINE.],SINE network operation is supplied by Dansk Beredskabskommunikation A/S (ownership not stated in this source),,official,2026-09-29,research.py: quote exact in fetched document
record:DK:emergency_communications:operator,sikkerhedsnet-dk:854968f3cc,page text,Center for Beredskabskommunikation (CFB) er en del af Ministeriet for Samfundssikkerhed og Beredskab. [English: The Centre for Emergency Communication (CFB) is part of the Ministry of Civil Security and Emergency Preparedness.],"Center for Beredskabskommunikation (CFB), part of the Ministry of Civil Security and Emergency Preparedness; network operation by Dansk Beredskabskommunikation A/S",,official,2026-09-29,research.py: quote exact in fetched document
record:DK:emergency_communications:register,sikkerhedsnet-dk:6e08971962,page text,"I medfør af beredskabslovens § 29 skal beredskabsmyndighederne anvende SINE til løsning af beredskabsmæssige opgaver. [English: Under § 29 of the Emergency Management Act, emergency authorities must use SINE for emergency tasks.]",SINE (Sikkerhedsnettet) - Denmark's radio network for emergency communications; use mandatory under beredskabsloven § 29,,official,2026-09-29,research.py: quote exact in fetched document
record:DK:facial_biometric:legal_basis,retsinformation-dk:d8290d04ee,page text,"Personfotografi, der opbevares i medfør af stk. 13, registreres i et centralt register, der føres af Udlændinge- og Integrationsministeriet, Udlændingestyrelsen og Styrelsen for International Rekruttering og Integration. [English: Personal photographs retained under subsection 13 are registered in a central register kept by the Ministry of Immigration and Integration, the Danish Immigration Service and SIRI.]","Udlændingeloven § 40 b, stk. 14: retained facial photographs go into a central register kept by the Ministry, Udlændingestyrelsen and SIRI",,official,2026-09-29,research.py: quote exact in fetched document
record:DK:facial_biometric:operator,nyidanmark-dk:a5b30dad47,page text,"De biometriske data vil blive registreret i udlændingemyndighedernes register, som Udlændinge- og Integrationsministeriet, Udlændingestyrelsen og Styrelsen for International Rekruttering og Integration (SIRI) er ansvarlige for. [English: The biometric data will be registered in the immigration authorities' register, for which the Ministry of Immigration and Integration, the Danish Immigration Service and SIRI are responsible.]","Ministry of Immigration and Integration, Udlændingestyrelsen and SIRI",,official,2026-09-29,research.py: quote exact in fetched document
record:DK:facial_biometric:register,nyidanmark-dk:a5b30dad47,page text,"De opbevares ved ansøgning i 20 år efter optagelsen af fingeraftrykket og personfotografiet, i visumsager dog 10 år. [English: On application they are stored for 20 years after the capture of the fingerprint and personal photograph, but 10 years in visa cases.]",Immigration authorities' biometric register (facial photos and fingerprints of foreign nationals for residence cards); retained 20 years (10 years for visa cases),,official,2026-09-29,research.py: quote exact in fetched document
record:DK:fingerprint_biometric:legal_basis,retsinformation-dk:d8290d04ee,page text,"Fingeraftryk, der opbevares i medfør af stk. 14, registreres i et centralt register, der føres af Udlændinge- og Integrationsministeriet, Udlændingestyrelsen og Styrelsen for International Rekruttering og Integration. [English: Fingerprints retained under subsection 14 are registered in a central register kept by the Ministry of Immigration and Integration, the Danish Immigration Service and SIRI.]","Udlændingeloven § 40 a, stk. 15 (LBK nr 1183 af 25/09/2025): retained fingerprints go into a central register kept by the Ministry, Udlændingestyrelsen and SIRI",,official,2026-09-29,research.py: quote exact in fetched document
record:DK:fingerprint_biometric:operator,nyidanmark-dk:a5b30dad47,page text,"De biometriske data vil blive registreret i udlændingemyndighedernes register, som Udlændinge- og Integrationsministeriet, Udlændingestyrelsen og Styrelsen for International Rekruttering og Integration (SIRI) er ansvarlige for. [English: The biometric data will be registered in the immigration authorities' register, for which the Ministry of Immigration and Integration, the Danish Immigration Service and SIRI are responsible.]","Ministry of Immigration and Integration, Danish Immigration Service (Udlændingestyrelsen) and SIRI are responsible for the register",,official,2026-09-29,research.py: quote exact in fetched document
record:DK:fingerprint_biometric:register,nyidanmark-dk:a5b30dad47,page text,optager fingeraftryk og personfotografi (biometriske data) til brug for udstedelse af opholdskort og til brug for identifikation og identitetskontrol på udlændingeområdet. [English: capture fingerprints and personal photographs (biometric data) for issuing residence cards and for identification and identity control in the immigration field.],"Immigration authorities' biometric register (fingerprints and facial photos of foreign nationals, captured for residence cards and identity control)",,official,2026-09-29,research.py: quote exact in fetched document
record:DK:firearms_register:operator,politi-dk:8e15a78f5a,page text,Rigspolitiet og politikredsene kan anvende oplysningerne i Våbenregistret til at understøtte politiets efterforskningsmæssige virksomhed og til at føre tilsyn og kontrol med de udstedte tilladelser. [English: The National Police and police districts may use data in the Firearms Register to support investigations and to supervise and check permits issued.],Rigspolitiet (data controller); police may also use the register for investigation and supervision of permits,,official,2026-09-29,research.py: quote exact in fetched document
record:DK:firearms_register:register,politi-dk:8e15a78f5a,page text,"Rigspolitiet er eksempelvis dataansvarlig for Politiets Våbenregister, der har til formål at understøtte politiets administration af sager i medfør af våben- og jagtlovgivningen [English: The National Police is for example data controller for the Police Firearms Register, which supports police administration of cases under firearms and hunting legislation]","Politiets Våbenregister (Police Firearms Register), Rigspolitiet data controller",,official,2026-09-29,research.py: quote exact in fetched document
record:DK:geospatial:register,retsinformation-dk:33dbec9976,page text,"at alle vejnavne og adresser registreres på en ensartet måde i Danmarks Adresseregister, således at dette er autoritativ kilde til oplysninger om vejnavne og adresser, [English: that all road names and addresses are registered uniformly in the Danish Address Register, so that it is the authoritative source of information on road names and addresses,]",Danmarks Adresseregister (DAR) - authoritative register of road names and addresses,,official,2026-09-29,research.py: quote exact in fetched document
record:DK:grid_control:legal_basis,retsinformation-dk:0415363b8b,page text,"Energinets formål er at eje, drive og udbygge overordnet energiinfrastruktur og varetage opgaver med sammenhæng hertil [English: Energinet's purpose is to own, operate and expand the overall energy infrastructure and carry out related tasks]",Lov om Energinet (LBK nr 271 af 09/03/2023) § 2,,official,2026-09-29,research.py: quote exact in fetched document
record:DK:grid_control:register,retsinformation-dk:0415363b8b,page text,"lov om fremme af vedvarende energi og lov om gasforsyning og driver systemansvarlig virksomhed, eltransmissionsvirksomhed og gastransmissionsvirksomhed. [English: the Renewable Energy Promotion Act and the Gas Supply Act and carries out system-responsibility activities, electricity transmission and gas transmission.]","Energinet carries out system-responsibility (TSO) activities, electricity transmission and gas transmission",,official,2026-09-29,research.py: quote exact in fetched document
record:DK:health_records:register,retsinformation-dk:d144f2da9a,page text,"Sundhedsdatastyrelsen er ansvarlig for at drive en elektronisk registrering af de enkelte borgeres medicinoplysninger, herunder ordination, køb, udlevering, indtagelse, dosisændring, ophør [English: The Danish Health Data Authority is responsible for operating an electronic registration of each citizen's medication data, including prescription, purchase, dispensing, intake, dose change, discontinuation]","Fælles Medicinkort (FMK) - Sundhedsdatastyrelsen's electronic register of every citizen's medication data (prescription, purchase, dispensing, dose changes)",,official,2026-09-29,research.py: quote exact in fetched document
record:DK:intelligence:legal_basis,retsinformation-dk:2a9bb319d3,page text,"Forsvarets Efterretningstjeneste kan indsamle og indhente oplysninger, der kan have betydning for tjenestens efterretningsmæssige virksomhed. [English: The Defence Intelligence Service may collect and obtain information that may be relevant to the service's intelligence activities.]",PET-loven (LBK nr 231 af 07/03/2017) and FE-loven (LBK nr 1287 af 28/11/2017),,official,2026-09-29,research.py: quote exact in fetched document
record:DK:intelligence:register,retsinformation-dk:c1d165f2d5,page text,"Politiets Efterretningstjeneste kan indsamle og indhente oplysninger, der kan have betydning for tjenestens virksomhed. [English: The Danish Security and Intelligence Service may collect and obtain information that may be relevant to the service's activities.]",Politiets Efterretningstjeneste (PET) - domestic security intelligence; may collect information relevant to its activities,,official,2026-09-29,research.py: quote exact in fetched document
record:DK:issuance_history:foreign_dependency,retsinformation-dk:5763e7a1f7,page text,"Rigspolitiets centrale systemportefølje (Automatisk Trafikkontrol System, Bøde og Kasse, Bøde og Kasse Grønland og Færøerne, Centralregistret for Motorkøretøjer, Det Centrale Kriminalregister, Det Centrale Pasregister, Det Centrale Rettighedsregister, On Demand, Politiets Index Register, [English: The National Police's central system portfolio (..., Central Register of Motor Vehicles, Central Criminal Register, Central Passport Register, Central Rights Register, On Demand, Police Index Register,]",national,,official,2026-09-29,research.py: quote exact in fetched document
record:DK:issuance_history:hosting,retsinformation-dk:5763e7a1f7,page text,"Rigspolitiets centrale systemportefølje (Automatisk Trafikkontrol System, Bøde og Kasse, Bøde og Kasse Grønland og Færøerne, Centralregistret for Motorkøretøjer, Det Centrale Kriminalregister, Det Centrale Pasregister, Det Centrale Rettighedsregister, On Demand, Politiets Index Register, [English: The National Police's central system portfolio (..., Central Register of Motor Vehicles, Central Criminal Register, Central Passport Register, Central Rights Register, On Demand, Police Index Register,]","Det Centrale Pasregister is part of Rigspolitiet's central system portfolio that must be kept in Denmark (Location Requirement Order, Annex 1, item 13)",,official,2026-09-29,research.py: quote exact in fetched document
record:DK:issuance_history:legal_basis,retsinformation-dk:bd4f57c7b7,page text,"Kommunalbestyrelsen må ikke udstede pas til en ansøger, hvis der i Det Centrale Pasregister er anført en markering, der taler imod pasudstedelsen. [English: The municipal council may not issue a passport to an applicant if a marker against issuance is recorded in the Central Passport Register.]",Bekendtgørelse om pas m.v. (BEK nr 2693 af 28/12/2021) under the Passport Act; references Det Centrale Pasregister,,official,2026-09-29,research.py: quote exact in fetched document
record:DK:issuance_history:operator,politi-dk:8e15a78f5a,page text,Oplysninger i Pasregistret slettes to år efter passets udløb eller senest to år efter pasindehaverens død. [English: Data in the Passport Register is deleted two years after the passport expires or at the latest two years after the holder's death.],Rigspolitiet; retention: deleted two years after passport expiry or holder's death,,official,2026-09-29,research.py: quote exact in fetched document
record:DK:issuance_history:register,politi-dk:8e15a78f5a,page text,Rigspolitiet er således dataansvarlig for Det Centrale Pasregister (Pasregistret) og Centralregistret for Motorkøretøjer (CRM). [English: The National Police is thus data controller for the Central Passport Register and the Central Register of Motor Vehicles (CRM).],"Det Centrale Pasregister (Pasregistret) - Central Passport Register, with Rigspolitiet (Danish National Police) as data controller",,official,2026-09-29,research.py: quote exact in fetched document
record:DK:judicial_criminal:foreign_dependency,retsinformation-dk:5763e7a1f7,page text,"Rigspolitiets centrale systemportefølje (Automatisk Trafikkontrol System, Bøde og Kasse, Bøde og Kasse Grønland og Færøerne, Centralregistret for Motorkøretøjer, Det Centrale Kriminalregister, Det Centrale Pasregister, Det Centrale Rettighedsregister, On Demand, Politiets Index Register, [English: The National Police's central system portfolio (..., Central Register of Motor Vehicles, Central Criminal Register, Central Passport Register, Central Rights Register, On Demand, Police Index Register,]",national,,official,2026-09-29,research.py: quote exact in fetched document
record:DK:judicial_criminal:hosting,retsinformation-dk:5763e7a1f7,page text,"Rigspolitiets centrale systemportefølje (Automatisk Trafikkontrol System, Bøde og Kasse, Bøde og Kasse Grønland og Færøerne, Centralregistret for Motorkøretøjer, Det Centrale Kriminalregister, Det Centrale Pasregister, Det Centrale Rettighedsregister, On Demand, Politiets Index Register, [English: The National Police's central system portfolio (..., Central Register of Motor Vehicles, Central Criminal Register, Central Passport Register, Central Rights Register, On Demand, Police Index Register,]","Det Centrale Kriminalregister is part of Rigspolitiet's central system portfolio that must be kept in Denmark (Location Requirement Order, Annex 1, item 13)",,official,2026-09-29,research.py: quote exact in fetched document
record:DK:judicial_criminal:operator,politi-dk:8e15a78f5a,page text,"Rigspolitiet er dataansvarlig for behandlingen af personoplysninger i Kriminalregistret, der er særskilt reguleret i kriminalregisterbekendtgørelsen [English: The National Police is data controller for processing personal data in the Criminal Register, which is separately regulated by the Criminal Register Order]",Rigspolitiet is data controller; regulated by the kriminalregisterbekendtgørelse,,official,2026-09-29,research.py: quote exact in fetched document
record:DK:judicial_criminal:register,politi-dk:8e15a78f5a,page text,"vil du derudover blive registreret i Det Centrale Kriminalregister (Kriminalregistret), der bl.a. tjener som internt arbejdsregister for politiet og danner grundlag for udskrift af straffeattester [English: you will also be registered in the Central Criminal Register, which serves inter alia as an internal police working register and forms the basis for criminal record certificates]",Det Centrale Kriminalregister (Kriminalregistret) - Central Criminal Register,,official,2026-09-29,research.py: quote exact in fetched document
record:DK:police_records:foreign_dependency,retsinformation-dk:5763e7a1f7,page text,"Rigspolitiets centrale systemportefølje (Automatisk Trafikkontrol System, Bøde og Kasse, Bøde og Kasse Grønland og Færøerne, Centralregistret for Motorkøretøjer, Det Centrale Kriminalregister, Det Centrale Pasregister, Det Centrale Rettighedsregister, On Demand, Politiets Index Register, [English: The National Police's central system portfolio (Automatic Traffic Control System, Fines and Cash, ..., Central Register of Motor Vehicles, Central Criminal Register, Central Passport Register, Central Rights Register, On Demand, Police Index Register,]",national,,official,2026-09-29,research.py: quote exact in fetched document
record:DK:police_records:hosting,retsinformation-dk:5763e7a1f7,page text,"Rigspolitiets centrale systemportefølje (Automatisk Trafikkontrol System, Bøde og Kasse, Bøde og Kasse Grønland og Færøerne, Centralregistret for Motorkøretøjer, Det Centrale Kriminalregister, Det Centrale Pasregister, Det Centrale Rettighedsregister, On Demand, Politiets Index Register, [English: The National Police's central system portfolio (Automatic Traffic Control System, Fines and Cash, ..., Central Register of Motor Vehicles, Central Criminal Register, Central Passport Register, Central Rights Register, On Demand, Police Index Register,]","Rigspolitiet's central system portfolio (incl. Politiets Sagsstyringssystem, Politiets Index Register, Det Centrale Kriminalregister, Det Centrale Pasregister) must be kept in Denmark (Annex 1, item 13)",,official,2026-09-29,research.py: quote exact in fetched document
record:DK:police_records:legal_basis,politi-dk:8e15a78f5a,page text,"Politiet kan i overensstemmelse med lov nr. 410 af 27. april 2017 om retshåndhævende myndigheders behandling af personoplysninger (retshåndhævelsesloven) lovligt behandle oplysninger om dig, [English: The police may, in accordance with act no. 410 of 27 April 2017 on law enforcement authorities' processing of personal data (the Law Enforcement Act), lawfully process data about you,]",Retshåndhævelsesloven (lov nr. 410 af 27. april 2017) governs police processing of personal data,,official,2026-09-29,research.py: quote exact in fetched document
record:DK:police_records:register,politi-dk:8e15a78f5a,page text,opretter politikredsen en sag i politiets sagsstyringssystem POLSAS med henblik på at behandle og dokumentere sagen. [English: the police district creates a case in the police case management system POLSAS in order to process and document the case.],POLSAS - the police case management system,,official,2026-09-29,research.py: quote exact in fetched document
record:DK:public_finance:legal_basis,retsinformation-dk:85c1e938a2,page text,"er endvidere forpligtet til at anvende de systemer på økonomi-, betalings-, HR- og lønområdet, der stilles til rådighed af Moderniseringsstyrelsen. [English: are furthermore obliged to use the systems in the finance, payment, HR and payroll areas made available by the Agency for Modernisation.]","Bekendtgørelse om statens regnskabsvæsen mv. (BEK nr 116 af 19/02/2018) § 11: state institutions must use the centrally administered group system and finance, payment, HR and payroll systems",,official,2026-09-29,research.py: quote exact in fetched document
record:DK:public_finance:register,oes-dk:77ceb50dec,page text,"Statens Bevillings- og Regnskabsløsning (SBRL) er den it-løsning, som understøtter finanslovs- og statsregnskabsprocesserne. [English: The State Appropriation and Accounts Solution (SBRL) is the IT solution supporting the Finance Act and state accounts processes.]",Statens Bevillings- og Regnskabsløsning (SBRL) - state appropriation and accounts solution supporting Finance Act and state accounts from FY2025,,official,2026-09-29,research.py: quote exact in fetched document
record:DK:public_health_surveillance:register,retsinformation-dk:d144f2da9a,page text,Statens Serum Institut er ansvarlig for at drive en elektronisk registrering af oplysninger om de enkelte borgeres vaccinationer og hertil knyttede oplysninger (Det Danske Vaccinationsregister). [English: Statens Serum Institut is responsible for operating an electronic registration of each citizen's vaccinations and related information (the Danish Vaccination Register).],"Det Danske Vaccinationsregister - national register of citizens' vaccinations, run by Statens Serum Institut",,official,2026-09-29,research.py: quote exact in fetched document
record:DK:residence_permits:operator,dst-dk:da2cc64166,page text,"Udlændingestyrelsen er den myndighed, som modtager og behandler ansøgninger om asyl samt anden opholdstilladelse. [English: The Danish Immigration Service is the authority that receives and processes applications for asylum and other residence permits.]",Udlændingestyrelsen (Danish Immigration Service) receives and processes asylum and other residence permit applications,,official,2026-09-29,research.py: quote exact in fetched document
record:DK:residence_permits:register,nyidanmark-dk:26e2b62044,page text,"Læs om adgang til de informationssystemer, der kan bruges til udveksling af oplysninger mellem myndighederne på udlændingeområdet (tidligere UIP-portalen). [English: Read about access to the information systems that can be used for exchanging information between the authorities in the immigration field (formerly the UIP portal).]","Information systems in the immigration field incl. Udlændinge Informations Systemet (UIS), used for data exchange between authorities (formerly UIP portal)",,official,2026-09-29,research.py: quote exact in fetched document
record:DK:trust_services_pki:legal_basis,retsinformation-dk:9a063b3d6e,page text,"Denne lov finder anvendelse på tillidstjenesteudbydere, som udbyder tillidstjenester og er etableret på det danske marked, og som er omfattet af Europa-Parlamentets og Rådets forordning (EU) nr. 910/2014 [English: This act applies to trust service providers offering trust services established on the Danish market and covered by Regulation (EU) No 910/2014 of the European Parliament and of the Council]",eIDAS Regulation (EU) 910/2014 plus Danish supplementary act LOV nr 617 af 08/06/2016; Digitaliseringsstyrelsen is supervisory authority,,official,2026-09-29,research.py: quote exact in fetched document
record:DK:trust_services_pki:operator,ca1-gov-dk:964232322c,page text,Den Danske Stat (CA1) er en kvalificeret tillidstjenesteudbyder efter eIDAS-forordningen og optræder på positivlisten over godkendte tillidstjenesteudbydere. [English: The Danish State (CA1) is a qualified trust service provider under the eIDAS Regulation and appears on the trusted list of approved trust service providers.],Digitaliseringsstyrelsen; CA1 is a qualified trust service provider under eIDAS on the EU trusted list,,official,2026-09-29,research.py: quote exact in fetched document
record:DK:trust_services_pki:register,ca1-gov-dk:964232322c,page text,Den Danske Stat Tillidstjenester (CA1) Tillidstjenester leveret af Digitaliseringsstyrelsen på vegne af Den Danske Stat [English: The Danish State Trust Services (CA1): trust services delivered by the Agency for Digital Government on behalf of the Danish State],"Den Danske Stat Tillidstjenester (CA1) - Danish State trust services, delivered by Digitaliseringsstyrelsen on behalf of the Danish State",,official,2026-09-29,research.py: quote exact in fetched document
record:DK:vehicle_licensing:register,retsinformation-dk:b4bea568bc,page text,"Registrering af køretøjer sker i et for hele landet fælles register for køretøjer (Køretøjsregisteret), jf. dog stk. 4. [English: Registration of vehicles takes place in a common national register of vehicles (the Vehicle Register), cf. however subsection 4.]",Køretøjsregisteret - the national vehicle register (DMR) covering every vehicle and its ownership,,official,2026-09-29,research.py: quote exact in fetched document
record:EE:facial_biometric:operator,web-archive-org:2feeedaf05,page text,Andmekogu ABIS vastutavad töötlejad on Politsei- ja Piirivalveamet ning Välisministeerium. [English: The controllers of database ABIS are the Police and Border Guard Board and the Ministry of Foreign Affairs.],ABIS controllers are the Police and Border Guard Board and the Ministry of Foreign Affairs,,official,2026-09-29,research.py: quote exact in fetched document
record:EE:facial_biometric:register,web-archive-org:2feeedaf05,page text,"Biomeetrilised andmed käesoleva seaduse tähenduses on näokujutis, sõrmejäljekujutised, allkiri või allkirjakujutis ja silmaiirisekujutised. [English: Biometric data within the meaning of this Act are the facial image, fingerprint images, signature or signature image and iris images.]","Biometric data under the Identity Documents Act are facial image, fingerprints, signature and iris images",,official,2026-09-29,research.py: quote exact in fetched document
record:EL:authentication_audit_log:operator,wallet-gov-gr:861fec6bc2,page text,"Η ανώνυμη εταιρεία του Ελληνικού Δημοσίου με την επωνυμία «ΕΘΝΙΚΟ ΔΙΚΤΥΟ ΥΠΟΔΟΜΩΝ ΤΕΧΝΟΛΟΓΙΑΣ ΚΑΙ ΕΡΕΥΝΑΣ Α.Ε.» και διακριτικό τίτλο «Ε.Δ.Υ.Τ.Ε. Α.Ε.» ορίζεται ως Εκτελούσα την Επεξεργασία [English: The Greek State public limited company named ""National Infrastructures for Research and Technology S.A."" (GRNET S.A.) is designated as Processor]","GRNET (Ε.Δ.Υ.Τ.Ε. Α.Ε.), company of the Greek State, is the designated processor",,official,2026-09-29,research.py: quote exact in fetched document
record:EL:authentication_audit_log:register,wallet-gov-gr:861fec6bc2,page text,"Στην Ε.Δ.Υ.Τ.Ε. Α.Ε. τηρείται, για χρονικό διάστημα δώδεκα (12) μηνών, ιστορικό των ενεργειών που λαμβάνουν χώρα στο πλαίσιο της διαδικασίας επίδειξης εγγράφων. [English: A history of the actions taking place in the document-presentation process is kept at GRNET S.A. for a period of twelve (12) months.]",GRNET keeps for 12 months a history of actions taken in the Gov.gr Wallet document-presentation process,,official,2026-09-29,research.py: quote exact in fetched document
record:EL:beneficial_ownership:legal_basis,lawspot-gr:8013fc385a,page text,"καταχωρίζεται στο Κεντρικό Μητρώο Πραγματικών Δικαιούχων εντός εξήντα (60) ημερών από την έναρξη λειτουργίας του, με τη χρήση κωδικών εισαγωγής στην ηλεκτρονική πλατφόρμα taxisnet. [English: is registered in the Central Register of Beneficial Owners within sixty (60) days of its start of operation, using login credentials on the taxisnet electronic platform.]","Law 4557/2018, Art. 20; entities register via the TaxisNet platform",,official,2026-09-29,research.py: quote exact in fetched document
record:EL:beneficial_ownership:register,lawspot-gr:8013fc385a,page text,"Στη Γραμματεία Πληροφοριακών Συστημάτων (Γ.Γ.Π.Σ.) δημιουργείται, με χρήση διαδικτυακής ηλεκτρονικής εφαρμογής, Κεντρικό Μητρώο Πραγματικών Δικαιούχων, το οποίο συνδέεται ηλεκτρονικά με το Α.Φ.Μ. κάθε νομικού προσώπου ή νομικής οντότητας [English: A Central Register of Beneficial Owners is created at the Secretariat of Information Systems (GSIS), using a web application, electronically linked to the Tax ID of each legal person or entity]","Central Register of Beneficial Owners, created at the General Secretariat for Information Systems and linked to each legal entity's tax number (ΑΦΜ)",,official,2026-09-29,research.py: quote exact in fetched document
record:EL:benefits_pensions:count,idika-gr:521a11eeb5,page text,"συγκέντρωσε για πρώτη τα φορά τα δεδομένα από 92 πληροφοριακά συστήματα των ασφαλιστικών φορέων για 4,5 εκατομμύρια συντάξεις και ταυτοποίησε 2,7 εκατομμύρια συνταξιούχους. [English: for the first time it gathered data from 92 information systems of the insurance funds for 4.5 million pensions and identified 2.7 million pensioners.]",HELIOS pension control and payment system (operated by ΗΔΥΚΑ/IDIKA under Law 4093/2012) consolidated data from 92 systems covering 4.5 million pensions and 2.7 million pensioners,,official,2026-09-29,research.py: quote exact in fetched document
record:EL:benefits_pensions:legal_basis,lawspot-gr:c4f7321cb1,page text,"Συνιστάται Νομικό Πρόσωπο Δημοσίου Δικαίου (Ν.Π.Δ.Δ.) με την επωνυμία «Ενιαίος Φορέας Κοινωνικής Ασφάλισης», αποκαλούμενο στο εξής «Ε.Φ.Κ.Α.» [English: A legal entity of public law is established under the name ""Unified Social Security Fund"", hereinafter ""EFKA""]","Law 4387/2016, Art. 51: establishment of the Unified Social Security Fund (Ε.Φ.Κ.Α., now e-ΕΦΚΑ)",,official,2026-09-29,research.py: quote exact in fetched document
record:EL:benefits_pensions:register,digitalstrategy-gov-gr:5dc2adc798,page text,"την αναγνώριση/ καταχώριση των δεδομένων του χρόνου ασφάλισης στη Βάση Δεδομένων του συστήματος «ΑΤΛΑΣ» για την χρήση τους στη συνέχεια για την απονομή των συντάξεων. [English: the recognition/entry of insurance-period data into the Database of the ""ATLAS"" system for subsequent use in awarding pensions.]","ATLAS: digital pension award system of e-EFKA, whose database holds insurance-period data digitised from former IKA archives",,official,2026-09-29,research.py: quote exact in fetched document
record:EL:border_control:operator,lawspot-gr:4163cea54e,page text,"διεκπεραίωσης της αλληλογραφίας αναφορικά με την καταχώριση ή άρση των προστίμων που επιβάλλονται και την εξέταση αιτημάτων που υποβάλλονται μέσω του εθνικού γραφείου SIRENE, [English: handling correspondence on entering or lifting fines imposed and examining requests submitted through the national SIRENE bureau,]",Hellenic Police handles requests submitted through the national SIRENE bureau,,official,2026-09-29,research.py: quote exact in fetched document
record:EL:border_control:register,lawspot-gr:4163cea54e,page text,"την τεχνική υποστήριξη και εξασφάλιση της εύρυθμης λειτουργίας του πληροφοριακού συστήματος της εθνικής αρχής, στο πλαίσιο της σύμβασης SCHENGEN που κυρώθηκε με το ν. 2514/1997 (Α΄ 140) [English: the technical support and ensuring the smooth operation of the information system of the national authority, under the SCHENGEN convention ratified by Law 2514/1997]",National Schengen information system (N.SIS) supported by the Hellenic Police IT Directorate under the Schengen Convention ratified by Law 2514/1997,,official,2026-09-29,research.py: quote exact in fetched document
record:EL:breeder_documents:register,lawspot-gr:02cbc9afd8,page text,"β. το σύνολο των στοιχείων που αφορούν στις ληξιαρχικές πράξεις των Ελλήνων πολιτών και αλλοδαπών, στους οποίους συμβαίνουν ληξιαρχικά γεγονότα στην Ελλάδα [English: b. all the data relating to the civil-status acts of Greek citizens and foreigners who have civil-status events in Greece]","Civil-status acts (births, marriages, deaths) of Greek citizens and of foreigners with events in Greece, held in the Ministry of the Interior's Registry Acts Management system within the Citizens' Register",,official,2026-09-29,research.py: quote exact in fetched document
record:EL:civil_registry:hosting,lawspot-gr:02cbc9afd8,page text,"Με κοινή απόφαση του Υπουργού Εσωτερικών και του κατά περίπτωση αρμόδιου Υπουργού μπορεί να ανατίθεται η φιλοξενία του Μητρώου Πολιτών σε κατάλληλες τεχνολογικές υποδομές τρίτου φορέα του δημόσιου τομέα [English: By joint decision of the Minister of the Interior and the competent Minister, the hosting of the Citizens' Register may be assigned to suitable technological infrastructure of a third public-sector body]",The law allows hosting of the Citizens' Register to be assigned by joint ministerial decision to the technological infrastructure of another public-sector body (no source found naming the actual host),,official,2026-09-29,research.py: quote exact in fetched document
record:EL:civil_registry:legal_basis,lawspot-gr:02cbc9afd8,page text,"Στο Υπουργείο Εσωτερικών δημιουργείται και τηρείται πληροφοριακό σύστημα με την ονομασία «Μητρώο Πολιτών», το οποίο συγκροτείται από: [English: An information system named ""Citizens' Register"" is created and maintained at the Ministry of the Interior, composed of:]","Law 4483/2017, Article 115 (creation of the Citizens' Register)",,official,2026-09-29,research.py: quote exact in fetched document
record:EL:civil_registry:register,lawspot-gr:02cbc9afd8,page text,"α. το σύνολο των στοιχείων του Εθνικού Δημοτολογίου, όπως αυτό ορίζεται στο άρθρο 13 του ν. 3274/2004 (Α΄ 195), [English: a. all the data of the National Municipal Register, as defined in Article 13 of Law 3274/2004]",«Μητρώο Πολιτών» (Citizens' Register): national information system combining the National Municipal Register (Δημοτολόγιο) and civil-status (registry) records,,official,2026-09-29,research.py: quote exact in fetched document
record:EL:crisis_management:register,lawspot-gr:e3c728078f,page text,"Οργανώνει και λειτουργεί σε μόνιμη βάση και για όλη τη διάρκεια του εικοσιτετραώρου το Κέντρο Επιχειρήσεων Πολιτικής Προστασίας με ειδικευμένα στελέχη πολιτικής προστασίας και το αναγκαίο προσωπικό [English: It organises and operates on a permanent basis, around the clock, the Civil Protection Operations Centre with specialised civil-protection staff and the necessary personnel]","Civil Protection Operations Centre, run 24/7 by the General Secretariat for Civil Protection (Law 3013/2002 as reproduced; since superseded by Law 4662/2020, not retrieved)",,official,2026-09-29,research.py: quote exact in fetched document
record:EL:customs:foreign_dependency,digitalstrategy-gov-gr:49df2b93ac,page text,"υφιστάμενων και νέων πληροφοριακών συστημάτων που φιλοξενούνται στις υποδομές της ΓΓΠΣΔΔ (όπως ICISnet, TAXISnet, Taxis, Γενικού Χημείου του Κράτους, ELENXIS κ.ά.) [English: existing and new information systems hosted on the infrastructure of the GSIS (such as ICISnet, TAXISnet, Taxis, ...)]",national,,official,2026-09-29,research.py: quote exact in fetched document
record:EL:customs:hosting,digitalstrategy-gov-gr:49df2b93ac,page text,"υφιστάμενων και νέων πληροφοριακών συστημάτων που φιλοξενούνται στις υποδομές της ΓΓΠΣΔΔ (όπως ICISnet, TAXISnet, Taxis, Γενικού Χημείου του Κράτους, ELENXIS κ.ά.) [English: existing and new information systems hosted on the infrastructure of the GSIS (such as ICISnet, TAXISnet, Taxis, ...)]",ICISnet is hosted on ΓΓΠΣΔΔ infrastructure,,official,2026-09-29,research.py: quote exact in fetched document
record:EL:customs:legal_basis,lawspot-gr:6f278cfeee,page text,"με σκοπό τον προσδιορισμό, τη βεβαίωση και την είσπραξη των φορολογικών, τελωνειακών και λοιπών δημοσίων εσόδων [English: for the purpose of determining, assessing and collecting tax, customs and other public revenue]","Law 4389/2016 Art. 1: AADE collects tax, customs and other public revenue",,official,2026-09-29,research.py: quote exact in fetched document
record:EL:customs:register,digitalstrategy-gov-gr:4100fd9209,page text,την συμπλήρωση λειτουργιών για τελωνειακές διαδικασίες που έχουν θεσπιστεί και δεν καλύπτονται από τις λειτουργίες του υφιστάμενου ICISnet. [English: completing functions for customs procedures that have been established and are not covered by the functions of the existing ICISnet.],ICISnet — integrated customs information system of AADE,,official,2026-09-29,research.py: quote exact in fetched document
record:EL:digital_identity_credentials:foreign_dependency,wallet-gov-gr:861fec6bc2,page text,"Η Ε.Δ.Υ.Τ.Ε. αναλαμβάνει, για λογαριασμό του Υπουργείου Ψηφιακής Διακυβέρνησης, τον σχεδιασμό, την υλοποίηση και τη συντήρηση της ειδικής ηλεκτρονικής εφαρμογής [English: GRNET undertakes, on behalf of the Ministry of Digital Governance, the design, implementation and maintenance of the special electronic application]",national,,official,2026-09-29,research.py: quote exact in fetched document
record:EL:digital_identity_credentials:hosting,wallet-gov-gr:861fec6bc2,page text,"Η Ε.Δ.Υ.Τ.Ε. αναλαμβάνει, για λογαριασμό του Υπουργείου Ψηφιακής Διακυβέρνησης, τον σχεδιασμό, την υλοποίηση και τη συντήρηση της ειδικής ηλεκτρονικής εφαρμογής [English: GRNET undertakes, on behalf of the Ministry of Digital Governance, the design, implementation and maintenance of the special electronic application]","GRNET (Ε.Δ.Υ.Τ.Ε. Α.Ε.), a Greek state-owned company, is the processor that designs, implements and maintains the Gov.gr Wallet application",,official,2026-09-29,research.py: quote exact in fetched document
record:EL:digital_identity_credentials:legal_basis,lawspot-gr:e2d26f87c4,page text,"Ο χρήστης της ΕΨΠ αποκτά πρόσβαση στις υπηρεσίες που παρέχονται μέσα από αυτήν, αφού προηγουμένως προβεί σε αυθεντικοποίηση. [English: The user of the Single Digital Portal gains access to the services provided through it after first authenticating.]","Law 4727/2020, Art. 24: users must authenticate to access services of the Single Digital Portal (gov.gr); the first listed method is the GSIS (TaxisNet) credentials",,official,2026-09-29,research.py: quote exact in fetched document
record:EL:digital_identity_credentials:operator,lawspot-gr:e2d26f87c4,page text,"το Υπουργείο Ψηφιακής Διακυβέρνησης ενεργεί ως Υπεύθυνος Επεξεργασίας ως προς την πρόσβαση, την επεξεργασία και τη διατήρηση των δεδομένων προσωπικού χαρακτήρα που είναι αναγκαία για τις υπηρεσίες αυθεντικοποίησης [English: the Ministry of Digital Governance acts as Controller for the access, processing and retention of the personal data necessary for the authentication services]",Ministry of Digital Governance is the controller for the authentication services of gov.gr,,official,2026-09-29,research.py: quote exact in fetched document
record:EL:digital_identity_credentials:register,wallet-gov-gr:3ccc2846d6,page text,"Για τη χρήση της εφαρμογής είναι απαραίτητοι οι προσωπικοί σας κωδικοί TaxisNet και η κατοχή επιβεβαιωμένου αριθμού κινητού τηλεφώνου στο ΕΜΕπ ή οι προσωπικοί σας κωδικοί web banking. [English: To use the application you need your personal TaxisNet credentials and a verified mobile number in the National Communication Register, or your personal web-banking credentials.]",Gov.gr Wallet requires the personal TaxisNet credentials (or web-banking credentials) plus a verified mobile number,,official,2026-09-29,research.py: quote exact in fetched document
record:EL:electoral_management:register,lawspot-gr:183681bb67,page text,"Επίσης συντάσσει πίνακα με αναλυτικά αποτελέσματα σταυροδοσίας των υποψηφίων, τον οποίο αποστέλλει άμεσα σε έντυπη ή ηλεκτρονική μορφή στο Υπουργείο Εσωτερικών. [English: It also compiles a table with detailed preference-vote results of the candidates, which it immediately sends in printed or electronic form to the Ministry of the Interior.]",Courts of first instance compile detailed preference-vote results and send them in print or electronically to the Ministry of the Interior,,official,2026-09-29,research.py: quote exact in fetched document
record:EL:electoral_roll:legal_basis,lawspot-gr:183681bb67,page text,Η εγγραφή στους εκλογικούς καταλόγους είναι υποχρεωτική. Καθένας εγγράφεται μόνο μία φορά σε ένα εκλογικό κατάλογο. [English: Registration in the electoral rolls is compulsory. Everyone is registered only once in one electoral roll.],"P.D. 26/2012, Art. 8: registration in the electoral rolls is compulsory and each voter is registered once",,official,2026-09-29,research.py: quote exact in fetched document
record:EL:electoral_roll:register,lawspot-gr:183681bb67,page text,Η εκλογή γίνεται σε κάθε δήμο μόνο με τους εκλογικούς καταλόγους που τηρούνται στο Υπουργείο Εσωτερικών και έχουν καταρτιστεί με βάση τα δημοτολόγια του οικείου δήμου. [English: Elections are held in each municipality only with the electoral rolls kept at the Ministry of the Interior and compiled on the basis of the municipal registers of that municipality.],"Electoral rolls kept at the Ministry of the Interior, compiled from municipal registers (δημοτολόγια)",,official,2026-09-29,research.py: quote exact in fetched document
record:EL:facial_biometric:legal_basis,passport-gov-gr:fd4d0cce87,page text,"όπως αυτές προβλέπονται από τις διατάξεις του άρθρου 1 του Ν. 3103/2003, του άρθρου 11 του Ν. 3480/2006, του άρθρου 26 του Ν. 5187/2025, του Π.Δ. 25/2022 [English: as provided by the provisions of Article 1 of Law 3103/2003, Article 11 of Law 3480/2006, Article 26 of Law 5187/2025, P.D. 25/2022]","Passport data processing rests on Art. 1 of Law 3103/2003, Art. 11 of Law 3480/2006, Art. 26 of Law 5187/2025, P.D. 25/2022 and JMD 3021/22/10-ο/2025",,official,2026-09-29,research.py: quote exact in fetched document
record:EL:facial_biometric:register,passport-gov-gr:fd4d0cce87,page text,συλλέγει και αποθηκεύει στο μέσο αποθήκευσης των ελληνικών διαβατηρίων τα απαιτούμενα βιομετρικά χαρακτηριστικά (φωτογραφία προσώπου και δύο επίπεδα δακτυλικά αποτυπώματα για τους αιτούντες άνω των 12 ετών) [English: collects and stores on the storage medium of Greek passports the required biometric features (facial photograph and two flat fingerprints for applicants over 12 years)],Facial image and two flat fingerprints collected by the Passports and Security Documents Directorate (Δ.Δ.Ε.Α./Α.Ε.Α.) of Hellenic Police HQ and stored on the passport chip,,official,2026-09-29,research.py: quote exact in fetched document
record:EL:fingerprint_biometric:register,passport-gov-gr:fd4d0cce87,page text,Οι απεικονίσεις των δακτυλικών αποτυπωμάτων τηρούνται κρυπτογραφημένες (με ισχυρό σύστημα κρυπτογράφησης - αποκρυπτογράφησης) στην Κεντρική Βάση Δεδομένων της Δ.Δ.Ε.Α./Α.Ε.Α. [English: The fingerprint images are kept encrypted (with a strong encryption-decryption system) in the Central Database of the Passports Directorate.],"Encrypted fingerprint images kept in the Central Database of the Passports Directorate, accessible only to authorised police staff",,official,2026-09-29,research.py: quote exact in fetched document
record:EL:geospatial:register,lawspot-gr:d07262f4cf,page text,Ο ΟΚΧΕ παρέχει πρόσβαση στις υπηρεσίες του άρθρου 8 παράγραφος 1 μέσω της Γεωπύλης του άρθρου 25 και μέσω της δικτυακής πύλης γεωχωρικών πληροφοριών Inspire. [English: OKXE provides access to the services of Article 8(1) through the Geoportal of Article 25 and through the Inspire geospatial information portal.],"National Spatial Data Infrastructure (ΕΥΓΕΠ) and national Geoportal, access provided by ΟΚΧΕ under Law 3882/2010 (INSPIRE)",,official,2026-09-29,research.py: quote exact in fetched document
record:EL:government_payroll:count,digitalstrategy-gov-gr:98dca5d159,page text,"λαμβάνοντας υπόψη το πλήθος των τουλάχιστον 680.000 μισθοδοτούμενων, που ανήκουν σε 3.500 φορείς του ευρύτερου Δημόσιου Τομέα [English: taking into account the number of at least 680,000 paid employees belonging to 3,500 bodies of the wider Public Sector]","At least 680,000 paid staff in 3,500 wider-public-sector bodies",,official,2026-09-29,research.py: quote exact in fetched document
record:EL:government_payroll:operator,digitalstrategy-gov-gr:98dca5d159,page text,"Συγκεκριμένα το έργο θα επιτρέψει οι μισθολογικές, ασφαλιστικές, φορολογικές και λοιπές σχετικές με τη μισθοδοσία διατάξεις να εφαρμόζονται κεντρικά από την Ενιαία Αρχή Πληρωμής (ΕΑΠ). [English: Specifically, the project will allow salary, insurance, tax and other payroll provisions to be applied centrally by the Single Payment Authority (EAP).]","Payroll rules to be applied centrally by the Single Payment Authority (Ενιαία Αρχή Πληρωμής, ΕΑΠ)",,official,2026-09-29,research.py: quote exact in fetched document
record:EL:government_payroll:register,digitalstrategy-gov-gr:073e5a2639,page text,Το έργο αφορά τη σχεδίαση και υλοποίηση ενός κεντρικού συστήματος διαχείρισης ανθρώπινου δυναμικού του ελληνικού Δημοσίου. [English: The project concerns the design and implementation of a central human resources management system of the Greek State.],"Central Human Resources Management System for the Greek public administration, from appointment to retirement",,official,2026-09-29,research.py: quote exact in fetched document
record:EL:health_insurance:legal_basis,lawspot-gr:b72edf8b4f,page text,Συνιστάται νομικό πρόσωπο δημοσίου δικαίου (Ν.Π.Δ.Δ.) με την επωνυμία Εθνικός Οργανισμός Παροχής Υπηρεσιών Υγείας (εφεξής Ε.Ο.Π.Υ.Υ. ή Οργανισμός) [English: A legal entity of public law is established under the name National Organisation for Healthcare Services Provision (hereinafter EOPYY or Organisation)],"Law 3918/2011, Art. 17: establishment of the National Organisation for Healthcare Services Provision (ΕΟΠΥΥ)",,official,2026-09-29,research.py: quote exact in fetched document
record:EL:health_insurance:register,idika-gr:046d9c2a1f,page text,Έχει εγκατασταθεί και λειτουργεί στην ΗΔ.Υ.Κ.Α. Μ.Α.Ε. εφαρμογή ηλεκτρονικής καταχώρησης και εκτέλεσης συνταγών φαρμάκων [English: An application for electronic registration and execution of medicine prescriptions has been installed and operates at IDIKA],Electronic prescription system installed and operated at ΗΔΥΚΑ (IDIKA) for the social-insurance funds,,official,2026-09-29,research.py: quote exact in fetched document
record:EL:health_records:foreign_dependency,digitalstrategy-gov-gr:3176f6f4d4,page text,"Στο Κυβερνητικό Νέφος Τομέα Υγείας (H-Cloud) πρέπει υποχρεωτικά να εγκατασταθούν έως την 1η.1.2023 όλες οι ηλεκτρονικές εφαρμογές και τα κεντρικά πληροφοριακά συστήματα του Υπουργείου Υγείας, των Νοσοκομείων και των Κέντρων Υγείας [English: All electronic applications and central information systems of the Ministry of Health, hospitals and health centres must be installed in the Health Sector Government Cloud (H-Cloud) by 1.1.2023]",national,,official,2026-09-29,research.py: quote exact in fetched document
record:EL:health_records:hosting,digitalstrategy-gov-gr:3176f6f4d4,page text,"Στο Κυβερνητικό Νέφος Τομέα Υγείας (H-Cloud) πρέπει υποχρεωτικά να εγκατασταθούν έως την 1η.1.2023 όλες οι ηλεκτρονικές εφαρμογές και τα κεντρικά πληροφοριακά συστήματα του Υπουργείου Υγείας, των Νοσοκομείων και των Κέντρων Υγείας [English: All electronic applications and central information systems of the Ministry of Health, hospitals and health centres must be installed in the Health Sector Government Cloud (H-Cloud) by 1.1.2023]",Law 4727/2020 mandates that central health-sector systems processing medical data be installed in the Health Sector Government Cloud (H-Cloud) run by IDIKA,,official,2026-09-29,research.py: quote exact in fetched document
record:EL:health_records:register,ehealthrecord-gov-gr:229375a8be,page text,"Ένα ασφαλές, κεντρικό σημείο αποθήκευσης και διαχείρισης ιατρικών δεδομένων σε ηλεκτρονική μορφή. [English: A secure, central point for storing and managing medical data in electronic form.]",National Electronic Health Record (ΕΗΦΥ): a central point for storing and managing medical data,,official,2026-09-29,research.py: quote exact in fetched document
record:EL:issuance_history:legal_basis,lawspot-gr:8184ea5353,page text,Η αρμοδιότητα για την έκδοση και χορήγηση των διαβατηρίων ανατίθεται αποκλειστικά σε Κεντρική Υπηρεσία της Ελληνικής Αστυνομίας. [English: Competence for issuing and granting passports is assigned exclusively to a Central Service of the Hellenic Police.],Law 3103/2003: passports are issued exclusively by a Central Service of the Hellenic Police,,official,2026-09-29,research.py: quote exact in fetched document
record:EL:issuance_history:register,passport-gov-gr:fd4d0cce87,page text,Η Ελληνική Αστυνομία διαθέτει σε Φορείς του Δημοσίου διαδικτυακές υπηρεσίες για την παροχή στοιχείων που αφορούν τα εκδοθέντα ελληνικά διαβατήρια [English: The Hellenic Police provides public bodies with web services supplying data on issued Greek passports],"Web services supplying public bodies with data on issued Greek passports, via the Interoperability Centre",,official,2026-09-29,research.py: quote exact in fetched document
record:EL:judicial_criminal:legal_basis,lawspot-gr:6d8177bd86,page text,"Με προεδρικό διάταγμα, που εκδίδεται ύστερα από πρόταση του Υπουργού Δικαιοσύνης, Διαφάνειας και Ανθρωπίνων Δικαιωμάτων, καθορίζονται: α) οι υπηρεσίες στις οποίες τηρείται το ποινικό μητρώο [English: By presidential decree issued on the proposal of the Minister of Justice, the following are specified: a) the services at which the criminal record is kept]","Code of Criminal Procedure (Law 4620/2019), Book Nine, Art. 568: criminal-record services organised by P.D. on the proposal of the Minister of Justice",,official,2026-09-29,research.py: quote exact in fetched document
record:EL:judicial_criminal:register,lawspot-gr:6d8177bd86,page text,"Με την επιφύλαξη της εφαρμογής του μηχανογραφικού συστήματος κατά το άρθρο 568 παρ. 1 εδ. ε΄, το ποινικό μητρώο αποτελείται από δελτία. [English: Subject to the application of the computerised system under Article 568 para. 1(e), the criminal record consists of record slips.]","Criminal record consists of record slips, subject to use of the computerised system",,official,2026-09-29,research.py: quote exact in fetched document
record:EL:land_property:foreign_dependency,digitalstrategy-gov-gr:606d4f77cb,page text,Αναβάθμιση εξοπλισμού Κέντρου Δεδομένων (Data Center) και Εφεδρικού Κέντρου Δεδομένων (Disaster recovery center) Κτηματολογίου για λειτουργία σε εικονικό περιβάλλον (virtualization) [English: Upgrade of the equipment of the Cadastre Data Center and Disaster Recovery Center for operation in a virtualised environment],national,,official,2026-09-29,research.py: quote exact in fetched document
record:EL:land_property:hosting,digitalstrategy-gov-gr:606d4f77cb,page text,Αναβάθμιση εξοπλισμού Κέντρου Δεδομένων (Data Center) και Εφεδρικού Κέντρου Δεδομένων (Disaster recovery center) Κτηματολογίου για λειτουργία σε εικονικό περιβάλλον (virtualization) [English: Upgrade of the equipment of the Cadastre Data Center and Disaster Recovery Center for operation in a virtualised environment],Hellenic Cadastre operates its own Data Center and Disaster Recovery Center (upgrade planned),,official,2026-09-29,research.py: quote exact in fetched document
record:EL:land_property:legal_basis,lawspot-gr:8a3a719b8b,page text,"Σκοπός του Φορέα είναι η διασφάλιση της αξιοπιστίας, δημοσιότητας και διαθεσιμότητας των χωρικών και νομικών δεδομένων που αφορούν την ακίνητη ιδιοκτησία [English: The purpose of the Agency is to ensure the reliability, publicity and availability of the spatial and legal data relating to real property]","Law 4512/2018, Art. 1: purpose is the reliability, publicity and availability of spatial and legal data on real property",,official,2026-09-29,research.py: quote exact in fetched document
record:EL:land_property:operator,lawspot-gr:8a3a719b8b,page text,"Συστήνεται νομικό πρόσωπο δημοσίου δικαίου (Ν.Π.Δ.Δ.) με την επωνυμία «Ελληνικό Κτηματολόγιο εφεξής «Φορέας»), με έδρα την Αθήνα, το οποίο εποπτεύεται από τον Υπουργό Περιβάλλοντος και Ενέργειας. [English: A legal entity of public law is established under the name ""Hellenic Cadastre"" (hereinafter ""Agency""), seated in Athens, supervised by the Minister of Environment and Energy.]","Hellenic Cadastre (Ελληνικό Κτηματολόγιο), public-law entity supervised by the Minister of Environment and Energy",,official,2026-09-29,research.py: quote exact in fetched document
record:EL:land_property:register,digitalstrategy-gov-gr:1f8f81fe96,page text,Αντικείμενο του έργου αποτελεί η ψηφιοποίηση των αρχείων του συστήματος Μεταγραφών και Υποθηκών καθενός από τα συμμετέχοντα στο έργο Υποθηκοφυλακεία και η εισαγωγή τους στο Σύστημα Πληροφορικής του Εθνικού Κτηματολογίου (ΣΠΕΚ). [English: The project concerns digitising the archives of the Transcriptions and Mortgages system of each participating Mortgage Registry and entering them into the National Cadastre Information System (SPEK).],"Cadastre Information System (ΣΠΕΚ), into which legacy mortgage-registry archives are being digitised",,official,2026-09-29,research.py: quote exact in fetched document
record:EL:national_archives:register,digitalstrategy-gov-gr:92788b9899,page text,Το έργο αφορά την ψηφιοποίηση όλων των φυσικών αρχείων των Γενικών Αρχείων του Κράτους και τη μετάπτωση αυτών των δεδομένων από τα σχετικά πληροφοριακά συστήματα. [English: The project concerns digitising all physical archives of the General State Archives and migrating these data from the related information systems.],Digitisation of all physical holdings of the General State Archives (ΓΑΚ) and migration of data from related information systems,,official,2026-09-29,research.py: quote exact in fetched document
record:EL:official_gazette:operator,et-gr:2cc09c28d9,page text,Το Εθνικό Τυπογραφείο αποτελεί δημόσια υπηρεσία που υπάγεται στην Προεδρία της Κυβέρνησης. [English: The National Printing Office is a public service under the Presidency of the Government.],"National Printing Office (Εθνικό Τυπογραφείο), a public service under the Presidency of the Government, publishes the Government Gazette (ΦΕΚ) in print and electronically",,official,2026-09-29,research.py: quote exact in fetched document
record:EL:official_gazette:register,et-gr:2cc09c28d9,page text,"η έντυπη και ηλεκτρονική έκδοση, εκτύπωση, διαχείριση και κυκλοφορία της Εφημερίδας της Κυβερνήσεως και την εξασφάλιση της πρόσβασης των πολιτών στα κείμενα που δημοσιεύονται σε αυτήν [English: the printed and electronic publication, printing, management and circulation of the Government Gazette and ensuring citizens' access to the texts published in it]","Government Gazette (Εφημερίδα της Κυβερνήσεως, ΦΕΚ): printed and electronic edition and citizens' access to published texts",,official,2026-09-29,research.py: quote exact in fetched document
record:EL:police_records:foreign_dependency,lawspot-gr:4163cea54e,page text,Η Διεύθυνση Πληροφορικής είναι αρμόδια για το σχεδιασμό μηχανογραφημένων πληροφοριακών συστημάτων και τη δημιουργία και υποστήριξη της κατάλληλης τεχνικής και λειτουργικής υποδομής και των αναγκαίων εφαρμογών πληροφορικής [English: The IT Directorate is competent for designing computerised information systems and for creating and supporting the appropriate technical and operational infrastructure and the necessary IT applications],national,,official,2026-09-29,research.py: quote exact in fetched document
record:EL:police_records:hosting,lawspot-gr:4163cea54e,page text,Η Διεύθυνση Πληροφορικής είναι αρμόδια για το σχεδιασμό μηχανογραφημένων πληροφοριακών συστημάτων και τη δημιουργία και υποστήριξη της κατάλληλης τεχνικής και λειτουργικής υποδομής και των αναγκαίων εφαρμογών πληροφορικής [English: The IT Directorate is competent for designing computerised information systems and for creating and supporting the appropriate technical and operational infrastructure and the necessary IT applications],The Hellenic Police IT Directorate designs the computerised information systems and creates and supports their technical infrastructure,,official,2026-09-29,research.py: quote exact in fetched document
record:EL:police_records:register,lawspot-gr:4163cea54e,page text,τη λήψη όλων των αναγκαίων μέτρων προστασίας και ασφάλειας των αρχείων και των βάσεων δεδομένων του κεντρικού συστήματος πληροφορικής της Ελληνικής Αστυνομίας [English: taking all necessary protection and security measures for the files and databases of the central information system of the Hellenic Police],"Central information system of the Hellenic Police with its files and databases, protected by the Police IT Directorate",,official,2026-09-29,research.py: quote exact in fetched document
record:EL:public_finance:hosting,digitalstrategy-gov-gr:b056ac01d9,page text,"Συμπλήρωση των υποδομών και αδειοδότηση των δύο επιπέδων πέραν της βάσης δεδομένων, των εφαρμογών και της παρουσίασης για όλα τα υφιστάμενα και νέα έργα που θα φιλοξενηθούν στο data center και στο disaster site του Υπ.Οικ. και της ΑΑΔΕ. [English: Completion of infrastructure and licensing of the two tiers beyond the database, applications and presentation for all existing and new projects to be hosted in the data centre and disaster site of the Ministry of Finance and AADE.]",G-Cloud project plans infrastructure for systems hosted in the data centre and disaster site of the Ministry of Finance and AADE,,official,2026-09-29,research.py: quote exact in fetched document
record:EL:public_finance:register,digitalstrategy-gov-gr:3ba8a7e8a6,page text,Το πληροφοριακό σύστημα της Κεντρικής Διοίκησης αποτελεί τη μετεξέλιξη του Ολοκληρωμένου Πληροφοριακού Συστήματος Δημοσιονομικής Πολιτικής (ΟΠΣΔΠ) [English: The information system of the Central Administration is the evolution of the Integrated Information System for Fiscal Policy (OPSDP)],"Integrated Information System for Fiscal Policy (ΟΠΣΔΠ), to evolve into a central Government ERP",,official,2026-09-29,research.py: quote exact in fetched document
record:EL:public_health_surveillance:operator,lawspot-gr:7b5731cf47,page text,"Συστήνεται Νομικό Πρόσωπο Ιδιωτικού Δικαίου με την επωνυμία «Εθνικός Οργανισμός Δημόσιας Υγείας» (ΕΟΔΥ), το οποίο υπάγεται στην εποπτεία του Υπουργού Υγείας. [English: A legal entity of private law is established named ""National Public Health Organization"" (EODY), supervised by the Minister of Health.]","National Public Health Organization (ΕΟΔΥ), private-law entity supervised by the Minister of Health (Law 4633/2019)",,official,2026-09-29,research.py: quote exact in fetched document
record:EL:public_health_surveillance:register,lawspot-gr:7b5731cf47,page text,"Οι βασικές λειτουργίες του ΕΟΔΥ περιλαμβάνουν δραστηριότητες, όπως η επιδημιολογική επιτήρηση, η εκτίμηση κινδύνου, η παροχή γνωμοδοτήσεων σε επιστημονικά θέματα [English: The core functions of EODY include activities such as epidemiological surveillance, risk assessment, provision of opinions on scientific matters]",EODY core functions include epidemiological surveillance and provision of epidemiological data,,official,2026-09-29,research.py: quote exact in fetched document
record:EL:residence_permits:count,migration-gov-gr:6e0a2d0f6e,PDF text,"(Ενεργές ΑΔΕΤ) ΣΥΝΟΛΟ Αύγουστος 2026 274.705 41.788 591.461 99.966 1.007.920 [English: (Active refugee residence permits) TOTAL August 2026 274,705 41,788 591,461 99,966 1,007,920]","1,007,920 residence documents in force in August 2026 (EU citizens/ethnic Greeks 274,705; temporary protection 41,788; third-country nationals 591,461; recognised refugees 99,966)",,official,2026-09-29,research.py: quote exact in fetched document
record:EL:residence_permits:hosting,digitalstrategy-gov-gr:0848382631,page text,"έχει προγραμματιστεί η συγκέντρωση όλης της υφιστάμενης υποδομής στη νέα έδρα του Υπουργείου Μετανάστευσης & Ασύλου, στο Κτήριο Κεράνη μέσω της δημιουργία κέντρου δεδομένων υψηλής διαθεσιμότητας επιπέδου 4-Tier [English: the concentration of all existing infrastructure at the new seat of the Ministry of Migration & Asylum, in the Kerani Building, has been planned through the creation of a Tier-4 high-availability data centre]",Migration and asylum data centres (holding biometric data) are in ministry/agency premises; consolidation into a Tier-4 data centre at the Ministry of Migration's Kerani building was planned,,official,2026-09-29,research.py: quote exact in fetched document
record:EL:residence_permits:register,migration-gov-gr:cc30b66f53,page text,τον σχεδιασμό και την κεντρική λειτουργία των Πληροφοριακών Συστημάτων Μετανάστευσης και του Μητρώου Αλλοδαπών σε συνεργασία με τη Γενική Διεύθυνση Πληροφορικής και Επικοινωνιών [English: the design and central operation of the Migration Information Systems and of the Register of Aliens in cooperation with the General Directorate of Informatics and Communications],"Migration Information Systems and the Register of Aliens (Μητρώο Αλλοδαπών), centrally operated by the Ministry of Migration and Asylum",,official,2026-09-29,research.py: quote exact in fetched document
record:EL:tax:foreign_dependency,lawspot-gr:6f278cfeee,page text,"φιλοξενούνται, φυλάσσονται, εγκαθίστανται και λειτουργούν σε υπολογιστικές υποδομές της Γενικής Γραμματείας Πληροφοριακών Συστημάτων και Διοικητικής Υποστήριξης (Γ.Γ.Π.Σ. και Δ.Υ.) του Υπουργείου Οικονομικών [English: are hosted, safeguarded, installed and operated on computing infrastructure of the General Secretariat for Information Systems and Administrative Support of the Ministry of Finance]",national,,official,2026-09-29,research.py: quote exact in fetched document
record:EL:tax:hosting,lawspot-gr:6f278cfeee,page text,"φιλοξενούνται, φυλάσσονται, εγκαθίστανται και λειτουργούν σε υπολογιστικές υποδομές της Γενικής Γραμματείας Πληροφοριακών Συστημάτων και Διοικητικής Υποστήριξης (Γ.Γ.Π.Σ. και Δ.Υ.) του Υπουργείου Οικονομικών [English: are hosted, safeguarded, installed and operated on computing infrastructure of the General Secretariat for Information Systems and Administrative Support of the Ministry of Finance]","Law 4389/2016 Art. 37 (as reproduced, last amended 2018): AADE data and code are hosted and operated on infrastructure of the Ministry of Finance General Secretariat for Information Systems",,official,2026-09-29,research.py: quote exact in fetched document
record:EL:tax:operator,lawspot-gr:6f278cfeee,page text,Συνιστάται Ανεξάρτητη Διοικητική Αρχή χωρίς νομική προσωπικότητα με την επωνυμία Ανεξάρτητη Αρχή Δημοσίων Εσόδων (Α.Α.Δ.Ε.) [English: An Independent Administrative Authority without legal personality is established under the name Independent Authority for Public Revenue (AADE)],"Independent Authority for Public Revenue (ΑΑΔΕ), established by Law 4389/2016 to assess and collect tax, customs and other public revenue",,official,2026-09-29,research.py: quote exact in fetched document
record:EL:tax:register,digitalstrategy-gov-gr:cc1089fa13,page text,"στην ενοποίηση των βάσεων δεδομένων, καθώς και στον ανασχεδιασμό του περιβάλλοντος και των διαδικασιών TAXIS - TAXISnet - Elenxis. [English: the unification of the databases, as well as the redesign of the environment and processes of TAXIS - TAXISnet - Elenxis.]",Integrated Tax Information System of AADE: TAXIS - TAXISnet - Elenxis,,official,2026-09-29,research.py: quote exact in fetched document
record:EL:trust_services_pki:legal_basis,lawspot-gr:e2d26f87c4,page text,Η Αρχή Πιστοποίησης του Ελληνικού Δημοσίου (Α.Π.Ε.Δ.) αποτελεί τον πάροχο υπηρεσιών εμπιστοσύνης του Ελληνικού Δημοσίου. [English: The Certification Authority of the Greek Public Sector (APED) is the trust service provider of the Greek State.],"Law 4727/2020, Art. 58: the Hellenic Public Administration Certification Authority (ΑΠΕΔ) is the trust service provider of the Greek State",,official,2026-09-29,research.py: quote exact in fetched document
record:EL:trust_services_pki:register,lawspot-gr:e2d26f87c4,page text,Είναι αρμόδια για την έκδοση και διαχείριση πιστοποιητικών για την παροχή υπηρεσιών εμπιστοσύνης σε όλους τους φορείς του δημόσιου τομέα. [English: It is competent for issuing and managing certificates for the provision of trust services to all public-sector bodies.],ΑΠΕΔ issues and manages certificates for trust services to all public-sector bodies,,official,2026-09-29,research.py: quote exact in fetched document
record:EL:vehicle_licensing:register,wallet-gov-gr:861fec6bc2,page text,"Το φυσικό πρόσωπο-κάτοχος κάνοντας χρήση της εφαρμογής δίνει την εξουσιοδότηση του ώστε να έχει η εφαρμογή πρόσβαση στα ως άνω δημόσια έγγραφα μέσα από τα αντίστοιχα μητρώα από τα οποία αντλούνται [English: By using the application, the holder authorises it to access the above public documents through the respective registers from which they are drawn]",Driving licences and police ID cards are drawn into the Gov.gr Wallet from the respective registers in which they are held,,official,2026-09-29,research.py: quote exact in fetched document
record:ES:beneficial_ownership:legal_basis,boe-es:66991ad2c6,page text,"mediante real decreto se creará en el Ministerio de Justicia el Registro de Titularidades Reales, registro central y único en todo el territorio nacional [English: a Beneficial Ownership Register shall be created by royal decree in the Ministry of Justice, a central and single register for the whole national territory]",Ley 10/2010 DA 3ª (quoted in RD 609/2023): the register is created in the Ministry of Justice as a single national register,,official,2026-09-29,research.py: quote exact in fetched document
record:ES:beneficial_ownership:register,boe-es:66991ad2c6,page text,"regular la obtención de información sobre la titularidad real, directa o indirecta, de las entidades jurídicas creando el Registro Central de Titularidades Reales, un registro que centralizará la información de titularidad real [English: to regulate obtaining information on the direct or indirect beneficial ownership of legal entities by creating the Central Register of Beneficial Ownership, which will centralise beneficial-ownership information]","RD 609/2023 creates the Central Register of Beneficial Ownership, centralising beneficial-ownership information",,official,2026-09-29,research.py: quote exact in fetched document
record:ES:breeder_documents:legal_basis,boe-es:1242dc1af6,page text,"Los Encargados del Registro Civil comprobarán de oficio la realidad y legalidad de los hechos y actos cuya inscripción se pretende, según resulte de los documentos que los acrediten y certifiquen [English: Civil Registry officers shall verify ex officio the reality and legality of the facts and acts to be registered, as shown by the documents that prove and certify them]",Art. 13 Ley 20/2011: inscriptions are checked against the documents that prove the facts,,official,2026-09-29,research.py: quote exact in fetched document
record:ES:breeder_documents:register,boe-es:1242dc1af6,page text,El Ministerio de Justicia adoptará las disposiciones necesarias para la progresiva incorporación de los datos digitalizados que consten en la base de datos del Registro Civil a registros individuales. [English: The Ministry of Justice shall adopt the necessary provisions for the progressive incorporation of the digitised data in the Civil Registry database into individual records.],Digitised data in the Civil Registry database are being migrated into individual records by the Ministry of Justice,,official,2026-09-29,research.py: quote exact in fetched document
record:ES:civil_registry:legal_basis,boe-es:1242dc1af6,page text,"Los datos serán objeto de tratamiento automatizado y se integrarán en una base de datos única cuya estructura, organización y funcionamiento es competencia del Ministerio de Justicia [English: The data will be processed automatically and integrated into a single database whose structure, organisation and operation are the competence of the Ministry of Justice]",Ley 20/2011 del Registro Civil: data held in a single automated database whose structure and operation is the competence of the Ministry of Justice,,official,2026-09-29,research.py: quote exact in fetched document
record:ES:civil_registry:operator,boe-es:1242dc1af6,page text,ejercerá sus cometidos bajo la dependencia funcional de la Dirección General de Seguridad Jurídica y Fe Pública [English: shall perform their duties under the functional authority of the Directorate-General for Legal Certainty and Public Faith],Registry officers work under the functional authority of the Dirección General de Seguridad Jurídica y Fe Pública (Ministry of Justice),,official,2026-09-29,research.py: quote exact in fetched document
record:ES:civil_registry:register,boe-es:1242dc1af6,page text,El Registro Civil es único para toda España. 2. El Registro Civil es electrónico. [English: The Civil Registry is single for all of Spain. 2. The Civil Registry is electronic.],"Registro Civil (Civil Registry): a single, electronic register for all of Spain",,official,2026-09-29,research.py: quote exact in fetched document
record:ES:emergency_communications:operator,boe-es:2dd2eff833,page text,"La prestación del servicio de atención de llamadas de urgencia 112 se llevará a cabo por las Comunidades Autónomas que establecerán los correspondientes centros de recepción de llamadas de urgencia [English: The 112 emergency call service shall be provided by the Autonomous Communities, which shall set up the corresponding emergency call reception centres]",The 112 emergency call service is provided by the Autonomous Communities through their own call centres,,official,2026-09-29,research.py: quote exact in fetched document
record:ES:emergency_communications:register,boe-es:e34810d9a5,page text,los correspondientes al Sistema Schengen y al Sistema de Radiocomunicaciones Digitales de Emergencia del Estado (SIRDEE) [English: those of the Schengen System and of the State Digital Emergency Radiocommunications System (SIRDEE)],"SIRDEE, the State digital emergency radio system, is coordinated by the Secretariat of State for Security",,official,2026-09-29,research.py: quote exact in fetched document
record:ES:fingerprint_biometric:legal_basis,boe-es:1f4d088076,page text,Se tomarán las impresiones dactilares de los dedos índices de ambas manos a la persona interesada. [English: The fingerprints of the index fingers of both hands shall be taken from the applicant.],RD 255/2025: index-finger prints of both hands are taken from DNI applicants,,official,2026-09-29,research.py: quote exact in fetched document
record:ES:fingerprint_biometric:operator,boe-es:1f4d088076,page text,"Dicha competencia será ejercida por la Dirección General de la Policía, gestionando la custodia y responsabilidad de la actividad del tratamiento de los datos personales [English: That competence shall be exercised by the Directorate-General of the Police, managing custody of and responsibility for the processing of personal data]",Dirección General de la Policía has custody of the DNI personal-data processing,,official,2026-09-29,research.py: quote exact in fetched document
record:ES:fingerprint_biometric:register,boe-es:1f4d088076,page text,"aquellas personas de nacionalidad española de las que no se tengan registros biométricos asociados a su identidad o si fuera necesario durante el periodo de implantación del nuevo modelo de Registro [English: those persons of Spanish nationality for whom no biometric records associated with their identity are held, or if necessary during the implementation period of the new Registry model]",The decree refers to biometric records (registros biométricos) associated with the identity of Spanish nationals,,official,2026-09-29,research.py: quote exact in fetched document
record:ES:geospatial:operator,boe-es:4c363a0682,page text,"estableciendo la obligación de constituir su Geoportal, y los cometidos de la Dirección General del Instituto Geográfico Nacional en relación con ella. [English: establishing the obligation to set up its Geoportal, and the duties of the Directorate-General of the National Geographic Institute in relation to it.]",Ley 14/2010 assigns the IGN duties for the AGE geographic information infrastructure and its Geoportal,,official,2026-09-29,research.py: quote exact in fetched document
record:ES:geospatial:register,boe-es:4c363a0682,page text,"integra la Información Geográfica de Referencia la parcela catastral, así como los bienes inmuebles inscritos en el Catastro con sus correspondientes referencias catastrales [English: the cadastral parcel and the real estate registered in the Cadastre with their cadastral references form part of the Reference Geographic Information]",Reference geographic information includes cadastral parcels and registered real estate,,official,2026-09-29,research.py: quote exact in fetched document
record:ES:government_payroll:legal_basis,boe-es:d89fdafcaa,page text,Deberá justificarse la previa comunicación al Registro Central de Personal de los actos o resoluciones que comporten efectos económicos en nómina [English: Prior notification to the Central Personnel Register must be shown for acts or decisions that have payroll effects],Acts with payroll effects must first be notified to the Central Personnel Register,,official,2026-09-29,research.py: quote exact in fetched document
record:ES:government_payroll:register,boe-es:d89fdafcaa,page text,El Registro Central de Personal es el registro administrativo de la Administración General del Estado en el que se inscribe el personal a que se refiere el artículo 5 del presente Reglamento [English: The Central Personnel Register is the administrative register of the General State Administration in which the staff referred to in article 5 of this Regulation are registered],The Central Personnel Register is the AGE register of its staff and of acts affecting their careers,,official,2026-09-29,research.py: quote exact in fetched document
record:ES:health_insurance:operator,boe-es:24f4fc4900,page text,la ley encomienda al Ministerio de Sanidad y Consumo la generación de un código de identificación personal único para el Sistema Nacional de Salud [English: the law entrusts the Ministry of Health and Consumer Affairs with generating a unique personal identification code for the National Health System],The law assigns the Ministry of Health to generate the unique SNS personal ID code,,official,2026-09-29,research.py: quote exact in fetched document
record:ES:health_insurance:register,boe-es:24f4fc4900,page text,"es necesario regular el funcionamiento de la base de datos de población protegida del Sistema Nacional de Salud, que tiene como objetivo fundamental la generación de este código de identificación personal [English: it is necessary to regulate the operation of the National Health System protected-population database, whose main purpose is to generate this personal identification code]",The SNS protected-population database generates a unique personal health ID code,,official,2026-09-29,research.py: quote exact in fetched document
record:ES:judicial_criminal:operator,boe-es:9982c3b5a8,page text,"establecer una serie de disposiciones generales sobre el objeto y naturaleza del Sistema de registros, destacando su carácter no público y su dependencia del Ministerio de Justicia. [English: to lay down general provisions on the purpose and nature of the Registry System, highlighting its non-public character and its dependence on the Ministry of Justice.]",The registry system is non-public and depends on the Ministry of Justice,,official,2026-09-29,research.py: quote exact in fetched document
record:ES:judicial_criminal:register,boe-es:9982c3b5a8,page text,"Dicho Sistema de Registros estará integrado por el Registro Central de Penados, el Registro Central para la Protección de las Víctimas de la Violencia Doméstica y de Género [English: That Registry System shall comprise the Central Register of Convicted Persons and the Central Register for the Protection of Victims of Domestic and Gender Violence]","The system comprises the Central Register of Convicted Persons, the Central Register for Protection of Victims of Domestic and Gender Violence, and others",,official,2026-09-29,research.py: quote exact in fetched document
record:ES:official_gazette:legal_basis,boe-es:18a4ff3b36,page text,"diario oficial del Estado español, es el medio de publicación de las leyes, disposiciones y actos de inserción obligatoria. [English: official gazette of the Spanish State, is the medium for publishing laws, provisions and acts that must be published.]",RD 181/2008 art. 1: the BOE is Spain's official gazette for laws and mandatory acts,,official,2026-09-29,research.py: quote exact in fetched document
record:ES:official_gazette:operator,boe-es:18a4ff3b36,page text,"Corresponde a la Agencia Estatal Boletín Oficial del Estado la edición, publicación y difusión del diario oficial [English: The State Agency Official State Gazette is responsible for editing, publishing and distributing the official gazette]","The Agencia Estatal BOE edits, publishes and distributes the official gazette",,official,2026-09-29,research.py: quote exact in fetched document
record:ES:official_gazette:register,boe-es:18a4ff3b36,page text,se publica en edición electrónica con arreglo a las condiciones que se establecen en este real decreto [English: is published in electronic edition under the conditions established in this royal decree],The BOE is published in an electronic edition,,official,2026-09-29,research.py: quote exact in fetched document
record:ES:residence_permits:legal_basis,boe-es:cd0b5c3530,page text,"Ley Orgánica 4/2000, de 11 de enero, sobre derechos y libertades de los extranjeros en España y su integración social. [English: Organic Law 4/2000 of 11 January on the rights and freedoms of foreigners in Spain and their social integration.]",Ley Orgánica 4/2000 on the rights and freedoms of foreigners in Spain,,official,2026-09-29,research.py: quote exact in fetched document
record:ES:residence_permits:register,boe-es:8707a4fde0,page text,"Existirá, en la Dirección General de la Policía, un Registro Central de Extranjeros en el que se anotarán: a) Entradas. b) Documentos de viaje. [English: There shall be, within the Directorate-General of the Police, a Central Register of Foreign Nationals recording: a) Entries. b) Travel documents.]","RD 1155/2024 art. 212: a Central Register of Foreign Nationals exists within the DGP, recording entries, travel documents, stays and authorisations",,official,2026-09-29,research.py: quote exact in fetched document
record:ES:statistics_microdata:legal_basis,boe-es:4524b1da96,page text,"Serán objeto de protección y quedarán amparados por el secreto estadístico los datos confidenciales que obtengan los servicios estadísticos, tanto directamente de los informantes como a través de otras fuentes. [English: Confidential data obtained by the statistical services, whether directly from respondents or through other sources, shall be protected by statistical secrecy.]",Ley 12/1989 art. 13: confidential data obtained by statistical services are protected by statistical secrecy,,official,2026-09-29,research.py: quote exact in fetched document
record:ES:statistics_microdata:operator,boe-es:4524b1da96,page text,"El Instituto Nacional de Estadística es un organismo autónomo, con personalidad jurídica y patrimonio propio [English: The National Statistics Institute is an autonomous body with its own legal personality and assets]",INE is an autonomous body with its own legal personality,,official,2026-09-29,research.py: quote exact in fetched document
record:ES:statistics_microdata:register,boe-es:ebc6183af4,page text,Los Ayuntamientos remitirán al Instituto Nacional de Estadística los datos de sus respectivos Padrones [English: Municipalities shall send the data of their respective Padrones to the National Statistics Institute],Municipalities send their Padrón data to the INE for national coordination,,official,2026-09-29,research.py: quote exact in fetched document
record:ES:tax:legal_basis,boe-es:8d388b64fd,page text,"La Agencia Estatal de Administración Tributaria es la organización administrativa responsable, en nombre y por cuenta del Estado, de la aplicación efectiva del sistema tributario estatal y del aduanero [English: The State Tax Administration Agency is the administrative organisation responsible, in the name and on behalf of the State, for the effective application of the state tax and customs systems]","Ley 31/1990 art. 103 creates the AEAT, which applies the state tax and customs systems",,official,2026-09-29,research.py: quote exact in fetched document
record:ES:tax:operator,boe-es:f7248f5be0,page text,El Departamento de Informática Tributaria estará integrado por las siguientes Subdirecciones Generales: Subdirección General de Planificación y Coordinación Informática. Subdirección General de Explotación. [English: The Tax IT Department shall comprise the following Sub-Directorates-General: IT Planning and Coordination; Operations.],AEAT's Departamento de Informática Tributaria includes sub-directorates for IT planning and for operations (Explotación),,official,2026-09-29,research.py: quote exact in fetched document
record:ES:tax:register,boe-es:d6a2c49c95,page text,"La expedición y, en su caso, revocación del número de identificación fiscal, en los términos establecidos en la normativa específica. l) La elaboración y mantenimiento de los censos tributarios. [English: Issuing and, where applicable, revoking the tax identification number under the specific rules. l) Compiling and maintaining the tax censuses.]",Ley General Tributaria: tax functions include issuing tax ID numbers and maintaining the tax censuses,,official,2026-09-29,research.py: quote exact in fetched document
record:ES:vehicle_licensing:legal_basis,boe-es:389d7ca27c,page text,"Los registros de vehículos, de conductores e infractores, de profesionales de la enseñanza de la conducción, de centros de formación de conductores [English: The registers of vehicles, of drivers and offenders, of driving-instruction professionals, of driver training centres]","RDL 6/2015 art. 5: Interior's traffic competences include the vehicle, driver and offender registers",,official,2026-09-29,research.py: quote exact in fetched document
record:ES:vehicle_licensing:operator,boe-es:389d7ca27c,page text,permita la identificación en el Registro de Conductores e Infractores del organismo autónomo Jefatura Central de Tráfico [English: allowing identification in the Driver and Offender Register of the autonomous body Central Traffic Headquarters],The Driver and Offender Register is kept by the Jefatura Central de Tráfico,,official,2026-09-29,research.py: quote exact in fetched document
record:ES:vehicle_licensing:register,boe-es:389d7ca27c,page text,El titular del vehículo puede comunicar al Registro de Vehículos del organismo autónomo Jefatura Central de Tráfico la identidad del conductor habitual del mismo. [English: The vehicle owner may notify the Vehicle Register of the Central Traffic Headquarters of the identity of the vehicle's usual driver.],Vehicle Register of the Jefatura Central de Tráfico,,official,2026-09-29,research.py: quote exact in fetched document
record:FR:authentication_audit_log:legal_basis,franceconnect-gouv-fr:111e26048b,page text,Le Traitement de vos Données personnelles que Nous réalisons est encadré par l'arrêté du 8 novembre 2018 [English: The processing of your personal data that we carry out is governed by the order of 8 November 2018],Arrêté of 8 November 2018,,official,2026-09-29,research.py: quote exact in fetched document
record:FR:authentication_audit_log:register,franceconnect-gouv-fr:111e26048b,page text,Gestion de la traçabilité de vos accès au Téléservice et des modalités de ces accès [English: Management of the traceability of your access to the teleservice and of the modalities of that access],FranceConnect keeps traceability records of access to the teleservice,,official,2026-09-29,research.py: quote exact in fetched document
record:FR:beneficial_ownership:legal_basis,inpi-fr:9f5cff9f53,page text,L’article L. 561-47-1 du code monétaire et financier impose aux personnes assujetties [English: Article L. 561-47-1 of the Monetary and Financial Code requires obliged entities],"Code monétaire et financier (art. L. 561-46 ff., incl. L. 561-47-1)",,official,2026-09-29,research.py: quote exact in fetched document
record:FR:beneficial_ownership:register,inpi-fr:9f5cff9f53,page text,de porter à la connaissance du greffe les divergences constatées entre les bénéficiaires effectifs qu’elles identifient du fait de leur connaissance client et les bénéficiaires effectifs mentionnés dans le registre des bénéficiaires effectifs. [English: to notify the court registry of discrepancies between the beneficial owners they identify through customer due diligence and those recorded in the register of beneficial owners.],Register of beneficial owners; discrepancies are reported to the court registry (greffe),,official,2026-09-29,research.py: quote exact in fetched document
record:FR:benefits_pensions:count,lassuranceretraite-fr:93e54c372e,PDF text,"L’Assurance retraite verse une retraite à 15,3 millions de personnes dans plus de 150 pays [English: The Assurance retraite pays a pension to 15.3 million people in more than 150 countries]",15.3 million pensioners paid by the general scheme,,official,2026-09-29,research.py: quote exact in fetched document
record:FR:benefits_pensions:operator,lassuranceretraite-fr:93e54c372e,PDF text,"du système national de gestion des identifiants (SNGI), pour l’ensemble de la sphère sociale [English: of the national identifier management system (SNGI), for the entire social sphere]",CNAV also runs the SNGI identifier system for the whole social-security sphere,,official,2026-09-29,research.py: quote exact in fetched document
record:FR:benefits_pensions:register,lassuranceretraite-fr:93e54c372e,PDF text,"Les pouvoirs publics ont confié à la Caisse nationale de l’Assurance retraite la réalisation du RGCU, référentiel unique contenant le détail des carrières de l’ensemble de la population française [English: The public authorities entrusted the National Pension Insurance Fund with building the RGCU, the single reference base containing the career details of the entire French population]","RGCU is the single career register of the whole population, built by CNAV",,official,2026-09-29,research.py: quote exact in fetched document
record:FR:breeder_documents:count,diplomatie-gouv-fr:172574ba13,page text,Il conserve quelques 16 millions d’actes provenant de trois sources principales [English: It holds some 16 million acts from three main sources],About 16 million civil-status acts,,official,2026-09-29,research.py: quote exact in fetched document
record:FR:breeder_documents:legal_basis,senat-fr:71b0ce69ee,page text,"cette ordonnance crée un nouveau système de traitement automatisé de données à caractère personnel, le registre d'état civil électronique (RECE) [English: this ordinance creates a new automated personal-data processing system, the electronic civil-status register (RECE)]",An ordinance created the electronic civil-status register (RECE),,official,2026-09-29,research.py: quote exact in fetched document
record:FR:breeder_documents:operator,diplomatie-gouv-fr:172574ba13,page text,le SCEC constitue un service à compétence nationale du ministère des affaires étrangères [English: the SCEC is a service with national competence of the Ministry of Foreign Affairs],SCEC is a national-competence service of the Ministry of Foreign Affairs,,official,2026-09-29,research.py: quote exact in fetched document
record:FR:breeder_documents:register,diplomatie-gouv-fr:172574ba13,page text,"il établit les actes des personnes qui acquièrent la nationalité française, de plein droit [English: it draws up the acts of persons who acquire French nationality, by right]",SCEC draws up the civil-status acts of persons who acquire French nationality,,official,2026-09-29,research.py: quote exact in fetched document
record:FR:business_registry:legal_basis,inpi-fr:cc9a8dfd69,page text,"Dans le cadre de la loi Pacte, le Registre national des entreprises s’est substitué aux registres d’entreprises qui existaient auparavant [English: Under the PACTE law, the national business register replaced the business registers that previously existed]",Loi PACTE,,official,2026-09-29,research.py: quote exact in fetched document
record:FR:business_registry:operator,inpi-fr:cc9a8dfd69,page text,"Ce registre opéré par l’INPI est entièrement dématérialisé et consultable gratuitement. [English: This register, operated by INPI, is fully digital and free to consult.]",RNE is operated by INPI,,official,2026-09-29,research.py: quote exact in fetched document
record:FR:business_registry:register,inpi-fr:cc9a8dfd69,page text,"Tous ces registres ont été fusionnés en un registre unique, contenant l’intégralité des entreprises présentes en France [English: All these registers were merged into a single register containing all businesses present in France]",Single register covering all businesses in France,,official,2026-09-29,research.py: quote exact in fetched document
record:FR:civil_registry:count,insee-fr:22fc1d92d0,page text,Le répertoire national d’identification des personnes physiques comprend l’état civil de 113 millions de personnes nées ou ayant vécu en France. [English: The national register of natural persons contains the civil status of 113 million people born in or having lived in France.],Civil status of 113 million people born in or having lived in France,,official,2026-09-29,research.py: quote exact in fetched document
record:FR:civil_registry:legal_basis,insee-fr:22fc1d92d0,page text,"Les variables du RNIPP, définies par le décret n° 82-103 du 22 janvier 1982, sont moins d’une dizaine. [English: The RNIPP's variables, defined by decree no. 82-103 of 22 January 1982, number fewer than ten.]",Décret n° 82-103 of 22 January 1982,,official,2026-09-29,research.py: quote exact in fetched document
record:FR:civil_registry:operator,insee-fr:22fc1d92d0,page text,"Depuis sa création, l’Insee est responsable de la gestion du RNIPP. [English: Since its creation, Insee has been responsible for managing the RNIPP.]",Insee has managed the RNIPP since its creation,,official,2026-09-29,research.py: quote exact in fetched document
record:FR:civil_registry:register,cnil-fr:13b6265293,page text,Le RNIPP est un instrument de vérification de l’état civil des personnes nées en France. [English: The RNIPP is an instrument for verifying the civil status of persons born in France.],"RNIPP, the register used to verify the civil status of people born in France",,official,2026-09-29,research.py: quote exact in fetched document
record:FR:crisis_management:legal_basis,senat-fr:b055a2b31f,page text,Ce projet a également vocation à mettre la France en conformité avec la directive européenne du 11 décembre 2018 [English: This project also aims to bring France into compliance with the European directive of 11 December 2018],EU directive of 11 December 2018 (European Electronic Communications Code),,official,2026-09-29,research.py: quote exact in fetched document
record:FR:crisis_management:register,senat-fr:b055a2b31f,page text,"Le système FR-Alert, dont la création a été annoncée par le ministre de l'intérieur en septembre 2020, vise à doter les services intervenant dans le champ de la sécurité publique et de la sécurité civile d'un système de diffusion d'alerte via la téléphonie mobile. [English: The FR-Alert system, announced by the Minister of the Interior in September 2020, aims to give public-safety and civil-protection services a system for broadcasting alerts via mobile telephony.]","FR-Alert, the public warning system over mobile telephony",,official,2026-09-29,research.py: quote exact in fetched document
record:FR:customs:register,douane-gouv-fr:f0db6457bb,page text,les opérateurs peuvent obtenir communication par la douane des données personnelles les concernant contenues dans les déclarations en douane déposées dans le service en ligne DELTA. [English: operators can obtain from customs the personal data about them contained in the customs declarations lodged in the DELTA online service.],Customs declarations are lodged in the DELTA online service,,official,2026-09-29,research.py: quote exact in fetched document
record:FR:defence_command:foreign_dependency,senat-fr:90ecc3ebf9,page text,"en novembre 2017 la DGA a notifié l'initiative Artemis à la société Atos-Bull, à la société Capgemini et au groupement Thalès-Sopra-Stéria. [English: in November 2017 the DGA awarded the Artemis initiative to Atos-Bull, Capgemini and the Thales-Sopra Steria consortium.]",national,,official,2026-09-29,research.py: quote exact in fetched document
record:FR:defence_command:register,senat-fr:90ecc3ebf9,page text,Artemis a vocation à faire émerger des applications utilisant l'intelligence artificielle pour le traitement massif des données [English: Artemis is intended to produce applications using artificial intelligence for massive data processing],Artemis: AI applications for massive processing of military data,,official,2026-09-29,research.py: quote exact in fetched document
record:FR:emergency_communications:operator,senat-fr:b055a2b31f,page text,"Sa conception, son déploiement et sa maintenance sont assurés par l'agence du numérique de la sécurité civile [English: Its design, deployment and maintenance are carried out by the civil security digital agency]","ANSC designs, deploys and maintains NexSIS",,official,2026-09-29,research.py: quote exact in fetched document
record:FR:emergency_communications:register,senat-fr:b055a2b31f,page text,Le programme NexSIS est un projet de mutualisation des systèmes d'information des services d'incendie et de secours (SIS). [English: The NexSIS programme is a project pooling the information systems of the fire and rescue services (SIS).],NexSIS pools the information systems of fire and rescue services,,official,2026-09-29,research.py: quote exact in fetched document
record:FR:facial_biometric:legal_basis,cnil-fr:8829657a16,page text,Décret n° 2016-1460 du 28 octobre 2016 autorisant la création d'un traitement de données à caractère personnel relatif aux passeports et aux cartes nationales d'identité [English: Decree no. 2016-1460 of 28 October 2016 authorising the creation of a personal-data processing relating to passports and national identity cards],Décret n° 2016-1460 of 28 October 2016,,official,2026-09-29,research.py: quote exact in fetched document
record:FR:facial_biometric:operator,cnil-fr:8829657a16,page text,Le ministère de l’Intérieur est responsable du fichier [English: The Ministry of the Interior is responsible for the file],Ministry of the Interior is the controller of TES,,official,2026-09-29,research.py: quote exact in fetched document
record:FR:facial_biometric:register,cnil-fr:8829657a16,page text,"Le fichier TES permet le regroupement, dans une base de données centralisée, de l’image numérisée du visage et des empreintes digitales (de chacun des index, sinon d’autres doigts) de l’ensemble des demandeurs de carte nationale d’identité et de passeport. [English: The TES file brings together, in a centralised database, the digitised image of the face and the fingerprints (of each index finger, otherwise other fingers) of all applicants for a national identity card and passport.]",TES centralises the digitised facial image and fingerprints of every ID-card and passport applicant,,official,2026-09-29,research.py: quote exact in fetched document
record:FR:fingerprint_biometric:legal_basis,cnil-fr:8829657a16,page text,Ce fichier a été créé en 2016 par un décret qui a fait l’objet d’un avis de la CNIL. [English: This file was created in 2016 by a decree on which the CNIL gave an opinion.],Created in 2016 by decree (Décret n° 2016-1460),,official,2026-09-29,research.py: quote exact in fetched document
record:FR:fingerprint_biometric:operator,cnil-fr:8829657a16,page text,Le ministère de l’Intérieur est responsable du fichier [English: The Ministry of the Interior is responsible for the file],Ministry of the Interior,,official,2026-09-29,research.py: quote exact in fetched document
record:FR:fingerprint_biometric:register,cnil-fr:8829657a16,page text,"Le fichier des titres électroniques sécurisés contient des données personnelles, notamment les empreintes digitales, pour la création et la gestion des cartes nationales d’identité et des passeports des Français. [English: The secure electronic documents file contains personal data, notably fingerprints, for the creation and management of French national identity cards and passports.]",TES holds fingerprints for issuing national ID cards and passports,,official,2026-09-29,research.py: quote exact in fetched document
record:FR:firearms_register:operator,sia-detenteurs-interieur-gouv-fr:078a70772b,page text,"Ministère De l'intérieur Système d'Information sur les Armes Espace Détenteurs [English: Ministry of the Interior, Firearms Information System, Holders' Area]",Ministry of the Interior,,official,2026-09-29,research.py: quote exact in fetched document
record:FR:firearms_register:register,sia-detenteurs-interieur-gouv-fr:078a70772b,page text,Bienvenue sur l'espace Détenteurs du système d'information sur les armes. [English: Welcome to the holders' area of the firearms information system.],"SIA, the national firearms information system",,official,2026-09-29,research.py: quote exact in fetched document
record:FR:geospatial:count,adresse-data-gouv-fr:d21907c545,page text,"Chiffres clés 250 000 lieux-dits (beta) 25 millions d’adresses [English: Key figures: 250,000 localities (beta), 25 million addresses]","25 million addresses, 250,000 localities (beta)",,official,2026-09-29,research.py: quote exact in fetched document
record:FR:geospatial:operator,adresse-data-gouv-fr:d21907c545,page text,L'exploitation et la diffusion de la BAN sont pilotées par l'Institut National de l'Information Géographique et forestière [English: The operation and distribution of the BAN are managed by the National Institute of Geographic and Forest Information],IGN runs operation and distribution of the BAN,,official,2026-09-29,research.py: quote exact in fetched document
record:FR:geospatial:register,adresse-data-gouv-fr:d21907c545,page text,est une base de données d'état répertoriant l'ensemble des adresses du territoire français. [English: is a State database listing all addresses in French territory.],BAN is a State database listing all addresses in France,,official,2026-09-29,research.py: quote exact in fetched document
record:FR:government_payroll:operator,senat-fr:43de393295,page text,Évolution des coûts et des délais des principaux projets informatiques portés par les programmes 156 et 218 [English: Change in costs and timelines of the main IT projects carried by programmes 156 and 218],Listed among IT projects carried by budget programmes 156 and 218,,official,2026-09-29,research.py: quote exact in fetched document
record:FR:government_payroll:register,senat-fr:43de393295,page text,PAYSAGE : consolidation de l'application de paye des agents de l'État. [English: PAYSAGE: consolidation of the payroll application for State employees.],PAYSAGE consolidates the payroll application for State employees,,official,2026-09-29,research.py: quote exact in fetched document
record:FR:health_insurance:register,lassuranceretraite-fr:93e54c372e,PDF text,"de l’Outil de calcul des droits aux soins de santé (ODSS), pour le compte de la Cnam [English: of the healthcare entitlement calculation tool (ODSS), on behalf of Cnam]",CNAV runs the healthcare entitlement calculation tool (ODSS) on behalf of Cnam,,official,2026-09-29,research.py: quote exact in fetched document
record:FR:health_records:register,senat-fr:6a9492ce94,page text,"les infrastructures numériques de l'État (dossier médical partagé, espace numérique de santé...) [English: the State's digital infrastructures (shared medical record, digital health space...)]",DMP and the digital health space are State digital infrastructures,,official,2026-09-29,research.py: quote exact in fetched document
record:FR:intelligence:register,senat-fr:90ecc3ebf9,page text,La DRSD a signé un marché pour son système d'information SIRCID avec Airbus Defence & Space [English: The DRSD signed a contract for its SIRCID information system with Airbus Defence & Space],DRSD SIRCID information system contracted to Airbus Defence & Space,,official,2026-09-29,research.py: quote exact in fetched document
record:FR:issuance_history:legal_basis,cnil-fr:8829657a16,page text,Décret n° 2016-1460 du 28 octobre 2016 autorisant la création d'un traitement de données à caractère personnel relatif aux passeports et aux cartes nationales d'identité [English: Decree no. 2016-1460 of 28 October 2016 authorising the creation of a personal-data processing relating to passports and national identity cards],Décret n° 2016-1460 of 28 October 2016,,official,2026-09-29,research.py: quote exact in fetched document
record:FR:issuance_history:operator,cnil-fr:8829657a16,page text,Le ministère de l’Intérieur est responsable du fichier [English: The Ministry of the Interior is responsible for the file],Ministry of the Interior,,official,2026-09-29,research.py: quote exact in fetched document
record:FR:issuance_history:register,cnil-fr:8829657a16,page text,"Il contient également d’autres informations relatives à la carte d’identité ou au passeport, comme le numéro du titre, son type, ainsi que sa date et son lieu de délivrance. [English: It also contains other information on the identity card or passport, such as the document number, its type, and its date and place of issue.]","TES records document number, type, and date and place of issue for each ID card and passport",,official,2026-09-29,research.py: quote exact in fetched document
record:FR:judicial_criminal:register,senat-fr:543e1de98c,page text,ASTREA : système d'information du casier judiciaire national. ECRIS-TCN : interconnexion des casiers judiciaires européens [English: ASTREA: information system of the national criminal record. ECRIS-TCN: interconnection of European criminal records],ASTREA is the information system of the national criminal record,,official,2026-09-29,research.py: quote exact in fetched document
record:FR:official_gazette:legal_basis,dila-premier-ministre-gouv-fr:6edc4778ef,page text,Conformément aux lois n° 2015-1712 et 2015-1713 portant dématérialisation du Journal officiel [English: Under laws no. 2015-1712 and 2015-1713 on the dematerialisation of the Official Journal],Lois n° 2015-1712 and 2015-1713 (electronic publication of the Journal officiel),,official,2026-09-29,research.py: quote exact in fetched document
record:FR:official_gazette:operator,dila-premier-ministre-gouv-fr:6edc4778ef,page text,La DILA (direction de l’information légale et administrative) publie le Journal officiel de la République française (JORF). [English: DILA (Directorate of Legal and Administrative Information) publishes the Official Journal of the French Republic (JORF).],DILA publishes the JORF,,official,2026-09-29,research.py: quote exact in fetched document
record:FR:official_gazette:register,dila-premier-ministre-gouv-fr:6edc4778ef,page text,"portant dématérialisation du Journal officiel de la République française, le Journal officiel est mis à la disposition du public sous forme électronique de manière permanente et gratuite. [English: on the dematerialisation of the Official Journal of the French Republic, the Official Journal is made available to the public in electronic form, permanently and free of charge.]","The JO is made available electronically, permanently and free of charge",,official,2026-09-29,research.py: quote exact in fetched document
record:FR:police_records:count,cnil-fr:8d42381e5c,page text,"En 2022, le TAJ contenait : 17 millions de fiches [English: In 2022, the TAJ contained: 17 million records]","17 million 'persons implicated' records (2022), plus 48 million victim records",,official,2026-09-29,research.py: quote exact in fetched document
record:FR:police_records:legal_basis,cnil-fr:8d42381e5c,page text,"Code de procédure pénale, articles 230-6 à 230-11 et articles R. 40.23 à R. 40-34 [English: Code of Criminal Procedure, articles 230-6 to 230-11 and articles R. 40-23 to R. 40-34]",Code de procédure pénale arts. 230-6 to 230-11 and R. 40-23 to R. 40-34,,official,2026-09-29,research.py: quote exact in fetched document
record:FR:police_records:operator,cnil-fr:79a710ac29,page text,"La direction centrale de la police judiciaire du ministère de l’Intérieur, sous le contrôle d’un magistrat de l’ordre judiciaire. [English: The central directorate of the judicial police of the Ministry of the Interior, under the supervision of a judicial magistrate.]",FAED is run by the Direction centrale de la police judiciaire,,official,2026-09-29,research.py: quote exact in fetched document
record:FR:police_records:register,cnil-fr:8d42381e5c,page text,"Le TAJ est un fichier du ministère de l’Intérieur, partagé entre la police et la gendarmerie nationale, permettant d’enregistrer et de consulter les antécédents judiciaires des individus. [English: The TAJ is a Ministry of the Interior file, shared between the police and the national gendarmerie, used to record and consult individuals' criminal histories.]",TAJ is a Ministry of the Interior file shared by police and gendarmerie,,official,2026-09-29,research.py: quote exact in fetched document
record:FR:public_health_surveillance:legal_basis,santepubliquefrance-fr:46901a3ac1,page text,Article L. 3113-1 du code de la santé publique (loi pris après avis de la cnil). [English: Article L. 3113-1 of the Public Health Code (law adopted after the CNIL's opinion).],Article L. 3113-1 Code de la santé publique,,official,2026-09-29,research.py: quote exact in fetched document
record:FR:public_health_surveillance:operator,santepubliquefrance-fr:897fe55d60,page text,aux personnels compétents des Agences régionales de santé (ARS) et/ou aux épidémiologistes de Santé publique France. [English: to the competent staff of the Regional Health Agencies (ARS) and/or to Santé publique France epidemiologists.],Data go to the ARS and to Santé publique France epidemiologists,,official,2026-09-29,research.py: quote exact in fetched document
record:FR:public_health_surveillance:register,santepubliquefrance-fr:897fe55d60,page text,"Le dispositif des maladies à signalement obligatoire (MSO – anciennement dites à déclaration obligatoire) concerne 38 maladies [English: The system of notifiable diseases (MSO, formerly called mandatory declaration diseases) covers 38 diseases]",The notifiable-diseases system covers 38 diseases,,official,2026-09-29,research.py: quote exact in fetched document
record:FR:residence_permits:legal_basis,cnil-fr:5b60e55826,page text,Article L. 142-1 du Code de l’entrée et du séjour des étrangers et du droit d’asile ou CESEDA (texte encadrant le fichier) [English: Article L. 142-1 of the Code on the Entry and Residence of Foreigners and the Right of Asylum (CESEDA) (text governing the file)],Article L. 142-1 CESEDA,,official,2026-09-29,research.py: quote exact in fetched document
record:FR:residence_permits:operator,cnil-fr:5b60e55826,page text,du ministère de l’Intérieur est responsable de ce fichier [English: of the Ministry of the Interior is responsible for this file],DGEF of the Ministry of the Interior is responsible,,official,2026-09-29,research.py: quote exact in fetched document
record:FR:residence_permits:register,cnil-fr:5b60e55826,page text,AGDREF sert à mieux garantir le droit au séjour des personnes en situation régulière et à lutter contre l'entrée et le séjour irréguliers des étrangers en France. [English: AGDREF serves to better guarantee the right of residence of people in a regular situation and to combat irregular entry and residence of foreigners in France.],AGDREF manages the right of residence of foreign nationals,,official,2026-09-29,research.py: quote exact in fetched document
record:FR:statistics_microdata:foreign_dependency,casd-eu:2715ac7107,page text,le CASD a conçu un équipement sécurisé dédié qui répond à 3 grands principes [English: CASD designed dedicated secure equipment meeting three main principles],national,,official,2026-09-29,research.py: quote exact in fetched document
record:FR:statistics_microdata:hosting,casd-eu:2715ac7107,page text,le CASD a conçu un équipement sécurisé dédié qui répond à 3 grands principes [English: CASD designed dedicated secure equipment meeting three main principles],CASD designed its own dedicated secure equipment,,official,2026-09-29,research.py: quote exact in fetched document
record:FR:statistics_microdata:operator,casd-eu:198be8cb4a,page text,"Le CASD est un groupement d’intérêt public rassemblant l’État représenté par INSEE, le GENES, le CNRS, l’École polytechnique, HEC Paris et la Banque de France [English: CASD is a public-interest group bringing together the State represented by INSEE, GENES, CNRS, École polytechnique, HEC Paris and the Banque de France]",CASD is a GIP whose members include the State represented by Insee,,official,2026-09-29,research.py: quote exact in fetched document
record:FR:statistics_microdata:register,casd-eu:198be8cb4a,page text,Le GIP a pour objet principal d’organiser et de mettre en œuvre des services d’accès sécurisé pour les données confidentielles [English: The GIP's main purpose is to organise and operate secure access services for confidential data],Secure access services for confidential data,,official,2026-09-29,research.py: quote exact in fetched document
record:FR:trust_services_pki:register,crl-justice-gouv-fr:0e1f52349c,PDF text,a vocation à être signée par l’infrastructure de gestion de la confiance de l’administration [English: is intended to be signed by the administration's trust management infrastructure],"The Justice ministry root CA is to be signed by IGC/A, the administration's trust infrastructure",,official,2026-09-29,research.py: quote exact in fetched document
record:FR:vehicle_licensing:legal_basis,cnil-fr:69b254a03d,page text,énumérées aux articles L.330-2 à L.330-4 du code de la route [English: listed in articles L.330-2 to L.330-4 of the Highway Code],"Code de la route, articles L.330-2 to L.330-4 (communication of SIV data)",,official,2026-09-29,research.py: quote exact in fetched document
record:FR:vehicle_licensing:operator,cnil-fr:69b254a03d,page text,Il est géré par France Titres - Agence nationale des titres sécurisés (ANTS) [English: It is managed by France Titres – National Agency for Secure Documents (ANTS)],Managed by France Titres (ANTS),,official,2026-09-29,research.py: quote exact in fetched document
record:FR:vehicle_licensing:register,cnil-fr:69b254a03d,page text,"Mis en place en avril 2009 pour remplacer le Fichier national des immatriculations (FNI), le SIV a pour objet la gestion des pièces administratives exigées pour la circulation des véhicules ou affectant leur disponibilité. [English: Introduced in April 2009 to replace the national registration file (FNI), the SIV manages the administrative documents required for vehicles to be driven or affecting their availability.]","SIV, in place since April 2009, replaced the FNI",,official,2026-09-29,research.py: quote exact in fetched document
record:HR:authentication_audit_log:register,nias-gov-hr:4ed5216d7b,page text,"Usluga Moj Profil Korisniku omogućava administraciju korisničkog računa u okviru sustava NIAS, dostup svim e-uslugama na Sustavu, upravljanje vlastitim prečicama prema dostupnim e-uslugama, pregled povijesti korištenja vjerodajnice unutar zadnjih 60 dana [English: The My Profile service lets the User administer the NIAS account, access all e-services, manage shortcuts and view the credential-usage history for the last 60 days]","NIAS records credential-usage history, visible to the user for the last 60 days",,official,2026-09-29,research.py: quote exact in fetched document
record:HR:beneficial_ownership:legal_basis,fina-hr:a18536a788,page text,"Zakon o sprječavanju pranja novca i financiranja terorizma, NN 108/17 [English: Anti-Money Laundering and Terrorist Financing Act, Official Gazette 108/17]",Zakon o sprječavanju pranja novca i financiranja terorizma (NN 108/17 and amendments),,official,2026-09-29,research.py: quote exact in fetched document
record:HR:beneficial_ownership:operator,fina-hr:a3c12cf10f,page text,"Operativno ga vodi Fina u ime Ureda za sprječavanja pranja novca, Ministarstva financija. [English: It is operationally run by Fina on behalf of the Anti-Money Laundering Office of the Ministry of Finance.]","Operationally run by Fina on behalf of the Anti-Money Laundering Office, Ministry of Finance",,official,2026-09-29,research.py: quote exact in fetched document
record:HR:beneficial_ownership:register,fina-hr:a3c12cf10f,page text,Registar stvarnih vlasnika je središnja elektronička baza podataka o stvarnim vlasnicima pravnih subjekata i trustova osnovanih na području Republike Hrvatske. [English: The Register of Beneficial Owners is the central electronic database of beneficial owners of legal entities and trusts established in Croatia.],Central electronic database of beneficial owners of legal entities and trusts,,official,2026-09-29,research.py: quote exact in fetched document
record:HR:border_control:legal_basis,zakon-hr:8bbb4f4295,page text,od državljana trećih zemalja ili osoba bez državljanstva koji podnose zahtjev za izdavanje vize [English: from third-country nationals or stateless persons applying for a visa],Biometric data of visa applicants are among the regulated biometric collections,,official,2026-09-29,research.py: quote exact in fetched document
record:HR:border_control:register,zakon-hr:f4bed7f372,page text,"u Ministarstvu je uspostavljen Nacionalni informacijski sustav za upravljanje državnom granicom, koji je sastavni dio Informacijskog sustava Ministarstva. [English: the National information system for state border management has been established in the Ministry and is an integral part of the Ministry's Information System.]","National information system for state border management, part of the MUP information system",,official,2026-09-29,research.py: quote exact in fetched document
record:HR:breeder_documents:hosting,narodne-novine-nn-hr:73362f4348,page text,Za spise državnih matica vodi se posebna evidencija u informacijskom sustavu elektroničkog uredskog poslovanja. [English: A separate record of civil-register files is kept in the electronic office-management information system.],Civil-register files are tracked in the electronic office-management information system,,official,2026-09-29,research.py: quote exact in fetched document
record:HR:breeder_documents:legal_basis,narodne-novine-nn-hr:73362f4348,page text,"Obavijesti o činjenicama koje se u državne matice upisuju kao temeljni odnosno naknadni upisi, primjedbe i bilješke dostavljene u elektroničkom obliku čuvaju se trajno u elektroničkom obliku. [English: Notifications of facts entered in the civil registers as primary or subsequent entries, remarks and notes delivered electronically are kept permanently in electronic form.]",Electronic notifications of registrable facts are kept permanently in electronic form,,official,2026-09-29,research.py: quote exact in fetched document
record:HR:breeder_documents:operator,zakon-hr:0f6fea538a,page text,"Državne matice u kojima je zadnji upis stariji od 100 godina, čuva Hrvatski državni arhiv. [English: State civil registers whose last entry is more than 100 years old are kept by the Croatian State Archives.]",Registers whose last entry is more than 100 years old are kept by the Croatian State Archives,,official,2026-09-29,research.py: quote exact in fetched document
record:HR:breeder_documents:register,narodne-novine-nn-hr:73362f4348,page text,Spisi (predmeti) koji se odnose na upis u državne matice su spisi trajne vrijednosti i čuvaju se sukladno propisima kojima se uređuje upravljanje dokumentarnim i arhivskim gradivom. [English: Files relating to entries in the state civil registers are of permanent value and are kept under the rules on managing documentary and archival material.],Files underlying civil-register entries are of permanent value,,official,2026-09-29,research.py: quote exact in fetched document
record:HR:business_registry:operator,zakon-hr:85fba9c324,page text,Registar vode trgovački sudovi (u daljnjem tekstu: registarski sudovi). Registar se čuva trajno. [English: The register is kept by the commercial courts (register courts). The register is kept permanently.],The register is kept by the commercial courts and preserved permanently,,official,2026-09-29,research.py: quote exact in fetched document
record:HR:business_registry:register,zakon-hr:85fba9c324,page text,Glavne knjige se povezuju u jedinstvenu bazu podataka za Republiku Hrvatsku. [English: The main books are linked into a single database for the Republic of Croatia.],Main books are linked into a single database for Croatia,,official,2026-09-29,research.py: quote exact in fetched document
record:HR:central_bank:foreign_dependency,hnb-hr:96c8b3481f,page text,"is a system with the Single Shared Platform (SSP), jointly operated by Deutsche Bundesbank, Banca d’Italia, Banque de France and Banco de España (4CB) on behalf of the Eurosystem.",eu_provider,,official,2026-09-29,research.py: quote exact in fetched document
record:HR:central_bank:legal_basis,narodne-novine-nn-hr:bf509fa293,page text,HSVP i NKS prestaju s radom na kraju obračunskog dana 30. prosinca 2022. [English: HSVP and NKS cease operating at the end of the settlement day of 30 December 2022.],HNB decision closing the national HSVP and NKS systems at end of 30 December 2022,,official,2026-09-29,research.py: quote exact in fetched document
record:HR:central_bank:register,hnb-hr:fae2aa7296,page text,"Payment operations in the Republic of Croatia are carried out through the TARGET-HR, EuroNCS and EuroNCSInst systems.","Payments in Croatia run through TARGET-HR, EuroNCS and EuroNCSInst",,official,2026-09-29,research.py: quote exact in fetched document
record:HR:civil_registry:legal_basis,zakon-hr:0f6fea538a,page text,Državne matice vode se u elektroničkom obliku. Na obradu podataka primjenjuju se propisi kojima se uređuje zaštita osobnih podataka i informacijska sigurnost. [English: State civil registers are kept in electronic form. Data processing is subject to the rules on personal data protection and information security.],Zakon o državnim maticama (Act on State Civil Registers): the registers are kept in electronic form,,official,2026-09-29,research.py: quote exact in fetched document
record:HR:civil_registry:operator,zakon-hr:0f6fea538a,page text,Tijelo državne uprave nadležno za poslove opće uprave utvrđuje i vodi jedinstveni informacijski sustav državnih matica te se brine za njegovo održavanje i nadogradnju. [English: The state administration body responsible for general administration establishes and runs the single information system of state civil registers and ensures its maintenance and upgrading.],The state administration body for general administration sets up and runs the single information system for the civil registers,,official,2026-09-29,research.py: quote exact in fetched document
record:HR:civil_registry:register,zakon-hr:0f6fea538a,page text,"O osobnim stanjima građana vode se državne matice: matica rođenih, matica vjenčanih i matica umrlih. [English: State civil registers are kept on citizens' personal status: the register of births, the register of marriages and the register of deaths.]","State civil registers (Državne matice): registers of births, marriages and deaths",,official,2026-09-29,research.py: quote exact in fetched document
record:HR:crisis_management:legal_basis,zakon-hr:01c594d95d,page text,uspostavlja i upravlja jedinstvenim sustavom uzbunjivanja u Republici Hrvatskoj i provodi uzbunjivanje i obavješćivanje stanovništva [English: establishes and manages the single alerting system in the Republic of Croatia and carries out alerting and informing of the population],Zakon o sustavu civilne zaštite: the Ministry establishes and manages the single national alerting system,,official,2026-09-29,research.py: quote exact in fetched document
record:HR:crisis_management:register,civilna-zastita-gov-hr:4bf6bee9fd,page text,"Operativni centar civilne zaštite ustrojen na nacionalnoj razini i putem centara 112 prati događaje iz djelokruga civilne zaštite na području Republike Hrvatske. [English: The Operational Centre of Civil Protection, organised at national level, monitors civil-protection events across Croatia through the 112 centres.]",National Operational Centre of Civil Protection monitors events through the 112 centres,,official,2026-09-29,research.py: quote exact in fetched document
record:HR:education:legal_basis,zakon-hr:91d0a5bf58,page text,"U Ministarstvu se vodi zajednički upisnik školskih ustanova u elektronskom obliku (e-Matica) i sadrži sljedeće evidencije: [English: The Ministry keeps a joint electronic register of school institutions (e-Matica), containing the following records:]",Zakon o odgoju i obrazovanju u osnovnoj i srednjoj školi: the Ministry keeps the electronic joint register e-Matica,,official,2026-09-29,research.py: quote exact in fetched document
record:HR:education:operator,carnet-hr:2a13b5890a,page text,"e-Matica je usluga Ministarstva znanosti, obrazovanja i mladih, a CARNET je Centar potpore i pruža korisničku podršku za aplikaciju. [English: e-Matica is a service of the Ministry of Science, Education and Youth, and CARNET is the support centre providing user support for the application.]",e-Matica is a centralised MZOM system; CARNET is the support centre,,official,2026-09-29,research.py: quote exact in fetched document
record:HR:education:register,narodne-novine-nn-hr:fc8e579fe7,page text,"Središnju evidenciju svjedodžbi, diploma i dopunskih isprava o studiju (Digitalni registar diploma) vodi Ministarstvo. [English: The central record of certificates, diplomas and diploma supplements (Digital Register of Diplomas) is kept by the Ministry.]","Central register of higher-education certificates, diplomas and supplements (Digital Register of Diplomas)",,official,2026-09-29,research.py: quote exact in fetched document
record:HR:emergency_communications:legal_basis,civilna-zastita-gov-hr:4bf6bee9fd,page text,Sustav 112 izvršava zadaće iz djelokruga civilne zaštite Republike Hrvatske u skladu sa Zakonom o sustavu civilne zaštite i Uredbom o unutarnjem ustrojstvu Ministarstva unutarnjih poslova. [English: System 112 performs civil protection tasks in accordance with the Civil Protection System Act and the Regulation on the internal organisation of the Ministry of the Interior.],System 112 operates under the Civil Protection System Act and the MUP organisation regulation,,official,2026-09-29,research.py: quote exact in fetched document
record:HR:emergency_communications:register,civilna-zastita-gov-hr:4bf6bee9fd,page text,Sustav 112 čine međusobno komunikacijski i informacijski povezani centri 112 i Operativni centar civilne zaštite. [English: System 112 consists of communicatively and informationally interconnected 112 centres and the Operational Centre of Civil Protection.],System 112 consists of interconnected 112 centres and the Operational Centre of Civil Protection,,official,2026-09-29,research.py: quote exact in fetched document
record:HR:facial_biometric:legal_basis,narodne-novine-nn-hr:46e9937783,page text,"U osobnu iskaznicu u elektroničkom se obliku pohranjuju podaci iz članka 1. stavka 1. ovoga Zakona, prikaz lica nositelja osobne iskaznice i dva otiska prstiju u interoperabilnim digitalnim formatima [English: The data from Article 1(1), the facial image of the holder and two fingerprints in interoperable digital formats are stored electronically in the ID card.]",Zakon o izmjenama i dopunama Zakona o osobnoj iskaznici (NN 144/2020): facial image and two fingerprints stored on the ID card,,official,2026-09-29,research.py: quote exact in fetched document
record:HR:facial_biometric:operator,zakon-hr:8bbb4f4295,page text,"nadležna tijela ovlaštena za prikupljanje i obradu biometrijskih podataka te ustrojavanje odgovarajućih zbirki podataka iz članka 6. ovoga Zakona su ministarstva nadležna za unutarnje poslove, vanjske poslove, poslove pravosuđa [English: the competent bodies authorised to collect and process biometric data and to establish the collections under Article 6 are the ministries responsible for internal affairs, foreign affairs and justice]","Competent bodies for biometric collections are the ministries of the interior, foreign affairs and justice",,official,2026-09-29,research.py: quote exact in fetched document
record:HR:facial_biometric:register,narodne-novine-nn-hr:e0eb436c60,page text,za izradu vozačke dozvole koristi se fotografija koja je pohranjena u evidenciji osobnih iskaznica na informacijskom sustavu Ministarstva unutarnjih poslova prilikom izdavanja elektroničke osobne iskaznice. [English: the photograph stored in the ID card register on the Ministry of the Interior information system when the electronic ID card was issued is used to produce the driving licence.],Photograph stored in the ID-card register in the Ministry of the Interior information system (reused for driving licences),,official,2026-09-29,research.py: quote exact in fetched document
record:HR:fingerprint_biometric:legal_basis,narodne-novine-nn-hr:097b518ec9,page text,Prilikom podnošenja zahtjeva za izdavanje osobne iskaznice osoba je dužna dati otisak papilarnih linija lijevog i desnog kažiprsta. [English: When applying for an ID card a person must give the fingerprints of the left and right index fingers.],Zakon o osobnoj iskaznici (NN 62/2015): fingerprints of both index fingers are required at application,,official,2026-09-29,research.py: quote exact in fetched document
record:HR:fingerprint_biometric:register,narodne-novine-nn-hr:097b518ec9,page text,osoba ne mora dati otiske papilarnih linija ako su otisci već izuzeti i pohranjeni u elektroničkom obliku u nekom postupku izdavanja javne isprave koji se provodio u Ministarstvu. [English: a person need not give fingerprints if they have already been taken and stored in electronic form in a public-document issuance procedure conducted in the Ministry.],Fingerprints already taken and stored electronically in a ministry document-issuance procedure are reused (central retention),,official,2026-09-29,research.py: quote exact in fetched document
record:HR:geospatial:operator,zakon-hr:6d33676629,page text,Državna geodetska uprava nadležna je za uspostavu i vođenje registra prostornih jedinica. [English: The State Geodetic Administration is responsible for establishing and keeping the spatial units register.],DGU establishes and keeps the spatial units register,,official,2026-09-29,research.py: quote exact in fetched document
record:HR:geospatial:register,zakon-hr:6d33676629,page text,"Registar zgrada je evidencija o zgradama koju osniva, vodi i održava Državna geodetska uprava. [English: The building register is the record of buildings established, kept and maintained by the State Geodetic Administration.]","Building register established, kept and maintained by DGU",,official,2026-09-29,research.py: quote exact in fetched document
record:HR:government_payroll:legal_basis,narodne-novine-nn-hr:2d26cf1c14,page text,Registar zaposlenih u državnoj službi i javnim službama je središnja baza podataka o zaposlenicima i vanjskim suradnicima u državnoj službi i javnim službama [English: The Register of Employees in the civil service and public services is the central database of employees and external associates in the civil service and public services],Zakon o Registru zaposlenih i centraliziranom obračunu plaća (NN 59/2023): central database of public employees,,official,2026-09-29,research.py: quote exact in fetched document
record:HR:government_payroll:operator,narodne-novine-nn-hr:2d26cf1c14,page text,"izvršitelj obrade podataka je Financijska agencija koja provodi obradu podataka u ime tijela nadležnog za službeničke odnose [English: the data processor is the Financial Agency, which processes data on behalf of the body responsible for civil-service relations]",Fina processes the data on behalf of the civil-service body,,official,2026-09-29,research.py: quote exact in fetched document
record:HR:government_payroll:register,narodne-novine-nn-hr:2d26cf1c14,page text,Informacijski sustav Centraliziranog obračuna plaća u državnoj službi i javnim službama u vlasništvu je Republike Hrvatske. [English: The Centralised Payroll information system for the civil service and public services is owned by the Republic of Croatia.],The COP payroll information system is owned by the Republic of Croatia,,official,2026-09-29,research.py: quote exact in fetched document
record:HR:health_records:operator,zakon-hr:bf6df2b587,page text,upravljanje CEZIH-om radi uspostave i održavanja središnjeg dijela CEZIH-a [English: managing CEZIH to establish and maintain the central part of CEZIH],HZZO manages CEZIH and maintains its central part,,official,2026-09-29,research.py: quote exact in fetched document
record:HR:health_records:register,zakon-hr:bf6df2b587,page text,"Centralni zdravstveni informacijski sustav Republike Hrvatske (u daljnjem tekstu: CEZIH) je središnji sustav pohrane zdravstvenih podataka i informacija za njihovu standardiziranu obradu na primarnoj, sekundarnoj i tercijarnoj razini zdravstvene zaštite [English: CEZIH is the central system for storing health data and information for standardised processing at primary, secondary and tertiary levels of care]","CEZIH is the central store of health data for primary, secondary and tertiary care",,official,2026-09-29,research.py: quote exact in fetched document
record:HR:issuance_history:legal_basis,narodne-novine-nn-hr:097b518ec9,page text,"Nakon što se osobnoj iskaznici koja je prestala važiti zbog razloga iz stavka 1. ovoga članka evidentira status nevažeće osobne iskaznice u evidenciji osobnih iskaznica, automatski se pokreće zahtjev za opoziv certifikata. [English: Once an ID card that has ceased to be valid is recorded as invalid in the ID card register, a certificate revocation request is triggered automatically.]",Invalidation in the ID-card register automatically triggers certificate revocation,,official,2026-09-29,research.py: quote exact in fetched document
record:HR:issuance_history:register,narodne-novine-nn-hr:097b518ec9,page text,"u evidenciji osobnih iskaznica koja se vodi u informacijskom sustavu Ministarstva nestaloj osobnoj iskaznici evidentira status nevažeće osobne iskaznice. [English: in the ID card register kept in the Ministry's information system, a missing ID card is recorded with the status of invalid ID card.]","ID-card register kept in the Ministry of the Interior information system, recording invalid (lost) cards",,official,2026-09-29,research.py: quote exact in fetched document
record:HR:land_property:legal_basis,zakon-hr:8f97e69c61,page text,"Zemljišne knjige vode se elektronički, u Zajedničkom informacijskom sustavu zemljišnih knjiga i katastra (u daljnjem tekstu: ZIS). [English: Land registers are kept electronically in the Joint Information System of Land Registers and Cadastre (ZIS).]",Zakon o zemljišnim knjigama (NN 63/19): land registers are kept electronically in ZIS,,official,2026-09-29,research.py: quote exact in fetched document
record:HR:land_property:operator,dgu-gov-hr:17c9b87387,page text,ZIS zajednički koordiniraju Ministarstvo pravosuđa (MP) i Državna geodetska uprava (DGU). [English: ZIS is jointly coordinated by the Ministry of Justice and the State Geodetic Administration.],ZIS is jointly coordinated by the Ministry of Justice and the State Geodetic Administration,,official,2026-09-29,research.py: quote exact in fetched document
record:HR:land_property:register,zakon-hr:8f97e69c61,page text,"ZIS je informacijski sustav u kojem se pohranjuju, održavaju i vode svi podaci zemljišnih knjiga i katastra. [English: ZIS is the information system in which all land register and cadastre data are stored, maintained and kept.]",ZIS stores and maintains all land-register and cadastre data,,official,2026-09-29,research.py: quote exact in fetched document
record:HR:police_records:legal_basis,zakon-hr:04e71ec94f,page text,Osobni podaci pohranjeni u zbirke mogu se koristiti samo u svrhu zbog koje je zbirka ustrojena [English: Personal data stored in the collections may be used only for the purpose for which the collection was established],Zakon o policijskim poslovima i ovlastima: police keep data collections,,official,2026-09-29,research.py: quote exact in fetched document
record:HR:police_records:register,zakon-hr:04e71ec94f,page text,"informacijski sustav Ministarstva je Informacijski sustav Ministarstva unutarnjih poslova, [English: the Ministry's information system is the Information System of the Ministry of the Interior,]",The Ministry information system is the Information System of the Ministry of the Interior,,official,2026-09-29,research.py: quote exact in fetched document
record:HR:public_finance:legal_basis,zakon-hr:fd71c55b87,page text,Državni proračun ima jedinstveni račun državnog proračuna koji se otvara i vodi u Hrvatskoj narodnoj banci [English: The state budget has a single state budget account opened and kept at the Croatian National Bank],Zakon o proračunu: single state budget account opened and kept at the Croatian National Bank,,official,2026-09-29,research.py: quote exact in fetched document
record:HR:public_finance:register,mfin-gov-hr:bae053acc3,page text,"Sve financijske transakcije proračunskih korisnika obavljaju se preko sustava državne riznice, odnosno preko jedinstvenog računa riznice, koji se nalazi u depozitu Hrvatske narodne banke. [English: All financial transactions of budget users go through the State Treasury system, i.e. the single treasury account deposited with the Croatian National Bank.]",All budget-user transactions go through the State Treasury system and the single treasury account held at HNB,,official,2026-09-29,research.py: quote exact in fetched document
record:HR:public_health_surveillance:operator,zakon-hr:bf6df2b587,page text,"Nacionalni javnozdravstveni informacijski sustav vodi HZJZ i mogu mu pristupiti ministarstvo nadležno za zdravstvo, županijski zavodi za javno zdravstvo te druge ovlaštene pravne i fizičke osobe. [English: NAJS is run by HZJZ and may be accessed by the health ministry, county public-health institutes and other authorised persons.]",NAJS is run by HZJZ,,official,2026-09-29,research.py: quote exact in fetched document
record:HR:public_health_surveillance:register,zakon-hr:bf6df2b587,page text,Nacionalni javnozdravstveni informacijski sustav (u daljnjem tekstu: NAJS) je sustav pohrane zdravstvenih podataka i informacija za njihovu obradu i arhiviranje (zdravstvene evidencije i registri) radi ostvarenja javnozdravstvenih potreba [English: NAJS is the system storing health data and information for processing and archiving (health records and registers) for public-health purposes],NAJS stores health data and public-health records and registers,,official,2026-09-29,research.py: quote exact in fetched document
record:HR:residence_permits:legal_basis,zakon-hr:690977a22c,page text,"Radi učinkovite kontrole provođenja postupaka propisanih ovim Zakonom Ministarstvo vodi zbirke podataka u kojima se pohranjuju osobni podaci o: [English: For effective control of the procedures under this Act, the Ministry keeps data collections storing personal data on:]","Zakon o strancima (Aliens Act), Art. 243: the Ministry keeps data collections",,official,2026-09-29,research.py: quote exact in fetched document
record:HR:residence_permits:register,zakon-hr:690977a22c,page text,"državljanima trećih zemalja na kratkotrajnom, privremenom boravku, dugotrajnom boravku i stalnom boravku [English: third-country nationals on short-term, temporary, long-term and permanent stay]","Collection covers third-country nationals on short-term, temporary, long-term and permanent stay",,official,2026-09-29,research.py: quote exact in fetched document
record:HR:tax:foreign_dependency,znakovi-hgk-hr:6be8f98659,page text,"APIS IT razvija i održava neke od najkompleksnijih sustava državne uprave kao što su informacijski sustavi Porezne i Carinske uprave, sustav za provedbu izbora, Centar dijeljenih usluga [English: APIS IT develops and maintains some of the most complex state administration systems, such as the Tax and Customs Administration information systems, the election system and the Shared Services Centre]",national,,official,2026-09-29,research.py: quote exact in fetched document
record:HR:tax:hosting,znakovi-hgk-hr:6be8f98659,page text,"APIS IT razvija i održava neke od najkompleksnijih sustava državne uprave kao što su informacijski sustavi Porezne i Carinske uprave, sustav za provedbu izbora, Centar dijeljenih usluga [English: APIS IT develops and maintains some of the most complex state administration systems, such as the Tax and Customs Administration information systems, the election system and the Shared Services Centre]",State-owned APIS IT develops and maintains the Tax and Customs Administration information systems,,official,2026-09-29,research.py: quote exact in fetched document
record:HR:tax:legal_basis,zakon-hr:f04124ae0e,page text,"utvrđivanje osnovice poreza, doprinosa i drugih javnih davanja, utvrđivanje porezne obveze i obveze za uplatu doprinosa, evidentiranje poreznih obveza i obveza doprinosa u poreznim evidencijama [English: determining the base of taxes, contributions and other public levies, determining tax and contribution liabilities, and recording them in tax records]",Zakon o poreznoj upravi: recording tax and contribution liabilities in tax records,,official,2026-09-29,research.py: quote exact in fetched document
record:HR:tax:register,zakon-hr:f04124ae0e,page text,"razvoj, unaprjeđenje i korištenje informacijskog sustava Porezne uprave, sustava za međunarodnu razmjenu informacija i sustava za usluge poreznim obveznicima [English: development, improvement and use of the Tax Administration information system, the international information-exchange system and the taxpayer services system]",Information system of the Tax Administration,,official,2026-09-29,research.py: quote exact in fetched document
record:HR:trust_services_pki:foreign_dependency,eid-hr:b6872cee28,page text,"podređenog ovjerovitelja HRIDCA, koji izdaje certifikate fizičkim osobama za potrebe eOI. [English: the subordinate certification authority HRIDCA, which issues certificates to natural persons for the eOI.]",national,,official,2026-09-29,research.py: quote exact in fetched document
record:HR:trust_services_pki:hosting,eid-hr:b6872cee28,page text,"podređenog ovjerovitelja HRIDCA, koji izdaje certifikate fizičkim osobama za potrebe eOI. [English: the subordinate certification authority HRIDCA, which issues certificates to natural persons for the eOI.]","Subordinate CA HRIDCA, operated within AKD's own PKI, issues eOI certificates to natural persons",,official,2026-09-29,research.py: quote exact in fetched document
record:HR:trust_services_pki:legal_basis,narodne-novine-nn-hr:18a6d7828a,page text,je središnje tijelo državne uprave nadležno za poslove gospodarstva. [English: is the central state administration body responsible for the economy.],Act implementing eIDAS (NN 62/2017): the ministry responsible for the economy is competent for trust services,,official,2026-09-29,research.py: quote exact in fetched document
record:HR:trust_services_pki:operator,fina-hr:75a3b680b0,page text,Fina je prvi kvalificirani pružatelj usluga povjerenja i nositelj EU znaka pouzdanosti u Republici Hrvatskoj. [English: Fina is the first qualified trust service provider and holder of the EU trust mark in the Republic of Croatia.],Fina is a qualified trust service provider on the national trusted list,,official,2026-09-29,research.py: quote exact in fetched document
record:HR:trust_services_pki:register,eid-hr:b6872cee28,page text,"Certifikati koje izdaje AKD HRIDCA su identifikacijski i kvalificirani potpisni certifikati i izdaju se u skladu sa Zakonom o elektroničkom potpisu, Uredbom EU br. 910/2014 (eIDAs uredba) [English: Certificates issued by AKD HRIDCA are identification and qualified signature certificates issued under the Electronic Signature Act and Regulation (EU) 910/2014 (eIDAS)]",AKD HRIDCA issues identification and qualified signature certificates for the eOI card,,official,2026-09-29,research.py: quote exact in fetched document
record:HR:vehicle_licensing:register,narodne-novine-nn-hr:5927b0452f,page text,"Evidencija o registriranim vozilima vodi se na informacijskom sustavu ministarstva nadležnog za unutarnje poslove, a podatke u evidenciju unose stanice za tehničke preglede vozila i stručna organizacija prilikom registracije vozila [English: The register of registered vehicles is kept on the information system of the ministry responsible for internal affairs; data are entered by vehicle inspection stations and the professional organisation at registration]",Register of registered vehicles kept on the Ministry of the Interior information system,,official,2026-09-29,research.py: quote exact in fetched document
record:HU:authentication_audit_log:foreign_dependency,idomsoft-hu:d8503b33d7,page text,Leválunk a NISZ-ről Ezzel az IdomSoft közvetlen állami tulajdonba és közvetlenül a Digitális Magyarország Ügynökség irányítása alá kerül. [English: We separate from NISZ. With this IdomSoft comes into direct state ownership and directly under the control of the Digital Hungary Agency.],national,,official,2026-09-29,research.py: quote exact in fetched document
record:HU:authentication_audit_log:hosting,dap-gov-hu:867a743627,page text,melyek tartalmazzák a szolgáltatások által kezelt adatokat. A naplófájlokat adatkezelő privát felhőben (központi naplógyűjtőben) tárolja. [English: which contain the data processed by the services. The controller stores the log files in a private cloud (central log collector).],DÁP portal log files are stored by IdomSoft in a private cloud (central log collector),,official,2026-09-29,research.py: quote exact in fetched document
record:HU:authentication_audit_log:legal_basis,net-jogtar-hu:ab63d2dbb6,page text,A naplórendszerben a naplóbejegyzések megőrzési ideje annak keletkezésétől számított tíz év. [English: Log entries in the log system are retained for ten years from creation.],Dáptv. s.14/A: log entries retained for ten years,,official,2026-09-29,research.py: quote exact in fetched document
record:HU:authentication_audit_log:register,net-jogtar-hu:ab63d2dbb6,page text,a nyilvántartást vezető szerv automatizált adatkezelési rendszerben (a továbbiakban: naplórendszer) rögzíti a nyilvántartásban végzett adatkezelési művelettel összefüggő információkat. [English: the register keeping body records information on data processing operations in an automated data processing system (log system)],The register keeper records every data-processing operation in an automated log system (naplórendszer),,official,2026-09-29,research.py: quote exact in fetched document
record:HU:beneficial_ownership:legal_basis,net-jogtar-hu:846358f464,page text,"a tényleges tulajdonosi adatok, illetve a bankszámlák és széfszolgáltatások központi nyilvántartásának létrehozásával és működtetésével. [English: by establishing and operating the central register of beneficial ownership data and of bank accounts and safe deposit services]",Act XLIII of 2021 creates central registers of beneficial owners and bank accounts/safe deposits,,official,2026-09-29,research.py: quote exact in fetched document
record:HU:beneficial_ownership:register,net-jogtar-hu:846358f464,page text,A tényleges tulajdonosi nyilvántartás az adatszolgáltatók alábbi adatait tartalmazza: a) az adatszolgáltató nemzeti nyilvántartási száma; [English: The beneficial ownership register contains the following data of reporting entities: a) national registration number],The beneficial ownership register contains the data of reporting entities,,official,2026-09-29,research.py: quote exact in fetched document
record:HU:benefits_pensions:legal_basis,net-jogtar-hu:3828b5ee94,page text,"a nyugdíjfolyósító szervre, a központi nyugdíjbiztosítási szervre, valamint a nyugdíj-megállapítás során és az e törvény szerinti egyéb eljárásokban eljáró szervekre (a továbbiakban együtt: nyugdíjbiztosítási igazgatási szerv). [English: the pension disbursement body, the central pension insurance body and bodies acting in pension determination (together: pension insurance administration body)]",Act LXXXI of 1997 on social security pensions defines the pension insurance administration bodies,,official,2026-09-29,research.py: quote exact in fetched document
record:HU:benefits_pensions:operator,net-jogtar-hu:4d48f37eba,page text,"a Magyar Államkincstár (a továbbiakban: Kincstár) Nyugdíjfolyósító Igazgatóságot (a továbbiakban: Nyugdíjfolyósító Igazgatóság), [English: the Hungarian State Treasury (Treasury) Pension Disbursement Directorate]",Government designates the Hungarian State Treasury Pension Disbursement Directorate as a pension insurance administration body,,official,2026-09-29,research.py: quote exact in fetched document
record:HU:benefits_pensions:register,net-jogtar-hu:3828b5ee94,page text,a nyugdíjbiztosítási igazgatási szerv és az egészségbiztosítási szerv (a továbbiakban: társadalombiztosítási igazgatási szervek) nyilvántartásaiból megállapíthatók [English: can be established from the records of the pension insurance administration and the health insurance body (social insurance administration bodies)],Insurance periods are established from the records of the pension and health insurance administration bodies,,official,2026-09-29,research.py: quote exact in fetched document
record:HU:border_control:hosting,net-jogtar-hu:f6c69d9751,page text,"a Kormány rendeletében kijelölt, a kötelezően biztosítandó központosított alkalmazásüzemeltetési és e rendszert érintő alkalmazásfejlesztési szolgáltatásokat nyújtó központi szolgáltatót vesz igénybe. [English: uses the central provider designated by Government decree for mandatory centralised application operation and development services]",NS.CP operation uses a central application-operation provider designated by Government decree,,official,2026-09-29,research.py: quote exact in fetched document
record:HU:border_control:operator,net-jogtar-hu:f6c69d9751,page text,"Az N.SIS Hivatal a) felelős a nemzeti másolat adatbázisában szereplő adatok kezeléséért, [English: The N.SIS Office a) is responsible for handling data in the national copy database]",N.SIS Office is responsible for data in the national copy,,official,2026-09-29,research.py: quote exact in fetched document
record:HU:border_control:register,net-jogtar-hu:f6c69d9751,page text,a SIS-adatbázis teljes másolatából álló adatállomány (a továbbiakban: nemzeti másolat) és e) a nemzeti infokommunikációs gerinchálózat; [English: the data set consisting of a full copy of the SIS database (national copy) and e) the national infocommunication backbone],"N.SIS comprises the full national copy of SIS and the national backbone, among other parts",,official,2026-09-29,research.py: quote exact in fetched document
record:HU:breeder_documents:foreign_dependency,net-jogtar-hu:da87d12fce,page text,A nyilvántartó szerv az anyakönyvi ügyekért felelős miniszter és az e-közigazgatásért felelős miniszter jóváhagyásával államigazgatási szerv vagy kizárólagos állami tulajdonú gazdálkodó szervezet adatfeldolgozót bízhat meg [English: With ministerial approval the registering body may engage a state administrative body or wholly state-owned business entity as data processor],national,,official,2026-09-29,research.py: quote exact in fetched document
record:HU:breeder_documents:hosting,net-jogtar-hu:da87d12fce,page text,A nyilvántartó szerv az anyakönyvi ügyekért felelős miniszter és az e-közigazgatásért felelős miniszter jóváhagyásával államigazgatási szerv vagy kizárólagos állami tulajdonú gazdálkodó szervezet adatfeldolgozót bízhat meg [English: With ministerial approval the registering body may engage a state administrative body or wholly state-owned business entity as data processor],The civil register keeping body may only use a state body or wholly state-owned company as data processor unless an exemption is authorised,,official,2026-09-29,research.py: quote exact in fetched document
record:HU:breeder_documents:operator,net-jogtar-hu:5fe9b432c7,page text,"3. az anyakönyvi eljárásról szóló 2010. évi I. törvény szerinti nyilvántartó szervként, [English: 3. as registering body under Act I of 2010 on civil registration procedure]",Minister for Science and Technology is the civil-register keeping body,,official,2026-09-29,research.py: quote exact in fetched document
record:HU:breeder_documents:register,net-jogtar-hu:da87d12fce,page text,"Az elektronikus anyakönyvi nyilvántartás része a) az elektronikus anyakönyv, b) az apai elismerő nyilatkozatok nyilvántartása, c) az anyakönyvi és névváltoztatási okiratok nyilvántartása (a továbbiakban: okiratnyilvántartás) [English: The electronic civil register includes a) the electronic civil register, b) register of paternity acknowledgements, c) register of civil-status and name-change certificates]",The electronic civil register includes the register of civil-status and name-change certificates (okiratnyilvántartás),,official,2026-09-29,research.py: quote exact in fetched document
record:HU:central_bank:legal_basis,net-jogtar-hu:75d9c5ef2e,page text,"Az MNB a magyar gazdaság külső stabilitásának megőrzése érdekében hivatalos deviza- és aranytartalékot képez, és kezeli azt. [English: To preserve external stability, the MNB establishes and manages official foreign exchange and gold reserves.]",Act CXXXIX of 2013 on the MNB: MNB holds and manages official reserves,,official,2026-09-29,research.py: quote exact in fetched document
record:HU:central_bank:register,mnb-hu:16c070ee02,page text,"2020. március 2-án elindult az azonnal fizetési szolgáltatás, amelynek alapvető célja a hazai pénzforgalom hatékonyságának növelése, [English: On 2 March 2020 the instant payment service was launched, with the main aim of increasing the efficiency of domestic payments]",Instant payment service launched 2 March 2020,,official,2026-09-29,research.py: quote exact in fetched document
record:HU:civil_registry:foreign_dependency,idomsoft-hu:d8503b33d7,page text,Leválunk a NISZ-ről Ezzel az IdomSoft közvetlen állami tulajdonba és közvetlenül a Digitális Magyarország Ügynökség irányítása alá kerül. [English: We separate from NISZ. With this IdomSoft comes into direct state ownership and directly under the control of the Digital Hungary Agency.],national,,official,2026-09-29,research.py: quote exact in fetched document
record:HU:civil_registry:hosting,net-jogtar-hu:d0e9a18084,page text,"államigazgatási szerv vagy kizárólagos állami tulajdonú gazdálkodó szervezet adatfeldolgozót bízhat meg egyes adatfeldolgozási műveletek, technikai feladatok elvégzésével [English: may engage a state administrative body or wholly state-owned business entity as data processor to perform certain data processing operations and technical tasks]",Data processing for the SZL may only be outsourced to a state administrative body or a wholly state-owned company (unless a ministerial exemption is granted),,official,2026-09-29,research.py: quote exact in fetched document
record:HU:civil_registry:legal_basis,net-jogtar-hu:d0e9a18084,page text,"E törvény célja, hogy meghatározza a polgárok személyi- és lakcímadatait tartalmazó nyilvántartás (a továbbiakban: nyilvántartás) működésének törvényes feltételeit. [English: The purpose of this Act is to lay down the legal conditions for operating the register containing citizens' personal and address data]",Act LXVI of 1992 on the registration of citizens' personal data and address (Nytv.),,official,2026-09-29,research.py: quote exact in fetched document
record:HU:civil_registry:operator,net-jogtar-hu:5fe9b432c7,page text,A Kormány a minisztert jelöli ki 1. a polgárok személyi adatainak és lakcímének nyilvántartásáról szóló 1992. évi LXVI. törvény szerinti polgárok személyi adatainak és lakcímének nyilvántartását kezelő szervként [English: The Government designates the minister 1. as the body managing the register of citizens' personal data and address under Act LXVI of 1992],The Government designates the Minister for Science and Technology as the body managing the SZL (Government Decree 90/2026),,official,2026-09-29,research.py: quote exact in fetched document
record:HU:civil_registry:register,net-jogtar-hu:d0e9a18084,page text,"A nyilvántartás olyan közhiteles hatósági nyilvántartás, amely a nyilvántartásban szereplő polgároknak a 11. § (1), (1a), (3) és (4) bekezdésében meghatározott személyi, lakcím és értesítési cím adatait [English: The register is an authentic official register containing the personal, address and notification address data of citizens]","Személyiadat- és lakcímnyilvántartás (Personal Data and Address Register): the authentic official register of citizens' personal, address and notification-address data",,official,2026-09-29,research.py: quote exact in fetched document
record:HU:crisis_management:hosting,net-jogtar-hu:ec4800e5a7,page text,"A kormányzati célú hírközlési szolgáltató alakítja ki, működteti és üzemelteti a védelmi és biztonsági igazgatás központi szerv oldaláról a védelmi és biztonsági célú lakossági riasztási rendszer funkcionalitását biztosító infrastruktúrát. [English: The government communications provider builds, runs and operates the infrastructure providing the defence and security public alerting function]",Pro-M builds and operates the infrastructure of the defence and security public alerting system,,official,2026-09-29,research.py: quote exact in fetched document
record:HU:crisis_management:register,net-jogtar-hu:6af67a659a,page text,"Lakossági riasztó rendszer: a hivatásos katasztrófavédelmi szerv központi szerve, illetve a hivatásos katasztrófavédelmi szerv területi szervei kezelésében lévő lakossági riasztó, riasztó-tájékoztató, viharjelző rendszerek [English: Public alarm system: public alarm, alarm-information and storm warning systems managed by the central and territorial organs of the professional disaster management body]",Public alarm system managed by the professional disaster management body,,official,2026-09-29,research.py: quote exact in fetched document
record:HU:digital_identity_credentials:foreign_dependency,idomsoft-hu:d8503b33d7,page text,Leválunk a NISZ-ről Ezzel az IdomSoft közvetlen állami tulajdonba és közvetlenül a Digitális Magyarország Ügynökség irányítása alá kerül. [English: We separate from NISZ. With this IdomSoft comes into direct state ownership and directly under the control of the Digital Hungary Agency.],national,,official,2026-09-29,research.py: quote exact in fetched document
record:HU:digital_identity_credentials:legal_basis,net-jogtar-hu:ab63d2dbb6,page text,"A digitális állampolgárság, és ezzel a digitális állampolgár azonosító valamennyi, a személyiadat- és lakcímnyilvántartás hatálya alá tartozó személyt – erre irányuló kérelem hiányában is – megillet. [English: Digital citizenship, and with it the digital citizen identifier, is due to every person covered by the personal data and address register, even without a request.]",Act CIII of 2023 on the digital state (Dáptv.): every person in the SZL is entitled to digital citizenship and a digital citizen identifier,,official,2026-09-29,research.py: quote exact in fetched document
record:HU:digital_identity_credentials:operator,net-jogtar-hu:3ab770c597,page text,szerinti digitális állampolgárság szolgáltatóként az IdomSoft Informatikai Zártkörűen Működő Részvénytársaságot (a továbbiakban: IdomSoft Zrt.) jelöli ki. [English: designates IdomSoft Zrt. as digital citizenship service provider],IdomSoft Zrt. designated as digital citizenship service provider,,official,2026-09-29,research.py: quote exact in fetched document
record:HU:digital_identity_credentials:register,net-jogtar-hu:ab63d2dbb6,page text,digitális állampolgárság nyilvántartás: az e törvénnyel létrehozott ügyfél-regisztrációs nyilvántartás; [English: digital citizenship register: the client registration register established by this Act],Digital citizenship register: the client-registration register created by the Digital State Act,,official,2026-09-29,research.py: quote exact in fetched document
record:HU:education:legal_basis,net-jogtar-hu:fc8ab1669b,page text,Az oktatási nyilvántartás működéséért felelős szerv az oktatási nyilvántartásban az 1. § (1) bekezdése szerinti célból a természetes személy alábbi adatait kezeli: [English: The body responsible for the education register processes the following data of natural persons for the purposes of s.1(1)],Act LXXXIX of 2018: the education register body processes personal data of learners,,official,2026-09-29,research.py: quote exact in fetched document
record:HU:education:register,net-jogtar-hu:21be0a997b,page text,A kiadott érettségi bizonyítványokról az oktatási nyilvántartásról szóló 2018. évi LXXXIX. törvény (a továbbiakban: Onytv.) 1. melléklet V. részében meghatározottak szerint központi nyilvántartást kell vezetni. [English: A central register must be kept of issued school-leaving certificates as set out in the Education Register Act.],Central register of issued school-leaving (matura) certificates,,official,2026-09-29,research.py: quote exact in fetched document
record:HU:electoral_roll:foreign_dependency,idomsoft-hu:d8503b33d7,page text,Leválunk a NISZ-ről Ezzel az IdomSoft közvetlen állami tulajdonba és közvetlenül a Digitális Magyarország Ügynökség irányítása alá kerül. [English: We separate from NISZ. With this IdomSoft comes into direct state ownership and directly under the control of the Digital Hungary Agency.],national,,official,2026-09-29,research.py: quote exact in fetched document
record:HU:electoral_roll:hosting,net-jogtar-hu:32347993d7,page text,"A Nemzeti Választási Iroda csak államigazgatási szervet vagy kizárólagos állami tulajdonú gazdálkodó szervezet adatfeldolgozót bízhat meg a) a szavazókörök és választókerületek nyilvántartásával, b) a központi névjegyzékkel [English: NEO may engage only a state administrative body or wholly state-owned business entity as processor for a) polling districts and constituencies, b) the central electoral register]",NEO may only use state bodies or wholly state-owned companies as processors for the electoral registers,,official,2026-09-29,research.py: quote exact in fetched document
record:HU:electoral_roll:operator,idomsoft-hu:afa936eb76,page text,"Nemzeti Választási Rendszer A választási irodák jogszabályban előírt, választásokkal kapcsolatos szakigazgatási feladatainak elvégzését szolgáló rendszer. [English: National Election System: the system serving the statutory election-related administrative tasks of election offices.]",IdomSoft builds the National Election System used by election offices,,official,2026-09-29,research.py: quote exact in fetched document
record:HU:electoral_roll:register,net-jogtar-hu:32347993d7,page text,A központi névjegyzék a Nemzeti Választási Iroda által vezetett elektronikus nyilvántartás. [English: The central electoral register is an electronic register kept by the National Election Office.],The central electoral register is an electronic register kept by the National Election Office,,official,2026-09-29,research.py: quote exact in fetched document
record:HU:emergency_communications:hosting,net-jogtar-hu:ec4800e5a7,page text,A kormányzati célú hírközlési szolgáltató a Pro-M Professzionális Mobil és Hálózati Szolgáltató Zártkörűen Működő Részvénytársaság. [English: The government-purpose communications provider is Pro-M Professional Mobile and Network Service Provider Zrt.],Pro-M Zrt. is the government-purpose communications provider,,official,2026-09-29,research.py: quote exact in fetched document
record:HU:emergency_communications:operator,net-jogtar-hu:80832ecee1,page text,"ellátja a segélyhívó számokra érkező hívások, illetve egyéb jelzések fogadásából eredő feladatokat, [English: performs the tasks arising from receiving calls and other signals to emergency numbers]",The police handle calls to emergency numbers,,official,2026-09-29,research.py: quote exact in fetched document
record:HU:emergency_communications:register,net-jogtar-hu:ec4800e5a7,page text,"egységes digitális rádiótávközlő rendszer (EDR): a Schengeni Megállapodás Schengenben, 1990. június 19-én aláírt Végrehajtási Egyezményének 132., illetve 44. cikkében meghatározott követelményeket kielégítő mobil rádiótelefon-hálózat; [English: unified digital radio system (EDR): mobile radio network meeting the requirements of Articles 132 and 44 of the Schengen Implementing Convention]",EDR: the Schengen-compliant digital government radio network,,official,2026-09-29,research.py: quote exact in fetched document
record:HU:facial_biometric:foreign_dependency,net-jogtar-hu:d0e9a18084,page text,"államigazgatási szerv vagy kizárólagos állami tulajdonú gazdálkodó szervezet adatfeldolgozót bízhat meg egyes adatfeldolgozási műveletek, technikai feladatok elvégzésével [English: may engage a state administrative body or wholly state-owned business entity as data processor to perform certain data processing operations and technical tasks]",national,,official,2026-09-29,research.py: quote exact in fetched document
record:HU:facial_biometric:hosting,net-jogtar-hu:d0e9a18084,page text,"államigazgatási szerv vagy kizárólagos állami tulajdonú gazdálkodó szervezet adatfeldolgozót bízhat meg egyes adatfeldolgozási műveletek, technikai feladatok elvégzésével [English: may engage a state administrative body or wholly state-owned business entity as data processor to perform certain data processing operations and technical tasks]",Data processing for the SZL may only be outsourced to a state administrative body or a wholly state-owned company (unless a ministerial exemption is granted),,official,2026-09-29,research.py: quote exact in fetched document
record:HU:facial_biometric:legal_basis,net-jogtar-hu:c10cddfac5,page text,Kizárólag a központi szerv kezelheti az arckép profilok összességét. [English: Only the central organ may handle the totality of facial profiles.],Act CLXXXVIII of 2015 on the facial image analysis register: only the central organ may hold the full set of face profiles,,official,2026-09-29,research.py: quote exact in fetched document
record:HU:facial_biometric:operator,net-jogtar-hu:5fe9b432c7,page text,13. az arcképelemzési nyilvántartásról és az arcképelemző rendszerről szóló 2015. évi CLXXXVIII. törvény szerinti központi szervként. [English: 13. as central organ under Act CLXXXVIII of 2015 on the facial image analysis register and system.],The Minister for Science and Technology is designated central organ under the 2015 facial image analysis act,,official,2026-09-29,research.py: quote exact in fetched document
record:HU:facial_biometric:register,net-jogtar-hu:d0e9a18084,page text,"arcképmását és – ha 12. életévét betöltötte, valamint nem írásképtelen vagy írástudatlan – aláírását, ha a 29. § (12) bekezdésében meghatározott személyazonosításra alkalmas hatósági igazolványt igényelt [English: their facial image and – if over 12 and able to write – signature, if they applied for an official identity document]",The SZL stores the facial image (arcképmás) and signature of citizens who applied for an ID card,,official,2026-09-29,research.py: quote exact in fetched document
record:HU:fingerprint_biometric:foreign_dependency,net-jogtar-hu:d0e9a18084,page text,"államigazgatási szerv vagy kizárólagos állami tulajdonú gazdálkodó szervezet adatfeldolgozót bízhat meg egyes adatfeldolgozási műveletek, technikai feladatok elvégzésével [English: may engage a state administrative body or wholly state-owned business entity as data processor to perform certain data processing operations and technical tasks]",national,,official,2026-09-29,research.py: quote exact in fetched document
record:HU:fingerprint_biometric:hosting,net-jogtar-hu:d0e9a18084,page text,"államigazgatási szerv vagy kizárólagos állami tulajdonú gazdálkodó szervezet adatfeldolgozót bízhat meg egyes adatfeldolgozási műveletek, technikai feladatok elvégzésével [English: may engage a state administrative body or wholly state-owned business entity as data processor to perform certain data processing operations and technical tasks]",Data processing for the SZL may only be outsourced to a state administrative body or a wholly state-owned company (unless a ministerial exemption is granted),,official,2026-09-29,research.py: quote exact in fetched document
record:HU:fingerprint_biometric:operator,net-jogtar-hu:5fe9b432c7,page text,valamint a bűnügyi és rendészeti biometrikus adatok nyilvántartásáról szóló 2009. évi XLVII. törvény szerinti bűnügyi nyilvántartó szervként; [English: and as criminal records body under Act XLVII of 2009 on ... the register of criminal and law-enforcement biometric data],"Minister of Interior designated as criminal records body, including the register of criminal and law-enforcement biometric data",,official,2026-09-29,research.py: quote exact in fetched document
record:HU:fingerprint_biometric:register,net-jogtar-hu:d0e9a18084,page text,"A nyilvántartás – a polgár írásbeli hozzájárulása esetén – tartalmazza a polgár ujjnyomatát az állandó személyazonosító igazolvány pótlása céljából. [English: With the citizen's written consent, the register contains the citizen's fingerprint for the purpose of replacing the permanent ID card.]","With written consent, the SZL stores the citizen's fingerprint for replacing the permanent ID card",,official,2026-09-29,research.py: quote exact in fetched document
record:HU:firearms_register:operator,net-jogtar-hu:df7c112522,page text,"A rendőrség által kiadott engedély szükséges: a) a lőfegyver, a lőfegyverdarab (a továbbiakban együtt: lőfegyver), [English: A licence issued by the police is required for: a) firearms and firearm parts]",Firearms licences are issued by the police,,official,2026-09-29,research.py: quote exact in fetched document
record:HU:firearms_register:register,net-jogtar-hu:df7c112522,page text,köteles bejelenteni a rendőrség számára a tűzfegyverrel összefüggésben az e törvény alapján a lőfegyverek központi nyilvántartásában nyilvántartandó [English: must report to the police the data to be recorded in the central firearms register],Holders must report firearm data to police for the central firearms register,,official,2026-09-29,research.py: quote exact in fetched document
record:HU:geospatial:operator,net-jogtar-hu:0b850cff69,page text,"eljár a jogszabályokban meghatározott vagy delegált országos adatbázisok kezelése, üzemeltetése, változásvezetése és az azokból történő adatszolgáltatás során, b) működteti a nemzeti téradat-infrastruktúra rendszert, [English: acts in managing, operating and updating national databases and providing data from them, b) operates the national spatial data infrastructure]",Lechner manages national geodata databases and runs the national spatial data infrastructure,,official,2026-09-29,research.py: quote exact in fetched document
record:HU:geospatial:register,net-jogtar-hu:ab63d2dbb6,page text,"A központi címregiszter olyan, a nyilvántartások együttműködési képességét elősegítő központi nyilvántartás, amely a címadatok vonatkozásában információátadási szolgáltatás útján hiteles adatforrást biztosít [English: The central address register is a central register promoting interoperability, providing an authentic source of address data via information transfer]",Central address register provides an authentic address source for registers,,official,2026-09-29,research.py: quote exact in fetched document
record:HU:government_payroll:register,net-jogtar-hu:6230d3ca9c,page text,"a bevallásokon alapuló befizetési kötelezettségek teljesítése központosítottan, kizárólag a kincstár által működtetett központosított illetményszámfejtés útján, illetve az abból történő adatszolgáltatás alapján történik. [English: fulfilment of return-based payment obligations is centralised, exclusively via the centralised payroll operated by the Treasury and data supplied from it]",Payroll-based tax obligations are met exclusively through the centralised payroll system operated by the Treasury,,official,2026-09-29,research.py: quote exact in fetched document
record:HU:health_insurance:operator,net-jogtar-hu:92eabf43d0,page text,"E rendelet alkalmazásában egészségbiztosítási szerv a) a Nemzeti Egészségbiztosítási Alapkezelő (a továbbiakban: NEAK), [English: For this decree, health insurance body means a) the National Health Insurance Fund Manager (NEAK)]",NEAK is a health insurance body,,official,2026-09-29,research.py: quote exact in fetched document
record:HU:health_insurance:register,net-jogtar-hu:92eabf43d0,page text,"a bejelentett személyek jogviszonyadatainak nyilvántartását, ideértve az egészségügyi szolgáltatásra való jogosultsággal és annak igazolásával, valamint a Társadalombiztosítási Azonosító Jel (a továbbiakban: TAJ) igazolásával [English: the register of insured relationship data of reported persons, including entitlement to health services and its certification, and certification of the social security identifier (TAJ)]","NEAK keeps the register of insured persons' relationship data, entitlement and TAJ data",,official,2026-09-29,research.py: quote exact in fetched document
record:HU:issuance_history:foreign_dependency,idomsoft-hu:d8503b33d7,page text,Leválunk a NISZ-ről Ezzel az IdomSoft közvetlen állami tulajdonba és közvetlenül a Digitális Magyarország Ügynökség irányítása alá kerül. [English: We separate from NISZ. With this IdomSoft comes into direct state ownership and directly under the control of the Digital Hungary Agency.],national,,official,2026-09-29,research.py: quote exact in fetched document
record:HU:issuance_history:hosting,net-jogtar-hu:42c03c2e4b,page text,Az adatkezelő szerv az útiokmány-nyilvántartással kapcsolatos adatfeldolgozási feladatok ellátásával csak államigazgatási szervet vagy kizárólagos állami tulajdonú gazdálkodó szervezetet bízhat meg [English: The controller may entrust data processing tasks related to the travel document register only to a state administrative body or a wholly state-owned business entity],Data processing for the travel-document register may only be entrusted to a state body or wholly state-owned company unless an individual exemption is granted,,official,2026-09-29,research.py: quote exact in fetched document
record:HU:issuance_history:operator,net-jogtar-hu:5fe9b432c7,page text,"2. a polgárok személyi adatainak és lakcímének nyilvántartásáról szóló 1992. évi LXVI. törvény szerinti személyazonosság igazolására alkalmas hatósági igazolványok nyilvántartását vezető szervként, [English: 2. as the body keeping the register of official identity documents under Act LXVI of 1992]",Minister for Science and Technology keeps the register of official identity documents,,official,2026-09-29,research.py: quote exact in fetched document
record:HU:issuance_history:register,net-jogtar-hu:d0e9a18084,page text,"személyazonosító igazolványának okmányazonosítóját, állandó személyazonosító igazolványa elektronikus egyedi azonosítóját, szolgáltatásazonosítóját [English: the document ID of their identity card, the electronic unique identifier and service identifier of their permanent ID card]",The SZL records ID card document identifiers and electronic unique identifiers,,official,2026-09-29,research.py: quote exact in fetched document
record:HU:land_property:hosting,net-jogtar-hu:f37e547150,page text,Az ingatlanügyi hatóság az ingatlan-nyilvántartással kapcsolatos adatfeldolgozási feladatok ellátásával csak államigazgatási szervet vagy 100%-os állami tulajdonú gazdálkodó szervezetet bízhat meg. [English: The land authority may entrust data processing for the land register only to a state body or 100% state-owned company.],Land register processing restricted to state bodies or 100% state-owned companies,,official,2026-09-29,research.py: quote exact in fetched document
record:HU:land_property:operator,net-jogtar-hu:0b850cff69,page text,"a földmérési és térinformatikai államigazgatási szervként eljáró Lechner Tudásközpont Nonprofit Korlátolt Felelősségű Társaságot, [English: Lechner Knowledge Centre Nonprofit Ltd acting as state surveying and geoinformatics body]",Lechner Tudásközpont is designated land authority (with county government offices),,official,2026-09-29,research.py: quote exact in fetched document
record:HU:land_property:register,net-jogtar-hu:f37e547150,page text,"Az ingatlan-nyilvántartás az e törvényben és az e törvény felhatalmazása alapján kiadott kormányrendeletben szabályozott módon, településenként tartalmazza a Magyarország területén fekvő valamennyi ingatlant. [English: The land register contains, by settlement, all properties located in Hungary, as regulated by this Act and its implementing decree.]","The land register contains every property located in Hungary, settlement by settlement",,official,2026-09-29,research.py: quote exact in fetched document
record:HU:police_records:legal_basis,net-jogtar-hu:80832ecee1,page text,"törvényben meghatározottak szerint a bűnügyi nyilvántartási rendszer nyilvántartásaiból, valamint a bűnügyi és rendészeti biometrikus adatok nyilvántartásaiból, [English: as defined by law, from the registers of the criminal records system and the registers of criminal and law-enforcement biometric data]",Act XXXIV of 1994 on the Police: police access criminal records and biometric registers,,official,2026-09-29,research.py: quote exact in fetched document
record:HU:police_records:register,net-jogtar-hu:80832ecee1,page text,figyelmeztető jelzés elhelyezését rendelheti el a körözési nyilvántartási rendszer útján a Schengeni Információs Rendszerben [English: may order placement of an alert via the wanted persons register system in the Schengen Information System],Police place SIS alerts via the wanted-persons register system,,official,2026-09-29,research.py: quote exact in fetched document
record:HU:public_health_surveillance:legal_basis,net-jogtar-hu:e8f0df6f87,page text,A védőoltásra kötelezett és a védőoltásban részesített személyekről nyilvántartást kell vezetni. [English: A register must be kept of persons obliged to be vaccinated and persons vaccinated.],Act CLIV of 1997 on health: a register of persons obliged to be/being vaccinated must be kept,,official,2026-09-29,research.py: quote exact in fetched document
record:HU:public_health_surveillance:register,net-jogtar-hu:a9c7277bf1,page text,"az oltott gyermek adatait elektronikus úton haladéktalanul rögzíti az elektronikus járványügyi felügyeleti rendszerbe, [English: records the vaccinated child's data without delay electronically in the electronic epidemiological surveillance system]",Vaccination data are entered into the electronic epidemiological surveillance system,,official,2026-09-29,research.py: quote exact in fetched document
record:HU:residence_permits:foreign_dependency,net-jogtar-hu:f94de10952,page text,"Az idegenrendészeti hatóság a központi idegenrendészeti nyilvántartással kapcsolatos adatfeldolgozási feladatok ellátásával csak államigazgatási szervet, vagy kizárólagos állami tulajdonú gazdálkodó szervezetet bízhat meg. [English: The aliens policing authority may entrust data processing tasks related to the central aliens policing register only to a state administrative body or wholly state-owned business entity.]",national,,official,2026-09-29,research.py: quote exact in fetched document
record:HU:residence_permits:hosting,net-jogtar-hu:f94de10952,page text,"Az idegenrendészeti hatóság a központi idegenrendészeti nyilvántartással kapcsolatos adatfeldolgozási feladatok ellátásával csak államigazgatási szervet, vagy kizárólagos állami tulajdonú gazdálkodó szervezetet bízhat meg. [English: The aliens policing authority may entrust data processing tasks related to the central aliens policing register only to a state administrative body or wholly state-owned business entity.]",Processing for the central aliens-policing register may only be entrusted to a state body or wholly state-owned company,,official,2026-09-29,research.py: quote exact in fetched document
record:HU:residence_permits:legal_basis,net-jogtar-hu:f94de10952,page text,"idegenrendészeti hatóság: az a szerv, szervezet vagy személy, amelyet (akit) kormányrendelet idegenrendészeti hatósági hatáskör gyakorlására jogosít fel vagy jogszabály idegenrendészeti hatósági hatáskör gyakorlására jelöl ki; [English: aliens policing authority: the body designated by government decree or law to exercise aliens policing powers]",Act XC of 2023 on the general rules of entry and residence of third-country nationals,,official,2026-09-29,research.py: quote exact in fetched document
record:HU:residence_permits:operator,net-jogtar-hu:5fe9b432c7,page text,"A belügyminiszter (ezen alcím alkalmazásában a továbbiakban: miniszter) a Kormány 1. aktív Magyarországért, 2. bűncselekmények megelőzéséért, 3. büntetés-végrehajtásért, 4. élet- és vagyonbiztonság védelméért, 5. határrendészetért, 6. idegenrendészetért és menekültügyért, [English: The Minister of Interior is the member of Government responsible for ... 5. border policing, 6. aliens policing and asylum]",The Minister of Interior is responsible for aliens policing and asylum,,official,2026-09-29,research.py: quote exact in fetched document
record:HU:residence_permits:register,net-jogtar-hu:f94de10952,page text,"személyazonosítás, az okmányok hitelességének ellenőrzése, a jogszerű tartózkodás időtartamának megállapítása, illetve a párhuzamos eljárások megakadályozása céljából a központi idegenrendészeti nyilvántartás résznyilvántartásaiban kezeli. [English: handles [the data] in the sub-registers of the central aliens policing register for identification, document authenticity checks, determining lawful stay and preventing parallel procedures]",Third-country nationals' data are kept in the sub-registers of the central aliens-policing register,,official,2026-09-29,research.py: quote exact in fetched document
record:HU:statistics_microdata:legal_basis,net-jogtar-hu:85f9862bf6,page text,A KSH jogosult a Hivatalos Statisztikai Szolgálat többi tagjától az általuk kezelt egyedi adatokat hivatalos statisztikai célra átvenni. [English: KSH is entitled to take over individual data from other members of the Official Statistical Service for official statistical purposes.],Act CLV of 2016: KSH may take over individual data from other official statistics service members,,official,2026-09-29,research.py: quote exact in fetched document
record:HU:statistics_microdata:register,net-jogtar-hu:85f9862bf6,page text,"a népesség adatainak összeírása céljából időszakonként törvényben meghatározott módon népszámlálás, illetve mikrocenzus végrehajtása és az ezekből származó adatok közzététele, [English: periodic census or micro-census of the population as defined by law and publication of the resulting data]",KSH conducts censuses and micro-censuses,,official,2026-09-29,research.py: quote exact in fetched document
record:HU:trust_services_pki:legal_basis,net-jogtar-hu:ab63d2dbb6,page text,"Az e Részben foglalt szabályokat a) az eIDAS Rendelet szerinti, Magyarország területén letelepedett bizalmi szolgáltatókra és az általuk nyújtott bizalmi szolgáltatásokra [English: The rules of this Part apply to a) trust service providers established in Hungary under the eIDAS Regulation and their trust services]",Part Six of the Dáptv. governs eIDAS trust service providers established in Hungary,,official,2026-09-29,research.py: quote exact in fetched document
record:HU:trust_services_pki:operator,net-jogtar-hu:3ab770c597,page text,"6. a kormányzati elektronikus aláírás, elektronikus bélyegzés és aláírás-ellenőrzési szolgáltatás vonatkozásában a NISZ Zrt.-t, [English: 6. regarding the government electronic signature, electronic seal and signature verification service, NISZ Zrt.]","NISZ Zrt. is the designated provider of government e-signature, e-seal and signature validation",,official,2026-09-29,research.py: quote exact in fetched document
record:HU:trust_services_pki:register,kormany-hu:4a59e2da4a,page text,"A Magyar Országos Aláíró Hitelesítő Hatóság működtetésével összefüggő feladatokat az Energiaügyi Minisztérium, mint útlevél kibocsátó hatóság látja el. [English: Tasks related to operating the Hungarian Country Signing Certification Authority are performed by the Ministry of Energy as passport-issuing authority.]","CSCA-HUNGARY country signing CA for e-passports, operated by the passport-issuing ministry",,official,2026-09-29,research.py: quote exact in fetched document
record:HU:vehicle_licensing:foreign_dependency,idomsoft-hu:d8503b33d7,page text,Leválunk a NISZ-ről Ezzel az IdomSoft közvetlen állami tulajdonba és közvetlenül a Digitális Magyarország Ügynökség irányítása alá kerül. [English: We separate from NISZ. With this IdomSoft comes into direct state ownership and directly under the control of the Digital Hungary Agency.],national,,official,2026-09-29,research.py: quote exact in fetched document
record:HU:vehicle_licensing:hosting,net-jogtar-hu:037375aacd,page text,A nyilvántartó a nyilvántartással kapcsolatos adatfeldolgozási feladatok ellátásával csak államigazgatási szervet vagy kizárólagos állami tulajdonú gazdálkodó szervezetet bízhat meg. [English: The registering body may entrust register data processing only to a state body or wholly state-owned company.],Processing restricted to state bodies or wholly state-owned companies,,official,2026-09-29,research.py: quote exact in fetched document
record:HU:vehicle_licensing:operator,net-jogtar-hu:5fe9b432c7,page text,"6. a közúti közlekedési nyilvántartásról szóló 1999. évi LXXXIV. törvény szerinti közúti közlekedési nyilvántartó szervként, [English: 6. as road transport registering body under Act LXXXIV of 1999 on the road transport register]",Minister for Science and Technology is the road transport registering body,,official,2026-09-29,research.py: quote exact in fetched document
record:HU:vehicle_licensing:register,idomsoft-hu:afa936eb76,page text,"Országos Jármű Nyilvántartás A Magyarországon forgalomba helyezett közúti járművek adatainak nyilvántartását, kezelését és a törvény szerinti adatszolgáltatásokat végző rendszer. [English: National Vehicle Register: the system recording and managing data of road vehicles registered in Hungary and providing statutory data services.]",National Vehicle Register system built/run by IdomSoft,,official,2026-09-29,research.py: quote exact in fetched document
record:IE:border_control:register,garda-ie:a4ff8de185,page text,"The Schengen Information System went live in Ireland on 15 March 2021, and enables An Garda Síochána to further improve the safety and security of the public","National connection to the Schengen Information System (SIS), live in Ireland since 15 March 2021",,official,2026-09-29,research.py: quote exact in fetched document
record:IE:business_registry:legal_basis,irishstatutebook-ie:5a2a2ba9d9,page text,"The Minister shall maintain and administer an office or offices in the State at such places as the Minister thinks fit for the purposes of— (a) the registration of companies under this Act,","Companies Act 2014, s.887: registration office for companies and the Registrar of Companies",,official,2026-09-29,research.py: quote loose in fetched document
record:IE:business_registry:operator,enterprise-gov-ie:b3438928a5,page text,"The CRO has a number of functions including the incorporation of companies, the registration of business names, the receipt and registration of post incorporation documents,","Companies Registration Office (CRO), an office of the Department of Enterprise, Tourism and Employment",,official,2026-09-29,research.py: quote exact in fetched document
record:IE:business_registry:register,enterprise-gov-ie:b3438928a5,page text,"The Companies Registration Office (CRO) is the central repository of public statutory information on Irish companies, business names and limited partnerships.","Register of companies, business names and limited partnerships held by the Companies Registration Office",,official,2026-09-29,research.py: quote exact in fetched document
record:IE:central_bank:foreign_dependency,centralbank-ie:2bc4ad8a3c,page text,The key legal instrument in relation to TARGET2 is the: Guideline of the European Central Bank of 24 February 2022 on a new generation Trans-European Automated Real-time Gross Settlement Express Transfer system (TARGET),eu_provider,,official,2026-09-29,research.py: quote exact in fetched document
record:IE:central_bank:hosting,centralbank-ie:8160b5326b,PDF text,"A major milestone was the successful transitioning to two new Tier-3 data centres operating in active-active configuration, providing near-zero downtime capability and avails of new security monitoring capabilities.",Transitioned to a new data centre service provider: two Tier-3 data centres in active-active configuration (provider not named),,official,2026-09-29,research.py: quote exact in fetched document
record:IE:central_bank:legal_basis,centralbank-ie:8160b5326b,PDF text,The functions of the Central Bank of Ireland (the Central Bank) are set out in section 5A of the Central Bank Act 1942 (as amended) (the Act).,"Central Bank Act 1942 (as amended), s.5A",,official,2026-09-29,research.py: quote exact in fetched document
record:IE:central_bank:operator,centralbank-ie:8160b5326b,PDF text,"We continued to invest in our IT capabilities, including completing a major transformational initiative to enable the Central Bank to transition to a new data centre service provider.",Central Bank of Ireland,,official,2026-09-29,research.py: quote exact in fetched document
record:IE:central_bank:register,centralbank-ie:2bc4ad8a3c,page text,"T2 is structured as a multiplicity of payments systems using a single technical platform. The Irish component system of T2, operated by the Central Bank of Ireland, is TARGET2-Ireland.",TARGET2-Ireland (Irish component of the Eurosystem T2 RTGS system),,official,2026-09-29,research.py: quote exact in fetched document
record:IE:customs:count,revenue-ie:915815344e,PDF text,we processed 62.8 million customs declarations through our customs transit system (NCTS) and the Automated Import and Export Systems (AIS/AES).,62.8 million customs declarations processed in 2025 through NCTS and AIS/AES,,official,2026-09-29,research.py: quote exact in fetched document
record:IE:customs:legal_basis,irishstatutebook-ie:69077887c2,page text,to repeal the Customs Consolidation Act 1876 and certain other enactments; to make provision in connection with Council Regulation (EEC) No. 2913/92 of 12 October 1992 establishing the Community Customs Code;,Customs Act 2015 (with the EU Customs Code),,official,2026-09-29,research.py: quote exact in fetched document
record:IE:customs:operator,revenue-ie:915815344e,PDF text,our automated customs systems processed 62.8 million customs declarations and handled over 90 million messages throughout 2025.,Revenue Commissioners,,official,2026-09-29,research.py: quote exact in fetched document
record:IE:customs:register,revenue-ie:915815344e,PDF text,"Our AIS handled over 83 million messages in 2025, with a peak of 522,734 messages in a single day on 16 December,","Automated Import System (AIS), Automated Export System (AES) and New Computerised Transit System (NCTS)",,official,2026-09-29,research.py: quote exact in fetched document
record:IE:defence_command:foreign_dependency,assets-gov-ie:f9640c4de5,PDF text,"securely accessing cloud services where required, as well as maintaining a secure ‘on premise’ national Communications Information Services Network (CISN) built around two ‘Active/Active’ resilient Data Centres.",national,,official,2026-09-29,research.py: quote exact in fetched document
record:IE:defence_command:hosting,assets-gov-ie:f9640c4de5,PDF text,"securely accessing cloud services where required, as well as maintaining a secure ‘on premise’ national Communications Information Services Network (CISN) built around two ‘Active/Active’ resilient Data Centres.","On-premise national CISN built around two active/active resilient data centres, with hybrid cloud access where required",,official,2026-09-29,research.py: quote exact in fetched document
record:IE:defence_command:legal_basis,irishstatutebook-ie:997f8e587b,page text,AN ACT TO MAKE FURTHER AND BETTER PROVISION IN RELATION TO THE DEFENCE OF THE STATE AND THE DEFENCE FORCES,Defence Act 1954,,official,2026-09-29,research.py: quote exact in fetched document
record:IE:defence_command:operator,assets-gov-ie:f9640c4de5,PDF text,"This project will provide for the evolution of the DF’s Enterprise network by enhancing all nodes and functions of the network, including security, storage, backup and applications.",Defence Forces CIS Corps,,official,2026-09-29,research.py: quote exact in fetched document
record:IE:defence_command:register,assets-gov-ie:f9640c4de5,PDF text,"In progressing DF Enterprise network advancement, the CIS Corps continued the implementation of the DF’s Next Generation Working Environment (NGWE) project.",Defence Forces Enterprise network (NGWE project) and national Communications Information Services Network (CISN),,official,2026-09-29,research.py: quote exact in fetched document
record:IE:electoral_management:legal_basis,irishstatutebook-ie:40e3407498,page text,An Act to provide for the establishment of An Coimisiún Toghcháin ; to confer on the Commission certain functions in relation to the preparation and maintenance of the Register of Political Parties;,Electoral Reform Act 2022 (establishes An Coimisiún Toghcháin); the Electoral Act 1992 governs conduct and count,,official,2026-09-29,research.py: quote exact in fetched document
record:IE:electoral_management:operator,assets-gov-ie:44adfd2bcf,PDF text,"The general duty of a Returning Officer at a Dáil election is to do all that is necessary for conducting a Dáil election in the constituency, in accordance with the Electoral Act 1992, to ascertain and declare the results of the election",Returning Officers per constituency,,official,2026-09-29,research.py: quote exact in fetched document
record:IE:electoral_management:register,assets-gov-ie:44adfd2bcf,PDF text,You will be notified in good time before the election of the version of the Election Count Database System (Ecount) that will be available to you.,"Election Count Database System (Ecount), used alongside the manual paper-ballot count",,official,2026-09-29,research.py: quote exact in fetched document
record:IE:electoral_roll:count,cdn-electoralcommission-ie:5e8d8912b8,PDF text,"During 2024, the numbers registered to vote in Ireland rose from from 3.51 million (Dec 2023) to 3.87 million (Dec 2024).",3.87 million registered electors (December 2024),,official,2026-09-29,research.py: quote exact in fetched document
record:IE:electoral_roll:foreign_dependency,cdn-electoralcommission-ie:5e8d8912b8,PDF text,"Integration with Eircode, PPSN and MyGovID systems. Migration of project to DCC’s Azure Public Cloud Tenancy.",non_eu_provider,,official,2026-09-29,research.py: quote exact in fetched document
record:IE:electoral_roll:hosting,cdn-electoralcommission-ie:5e8d8912b8,PDF text,"Integration with Eircode, PPSN and MyGovID systems. Migration of project to DCC’s Azure Public Cloud Tenancy.",LGERS (national electoral register database) being migrated to Dublin City Council's Azure public cloud tenancy,,official,2026-09-29,research.py: quote exact in fetched document
record:IE:electoral_roll:legal_basis,irishstatutebook-ie:fff91466ec,page text,A register by reference to registration areas consisting of administrative counties and county boroughs shall be prepared and published in every year of persons who were entitled to be registered as electors on the qualifying date,"Electoral Act 1992, s.13 (as amended by the Electoral Reform Act 2022): the register of electors",,official,2026-09-29,research.py: quote exact in fetched document
record:IE:electoral_roll:register,cdn-electoralcommission-ie:5e8d8912b8,PDF text,The Act provided for the establishment of a shared national electoral register database. This is known as the Local Government Electoral Registration System (LGERS). It is planned that LGERS will be rolled out nationally in 2026.,"Local Government Electoral Registration System (LGERS), shared national electoral register database replacing 31 local registers",,official,2026-09-29,research.py: quote exact in fetched document
record:IE:emergency_communications:foreign_dependency,motorolasolutions-com:3a5eb8a308,page text,"CHICAGO – March 23, 2022 – Motorola Solutions, Inc. (NYSE: MSI) today announced it has acquired TETRA Ireland Communications Limited, the provider of Ireland’s National Digital Radio Service (NDRS).",non_eu_provider,,secondary,2026-09-29,research.py: quote exact in fetched document
record:IE:emergency_communications:legal_basis,112-ie:ea88ea8328,page text,"Communications Regulation (Amendment) Act of 2007, the Department of Communications, Energy and Natural Resources (DCENR) tendered for a supplier to provide the Emergency Call Answering Service (ECAS) for Ireland.",Communications Regulation (Amendment) Act 2007 (basis for the ECAS tender),,official,2026-09-29,research.py: quote exact in fetched document
record:IE:emergency_communications:operator,112-ie:ea88ea8328,page text,On completion of this open tender process BT was awarded the contract (known as a Concession Agreement) to provide 112 and 999 call answering services on behalf of the State of Ireland.,Emergency Call Answering Service (ECAS) for 112/999 operated by BT under a State concession (re-awarded 2019),,official,2026-09-29,research.py: quote exact in fetched document
record:IE:emergency_communications:register,motorolasolutions-com:3a5eb8a308,page text,"TETRA Ireland delivers mission-critical voice and data land mobile radio (LMR) communications to thousands of first responders and frontline workers from national security and enforcement agencies, health and emergency services, state utilities and volunteer organizations across the country.","National Digital Radio Service (NDRS), TETRA network for first responders",,secondary,2026-09-29,research.py: quote exact in fetched document
record:IE:facial_biometric:count,dataprotection-ie:4c5a1369a3,page text,"In 2021, the DSP held biometric facial templates relating to 70% of the population of the State.",Facial templates for 70% of the State's population (2021),,secondary,2026-09-29,research.py: quote exact in fetched document
record:IE:facial_biometric:legal_basis,revisedacts-lawreform-ie:50a8940f41,page text,Where a public services card is issued to a person the following information shall be inscribed on it: ( a ) the name of that person; ( b ) the personal public service number of that person; ( c ) a photograph of that person;,"Social Welfare Consolidation Act 2005, s.263 (public services card bearing a photograph)",,official,2026-09-29,research.py: quote exact in fetched document
record:IE:facial_biometric:operator,dataprotection-ie:4c5a1369a3,page text,"The rollout of Safe 2 registration has resulted in the ongoing collection, storage and processing of highly sensitive personal data, including biometric data consisting of facial templates, on a large scale by the DSP.",Department of Social Protection (DSP),,secondary,2026-09-29,research.py: quote exact in fetched document
record:IE:facial_biometric:register,dataprotection-ie:4c5a1369a3,page text,"examined the DSP’s processing of biometric facial templates, and usage of associated facial matching technologies, as part of the registration process for the Public Services Card. This process is known as “SAFE 2 registration”.",SAFE 2 registration biometric facial templates (Public Services Card),,secondary,2026-09-29,research.py: quote exact in fetched document
record:IE:firearms_register:legal_basis,irishstatutebook-ie:1d3f805254,page text,"it shall not be lawful for any person after the commencement of this Act to have in his possession, use, or carry any firearm or ammunition save in so far","Firearms Act 1925, s.2 (firearm certificates), as amended",,official,2026-09-29,research.py: quote exact in fetched document
record:IE:firearms_register:operator,garda-ie:d67c609e83,page text,It should then be returned to the local Garda Station for consideration by the relevant Superintendent (or Chief Superintendent if a restricted firearm application).,An Garda Síochána (applications decided by the local Superintendent),,official,2026-09-29,research.py: quote exact in fetched document
record:IE:firearms_register:register,garda-ie:d67c609e83,page text,The fifth significant renewal phase of three (3) year firearm certificates commenced on the 1st August 2024.,"Firearm certificates (three-year certificates, renewal phases administered by An Garda Síochána)",,official,2026-09-29,research.py: quote exact in fetched document
record:IE:grid_control:legal_basis,irishstatutebook-ie:c199d4eb9e,page text,A licence under section 14(1)(e) (inserted by Regulation 32) of the Act of 1999 shall only be granted to the company referred to in Regulation 34.,"S.I. No. 445 of 2000, Reg. 5: TSO licence under s.14(1)(e) of the Electricity Regulation Act 1999",,official,2026-09-29,research.py: quote exact in fetched document
record:IE:grid_control:operator,eirgrid-ie:e95e799174,page text,The National Control Centres (NCCs) make sure the lights stay on throughout the island of Ireland. A team of staff operate the grid from NCCs in Dublin and Belfast.,EirGrid (transmission system operator),,official,2026-09-29,research.py: quote exact in fetched document
record:IE:grid_control:register,eirgrid-ie:e95e799174,page text,Our national control centres for the island of Ireland are located in Dublin and Belfast.,National Control Centres (NCCs) of the transmission system operator,,official,2026-09-29,research.py: quote exact in fetched document
record:IE:health_insurance:count,drugsandalcohol-ie:6ab62471fb,PDF text,"Number of Eligible Persons per Scheme - 2025 *GMS 1,552,553 *GPVC 785,152 DPS 2,244,993 LTI 373,409","1,552,553 GMS (medical card) eligible persons and 785,152 GP visit card holders in 2025",,official,2026-09-29,research.py: quote exact in fetched document
record:IE:health_insurance:legal_basis,irishstatutebook-ie:1288004f44,page text,"A person in either of the following categories shall have full eligibility for the services under this Part— ( a ) adult persons unable without undue hardship to arrange general practitioner medical and surgical services for themselves and their dependants,","Health Act 1970, s.45 (full eligibility / medical card)",,official,2026-09-29,research.py: quote loose in fetched document
record:IE:health_insurance:operator,hiqa-ie:d9132e3454,page text,Claim data is processed and payments are made by the Primary Care Reimbursement Service under the following Schemes/Payment Arrangements: - General Medical Services (GMS),HSE Primary Care Reimbursement Service (PCRS),,official,2026-09-29,research.py: quote exact in fetched document
record:IE:health_insurance:register,hiqa-ie:d9132e3454,page text,Patient identifiers are collected to record eligibility which include PPSN. Equity stratifiers Place of residence and gender are captured for medical card holders.,"PCRS eligibility records (medical card / GMS scheme eligibility, keyed on PPSN)",,official,2026-09-29,research.py: quote exact in fetched document
record:IE:health_records:legal_basis,hiqa-ie:b3e5bb5d86,page text,"With the enactment of the Health Identifiers Act in 2014, residents and former residents in Ireland with a Personal Public Services Number (PPSN) were given an Individual Health Identifier (IHI) number.",Health Identifiers Act 2014 (IHI for every resident/former resident with a PPSN),,official,2026-09-29,research.py: quote exact in fetched document
record:IE:health_records:operator,hiqa-ie:b3e5bb5d86,page text,"Health Identifiers Service (HIDS) within the National Operational Performance & Integration Unit, Chief Operations Office, HSE.",Health Service Executive (Health Identifiers Service),,official,2026-09-29,research.py: quote exact in fetched document
record:IE:health_records:register,iiop-ie:fe4070ee66,PDF text,A read-only digital record of a patient’s key healthcare data aggregated from various electronic data sources and settings.,"National Shared Care Record (NSCR), HSE MyHealth@IE programme (read-only aggregated record)",,official,2026-09-29,research.py: quote exact in fetched document
record:IE:intelligence:operator,assets-gov-ie:f9640c4de5,PDF text,"The NSAC was established in 2019, by the Government. Its primary remit is to provide high-quality, strategic analysis to the Taoiseach and Government of the key threats to Ireland’s national security.",National Security Analysis Centre (established by Government in 2019),,official,2026-09-29,research.py: quote exact in fetched document
record:IE:intelligence:register,assets-gov-ie:f9640c4de5,PDF text,"DF Cyber, Special Operations Forces and Military Intelligence continually deliver national defence and security outputs in the interests of the Irish State and our society.",Defence Forces Military Intelligence holdings,,official,2026-09-29,research.py: quote exact in fetched document
record:IE:land_property:count,tailte-ie:9cc27c87b8,PDF text,"2.4 million Folios and associated spatial data can be accessed through it and as the primary provider of Registration digital services, it played host to over 12.6 million online actions in 2024.",2.4 million folios with associated spatial data accessible via landdirect.ie,,official,2026-09-29,research.py: quote exact in fetched document
record:IE:land_property:legal_basis,irishstatutebook-ie:b99e7b0e6b,page text,"There shall be maintained in the central office— ( a ) registers of— (i) ownership of freehold land, and (ii) ownership of leasehold interests,","Registration of Title Act 1964, s.8: registers of ownership maintained in the central office",,official,2026-09-29,research.py: quote loose in fetched document
record:IE:land_property:operator,tailte-ie:9cc27c87b8,PDF text,"Under the Tailte Éireann Act 2022, Tailte Éireann is a Civil Service body with its own Vote and Accounting Officer (the Chief Executive).",Tailte Éireann (civil service body under the Tailte Éireann Act 2022),,official,2026-09-29,research.py: quote exact in fetched document
record:IE:land_property:register,tailte-ie:9cc27c87b8,PDF text,When title or ownership is registered in the Land Registry the deeds are filed in the Registry and all relevant particulars concerning the property and its ownership are entered on folios which form the National Land Register.,National Land Register (folios of the Land Registry) and Registry of Deeds,,official,2026-09-29,research.py: quote exact in fetched document
record:IE:police_records:operator,garda-ie:e72270a4bc,page text,They give the details to trained civilian call-takers who enter the details on the PULSE system (An Garda Síochána’s database).,An Garda Síochána,,official,2026-09-29,research.py: quote exact in fetched document
record:IE:police_records:register,garda-ie:e72270a4bc,page text,They give the details to trained civilian call-takers who enter the details on the PULSE system (An Garda Síochána’s database).,PULSE (An Garda Síochána's national incident and intelligence database),,official,2026-09-29,research.py: quote exact in fetched document
record:IE:public_finance:legal_basis,irishstatutebook-ie:03c5049024,page text,An Act to provide for the establishment of a body to be known as the National Shared Services Office; to provide for the transfer to that body of certain functions of the Minister for Public Expenditure and Reform relating to the provision of certain services to public service bodies;,National Shared Services Office Act 2017 (NSSO provides FMSS to public service bodies),,official,2026-09-29,research.py: quote exact in fetched document
record:IE:public_finance:operator,audit-gov-ie:33979d8093,PDF text,The Department of Finance manages the Central Fund of the Exchequer (the Exchequer). The Exchequer was part of the planned wave 1 deployment.,National Shared Services Office (FMSS); Department of Finance manages the Exchequer,,official,2026-09-29,research.py: quote exact in fetched document
record:IE:public_finance:register,audit-gov-ie:33979d8093,PDF text,"The FMSS system went live for wave 1 client public service bodies on 19 April 2022, some four months later than planned.","Financial Management Shared Services (FMSS) system, the shared government financial management system (incl. the Exchequer)",,official,2026-09-29,research.py: quote exact in fetched document
record:IE:public_health_surveillance:count,hiqa-ie:ace222398a,page text,"On average 33,394 cases were reported annually between 2013-2019, range 25,814 – 46,065.","On average 33,394 notified cases per year, 2013-2019 (range 25,814-46,065)",,official,2026-09-29,research.py: quote exact in fetched document
record:IE:public_health_surveillance:legal_basis,hiqa-ie:ace222398a,page text,"The current list is also specified in S.I. No. 258/2022 - Infectious Diseases (Amendment) Regulations 2022,","Infectious Diseases Regulations (current list in S.I. No. 258/2022, Infectious Diseases (Amendment) Regulations 2022)",,official,2026-09-29,research.py: quote exact in fetched document
record:IE:public_health_surveillance:operator,hiqa-ie:ace222398a,page text,"Organisation Health Protection Surveillance Centre (HPSC). Web address http://www.hpsc.ie/hpsc/CIDR Year established CIDR was established in 2004,",Health Protection Surveillance Centre (HPSC); CIDR established 2004,,official,2026-09-29,research.py: quote exact in fetched document
record:IE:public_health_surveillance:register,hpsc-ie:370247fc97,page text,"CIDR is used by laboratories, Public Health Areas and HPSC to collect, analyse and interpret notification data in order to investigate cases, prevent spread of infection, identify potential outbreaks",Computerised Infectious Disease Reporting (CIDR),,official,2026-09-29,research.py: quote exact in fetched document
record:IE:residence_permits:legal_basis,irishstatutebook-ie:9a751ab9f1,page text,A register of non-nationals who have permission to be in the State shall be established and maintained by registration officers in such manner as the Minister may direct.,"Immigration Act 2004, s.9: register of non-nationals with permission to be in the State",,official,2026-09-29,research.py: quote exact in fetched document
record:IE:residence_permits:operator,garda-ie:53cc0f1edb,page text,"On 13 January 2025, the final remaining responsibility for all nationwide first time registration of Irish immigration residence permissions will transfer, from the Garda National Immigration Bureau, to Immigration Service Delivery (ISD) of the Department of Justice.","Immigration Service Delivery (ISD), Department of Justice (took over first-time registration from the Garda National Immigration Bureau, 13 January 2025)",,official,2026-09-29,research.py: quote exact in fetched document
record:IE:residence_permits:register,irishimmigration-ie:2e74ffe772,page text,"Revocation of a registered Irish Residence Permission is the process of revoking a permission that was incorrectly registered, conditions attached to a permission were breached,",Irish Residence Permission (IRP) register: the register of non-nationals with permission to be in the State,,official,2026-09-29,research.py: quote exact in fetched document
record:IE:trust_services_pki:operator,revenue-ie:517c378302,PDF text,"A digital certificate is a guarantee by the Certification Authority (in this case the Revenue Commissioners) that the private key, which is contained in the certificate and is used for authentication and signing purposes, can only be used by the person to whom it belongs.",Revenue Commissioners act as Certification Authority for ROS digital certificates,,official,2026-09-29,research.py: quote exact in fetched document
record:IE:trust_services_pki:register,revenue-ie:517c378302,PDF text,"The security provided by the digital certificate design is being used by the Companies Registration Office, the Department of Transport and the Department of Social Protection.","ROS digital certificate PKI (Revenue CA), also used by CRO, Department of Transport and Department of Social Protection",,official,2026-09-29,research.py: quote exact in fetched document
record:IE:vehicle_licensing:legal_basis,irishstatutebook-ie:c554768543,page text,"The Minister and a licensing authority may each establish and maintain records in relation to licences under the Act of 1952, trade licences under section 21 of the Finance (No. 2) Act, 1992 , driving licences under Part III of the Act of 1933","Finance Act 1993, s.60 (records of vehicle and driving licences; basis of the NVDF)",,official,2026-09-29,research.py: quote exact in fetched document
record:IE:vehicle_licensing:register,datacatalogue-gov-ie:ee89976ce3,page text,"The vehicle and driver records are updated on renewal of motor tax, driving licence and change of address or change of vehicle ownership.",National Vehicle and Driver File (NVDF),,official,2026-09-29,research.py: quote exact in fetched document
record:IE:water_control:count,water-ie:2457e18dd0,PDF text,Our National Operations Management Centre based in Dublin operates 24/7 and is now monitoring alarms at 517 of our water treatment plants,Alarms monitored at 517 water treatment plants,,official,2026-09-29,research.py: quote exact in fetched document
record:IE:water_control:legal_basis,water-ie:2457e18dd0,PDF text,Uisce Éireann (“the Company”) was incorporated in July 2013 pursuant to the Water Services Act 2013.,Water Services Act 2013 (Uisce Éireann incorporated under it),,official,2026-09-29,research.py: quote exact in fetched document
record:IE:water_control:operator,water-ie:2457e18dd0,PDF text,Uisce Éireann is a Designated Activity Company limited by shares with a Constitution (Memorandum and Articles of Association) in accordance with the Companies Act 2014.,"Uisce Éireann (national water utility, designated activity company)",,official,2026-09-29,research.py: quote exact in fetched document
record:IE:water_control:register,water-ie:2457e18dd0,PDF text,"Our National Operations Management Centre based in Dublin operates 24/7 and is now monitoring alarms at 517 of our water treatment plants, covering a population of approximately 3.8 million.",National Operations Management Centre (24/7 alarm and treatment monitoring),,official,2026-09-29,research.py: quote exact in fetched document
record:IT:breeder_documents:legal_basis,normattiva-it:210c9adc37,page text,L'ANPR contiene altresì l'archivio nazionale informatizzato dei registri di stato civile tenuti dai comuni [English: ANPR also contains the national computerised archive of the civil status registers kept by municipalities],Art. 62(2-bis) CAD: ANPR also contains the national computerised archive of civil-status registers,,official,2026-09-29,research.py: quote exact in fetched document
record:IT:breeder_documents:register,anagrafenazionale-interno-it:58adaaee64,page text,La documentazione ufficiale relativa all’Archivio nazionale informatizzato dei registri dello stato civile (ANSC). [English: Official documentation on the National Computerised Archive of Civil Status Registers (ANSC).],"ANSC - national computerised archive of civil-status registers (births, marriages, deaths)",,official,2026-09-29,research.py: quote exact in fetched document
record:IT:civil_registry:count,anagrafenazionale-interno-it:604791f8f6,page text,"PERSONE IN ANAGRAFE NAZIONALE 66.252.730 di cui 6.800.090 residenti all'estero (AIRE) [English: PERSONS IN THE NATIONAL REGISTER 66,252,730, of whom 6,800,090 are resident abroad (AIRE)]","66,252,730 persons in ANPR, including 6,800,090 residents abroad (AIRE), as updated 28 September 2026 (figure updated daily)",,official,2026-09-29,research.py: quote exact in fetched document
record:IT:civil_registry:legal_basis,normattiva-it:210c9adc37,page text,"È istituita presso il Ministero dell'interno l'ANPR, quale base di dati di interesse nazionale, ai sensi dell'articolo 60, che subentra all'Indice nazionale delle anagrafi (INA) [English: ANPR is established at the Ministry of the Interior as a database of national interest under Article 60, replacing the National Index of Registers (INA)]","Art. 62 of Legislative Decree 82/2005 (Digital Administration Code, CAD)",,official,2026-09-29,research.py: quote exact in fetched document
record:IT:civil_registry:operator,anagrafenazionale-interno-it:0ccfa7e7df,page text,"L’ANPR è istituita presso il Ministero dell’Interno, che per la parte tecnica si avvale di Sogei S.p.A. [English: ANPR is established at the Ministry of the Interior, which relies on Sogei S.p.A. for the technical side]",Ministry of the Interior; Sogei S.p.A. provides the technical operation,,official,2026-09-29,research.py: quote exact in fetched document
record:IT:civil_registry:register,anagrafenazionale-interno-it:0ccfa7e7df,page text,L’Anagrafe nazionale della popolazione residente (ANPR) è la banca dati unica del Ministero dell’Interno che favorisce lo scambio delle informazioni tra comuni e pubbliche amministrazioni [English: The National Register of the Resident Population (ANPR) is the Ministry of the Interior's single database that enables information exchange between municipalities and public administrations],ANPR (National Register of the Resident Population) is the Ministry of the Interior's single database for population data,,official,2026-09-29,research.py: quote exact in fetched document
record:IT:crisis_management:operator,normattiva-it:405d3c7907,page text,"Il Presidente del Consiglio dei ministri, si avvale del Dipartimento della protezione civile della Presidenza del Consiglio dei ministri [English: The President of the Council of Ministers relies on the Civil Protection Department of the Presidency of the Council of Ministers]",Art. 8 of Legislative Decree 1/2018 (Civil Protection Code): the Prime Minister acts through the Civil Protection Department,,official,2026-09-29,research.py: quote exact in fetched document
record:IT:crisis_management:register,it-alert-it:5e8d3e644d,page text,"IT-alert è un servizio pubblico che, inviando messaggi sui dispositivi presenti nell’area interessata da una grave emergenza o da un evento catastrofico imminente o in corso [English: IT-alert is a public service that sends messages to devices in an area affected by a serious emergency or an imminent or ongoing catastrophic event]",IT-alert is the public warning service that sends messages to devices in an area hit by a serious emergency,,official,2026-09-29,research.py: quote exact in fetched document
record:IT:customs:register,adm-gov-it:ad0abd198a,PDF text,"comprende il DWH AIDA (Automazione Integrata Dogane Accise), ovvero un sistema di gestione dei dati e di reporting per gli utenti interni [English: includes the AIDA DWH (Integrated Customs and Excise Automation), a data management and reporting system for internal users]",AIDA (Integrated Customs and Excise Automation) data warehouse of the Customs and Monopolies Agency,,official,2026-09-29,research.py: quote exact in fetched document
record:IT:electoral_management:operator,dait-interno-gov-it:fc6e2b316e,page text,Direzione Centrale per i Servizi Elettorali Area di informazione e di diffusione dati riguardanti le elezioni politiche ed europee [English: Central Directorate for Electoral Services - area for information on and publication of data about national and European elections],The Central Directorate for Electoral Services publishes turnout and results data,,official,2026-09-29,research.py: quote exact in fetched document
record:IT:electoral_management:register,dait-interno-gov-it:fc6e2b316e,page text,"L'archivio storico delle elezioni mette a disposizione, a puro scopo divulgativo, una banca dati interrogabile on-line contenente i risultati delle consultazioni elettorali [English: The historical election archive provides, for information only, an online searchable database of election results]",The historical election archive is an online database of election results down to municipality level,,official,2026-09-29,research.py: quote exact in fetched document
record:IT:electoral_roll:register,normattiva-it:210c9adc37,page text,sono definite le modalità di integrazione nell'ANPR delle liste elettorali e dei dati relativi all'iscrizione nelle liste di sezione [English: the arrangements for integrating into ANPR the electoral lists and the data on enrolment in polling-section lists are defined],Art. 62(2-ter) CAD provides for the electoral lists to be integrated into ANPR,,official,2026-09-29,research.py: quote exact in fetched document
record:IT:facial_biometric:foreign_dependency,gazzettaufficiale-it:96bca78079,PDF text,"mettendo a disposizione, avendone la responsabilità, l’infrastruttura informatica ubicata nel CNSD che comprende [English: making available, and being responsible for, the IT infrastructure located in the CNSD, which comprises]",national,,official,2026-09-29,research.py: quote exact in fetched document
record:IT:facial_biometric:hosting,gazzettaufficiale-it:96bca78079,PDF text,"mettendo a disposizione, avendone la responsabilità, l’infrastruttura informatica ubicata nel CNSD che comprende [English: making available, and being responsible for, the IT infrastructure located in the CNSD, which comprises]",The CIE issuance IT infrastructure is located in the Ministry of the Interior's CNSD (as of the 2015 decree),,official,2026-09-29,research.py: quote exact in fetched document
record:IT:facial_biometric:legal_basis,gazzettaufficiale-it:96bca78079,PDF text,"“Elementi biometrici primari”: l’immagine del volto del titolare della CIE, secondo quanto indicato nell’allegato B [English: 'Primary biometric elements': the facial image of the CIE holder, as set out in Annex B]",Ministry of the Interior Decree of 23 December 2015 defines the facial image as the primary biometric of the CIE,,official,2026-09-29,research.py: quote exact in fetched document
record:IT:facial_biometric:operator,gazzettaufficiale-it:96bca78079,PDF text,"il Centro Nazionale dei Servizi Demografici, costituito con il decreto ministeriale 23 aprile 2002, presso il Ministero dell’interno [English: the National Centre for Demographic Services, set up by ministerial decree of 23 April 2002 at the Ministry of the Interior]","Centro Nazionale dei Servizi Demografici (CNSD), Ministry of the Interior",,official,2026-09-29,research.py: quote exact in fetched document
record:IT:facial_biometric:register,gazzettaufficiale-it:96bca78079,PDF text,"Il cartellino elettronico, conservato da SSCE, contiene le informazioni anagrafiche, la fotografia, la scansione della firma autografa, il numero di protocollo della pratica [English: The electronic record card, kept by SSCE, contains the registry information, the photograph, the scan of the handwritten signature and the file protocol number]","The CIE electronic record card (cartellino elettronico), kept by SSCE, holds the holder's photograph, signature scan and registry data",,official,2026-09-29,research.py: quote exact in fetched document
record:IT:health_insurance:legal_basis,normattiva-it:50a3305831,page text,"subentra, per tutte le finalità previste dalla normativa vigente, alle anagrafi e agli elenchi degli assistiti tenuti dalle singole aziende sanitarie locali [English: replaces, for all purposes under current law, the registers and lists of patients kept by individual local health authorities]",Art. 62-ter CAD: ANA replaces the patient registers kept by local health authorities,,official,2026-09-29,research.py: quote exact in fetched document
record:IT:health_insurance:operator,normattiva-it:50a3305831,page text,"L'ANA, realizzata dal Ministero dell'economia e delle finanze, in accordo con il Ministero della salute [English: ANA, built by the Ministry of Economy and Finance in agreement with the Ministry of Health]",ANA is built by the Ministry of Economy and Finance in agreement with the Ministry of Health,,official,2026-09-29,research.py: quote exact in fetched document
record:IT:health_insurance:register,sistemats-it:89229c8c9f,page text,"Anagrafe di riferimento per la Sanità pubblica che nasce per il monitoraggio della spesa del settore sanitario e accelerare il processo di automazione amministrativa. [English: Reference register for public health, created to monitor health-sector spending and speed up administrative automation.]","The National Register of Patients (ANA) is the reference register for public health, run within Sistema Tessera Sanitaria",,official,2026-09-29,research.py: quote exact in fetched document
record:IT:health_records:operator,normattiva-it:e96f2575a3,page text,"Il FSE è istituito dalle regioni e province autonome, conformemente a quanto disposto dai decreti di cui al comma 7 [English: The FSE is established by the regions and autonomous provinces, in accordance with the decrees under paragraph 7]",The FSE is set up by the regions and autonomous provinces,,official,2026-09-29,research.py: quote exact in fetched document
record:IT:health_records:register,normattiva-it:e96f2575a3,page text,"Il fascicolo sanitario elettronico (FSE) è l'insieme dei dati e documenti digitali di tipo sanitario e sociosanitario generati da eventi clinici presenti e trascorsi, riguardanti l'assistito [English: The electronic health record (FSE) is the set of digital health and social-care data and documents generated by present and past clinical events concerning the patient]",The electronic health record (FSE) holds the patient's clinical data and documents,,official,2026-09-29,research.py: quote exact in fetched document
record:IT:issuance_history:foreign_dependency,gazzettaufficiale-it:96bca78079,PDF text,"mettendo a disposizione, avendone la responsabilità, l’infrastruttura informatica ubicata nel CNSD che comprende: a) il circuito di emissione (SSCE) della CIE [English: making available, and being responsible for, the IT infrastructure located in the CNSD, which comprises: a) the CIE issuance circuit (SSCE)]",national,,official,2026-09-29,research.py: quote exact in fetched document
record:IT:issuance_history:hosting,gazzettaufficiale-it:96bca78079,PDF text,"mettendo a disposizione, avendone la responsabilità, l’infrastruttura informatica ubicata nel CNSD che comprende: a) il circuito di emissione (SSCE) della CIE [English: making available, and being responsible for, the IT infrastructure located in the CNSD, which comprises: a) the CIE issuance circuit (SSCE)]",The CIE issuance circuit (SSCE) runs on IT infrastructure located in the Ministry of the Interior's CNSD,,official,2026-09-29,research.py: quote exact in fetched document
record:IT:issuance_history:legal_basis,normattiva-it:78caf46345,page text,"sono definite le caratteristiche tecniche, le modalità di produzione, di emissione, di rilascio della carta d'identità elettronica, nonché di tenuta del relativo archivio informatizzato [English: the technical characteristics and the arrangements for producing, issuing and releasing the electronic identity card, and for keeping its computerised archive, are defined]",Art. 7-vicies ter of Decree-Law 7/2005: a ministerial decree sets CIE issuance and the keeping of its computerised archive,,official,2026-09-29,research.py: quote exact in fetched document
record:IT:issuance_history:operator,normattiva-it:78caf46345,page text,"L'emissione della carta d'identità elettronica è riservata al Ministero dell'interno che vi provvede nel rispetto delle norme di sicurezza in materia di carte valori [English: Issuance of the electronic identity card is reserved to the Ministry of the Interior, which carries it out in compliance with security rules on valuable documents]",Only the Ministry of the Interior may issue the CIE,,official,2026-09-29,research.py: quote exact in fetched document
record:IT:issuance_history:register,gazzettaufficiale-it:96bca78079,PDF text,g) il CIEonline; h) il Portale; i) la banca dati della CIE. [English: g) CIEonline; h) the Portal; i) the CIE database.],The CIE database is part of the CNSD infrastructure,,official,2026-09-29,research.py: quote exact in fetched document
record:IT:national_archives:hosting,acs-cultura-gov-it:ebb9072864,page text,"Obiettivo del progetto del Polo di Conservazione Digitale è la creazione di un’infrastruttura, nativamente cloud, su cui poggeranno due sistemi conservativi [English: The aim of the Digital Preservation Hub project is to create a natively cloud infrastructure on which two preservation systems will rest]",The Digital Preservation Hub is described as a 'natively cloud' infrastructure; no provider is named,,official,2026-09-29,research.py: quote exact in fetched document
record:IT:national_archives:legal_basis,normattiva-it:c9554b9bde,page text,Gli organi giudiziari e amministrativi dello Stato versano all'archivio centrale dello Stato e agli archivi di Stato i documenti relativi agli affari esauriti da oltre trent'anni [English: The judicial and administrative bodies of the State transfer to the Central State Archive and the State Archives the documents on matters closed more than thirty years ago],Art. 41 of Legislative Decree 42/2004 (Cultural Heritage Code): state bodies transfer records to the Central State Archive after 30 years,,official,2026-09-29,research.py: quote exact in fetched document
record:IT:national_archives:register,acs-cultura-gov-it:ebb9072864,page text,ha tra i suoi principali compiti istituzionali quello relativo alla realizzazione del Repository degli archivi digitali prodotti dagli organi centrali dello Stato [English: has among its main institutional tasks the creation of the Repository of digital archives produced by the central bodies of the State],The Central State Archive is building the repository for digital archives produced by central state bodies,,official,2026-09-29,research.py: quote exact in fetched document
record:IT:official_gazette:legal_basis,normattiva-it:152ae3fbc8,page text,"È approvato l'unito testo unico delle disposizioni sulla promulgazione delle leggi, sulla emanazione dei decreti del Presidente della Repubblica e sulle pubblicazioni ufficiali della Repubblica italiana [English: The attached consolidated text on the promulgation of laws, the issuing of Presidential decrees and the official publications of the Italian Republic is approved]",Presidential Decree 1092/1985: consolidated act on the promulgation of laws and on official publications,,official,2026-09-29,research.py: quote exact in fetched document
record:IT:official_gazette:operator,gazzettaufficiale-it:d7eed3abe3,page text,L'Istituto Poligrafico e Zecca dello Stato S.p.A. promuove la più ampia fruibilità della Gazzetta Ufficiale della Repubblica Italiana in formato digitale. [English: The State Printing Office and Mint promotes the widest availability of the Official Gazette of the Italian Republic in digital format.],IPZS publishes the Gazzetta Ufficiale in digital form,,official,2026-09-29,research.py: quote exact in fetched document
record:IT:official_gazette:register,gazzettaufficiale-it:d7eed3abe3,page text,"Si segnala che l'unico testo definitivo è quello pubblicato sulla Gazzetta Ufficiale a mezzo stampa, che prevale in caso di discordanza. [English: Note that the only definitive text is the one published in the printed Official Gazette, which prevails in case of discrepancy.]",The printed Gazzetta Ufficiale is the only definitive text and prevails over the digital version,,official,2026-09-29,research.py: quote exact in fetched document
record:IT:public_finance:legal_basis,agid-gov-it:0ee49b73ca,page text,"Il progetto SIOPE+, disciplinato dall’art. 1, comma 533, della legge 11 dicembre 2016 (legge di bilancio 2017) [English: The SIOPE+ project, governed by art. 1(533) of the law of 11 December 2016 (2017 budget law)]",SIOPE+ is governed by art. 1(533) of Law 232 of 11 December 2016 (2017 Budget Law),,official,2026-09-29,research.py: quote exact in fetched document
record:IT:public_finance:operator,agid-gov-it:0ee49b73ca,page text,"trasmettere gli ordinativi informatici al tesoriere/cassiere solo ed esclusivamente per il tramite dell’infrastruttura SIOPE+, gestita dalla Banca d’Italia. [English: transmit electronic orders to the treasurer/cashier solely through the SIOPE+ infrastructure, managed by the Bank of Italy.]",The SIOPE+ infrastructure is operated by the Banca d'Italia,,official,2026-09-29,research.py: quote exact in fetched document
record:IT:public_finance:register,agid-gov-it:0ee49b73ca,page text,SIOPE (Sistema Informativo sulle Operazioni degli Enti Pubblici) è un’infrastruttura fondamentale per il monitoraggio telematico degli incassi e dei pagamenti effettuati dai tesorieri di tutte le amministrazioni pubbliche. [English: SIOPE (Information System on Public Entities' Operations) is a key infrastructure for electronic monitoring of receipts and payments made by the treasurers of all public administrations.],SIOPE monitors the receipts and payments made by the treasurers of all public administrations,,official,2026-09-29,research.py: quote exact in fetched document
record:IT:statistics_microdata:legal_basis,normattiva-it:157d5c4440,page text,I dati raccolti nell'ambito di rilevazioni statistiche comprese nel programma statistico nazionale da parte degli uffici di statistica non possono essere esternati se non in forma aggregata [English: Data collected in statistical surveys under the national statistical programme may not be disclosed except in aggregate form],Art. 9 of Legislative Decree 322/1989: statistical data may be released only in aggregate form (statistical confidentiality),,official,2026-09-29,research.py: quote exact in fetched document
record:IT:statistics_microdata:operator,istat-it:efe4fdf4e5,page text,L’Istituto nazionale di statistica – ente pubblico di ricerca – è il principale produttore di statistica ufficiale. [English: The National Institute of Statistics - a public research body - is the main producer of official statistics.],ISTAT is the main producer of official statistics,,official,2026-09-29,research.py: quote exact in fetched document
record:IT:statistics_microdata:register,normattiva-it:cb6d493e8b,page text,"effettuato dall'ISTAT con cadenza annuale, nel rispetto delle raccomandazioni internazionali e dei regolamenti europei [English: carried out by ISTAT annually, in line with international recommendations and European regulations]",Art. 3 of Decree-Law 179/2012: ISTAT carries out an annual (permanent) population and housing census,,official,2026-09-29,research.py: quote exact in fetched document
record:IT:trust_services_pki:foreign_dependency,gazzettaufficiale-it:96bca78079,PDF text,c) la Certification Authority (CA Autenticazione e PKI-CIE) [English: c) the Certification Authority (Authentication CA and PKI-CIE)],national,,official,2026-09-29,research.py: quote exact in fetched document
record:IT:trust_services_pki:hosting,gazzettaufficiale-it:96bca78079,PDF text,c) la Certification Authority (CA Autenticazione e PKI-CIE) [English: c) the Certification Authority (Authentication CA and PKI-CIE)],The CIE certification authority (CA Autenticazione and PKI-CIE) is part of the IT infrastructure located in the CNSD,,official,2026-09-29,research.py: quote exact in fetched document
record:IT:trust_services_pki:operator,agid-gov-it:bc8e7b6af7,page text,i fornitori sono sottoposti a vigilanza da parte di autorità competenti (AgID per l’Italia) [English: providers are subject to supervision by competent authorities (AgID for Italy)],AgID is Italy's supervisory authority for qualified trust service providers,,official,2026-09-29,research.py: quote exact in fetched document
record:IT:trust_services_pki:register,gazzettaufficiale-it:96bca78079,PDF text,"la struttura di Certification Authority del CNSD che emette i certificati di autenticazione in rete, componente della piattaforma e dell’infrastruttura per l’emissione della CIE [English: the CNSD Certification Authority structure that issues online authentication certificates, a component of the platform and infrastructure for issuing the CIE]",The CNSD 'CA Autenticazione' is the Ministry of the Interior's certification authority that issues online-authentication certificates for the CIE,,official,2026-09-29,research.py: quote exact in fetched document
record:LU:customs:register,douanes-public-lu:85e862e52f,page text,"eDouane est le point d'accès aux téléservices de l'Administration des douanes et accises du Luxembourg. A partir d'eDouane, vous pouvez accéder à toutes les applications de déclaration en ligne [English: eDouane is the access point to the online services of the Luxembourg Customs and Excise Administration. From eDouane you can access all the online declaration applications]",eDouane is the access point to all online declaration applications of the Customs and Excise Administration,,official,2026-09-29,research.py: quote exact in fetched document
record:LU:digital_identity_credentials:operator,luxtrust-com:9d70f93861,page text,"LuxTrust, prestataire de services de confiance qualifié et acteur de référence de l’identité numérique [English: LuxTrust, qualified trust service provider and reference player in digital identity]",LuxTrust is a qualified trust service provider and a reference digital-identity provider (LuxTrust credentials),,secondary,2026-09-29,research.py: quote exact in fetched document
record:LU:digital_identity_credentials:register,ctie-gouvernement-lu:231c9e328b,page text,le gouvernement luxembourgeois donne au citoyen la possibilité d’utiliser sa carte d’identité électronique [English: the Luxembourg government gives citizens the possibility of using their electronic identity card],GouvID app: lets citizens use the Luxembourg electronic identity card (eID) with a smartphone,,official,2026-09-29,research.py: quote exact in fetched document
record:LU:health_insurance:foreign_dependency,ccss-public-lu:fe41e35d97,page text,la centralisation et le traitement informatique des données pour le compte des différentes institutions de sécurité sociale [English: the centralisation and computer processing of data on behalf of the various social security institutions],national,,official,2026-09-29,research.py: quote exact in fetched document
record:LU:health_insurance:hosting,ccss-public-lu:fe41e35d97,page text,la centralisation et le traitement informatique des données pour le compte des différentes institutions de sécurité sociale [English: the centralisation and computer processing of data on behalf of the various social security institutions],The CCSS centralises and processes data on behalf of the social security institutions,,official,2026-09-29,research.py: quote exact in fetched document
record:LU:health_insurance:operator,cns-public-lu:267521ff6a,page text,la Caisse nationale de santé (CNS) gère les prestations à l’usage de tous les ASSURÉS DU PRIVÉ et des OUVRIERS DE L’ÉTAT [English: the National Health Fund (CNS) manages the benefits for all PRIVATE-SECTOR INSURED PERSONS and STATE WORKERS],The CNS manages benefits for all private-sector insured persons and State workers,,official,2026-09-29,research.py: quote exact in fetched document
record:LU:health_insurance:register,cns-public-lu:372ad85898,page text,"Si je travaille au Luxembourg, que ce soit pour un employeur ou en tant qu'indépendant, je dois obligatoirement être affilié par le Centre commun de la sécurité sociale (CCSS). [English: If I work in Luxembourg, whether for an employer or as a self-employed person, I must be affiliated by the Joint Social Security Centre (CCSS).]","Anyone working in Luxembourg must be affiliated by the CCSS, which triggers health insurance coverage",,official,2026-09-29,research.py: quote exact in fetched document
record:LU:tax:operator,impotsdirects-public-lu:5e0c88ceb7,page text,"L’ACD, représentée par le directeur des contributions, est le responsable du traitement. [English: The ACD, represented by the director of taxes, is the data controller.]",The ACD is the data controller,,official,2026-09-29,research.py: quote exact in fetched document
record:LU:tax:register,impotsdirects-public-lu:5e0c88ceb7,page text,"La fixation des impôts et taxes, la perception et le recouvrement d'impôts, taxes et autres créances, la gestion des échanges d'information nationaux et internationaux [English: The assessment of taxes and duties, the collection and recovery of taxes, duties and other claims, the management of national and international information exchanges]","ACD processes personal data to assess, collect and recover taxes and to exchange information nationally and internationally",,official,2026-09-29,research.py: quote exact in fetched document
record:LU:vehicle_licensing:operator,snca-public-lu:209cfec0f8,page text,"Être au service des automobilistes du Luxembourg en leur fournissant dans les meilleurs délais un support professionnel et une information complète en matière de mise en circulation de véhicules routiers et de permis de conduire [English: To serve Luxembourg motorists by providing, as quickly as possible, professional support and complete information on putting road vehicles into circulation and on driving licences]",The SNCA handles putting road vehicles into circulation and driving licences,,official,2026-09-29,research.py: quote exact in fetched document
record:LU:vehicle_licensing:register,snca-public-lu:af378778a2,page text,"En premier lieu, l’immatriculation vise l’identification univoque de tout véhicule routier et de son titulaire ou propriétaire par le biais d’un numéro d’immatriculation unique [English: First, registration aims at the unambiguous identification of every road vehicle and its holder or owner by means of a unique registration number]",Registration uniquely identifies each road vehicle and its holder or owner,,official,2026-09-29,research.py: quote exact in fetched document
record:LV:benefits_pensions:operator,likumi-lv:e1e6b4266b,page text,"valsts pabalstu un izdienas pensiju piešķiršanu un izmaksu, valsts budžeta līdzekļu izlietošanas kontroli, kā arī citu Aģentūras funkciju kvalitatīvu izpildi. Sistēmas pārzinis ir Aģentūra. [English: the granting and payment of state benefits and service pensions, control of state budget spending, and the proper performance of the Agency's other functions. The controller of the system is the Agency.]",The controller of SAIS is the Agency (State Social Insurance Agency),,official,2026-09-29,research.py: quote exact in fetched document
record:LV:benefits_pensions:register,likumi-lv:e1e6b4266b,page text,"Sociālās apdrošināšanas informācijas sistēma (SAIS) ir valsts informācijas sistēma, kurā iekļauj normatīvajos aktos noteiktajā kārtībā no valsts un pašvaldību iestādēm, fiziskajām un juridiskajām personām saņemto informāciju [English: The Social Insurance Information System (SAIS) is a state information system that holds, as regulated by law, information received from state and municipal institutions and from natural and legal persons]",SAIS is the state information system holding social insurance data used to record insured persons and to grant and pay benefits and pensions,,official,2026-09-29,research.py: quote exact in fetched document
record:LV:breeder_documents:legal_basis,likumi-lv:d3b6fd839e,page text,"Ministru kabinets nosaka kārtību, kādā uzglabā un izmanto dokumentus, kas pamato Reģistrā iekļaujamās un aktualizējamās ziņas, kā arī informāciju par tiem. [English: The Cabinet of Ministers determines the procedure for storing and using documents that substantiate the information to be included and updated in the Register, as well as information about them.]",The Cabinet of Ministers sets how the documents supporting register entries are stored and used,,official,2026-09-29,research.py: quote exact in fetched document
record:LV:breeder_documents:operator,likumi-lv:08ec4d9a76,page text,civilstāvokļa aktu reģistru ierakstus papīra formā glabā 100 gadus un pēc tam nodod Latvijas Nacionālajam arhīvam. [English: keeps civil status register entries in paper form for 100 years and then transfers them to the National Archives of Latvia.],"Registry offices keep paper civil status entries for 100 years, then transfer them to the National Archives of Latvia",,official,2026-09-29,research.py: quote exact in fetched document
record:LV:breeder_documents:register,likumi-lv:08ec4d9a76,page text,Civilstāvokļa aktu reģistru ierakstus glabā papīra formā vienā eksemplārā un elektroniski Fizisko personu reģistrā. [English: Civil status register entries are kept on paper in one copy and electronically in the Register of Natural Persons.],Civil status register entries are held on paper in one copy and electronically in the Register of Natural Persons,,official,2026-09-29,research.py: quote exact in fetched document
record:LV:civil_registry:legal_basis,likumi-lv:d3b6fd839e,page text,"Iekļaujot Reģistrā ziņas par personu, Pārvalde tai piešķir automātiski ģenerētu individuālu personas kodu. [English: When including information about a person in the Register, the Office assigns them an automatically generated individual personal code.]",The Natural Persons Register Law has PMLP assign the national personal code when it enters a person in the register,,official,2026-09-29,research.py: quote exact in fetched document
record:LV:civil_registry:operator,likumi-lv:d3b6fd839e,page text,"Reģistrs ir valsts informācijas sistēma, kurā tiek uzkrāta ierobežotas pieejamības informācija un kuras pārzinis un turētājs ir Pilsonības un migrācijas lietu pārvalde [English: The Register is a state information system in which restricted-access information is accumulated and whose controller and holder is the Office of Citizenship and Migration Affairs]",The controller and holder of the Register is PMLP (Office of Citizenship and Migration Affairs),,official,2026-09-29,research.py: quote exact in fetched document
record:LV:civil_registry:register,likumi-lv:d3b6fd839e,page text,"izveidot un uzturēt vienotu fizisko personu reģistrācijas un uzskaites sistēmu — Fizisko personu reģistru (turpmāk — Reģistrs), lai nodrošinātu fizisko personu identifikāciju un datu apstrādi [English: to establish and maintain a single system for registering and recording natural persons, the Register of Natural Persons (the Register), to ensure the identification of natural persons and data processing]","Fizisko personu reģistrs (Register of Natural Persons), the single system for registering and identifying natural persons",,official,2026-09-29,research.py: quote exact in fetched document
record:LV:customs:operator,likumi-lv:61af74bc67,page text,"Regulas Nr. 952/2013 5.panta 1.punkta izpratnē muitas administrācija Latvijas Republikā ir Valsts ieņēmumu dienests. [English: Within the meaning of Article 5(1) of Regulation No 952/2013, the customs administration in the Republic of Latvia is the State Revenue Service.]","Under Union Customs Code Article 5, the customs administration of Latvia is the State Revenue Service",,official,2026-09-29,research.py: quote exact in fetched document
record:LV:customs:register,likumi-lv:61af74bc67,page text,"kas nav jāiesniedz Eiropas Komisijas centrālajās muitas informācijas sistēmās vai Elektroniskajā muitas datu apstrādes sistēmā, iesniedz Valsts ieņēmumu dienesta elektroniskās deklarēšanas sistēmā. [English: which need not be submitted in the European Commission's central customs information systems or in the Electronic Customs Data Processing System, are submitted in the State Revenue Service electronic declaration system.]","Customs documents go through EU central customs systems, the Electronic Customs Data Processing System, or the VID EDS",,official,2026-09-29,research.py: quote exact in fetched document
record:LV:digital_identity_credentials:legal_basis,likumi-lv:7190ee90a9,page text,"tā izmanto sistēmas, kas nodrošina kvalificēta vai kvalificēta paaugstinātas drošības autentifikācijas apliecinājuma un ar neveiksmīgu autentifikācijas mēģinājumu saistītas informācijas glabāšanu [English: it uses systems that ensure the storage of qualified or qualified high-security authentication confirmations and of information related to failed authentication attempts]",Law on Electronic Identification of Natural Persons: qualified eID providers must keep systems that store authentication confirmations,,official,2026-09-29,research.py: quote exact in fetched document
record:LV:digital_identity_credentials:operator,mod-gov-lv:b56be11174,page text,Komiteja līdz šim ir kvalificējusi un uzrauga divus elektroniskās identifikācijas pakalpojumu sniedzējus un to sniegtos elektroniskās identifikācijas pakalpojumus – Smart-ID un VAS “Latvijas Valsts radio un televīzijas centrs” (LVRTC) [English: The Committee has so far qualified and supervises two electronic identification service providers and the eID services they provide: Smart-ID and the state joint-stock company 'Latvian State Radio and Television Centre' (LVRTC)],The Digital Security Supervisory Committee has qualified and supervises two eID providers: Smart-ID and the state company LVRTC,,official,2026-09-29,research.py: quote exact in fetched document
record:LV:digital_identity_credentials:register,mod-gov-lv:b56be11174,page text,"kura piedāvā četrus elektroniskās identifikācijas līdzekļus – eID karte, eParaksts karte, eParaksts karte+ un eParaksts (mobile) [English: which offers four electronic identification means: eID card, eParaksts card, eParaksts card+ and eParaksts (mobile)]","LVRTC provides four eID means: eID card, eParaksts card, eParaksts card+ and eParaksts mobile",,official,2026-09-29,research.py: quote exact in fetched document
record:LV:education:operator,likumi-lv:b045aa9f7f,page text,Sistēmas pārzinis ir Izglītības un zinātnes ministrija. [English: The controller of the system is the Ministry of Education and Science.],The controller of VIIS is the Ministry of Education and Science,,official,2026-09-29,research.py: quote exact in fetched document
record:LV:education:register,likumi-lv:b045aa9f7f,page text,"Studējošo un absolventu reģistrs, Profesionālās izglītības programmu absolventu reģistrs, Ārvalstīs izsniegto izglītības dokumentu ekspertīzes izziņu reģistrs [English: Register of Students and Graduates, Register of Graduates of Vocational Education Programmes, Register of Expert Statements on Education Documents Issued Abroad]",VIIS includes the student and graduate registers and the register of recognition statements for foreign qualifications,,official,2026-09-29,research.py: quote exact in fetched document
record:LV:electoral_roll:operator,likumi-lv:355d51d235,page text,"Reģistrā iekļautās ziņas apstrādā un Reģistra pārzinis ir Pilsonības un migrācijas lietu pārvalde [English: The information in the Register is processed by, and the controller of the Register is, the Office of Citizenship and Migration Affairs]","PMLP processes the data in, and is the controller of, the Voter Register",,official,2026-09-29,research.py: quote exact in fetched document
record:LV:electoral_roll:register,likumi-lv:355d51d235,page text,"vienotas vēlētāju uzskaites valsts informācijas sistēmas — Vēlētāju reģistra (turpmāk — Reģistrs) — un vēlētāju dalības vēlēšanās reģistrācijas sistēmas [English: a single state information system for recording voters, the Voter Register (the Register), and a system for registering voter participation in elections]",Voter Register Law establishes the Voter Register and the Electronic Online Voter Register,,official,2026-09-29,research.py: quote exact in fetched document
record:LV:geospatial:operator,likumi-lv:441af7a5fc,page text,"Latvijas Ģeotelpiskās informācijas aģentūra ir Aizsardzības ministrijas pārraudzībā esoša tiešās pārvaldes iestāde, kura ģeodēzijas, kartogrāfijas un ģeotelpiskās informācijas jomā īsteno valsts politiku [English: The Latvian Geospatial Information Agency is a direct administration institution under the supervision of the Ministry of Defence which implements state policy in geodesy, cartography and geospatial information]","Geospatial Information Law: LĢIA, under the Ministry of Defence, implements state policy in geodesy, cartography and geospatial information",,official,2026-09-29,research.py: quote exact in fetched document
record:LV:geospatial:register,likumi-lv:441af7a5fc,page text,"administratīvo teritoriju robežas, to apraksti un Valsts adrešu reģistra ģeotelpiskā informācija [English: boundaries of administrative territories, their descriptions and the geospatial information of the State Address Register]",The base geospatial data include administrative boundaries and the geospatial information of the State Address Register,,official,2026-09-29,research.py: quote exact in fetched document
record:LV:issuance_history:legal_basis,likumi-lv:4d153d8d4c,page text,"Personu apliecinošā dokumentā iekļauj ziņas par personu atbilstoši Fizisko personu reģistra datiem un personas biometrijas datus [English: An identity document contains information about the person in accordance with the data of the Register of Natural Persons, and the person's biometric data]","Identity documents are issued based on, and contain data from, the Register of Natural Persons (Personal Identification Documents Law)",,official,2026-09-29,research.py: quote exact in fetched document
record:LV:issuance_history:register,likumi-lv:4d153d8d4c,page text,"iekļaujamas valsts informācijas sistēmā “Nederīgo dokumentu reģistrs”, iekļaujamo ziņu apjomu, iekļaušanas kārtību un glabāšanas termiņus [English: to be included in the state information system 'Register of Invalid Documents', the scope of information to be included, the procedure for inclusion and the retention periods]","Invalid (revoked, lost) identity documents are entered in the state information system 'Register of Invalid Documents'",,official,2026-09-29,research.py: quote exact in fetched document
record:LV:judicial_criminal:operator,likumi-lv:5cd0aec32d,page text,"Sodu reģistrs (turpmāk — reģistrs) ir valsts informācijas sistēma, kuras pārzinis un turētājs ir Iekšlietu ministrijas Informācijas centrs. [English: The Punishment Register (the register) is a state information system whose controller and holder is the Information Centre of the Ministry of the Interior.]",The Punishment Register is a state information system controlled and held by the Interior Ministry Information Centre,,official,2026-09-29,research.py: quote exact in fetched document
record:LV:judicial_criminal:register,likumi-lv:cf66a43776,page text,"Sistēma ir valsts informācijas sistēma, kas ietver rajonu (pilsētu) tiesu, apgabaltiesu, Augstākās tiesas un Satversmes tiesas (turpmāk – tiesa) lietvedības un tiesvedības informācijas reģistrēšanas risinājumu [English: The system is a state information system that includes the solution for registering case-management and proceedings information of district (city) courts, regional courts, the Supreme Court and the Constitutional Court]","TIS is the state information system for case management and proceedings of all courts, including the Supreme Court and the Constitutional Court",,official,2026-09-29,research.py: quote exact in fetched document
record:LV:police_records:operator,likumi-lv:4388dedd2d,page text,"Sistēma ir valsts informācijas sistēma, kuras pārzinis un turētājs ir Iekšlietu ministrijas Informācijas centrs (turpmāk – centrs). [English: The system is a state information system whose controller and holder is the Information Centre of the Ministry of the Interior (the centre).]",The system's controller and holder is the Interior Ministry Information Centre,,official,2026-09-29,research.py: quote exact in fetched document
record:LV:police_records:register,likumi-lv:4388dedd2d,page text,"integrētajā iekšlietu informācijas sistēmā (turpmāk – sistēma) iekļaujamās ziņas, ziņu apjomu, ziņu iekļaušanas pamatu un mērķi [English: the information to be included in the integrated interior information system (the system), the scope of information, the basis and purpose of inclusion]","Cabinet regulations define the data held in the Integrated Interior Information System for locating persons, property and documents",,official,2026-09-29,research.py: quote exact in fetched document
record:LV:public_health_surveillance:operator,likumi-lv:6409d60065,page text,"Infekcijas slimību un laboratoriski konstatēto infekcijas slimību izraisītāju uzskaiti saskaņā ar šo noteikumu 2. un 3. pielikumu nodrošina Slimību profilakses un kontroles centrs. [English: Records of infectious diseases and laboratory-confirmed infectious disease pathogens, per Annexes 2 and 3 of these regulations, are kept by the Centre for Disease Prevention and Control.]",SPKC keeps the records of infectious diseases and laboratory-confirmed pathogens,,official,2026-09-29,research.py: quote exact in fetched document
record:LV:public_health_surveillance:register,likumi-lv:6409d60065,page text,"informācijas sistēmām, kuru dati tiek saņemti, iekļauti un apstrādāti EPID sistēmā. [English: information systems whose data are received, included and processed in the EPID system.]","Surveillance data are received and processed in the EPID system, including data from the Latvian Digital Health Centre's systems",,official,2026-09-29,research.py: quote exact in fetched document
record:LV:residence_permits:legal_basis,likumi-lv:775cd37f98,page text,"Ārzemnieku ieceļošanas un uzturēšanās Latvijas Republikā uzskaitei un kontrolei Pārvalde, Valsts robežsardze un Iekšlietu ministrijas Informācijas centrs veido un uztur elektroniskās informācijas sistēmas. [English: For recording and controlling the entry and residence of foreigners in the Republic of Latvia, the Office, the State Border Guard and the Information Centre of the Ministry of the Interior create and maintain electronic information systems.]","Immigration Law: PMLP, the State Border Guard and the Interior Ministry Information Centre create and maintain information systems for recording foreigners' entry and residence",,official,2026-09-29,research.py: quote exact in fetched document
record:LV:residence_permits:operator,likumi-lv:83a96474c3,page text,"Lai nodrošinātu patvēruma meklētāju uzskaiti un patvēruma procedūras virzību, Pilsonības un migrācijas lietu pārvalde (turpmāk — Pārvalde) uztur un aktualizē patvēruma meklētāju reģistru. [English: To keep records of asylum seekers and to advance the asylum procedure, the Office of Citizenship and Migration Affairs maintains and updates the register of asylum seekers.]",Asylum Law: PMLP maintains the Register of Asylum Seekers,,official,2026-09-29,research.py: quote exact in fetched document
record:LV:residence_permits:register,likumi-lv:d3b6fd839e,page text,"ziņas par Latvijā saņemto uzturēšanās dokumentu — uzturēšanās atļauju, reģistrācijas apliecību vai pastāvīgās uzturēšanās apliecību [English: information on the residence document received in Latvia: residence permit, registration certificate or permanent residence certificate]","The Register of Natural Persons records residence permits, EU registration certificates and permanent residence certificates",,official,2026-09-29,research.py: quote exact in fetched document
record:LV:tax:register,likumi-lv:f1466575f3,page text,"kurš ir Valsts ieņēmumu dienesta elektroniskās deklarēšanas sistēmas lietotājs, paziņo, izmantojot Valsts ieņēmumu dienesta elektroniskās deklarēšanas sistēmu [English: who is a user of the State Revenue Service electronic declaration system, is notified via the State Revenue Service electronic declaration system]",Law on Taxes and Fees: VID communicates with taxpayers through its Electronic Declaration System (EDS),,official,2026-09-29,research.py: quote exact in fetched document
record:MT:civil_registry:legal_basis,legislation-mt:b726d5e90f,PDF text,"In the Public Registry Office in Malta and in Gozo, there shall be kept five register books: one for the registration of acts of birth, one for the registration of acts of marriage","Civil Code (Cap. 16) art. 238(1) requires the Public Registry in Malta and Gozo to keep register books of acts of birth, marriage, civil union, death and cohabitation",,official,2026-09-29,research.py: quote exact in fetched document
record:MT:civil_registry:operator,legislation-mt:57d033af2b,PDF text,Each of the said offices shall be under the management of an officer called Director of the Public Registry,"Public Registry offices are managed by the Director of the Public Registry (Public Registry Act, Cap. 56)",,official,2026-09-29,research.py: quote exact in fetched document
record:MT:civil_registry:register,identita-gov-mt:e91aaadc94,page text,"Civil Status Section is responsible for the issuance of true copies of Acts of Birth, Marriage, Civil Union, and Death registered in Malta","Civil Status Section of the Public Registry holds acts of birth, marriage, civil union and death registered in Malta",,official,2026-09-29,research.py: quote exact in fetched document
record:MT:digital_identity_credentials:operator,identita-gov-mt:b58a780ace,page text,The Identity Cards Unit is responsible for issuing electronic Identity Cards to Maltese Citizens and registering e-ID (Virtual) accounts for individuals.,Identity Cards Unit registers e-ID (virtual) accounts,,official,2026-09-29,research.py: quote exact in fetched document
record:MT:digital_identity_credentials:register,identita-gov-mt:9a76dd1f0b,page text,"When applying for an e-ID Card, applicants may subscribe for their e-ID virtual account, which is required to access Government online services.",The e-ID virtual account is required to access Government online services,,official,2026-09-29,research.py: quote exact in fetched document
record:MT:electoral_roll:legal_basis,legislation-mt:017ae7f717,PDF text,"The registration, transfer, correction and cancellation of voters, the compilation of the Electoral Register, the election of members of the House of Representatives",General Elections Act (Cap. 354) art. 7(1): compilation of the Electoral Register is the sole responsibility of the Electoral Commission,,official,2026-09-29,research.py: quote exact in fetched document
record:MT:electoral_roll:register,legislation-mt:017ae7f717,PDF text,The Commission is also to ensure that the Electoral Register database includes only the details of those persons eligible to vote.,The Act refers to the Electoral Register database,,official,2026-09-29,research.py: quote exact in fetched document
record:MT:facial_biometric:legal_basis,legislation-mt:d9e89c3cb8,PDF text,An identity card shall contain a photograph of the person in respect of whom it is issued,Identity Card and other Identity Documents Act (Cap. 258) art. 5(2): identity card contains the holder's photograph,,official,2026-09-29,research.py: quote exact in fetched document
record:MT:facial_biometric:register,identita-gov-mt:d7ec3fc7a7,page text,"The facial image and information captured to produce the actual e-ID card are passed to the Electoral Office and used for election-related purposes, including the printing of voting documents and the publication of electoral registers.",Facial images captured for the e-ID card are passed to the Electoral Office for voting documents and electoral registers,,official,2026-09-29,research.py: quote exact in fetched document
record:MT:fingerprint_biometric:legal_basis,identita-gov-mt:38e4dd4c1e,page text,the Malta Passport Office started the process of collecting fingerprints from applicants in accordance with EC Regulation No. 2252/2004,Fingerprint collection started 28 June 2010 under Regulation (EC) No 2252/2004,,official,2026-09-29,research.py: quote exact in fetched document
record:MT:fingerprint_biometric:register,identita-gov-mt:393db9f62f,page text,"At the office live biometrics will be captured including facial image, fingerprints, and signature.",Live biometrics including fingerprints are captured at the Passport Office for passport applications,,official,2026-09-29,research.py: quote exact in fetched document
record:MT:health_insurance:legal_basis,legislation-mt:99c0b7a467,PDF text,"To regulate the entitlement to, and the quality of, healthcare services in Malta",Health Act (Cap. 528) regulates entitlement to healthcare services,,official,2026-09-29,research.py: quote exact in fetched document
record:MT:health_insurance:register,legislation-mt:99c0b7a467,PDF text,"""insured person"" means a person included in the list established by regulations made under this Act;",Health Act defines insured persons as those included in a list established by regulations,,official,2026-09-29,research.py: quote exact in fetched document
record:MT:intelligence:legal_basis,legislation-mt:875c5523e5,PDF text,"There shall continue to be a Security Service (in this Act referred to as ""the Service"") under the authority of the Minister.",Security Service Act (Cap. 391) art. 3(1) continues the Security Service,,official,2026-09-29,research.py: quote exact in fetched document
record:MT:intelligence:register,legislation-mt:875c5523e5,PDF text,"The function of the Service shall be to protect national security and, in particular, against threats from organised crime, espionage, terrorism and sabotage","The Service's function is protecting national security against organised crime, espionage, terrorism and sabotage",,official,2026-09-29,research.py: quote exact in fetched document
record:MT:issuance_history:legal_basis,legislation-mt:d9e89c3cb8,PDF text,Every Maltese national over the age of fourteen years shall be in possession of a valid identity card,Cap. 258 art. 4: every Maltese national over 14 must hold a valid identity card,,official,2026-09-29,research.py: quote exact in fetched document
record:MT:issuance_history:operator,identita-gov-mt:b58a780ace,page text,The Identity Cards Unit is responsible for issuing electronic Identity Cards to Maltese Citizens and registering e-ID (Virtual) accounts for individuals.,The Identity Cards Unit issues electronic ID cards and registers e-ID accounts,,official,2026-09-29,research.py: quote exact in fetched document
record:MT:issuance_history:register,identita-gov-mt:38e4dd4c1e,page text,"The first Maltese biometric passport was issued on September 30, 2008",Biometric passports have been issued since 30 September 2008,,official,2026-09-29,research.py: quote exact in fetched document
record:MT:judicial_criminal:legal_basis,legislation-mt:f699ce2efa,PDF text,The Department of Justice shall be responsible to: (a) maintain a national criminal records register; and (b) issue conduct certificates,Conduct Certificates Ordinance (Cap. 77) art. 2: Department of Justice maintains a national criminal records register,,official,2026-09-29,research.py: quote exact in fetched document
record:MT:judicial_criminal:register,legislation-mt:f699ce2efa,PDF text,the following competent authorities shall have continuous direct access to the complete record of criminal convictions of a person,"Named authorities (Attorney General, Commissioner of Police, Security Service) have continuous direct access to criminal conviction records",,official,2026-09-29,research.py: quote exact in fetched document
record:MT:official_gazette:register,legislation-mt:0910929420,page text,"F'Legiżlazzjoni Malta għandek issib il-Liġijijiet kollha ta' Malta, inkluża l-leġiżlazzjoni sussidjarja konsolidata. [English: In Legislation Malta you will find all the Laws of Malta, including consolidated subsidiary legislation.]",Legislation Malta portal holds all Maltese laws including consolidated subsidiary legislation,,official,2026-09-29,research.py: quote exact in fetched document
record:MT:residence_permits:legal_basis,legislation-mt:b5ea6211a7,PDF text,"visas, residence permits, work permits and other administrative matters related to expatriates","Identity Malta Agency (Establishment) Order S.L. 595.07 assigns visas, residence and work permits to the agency",,official,2026-09-29,research.py: quote exact in fetched document
record:MT:residence_permits:operator,identita-gov-mt:4f6320b11b,page text,The Expatriates Unit is involved in the legal migration process and caters for the processing and issuing of residence documentation.,Expatriates Unit processes and issues residence documentation,,official,2026-09-29,research.py: quote exact in fetched document
record:MT:residence_permits:register,identita-gov-mt:357a81b8b9,page text,"During the appointment session, the biometrics will be taken.",Biometrics are captured from non-EU applicants for residence documents,,official,2026-09-29,research.py: quote exact in fetched document
record:MT:statistics_microdata:legal_basis,legislation-mt:7adc09e117,PDF text,"""confidential data"" means data obtained by the National Statistics Office for the production of official statistics",Malta Statistics Authority Act (Cap. 422) defines confidential data obtained by the NSO,,official,2026-09-29,research.py: quote exact in fetched document
record:MT:statistics_microdata:register,legislation-mt:7adc09e117,PDF text,"In the case of the holding of any census of population and housing, the relevant order shall be prescribed by the Prime Minister",Census of population and housing held by order under the Act,,official,2026-09-29,research.py: quote exact in fetched document
record:MT:trust_services_pki:legal_basis,legislation-mt:7661cbf0ec,PDF text,The competent regulator shall be responsible for the supervisory tasks stated in the Regulation,Electronic Commerce Act (Cap. 426) art. 23A: a competent regulator supervises (qualified) trust service providers under eIDAS,,official,2026-09-29,research.py: quote exact in fetched document
record:MT:trust_services_pki:register,identita-gov-mt:9a76dd1f0b,page text,Applicants may choose to make use of the certificates (Authentication Certificate and Signature Certificate) found on their e-ID Card,e-ID cards carry an Authentication Certificate and a Signature Certificate,,official,2026-09-29,research.py: quote exact in fetched document
record:NL:business_registry:register,kvk:handelsregister,Intro paragraph under the heading 'Over het Handelsregister',Bedrijven en organisaties zijn ingeschreven in het Handelsregister van KVK. Dat register is openbaar.,,,official,2026-09-21,national_data.csv migration (#67)
record:NL:civil_registry:register,rvig:brp,"Intro section, first paragraph",De Nederlandse overheid registreert persoonsgegevens in de Basisregistratie Personen (BRP).,,,official,2026-09-21,national_data.csv migration (#67)
record:NL:customs:legal_basis,wetten-overheid-nl:e5723fa0de,page text,De bepalingen bij of krachtens deze wet vormen de nationale bepalingen ter uitvoering van: a. het Douanewetboek van de Unie [English: The provisions under this act form the national provisions implementing: a. the Union Customs Code],General Customs Act implements the Union Customs Code,,official,2026-09-29,research.py: quote exact in fetched document
record:NL:customs:register,zoek-officielebekendmakingen-nl:71ff96c75f,page text,Het huidige aangiftesysteem (AGS) wordt vervangen door een nieuw aangiftesysteem (DMS) [English: The current declaration system (AGS) is being replaced by a new declaration system (DMS)],Current declaration system AGS is being replaced by the new DMS,,official,2026-09-29,research.py: quote exact in fetched document
record:NL:digital_identity_credentials:foreign_dependency,digid-nl:0bc47690fd,page text,Persoonsgegevens worden opgeslagen op ICT-faciliteiten die zich bevinden op Nederlands grondgebied en die worden beheerd door Logius. Uw persoonsgegevens worden niet doorgegeven aan landen buiten de EU. [English: Personal data is stored on ICT facilities located on Dutch territory and managed by Logius. Your personal data is not transferred to countries outside the EU.],national,,official,2026-09-29,research.py: quote exact in fetched document
record:NL:digital_identity_credentials:hosting,digid-nl:0bc47690fd,page text,Persoonsgegevens worden opgeslagen op ICT-faciliteiten die zich bevinden op Nederlands grondgebied en die worden beheerd door Logius. Uw persoonsgegevens worden niet doorgegeven aan landen buiten de EU. [English: Personal data is stored on ICT facilities located on Dutch territory and managed by Logius. Your personal data is not transferred to countries outside the EU.],Stored on ICT facilities on Dutch territory managed by Logius; not transferred outside the EU,,official,2026-09-29,research.py: quote exact in fetched document
record:NL:digital_identity_credentials:legal_basis,digid-nl:0bc47690fd,page text,"De grondslag voor het verwerken van persoonsgegevens is het Besluit digitale overheid, dat gebaseerd is op de Wet Digitale overheid. [English: The legal basis for processing personal data is the Digital Government Decree, based on the Digital Government Act.]","Besluit digitale overheid, based on the Wet digitale overheid (Digital Government Act)",,official,2026-09-29,research.py: quote exact in fetched document
record:NL:digital_identity_credentials:operator,digid-nl:0bc47690fd,page text,De minister van Binnenlandse Zaken en Koninkrijksrelaties is verantwoordelijk voor het verwerken van persoonsgegevens voor DigiD. Het beheer van DigiD wordt uitgevoerd door Logius . [English: The Minister of the Interior is responsible for processing personal data for DigiD. DigiD is managed by Logius.],Minister of BZK is controller; DigiD is managed by Logius,,official,2026-09-29,research.py: quote exact in fetched document
record:NL:digital_identity_credentials:register,logius-nl:ff0101bb0f,page text,DigiD is een veilig en betrouwbaar middel waarmee gebruikers zich digitaal kunnen identificeren. [English: DigiD is a secure and reliable means by which users can identify themselves digitally.],DigiD: the national means for citizens to identify digitally,,official,2026-09-29,research.py: quote exact in fetched document
record:NL:facial_biometric:legal_basis,wetten-overheid-nl:f0be5f00e8,page text,"Een reisdocument is voorzien van de gezichtsopname, twee vingerafdrukken en de handtekening van de houder volgens nader bij regeling van Onze Minister te stellen regels. [English: A travel document contains the facial image, two fingerprints and the signature of the holder according to rules to be set by ministerial regulation.]","Passport Act (Paspoortwet) art. 3: travel documents contain the facial image, two fingerprints and signature",,official,2026-09-29,research.py: quote exact in fetched document
record:NL:facial_biometric:register,wetten-overheid-nl:f0be5f00e8,page text,"De tot uitreiking bevoegde autoriteiten voeren een reisdocumentenadministratie ten behoeve van de aanvraag, verstrekking en uitreiking van reisdocumenten. De administratie bevat de gegevens bedoeld in het eerste, tweede, vierde, vijfde, zesde en zevende lid [English: The authorities competent to issue keep a travel document administration for application, provision and issuance of travel documents. The administration contains the data referred to in paragraphs one, two, four, five, six and seven]",Issuing authorities keep a travel document administration containing the data of art. 3 paras 1-2 (incl. facial image),,official,2026-09-29,research.py: quote exact in fetched document
record:NL:fingerprint_biometric:register,wetten-overheid-nl:f0be5f00e8,page text,"De bij de aanvraag van een reisdocument opgenomen vingerafdrukken worden bewaard totdat de uitreiking van het aangevraagde reisdocument, dan wel de reden voor het niet uitreiken daarvan, in de administratie, bedoeld in het achtste lid, is geregistreerd [English: The fingerprints taken on application for a travel document are kept until the issuance of the requested document, or the reason for not issuing it, has been registered in the administration referred to in paragraph eight]","Fingerprints taken for a travel document are kept only until issuance (or non-issuance) is registered, and used only for issuing",,absence,2026-09-29,research.py: quote exact in fetched document
record:NL:health_records:hosting,aorta-lsp-nl:a3bc7f4cfe,page text,Die gegevens zijn en blijven decentraal opgeslagen bij de bron; de dossierhoudende huisarts of apotheker. [English: That data is and remains stored decentrally at the source: the record-holding GP or pharmacist.],Medical data remain stored decentrally at the source (GP or pharmacist),,official,2026-09-29,research.py: quote exact in fetched document
record:NL:health_records:legal_basis,wetten-overheid-nl:1180d41cc2,page text,"elektronisch uitwisselingssysteem: een systeem waarmee zorgaanbieders op elektronische wijze, dossiers, gedeelten van dossiers of gegevens uit dossiers voor andere zorgaanbieders raadpleegbaar kunnen maken [English: electronic exchange system: a system by which care providers can electronically make records, parts of records or data from records accessible to other care providers]",Wabvpz defines electronic exchange systems,,official,2026-09-29,research.py: quote exact in fetched document
record:NL:health_records:operator,aorta-lsp-nl:b5dd9e1e0f,page text,"AORTA, met de voorzieningen in het Landelijk Schakelpunt, bestaat sinds 2012 en is in beheer bij de Vereniging van Zorgaanbieders voor Zorgcommunicatie (VZVZ). [English: AORTA, with the facilities in the National Switch Point, has existed since 2012 and is managed by VZVZ.]",AORTA/LSP managed by VZVZ since 2012,,official,2026-09-29,research.py: quote exact in fetched document
record:NL:health_records:register,aorta-lsp-nl:ad10d4680e,page text,"Het Landelijk Schakelpunt (LSP) is een landelijke infrastructuur voor de gezondheidszorg, waarmee zorgaanbieders medische gegevens van hun patiënten uitwisselen. [English: The National Switch Point (LSP) is a national healthcare infrastructure through which care providers exchange their patients' medical data.]",LSP is a national infrastructure through which care providers exchange patients' medical data,,official,2026-09-29,research.py: quote exact in fetched document
record:NL:land_property:register,kadaster:brk,"Intro under the heading 'Basisregistratie Kadaster (BRK)', first item of the 'bestaat uit' list",de kadastrale registratie van onroerende zaken en zakelijke rechten,,,official,2026-09-21,national_data.csv migration (#67)
record:NL:public_health_surveillance:legal_basis,wetten-overheid-nl:700130d29c,page text,"Bij algemene maatregel van bestuur wordt een vaccinatieprogramma vastgesteld, waarin wordt opgenomen welke groepen voor welke vaccinaties in aanmerking komen. [English: A vaccination programme is established by order in council, stating which groups are eligible for which vaccinations.]",Public Health Act art. 6b: vaccination programme set by order in council,,official,2026-09-29,research.py: quote exact in fetched document
record:NL:public_health_surveillance:register,zoek-officielebekendmakingen-nl:9af8d75334,page text,"het landelijke registratiesysteem Praeventis, waarin voor iedere individuele deelnemer aan het RVP centraal wordt geregistreerd welke vaccinaties zijn toegediend en dat dagelijks up-to-date gehouden wordt. [English: the national registration system Praeventis, in which for every individual participant in the national immunisation programme it is centrally registered which vaccinations were given, kept up to date daily.]",Praeventis centrally registers vaccinations of every participant in the national immunisation programme,,official,2026-09-29,research.py: quote exact in fetched document
record:NL:statistics_microdata:hosting,cbs-nl:4c20e66a3a,page text,Het borgen van privacy en het voorkomen van onthulling van personen of bedrijven is daarbij het uitgangspunt. Het onderzoek wordt gedaan in de CBS-microdataomgeving. [English: Safeguarding privacy and preventing disclosure of persons or businesses is the starting point. The research is done in the CBS microdata environment.],Research is done inside the CBS microdata environment,,official,2026-09-29,research.py: quote exact in fetched document
record:NL:statistics_microdata:legal_basis,wetten-overheid-nl:d6777e8911,page text,De door de directeur-generaal in het kader van de uitoefening van de taken ter uitvoering van deze wet ontvangen gegevens worden uitsluitend gebruikt voor statistische doeleinden. [English: Data received by the Director-General in performing tasks under this act are used exclusively for statistical purposes.],CBS Act art. 37: data received used only for statistical purposes,,official,2026-09-29,research.py: quote exact in fetched document
record:NL:statistics_microdata:register,cbs-nl:4c20e66a3a,page text,"Microdata zijn koppelbare data op persoons-, bedrijfs- en adresniveau waarmee Nederlandse universiteiten, wetenschappelijke organisaties, planbureaus en onderzoeksinstanties in een aantal andere EU-landen onder strikte voorwaarden zelf statistisch onderzoek kunnen doen. [English: Microdata are linkable data at person, business and address level with which Dutch universities, scientific organisations, planning agencies and research bodies in some other EU countries can do statistical research under strict conditions.]","Microdata: linkable person, business and address-level data for authorised researchers",,official,2026-09-29,research.py: quote exact in fetched document
record:NL:trust_services_pki:operator,logius-nl:b7d25aebe2,page text,PKIoverheid is een afsprakenstelsel dat wordt beheerd door Logius. Het ministerie van Binnenlandse Zaken en Koninkrijksrelaties is de opdrachtgever. [English: PKIoverheid is a trust framework managed by Logius. The Ministry of the Interior is the commissioning body.],PKIoverheid is a trust framework managed by Logius on behalf of Ministry of BZK,,official,2026-09-29,research.py: quote exact in fetched document
record:NL:trust_services_pki:register,logius-nl:b7d25aebe2,page text,TSP’s geven de certificaten uit onder het vertrouwensanker van de Staat der Nederlanden zoals beschreven in de richtlijnen van het afsprakenstelsel. [English: TSPs issue certificates under the trust anchor of the State of the Netherlands as described in the framework's guidelines.],TSPs issue certificates under the State of the Netherlands trust anchor,,official,2026-09-29,research.py: quote exact in fetched document
record:NL:vehicle_licensing:legal_basis,wetten-overheid-nl:d93f954bd2,page text,Er is een kentekenregister. Dit register is een basisregistratie. [English: There is a vehicle registration register. This register is a base register.],Road Traffic Act 1994 art. 42: vehicle registration register is a base register,,official,2026-09-29,research.py: quote exact in fetched document
record:NL:vehicle_licensing:operator,wetten-overheid-nl:d93f954bd2,page text,De Dienst Wegverkeer is de beheerder en verwerkingsverantwoordelijke van het kentekenregister. [English: The Road Traffic Agency is the manager and controller of the vehicle registration register.],RDW manages and is controller of the vehicle registration register,,official,2026-09-29,research.py: quote exact in fetched document
record:NL:vehicle_licensing:register,wetten-overheid-nl:d93f954bd2,page text,Er is een rijbewijzenregister. De Dienst Wegverkeer is beheerder en verwerkingsverantwoordelijke van het rijbewijzenregister. [English: There is a driving licence register. The Road Traffic Agency is manager and controller of the driving licence register.],Art. 126: driving licence register managed by RDW,,official,2026-09-29,research.py: quote exact in fetched document
record:PL:beneficial_ownership:operator,api-sejm-gov-pl:a381458969,PDF text,Organem właściwym w sprawach Rejestru jest minister właściwy do spraw finansów publicznych. [English: The authority competent for the Register is the minister responsible for public finance.],The competent authority for the register is the minister responsible for public finance (Art. 56),,official,2026-09-29,research.py: quote exact in fetched document
record:PL:beneficial_ownership:register,api-sejm-gov-pl:a381458969,PDF text,"Centralny Rejestr Beneficjentów Rzeczywistych, zwany dalej „Rejestrem”, jest prowadzony przy użyciu systemu teleinformatycznego [English: The Central Register of Beneficial Owners ('the Register') is kept using an ICT system]",AML Act Art. 55: CRBR is kept using an ICT system,,official,2026-09-29,research.py: quote exact in fetched document
record:PL:benefits_pensions:legal_basis,api-sejm-gov-pl:4590342121,PDF text,"Zakład prowadzi: 1) konta ubezpieczonych, z których każde jest oznaczone numerem PESEL; [English: ZUS keeps: 1) accounts of insured persons, each identified by a PESEL number;]","Social Insurance System Act Art. 33: ZUS keeps insured persons' accounts, each identified by PESEL",,official,2026-09-29,research.py: quote exact in fetched document
record:PL:benefits_pensions:register,api-sejm-gov-pl:4590342121,PDF text,3) Centralny Rejestr Ubezpieczonych; 4) Centralny Rejestr Płatników Składek; 5) Centralny Rejestr Członków Otwartych Funduszy Emerytalnych; [English: 3) Central Register of the Insured; 4) Central Register of Contribution Payers; 5) Central Register of Open Pension Fund Members;],"ZUS also keeps the Central Register of Insured Persons, of Contribution Payers and of Open Pension Fund Members",,official,2026-09-29,research.py: quote exact in fetched document
record:PL:breeder_documents:legal_basis,api-sejm-gov-pl:cb8726d3b3,PDF text,"Rejestr stanu cywilnego jest prowadzony w systemie teleinformatycznym. 2. Utrzymanie i rozwój rejestru stanu cywilnego, w celu realizacji zadań określonych w ustawie, zapewnia minister właściwy do spraw informatyzacji [English: The civil status register is kept in an ICT system. 2. Maintenance and development of the civil status register ... is ensured by the minister responsible for digital affairs]","Prawo o aktach stanu cywilnego (Civil Status Records Act), Art. 5: the civil status register is kept in an ICT system maintained by the digital affairs minister",,official,2026-09-29,research.py: quote exact in fetched document
record:PL:breeder_documents:register,api-sejm-gov-pl:cb8726d3b3,PDF text,Przeniesienie aktu stanu cywilnego do rejestru stanu cywilnego jest dokonywane z urzędu. [English: Transfer of a civil status act into the civil status register is carried out ex officio.],Older paper civil-status acts are transferred (digitised) into the civil status register ex officio (Art. 125),,official,2026-09-29,research.py: quote exact in fetched document
record:PL:business_registry:legal_basis,api-sejm-gov-pl:c57bd286fa,PDF text,"Tworzy się Krajowy Rejestr Sądowy, zwany dalej „Rejestrem”. 2. Rejestr składa się z: 1) rejestru przedsiębiorców; [English: The National Court Register is established. 2. The Register consists of: 1) the register of entrepreneurs;]","National Court Register Act Art. 1 establishes the KRS, including the register of entrepreneurs",,official,2026-09-29,research.py: quote exact in fetched document
record:PL:business_registry:operator,api-sejm-gov-pl:c57bd286fa,PDF text,Minister Sprawiedliwości utrzymuje system teleinformatyczny służący do prowadzenia Rejestru [English: The Minister of Justice maintains the ICT system used to keep the Register],The Minister of Justice maintains the ICT system used to keep the KRS (Art. 3a),,official,2026-09-29,research.py: quote exact in fetched document
record:PL:business_registry:register,api-sejm-gov-pl:b0baa097d1,PDF text,"Centralną Ewidencję i Informację o Działalności Gospodarczej, zwaną dalej „CEIDG”, prowadzi w systemie teleinformatycznym minister właściwy do spraw gospodarki. [English: The Central Register and Information on Economic Activity (CEIDG) is kept in an ICT system by the minister responsible for the economy.]",CEIDG (sole-trader business register) is kept in an ICT system by the economy minister,,official,2026-09-29,research.py: quote exact in fetched document
record:PL:crisis_management:operator,api-sejm-gov-pl:bd018c5f12,PDF text,"Tworzy się Rządowe Centrum Bezpieczeństwa, zwane dalej „Centrum”, będące państwową jednostką budżetową podległą Prezesowi Rady Ministrów. [English: The Government Centre for Security is established as a state budgetary unit subordinate to the Prime Minister.]",Crisis Management Act Art. 10 establishes RCB as a state budgetary unit under the Prime Minister,,official,2026-09-29,research.py: quote exact in fetched document
record:PL:crisis_management:register,api-sejm-gov-pl:7b1f79b6ae,PDF text,"sposób i tryb współpracy dyrektora Rządowego Centrum Bezpieczeństwa, zwanego dalej „Centrum”, z operatorem ruchomej publicznej sieci telekomunikacyjnej [English: the manner and procedure of cooperation between the director of the Government Centre for Security and the operator of a public mobile telecommunications network]",Council of Ministers regulation on cooperation of the RCB director with mobile network operators to warn end users (Alert RCB),,official,2026-09-29,research.py: quote exact in fetched document
record:PL:customs:legal_basis,api-sejm-gov-pl:bb175fdd7b,page text,"Minister właściwy do spraw finansów publicznych określi, w drodze rozporządzenia, szczegółowe wymogi, jakie powinno spełniać zgłoszenie celne, w tym dokonywane z wykorzystaniem systemu teleinformatycznego [English: The minister responsible for public finance shall specify, by regulation, the detailed requirements for customs declarations, including those made using an ICT system]","Customs Law Art. 19: the finance minister sets requirements for customs declarations, including those made via ICT systems",,official,2026-09-29,research.py: quote exact in fetched document
record:PL:customs:register,puesc-gov-pl:8556b7054c,page text,"PUESC to system teleinformatyczny, który umożliwia wymianę informacji drogą elektroniczną między KAS i klientami KAS we wskazanym zakresie tematycznym. [English: PUESC is an ICT system enabling electronic exchange of information between KAS and KAS clients within a specified scope.]","PUESC is the ICT system for electronic exchange between KAS and its clients, including declarations",,official,2026-09-29,research.py: quote exact in fetched document
record:PL:digital_identity_credentials:count,coi-gov-pl:c952715f9d,page text,14 mln of active trusted profiles > 27 mln of mObywatel app downloads,Over 14 million active trusted profiles; over 27 million mObywatel app downloads,,official,2026-09-29,research.py: quote exact in fetched document
record:PL:digital_identity_credentials:operator,api-sejm-gov-pl:a19bebcdc3,PDF text,Minister właściwy do spraw informatyzacji: 1) zarządza publicznym systemem identyfikacji elektronicznej; [English: The minister responsible for digital affairs: 1) manages the public electronic identification system;],"The digital affairs minister manages the public electronic identification system (Art. 20ab, Act on Computerisation of Public Task Entities)",,official,2026-09-29,research.py: quote exact in fetched document
record:PL:digital_identity_credentials:register,coi-gov-pl:f7b67b62ea,page text,Profil zaufany jest środkiem identyfikacji elektronicznej notyfikowanym na poziomie średnim. [English: The trusted profile is an electronic identification means notified at the substantial level.],Profil Zaufany is an electronic identification means notified at assurance level substantial,,official,2026-09-29,research.py: quote exact in fetched document
record:PL:education:register,api-sejm-gov-pl:b1d1f78bc5,PDF text,"Baza danych SIO jest to centralny zbiór danych, prowadzony przez ministra właściwego do spraw oświaty i wychowania [English: The SIO database is a central data set kept by the minister responsible for education]",Education Information System Act Art. 4: SIO database is a central data set kept by the education minister,,official,2026-09-29,research.py: quote exact in fetched document
record:PL:electoral_roll:operator,api-sejm-gov-pl:36abc3dd17,PDF text,"Minister właściwy do spraw informatyzacji prowadzi w systemie teleinformatycznym Centralny Rejestr Wyborców, a także zapewnia jego utrzymanie i rozwój w celu realizacji zadań określonych w kodeksie [English: The minister responsible for digital affairs keeps the Central Register of Voters in an ICT system and ensures its maintenance and development]",The digital affairs minister keeps the Central Register of Voters in an ICT system (Art. 18 §4),,official,2026-09-29,research.py: quote exact in fetched document
record:PL:electoral_roll:register,api-sejm-gov-pl:36abc3dd17,PDF text,"Centralny Rejestr Wyborców obejmuje: 1) osoby, którym przysługuje prawo wybierania; [English: The Central Register of Voters covers: 1) persons who have the right to vote;]",Electoral Code Art. 18: the Central Register of Voters covers persons entitled to vote,,official,2026-09-29,research.py: quote exact in fetched document
record:PL:facial_biometric:operator,api-sejm-gov-pl:e6fbf3e6b0,PDF text,"Rejestr Dowodów Osobistych jest rejestrem centralnym prowadzonym w systemie teleinformatycznym. 2. Utrzymanie i rozwój Rejestru Dowodów Osobistych, w celu realizacji zadań określonych w ustawie, zapewnia minister właściwy do spraw informatyzacji [English: The ID Card Register is a central register kept in an ICT system. 2. Maintenance and development of the ID Card Register ... is ensured by the minister responsible for digital affairs]",RDO is a central ICT register maintained by the minister responsible for digital affairs (Art. 55),,official,2026-09-29,research.py: quote exact in fetched document
record:PL:facial_biometric:register,api-sejm-gov-pl:e6fbf3e6b0,PDF text,"W Rejestrze Dowodów Osobistych gromadzi się: 1) dane, o których mowa w art. 28 pkt 1–9, 13 i 15; 2) fotografię, o której mowa w art. 29; [English: The ID Card Register stores: 1) the data referred to in Art. 28 points 1-9, 13 and 15; 2) the photograph referred to in Art. 29;]",The ID Card Register stores the applicant's photograph (Art. 56(1)(2) of the Identity Cards Act),,official,2026-09-29,research.py: quote exact in fetched document
record:PL:fingerprint_biometric:register,api-sejm-gov-pl:e6fbf3e6b0,PDF text,"Danych zgromadzonych w Rejestrze Dowodów Osobistych nie usuwa się z wyjątkiem danych, o których mowa w ust. 1 pkt 2a, które przechowuje się wyłącznie do dnia: 1) odbioru dowodu osobistego, nie dłużej jednak niż do 90 dni od daty wydania dowodu osobistego [English: Data in the ID Card Register are not deleted, except the data referred to in para. 1 point 2a [fingerprints], which are stored only until: 1) collection of the ID card, but no longer than 90 days from its issue date]","Fingerprints in the ID Card Register are kept only until the card is collected, at most 90 days after issue; all other RDO data are never deleted",,absence,2026-09-29,research.py: quote exact in fetched document
record:PL:geospatial:operator,api-sejm-gov-pl:dbbb074556,page text,prowadzi centralny zasób geodezyjny i kartograficzny oraz dysponuje środkami Funduszu Gospodarki Zasobem Geodezyjnym i Kartograficznym [English: keeps the central geodetic and cartographic resource and manages the funds of the Geodetic and Cartographic Resource Fund],Geodetic and Cartographic Law Art. 7a: the Surveyor General keeps the central geodetic and cartographic resource,,official,2026-09-29,research.py: quote exact in fetched document
record:PL:geospatial:register,api-sejm-gov-pl:dbbb074556,page text,"państwowy rejestr granic i powierzchni jednostek podziałów terytorialnych kraju, zintegrowany z ewidencją gruntów i budynków oraz ewidencją miejscowości, ulic i adresów [English: the state register of boundaries and areas of territorial units, integrated with the land and building register and the register of localities, streets and addresses]","State register of boundaries, integrated with the land and building cadastre and the register of localities, streets and addresses",,official,2026-09-29,research.py: quote exact in fetched document
record:PL:health_records:operator,api-sejm-gov-pl:dbb2eb1699,PDF text,"Administratorem systemu Elektronicznej Platformy Gromadzenia, Analizy i Udostępnienia Zasobów Cyfrowych o Zdarzeniach Medycznych jest jednostka podległa ministrowi właściwemu do spraw zdrowia, właściwa w zakresie systemów informacyjnych ochrony zdrowia. [English: The system administrator of the P1 platform is a unit subordinate to the minister responsible for health, competent for health information systems.]",Administrator of P1 is a unit subordinate to the health minister competent for health information systems,,official,2026-09-29,research.py: quote exact in fetched document
record:PL:health_records:register,api-sejm-gov-pl:dbb2eb1699,PDF text,"Elektroniczna Platforma Gromadzenia, Analizy i Udostępnienia Zasobów Cyfrowych o Zdarzeniach Medycznych jest systemem teleinformatycznym [English: The Electronic Platform for Collection, Analysis and Sharing of Digital Resources on Medical Events is an ICT system]",Health Information System Act Art. 7: the P1 platform is an ICT system giving access to data on healthcare services in SIM,,official,2026-09-29,research.py: quote exact in fetched document
record:PL:issuance_history:legal_basis,api-sejm-gov-pl:9606c9dde2,PDF text,"Danych przetwarzanych w Rejestrze Dokumentów Paszportowych nie usuwa się, z wyjątkiem danych biometrycznych w postaci odcisków palców. [English: Data processed in the Passport Documents Register are not deleted, except biometric data in the form of fingerprints.]","Passport register data are never deleted, except fingerprints (Art. 83)",,official,2026-09-29,research.py: quote exact in fetched document
record:PL:issuance_history:register,api-sejm-gov-pl:9606c9dde2,PDF text,"Rejestr Dokumentów Paszportowych jest rejestrem prowadzonym w systemie teleinformatycznym. 2. Utrzymanie i rozwój Rejestru Dokumentów Paszportowych, w celu realizacji zadań określonych w ustawie, zapewnia minister właściwy do spraw informatyzacji [English: The Passport Documents Register is kept in an ICT system. 2. Maintenance and development of the Passport Documents Register ... is ensured by the minister responsible for digital affairs]",Passport Documents Register is an ICT register maintained by the digital affairs minister (Art. 78 Passport Documents Act),,official,2026-09-29,research.py: quote exact in fetched document
record:PL:national_archives:legal_basis,api-sejm-gov-pl:15cf3d374d,page text,Wywóz za granicę materiałów archiwalnych stanowiących narodowy zasób archiwalny jest zabroniony. [English: Export abroad of archival materials forming the national archival resource is prohibited.],Art. 14: export abroad of archival materials of the national archival resource is prohibited,,official,2026-09-29,research.py: quote exact in fetched document
record:PL:national_archives:operator,api-sejm-gov-pl:15cf3d374d,page text,Nadzór nad narodowym zasobem archiwalnym sprawuje minister właściwy do spraw kultury i ochrony dziedzictwa narodowego za pośrednictwem Naczelnego Dyrektora Archiwów Państwowych. [English: Supervision over the national archival resource is exercised by the minister responsible for culture through the Head Director of State Archives.],Archives Act Art. 4: supervision of the national archival resource via the Head Director of State Archives,,official,2026-09-29,research.py: quote exact in fetched document
record:PL:national_archives:register,api-sejm-gov-pl:15cf3d374d,page text,dokumenty elektroniczne w rozumieniu przepisów ustawy z dnia 17 lutego 2005 r. o informatyzacji działalności podmiotów realizujących zadania publiczne [English: electronic documents within the meaning of the Act of 17 February 2005 on computerisation of entities performing public tasks],Archival materials expressly include electronic documents,,official,2026-09-29,research.py: quote exact in fetched document
record:PL:public_finance:operator,api-sejm-gov-pl:b1f79a15d4,PDF text,"przekazywane na centralny rachunek bieżący budżetu państwa, którego dysponentem jest Minister Finansów. [English: transferred to the central current account of the state budget, whose disposer is the Minister of Finance.]",The Minister of Finance is the disposer of the central current account of the state budget (Art. 197),,official,2026-09-29,research.py: quote exact in fetched document
record:PL:public_finance:register,api-sejm-gov-pl:b1f79a15d4,PDF text,"Dla obsługi budżetu państwa w zakresie krajowych środków finansowych są prowadzone następujące rachunki bankowe: 1) centralny rachunek bieżący budżetu państwa [English: To service the state budget in domestic funds, the following bank accounts are kept: 1) the central current account of the state budget]","Public Finance Act Art. 196: accounts for servicing the state budget, starting with the central current account of the state budget",,official,2026-09-29,research.py: quote exact in fetched document
record:PL:public_health_surveillance:operator,api-sejm-gov-pl:c334b38b00,PDF text,Minister właściwy do spraw zdrowia wyznacza administratora systemu rejestru chorób zakaźnych spośród jednostek podległych lub nadzorowanych przez tego ministra [English: The minister responsible for health designates the system administrator of the communicable disease register from among units subordinate to or supervised by that minister],The health minister designates the register's system administrator from subordinate or supervised units,,official,2026-09-29,research.py: quote exact in fetched document
record:PL:public_health_surveillance:register,api-sejm-gov-pl:c334b38b00,PDF text,"oraz Główny Inspektor Sanitarny lub wskazane przez niego krajowe specjalistyczne jednostki, właściwe ze względu na rodzaj zakażenia lub choroby zakaźnej, prowadzą rejestr przypadków zakażeń i zachorowań na chorobę zakaźną [English: and the Chief Sanitary Inspector or national specialist units designated by him keep the register of cases of infection and communicable disease]",Communicable Diseases Act Art. 30: sanitary inspectors and the Chief Sanitary Inspector keep the register of infections and communicable disease cases,,official,2026-09-29,research.py: quote exact in fetched document
record:PL:tax:operator,api-sejm-gov-pl:ed185045ba,PDF text,Szef Krajowej Administracji Skarbowej prowadzi w systemie teleinformatycznym CRP KEP i jest administratorem danych w nim zawartych. [English: The Head of the National Revenue Administration keeps CRP KEP in an ICT system and is the controller of the data contained therein.],"The Head of KAS keeps CRP KEP in an ICT system and is its data controller (Art. 14, Taxpayer Identification Act)",,official,2026-09-29,research.py: quote exact in fetched document
record:PL:tax:register,api-sejm-gov-pl:ed185045ba,PDF text,"Nadanie NIP następuje przy użyciu Centralnego Rejestru Podmiotów – Krajowej Ewidencji Podatników, zwanego dalej „CRP KEP”, po dokonaniu zgłoszenia identyfikacyjnego. [English: The NIP is assigned using the Central Register of Entities – National Taxpayer Records ('CRP KEP') after an identification application is filed.]",Tax identification numbers (NIP) are assigned via the Central Register of Entities – National Taxpayer Records (CRP KEP),,official,2026-09-29,research.py: quote exact in fetched document
record:PL:vehicle_licensing:operator,api-sejm-gov-pl:c91643f3e5,page text,Ewidencję prowadzi minister właściwy do spraw informatyzacji w systemie teleinformatycznym. W rozumieniu niniejszej ustawy minister ten jest administratorem danych i informacji zgromadzonych w ewidencji. [English: The register is kept by the minister responsible for digital affairs in an ICT system. Within the meaning of this Act that minister is the controller of the data and information in the register.],"Road Traffic Act Art. 80a(4): the central vehicle register is kept by the digital affairs minister, who is its data controller",,official,2026-09-29,research.py: quote exact in fetched document
record:PL:vehicle_licensing:register,coi-gov-pl:b653ed6880,page text,"W Centralnej Ewidencji Pojazdów i Kierowców (CEPiK) gromadzone są dane o wszystkich pojazdach, kierowcach oraz ich uprawnieniach do kierowania. [English: The Central Register of Vehicles and Drivers (CEPiK) collects data on all vehicles, drivers and their driving entitlements.]","CEPiK holds data on all vehicles, drivers and driving entitlements",,official,2026-09-29,research.py: quote exact in fetched document
record:PT:authentication_audit_log:count,autenticacao-gov-pt:c33c5d245c,page text,"Número Total de Autenticações 140.783.983 ■ Chave Móvel Digital Número Total de Adesões [English: Total Number of Authentications 140,783,983 ■ Digital Mobile Key Total Number of Enrolments]","140,783,983 total authentications through Autenticação.gov (figure shown at time of research, 2026-09-29)",,official,2026-09-29,research.py: quote exact in fetched document
record:PT:authentication_audit_log:legal_basis,autenticacao-gov-pt:133175d62d,page text,"Os prazos de conservação dos dados são os estabelecidos na Portaria n.º 77/2018, de 16 de março [English: The data retention periods are those set in Portaria 77/2018 of 16 March]",Retention periods are set by Portaria 77/2018 and eIDAS Regulation (EU) 910/2014,,official,2026-09-29,research.py: quote exact in fetched document
record:PT:authentication_audit_log:register,autenticacao-gov-pt:133175d62d,page text,"autenticações (tipo de autenticação, data/hora), e assinaturas (ficheiros e meta informação) para fins de gerir a sua identificação eletrónica [English: authentications (authentication type, date/time) and signatures (files and metadata) for the purpose of managing your electronic identification]","Authentication records (type, date/time) and signatures are processed to manage electronic identification",,official,2026-09-29,research.py: quote exact in fetched document
record:RO:border_control:legal_basis,politiadefrontiera-ro:b8b254f3a8,page text,"In articolul 1 din O.U.G. nr. 104/2001 privind organizarea si functionarea Politiei de Frontiera Romane se statueaza atat atributiile generale, cat si competenta generala a acestei institutii [English: Article 1 of Emergency Ordinance no. 104/2001 on the organisation and functioning of the Romanian Border Police sets out both the general duties and the general competence of this institution]",OUG 104/2001 on the organisation and functioning of the Romanian Border Police,,official,2026-09-29,research.py: quote exact in fetched document
record:RO:border_control:operator,mai-gov-ro:56e4352500,page text,Arhivele Naţionale Academia de Poliţie „Alexandru Ioan Cuza” Centrul Naţional SIS Casa de Pensii Sectorialã a Ministerului Afacerilor Interne [English: National Archives; 'Alexandru Ioan Cuza' Police Academy; National SIS Centre; Sectoral Pension House of the Ministry of Internal Affairs],"Centrul Național SIS is a structure within, or subordinated to, the Ministry of Internal Affairs",,official,2026-09-29,research.py: quote exact in fetched document
record:RO:border_control:register,schengen-mai-gov-ro:ab80c5351f,page text,"La data de 12 octombrie 2017 a fost adoptată Decizia Consiliului 2017/1908 prin care s-a acordat acces României și Bulgariei la Sistemul de Informații privind Vizele (VIS). [English: On 12 October 2017 Council Decision 2017/1908 was adopted, granting Romania and Bulgaria access to the Visa Information System (VIS).]",Council Decision 2017/1908 gave Romania access to the Visa Information System (VIS),,secondary,2026-09-29,research.py: quote exact in fetched document
record:RO:central_bank:register,bnr-ro:bb5f46ce62,page text,"Plăți Sisteme operate de BNR ReGIS SaFIR TARGET-România Guvernanță Reziliență cibernetică [English: Payments — Systems operated by the NBR: ReGIS, SaFIR, TARGET-România — Governance — Cyber resilience]","BNR operates the financial market infrastructures ReGIS, SaFIR and TARGET-România",,official,2026-09-29,research.py: quote exact in fetched document
record:RO:digital_identity_credentials:operator,roeid-ro:a116a98b16,page text,"ROeID este livrabilul proiectului ""Platforma software centralizată pentru identificare digitală"", implementat de Autoritatea pentru Digitalizarea României. [English: ROeID is the deliverable of the project ""Centralised software platform for digital identification"", implemented by the Authority for the Digitalization of Romania.]",ROeID was implemented by the Authority for the Digitalization of Romania (ADR),,official,2026-09-29,research.py: quote exact in fetched document
record:RO:digital_identity_credentials:register,roeid-ro:a116a98b16,page text,"ROeID este soluția Single Sign-On (SSO) a României pentru interacțiunile digitale ale cetățenilor cu administrația, prin care pot fi generate și gestionate identități digitale pentru toți cetățenii români. [English: ROeID is Romania's Single Sign-On (SSO) solution for citizens' digital interactions with the administration, through which digital identities can be generated and managed for all Romanian citizens.]",ROeID is Romania's Single Sign-On solution. It generates and manages digital identities for all Romanian citizens.,,official,2026-09-29,research.py: quote exact in fetched document
record:RO:education:register,edu-ro:3157e3b959,page text,"Sistemul nou creat va integra datele din platformele existente (precum SIIIR, PMIPN, Edusal etc.) și va reflecta structura administrativă a învățământului [English: The newly created system will integrate data from existing platforms (such as SIIIR, PMIPN, Edusal etc.) and will reflect the administrative structure of education]","The new integrated system will bring together data from existing platforms such as SIIIR, PMIPN and Edusal",,secondary,2026-09-29,research.py: quote exact in fetched document
record:RO:electoral_roll:legal_basis,registrulelectoral-ro:a251e87eb1,PDF text,Obligația legală de prelucrare este prevăzută la art. 33 și art. 100 alin. (1) din Legea nr. 208/2015 privind alegerea Senatului şi a Camerei Deputaţilor [English: The legal obligation to process is provided in art. 33 and art. 100 para. (1) of Law no. 208/2015 on the election of the Senate and the Chamber of Deputies],Law 208/2015 (arts. 33 and 100(1)) on the election of the Senate and Chamber of Deputies and on the organisation of the Permanent Electoral Authority,,official,2026-09-29,research.py: quote exact in fetched document
record:RO:electoral_roll:register,registrulelectoral-ro:a251e87eb1,PDF text,Registrul electoral este un sistem informatic național de înregistrare și actualizare a datelor de identificare a cetățenilor români cu drept de vot și a informațiilor privind arondarea acestora la secțiile de votare. [English: The Electoral Register is a national IT system for registering and updating the identification data of Romanian citizens with the right to vote and information on their assignment to polling stations.],The Electoral Register is a national IT system. It records identification data of Romanian citizens with voting rights and their polling station assignment.,,official,2026-09-29,research.py: quote exact in fetched document
record:RO:facial_biometric:register,carteadeidentitate-gov-ro:5b7eebedb2,page text,"Datele biometrice, constând în imaginea facială și amprentele digitale ale titularului, sunt colectate în procesul de emitere a CEI pentru a îmbunătăți securitatea acesteia și preveni fraudarea identității. [English: Biometric data, consisting of the holder's facial image and fingerprints, are collected in the CEI issuance process to improve its security and prevent identity fraud.]",Facial image and fingerprints are collected when the electronic identity card (CEI) is issued,,official,2026-09-29,research.py: quote exact in fetched document
record:RO:geospatial:register,ancpi-ro:e6619fae5b,page text,"Celelalte platforme online gestionate de ANCPI – Registrul de Transcripțiuni și Inscripțiuni (RTI), MyEterra, Registrul proprietarilor, Titluri de proprietate și Geoportal – vor fi repuse în funcțiune etapizat [English: The other online platforms managed by ANCPI – the Register of Transcriptions and Inscriptions (RTI), MyEterra, the Owners' Register, Property Titles and the Geoportal – will be brought back into operation in stages]",The ANCPI Geoportal is one of the online platforms ANCPI manages,,secondary,2026-09-29,research.py: quote exact in fetched document
record:RO:government_payroll:register,anfp-gov-ro:658ccb6f27,PDF text,"a fost efectuat un număr de 389.708 operațiuni privind gestionarea funcțiilor și funcționarilor publici prin sistemul integrat de management al funcției și funcționarilor publici [English: 389,708 operations concerning the management of public posts and civil servants were performed through the integrated management system for the civil service and civil servants]","In 2025, ANFP's integrated civil-service management system processed 389,708 operations on public posts and civil servants",,official,2026-09-29,research.py: quote exact in fetched document
record:RO:grid_control:operator,transelectrica-ro:121d6fb007,page text,Transelectrica SA are sarcina de a mentine în permanenta functionarea sistemului electroenergetic national în conditii de siguranta [English: Transelectrica SA is tasked with permanently maintaining the operation of the national power system in safe conditions],Transelectrica is responsible for keeping the national power system running safely at all times,,official,2026-09-29,research.py: quote exact in fetched document
record:RO:grid_control:register,transelectrica-ro:121d6fb007,page text,"Conducerea operativa a SEN se asigură de: - Dispeceratul Energetic Naţional - 5 Dispecerate Teritoriale : Bucureşti, Bacău, Cluj, Craiova, Timişoara. [English: Operational control of the national power system (SEN) is ensured by: the National Energy Dispatch Centre and 5 territorial dispatch centres: Bucharest, Bacău, Cluj, Craiova, Timișoara.]",Operational control of the national power system is ensured by the National Energy Dispatch and five territorial dispatch centres,,official,2026-09-29,research.py: quote exact in fetched document
record:RO:health_insurance:register,siui-casan-ro:5719a070c1,page text,"SIUI Platforma Informatică a Asigurărilor de Sănătate Asiguraţi Despre CID Servicii online [English: SIUI Health Insurance IT Platform — Insured persons, About CID, Online services]","SIUI is the health insurance IT platform, run by CNAS",,official,2026-09-29,research.py: quote exact in fetched document
record:RO:land_property:register,ancpi-ro:e6619fae5b,page text,"În această etapă, reluarea funcționării vizează exclusiv sistemul integrat e-Terra. [English: At this stage, the resumption of operation concerns exclusively the integrated e-Terra system.]",e-Terra is ANCPI's integrated system. ANCPI reported restarting it in August 2026 after an outage.,,secondary,2026-09-29,research.py: quote exact in fetched document
record:RO:police_records:legal_basis,politiadefrontiera-ro:dcfc38a71b,page text,Legea nr. 76/2023 privind organizarea și funcționarea Sistemului informatic național de semnalări și participarea României la Sistemul de informații Schengen [English: Law no. 76/2023 on the organisation and functioning of the National Alerts IT System and Romania's participation in the Schengen Information System],Law 76/2023 on the organisation and functioning of the national alerts IT system and Romania's participation in SIS,,official,2026-09-29,research.py: quote exact in fetched document
record:RO:police_records:operator,politiadefrontiera-ro:dcfc38a71b,page text,"este autoritatea publică centrală care gestionează şi răspunde de buna funcționare a SINS, de integritatea semnalărilor conținute în acesta [English: is the central public authority that manages and is responsible for the proper functioning of SINS and the integrity of the alerts it contains]","The Ministry of Internal Affairs, through its specialised structure, is the central public authority that manages SINS. It is responsible for the system's functioning and the integrity of its alerts.",,official,2026-09-29,research.py: quote exact in fetched document
record:RO:police_records:register,politiadefrontiera-ro:dcfc38a71b,page text,"În România s-a înființat Sistemul Informatic Naţional de Semnalări (SINS) care conţine semnalările de interes național şi de interes Schengen, emise de către autorităţile naţionale competente. [English: In Romania the National Alerts IT System (SINS) was established, containing alerts of national and Schengen interest issued by the competent national authorities.]",Romania set up the National Alerts IT System (SINS). It holds alerts of national and Schengen interest issued by national authorities.,,official,2026-09-29,research.py: quote exact in fetched document
record:RO:tax:register,static-anaf-ro:b04f0eaf8e,PDF text,"prin proiectul Big-Data care va fi implementat în curând, consolidând baza de date de la nivel central. [English: through the Big-Data project to be implemented soon, consolidating the central-level database.]",ANAF is consolidating its central database through a Big-Data project,,official,2026-09-29,research.py: quote exact in fetched document
record:RO:trust_services_pki:legal_basis,adr-gov-ro:75f2d54b6f,page text,"Conform HG nr. 89/2020 privind organizarea şi funcţionarea Autorităţii pentru Digitalizarea României art 5 lit f) pct 11, ADR exercită atribuţiile de organism de supraveghere pentru prestatorii de servicii de încredere calificaţi stabiliţi pe teritoriul României [English: According to Government Decision no. 89/2020 on the organisation and functioning of the Authority for the Digitalization of Romania, art. 5 letter f) point 11, ADR exercises the powers of supervisory body for qualified trust service providers established in Romania]","Under HG 89/2020 (art. 5 f) pt. 11), ADR is the supervisory body for qualified trust service providers established in Romania under eIDAS Regulation 910/2014",,official,2026-09-29,research.py: quote exact in fetched document
record:RO:trust_services_pki:operator,mai-gov-ro:97d0a61f09,page text,asigură managementul Autorităţii Centrale de Certificare PKI (Infrastructura de Chei Publice) şi al Autorităţii de Certificare a Aparatului Central al MAI [English: manages the Central PKI (Public Key Infrastructure) Certification Authority and the Certification Authority of the MAI Central Apparatus],The MAI IT directorate (DGCTI) manages the Central PKI Certification Authority and the certification authority of the MAI central apparatus,,official,2026-09-29,research.py: quote exact in fetched document
record:RO:trust_services_pki:register,carteadeidentitate-gov-ro:5b7eebedb2,page text,Documentele semnate cu certificatul pentru semnătură electronică avansată emis de M.A.I. au aceeași valoare ca documentele semnate olograf. [English: Documents signed with the advanced electronic signature certificate issued by the MAI have the same value as handwritten-signed documents.],Documents signed with the MAI-issued advanced signature certificate on the CEI have the same value as handwritten signatures,,official,2026-09-29,research.py: quote exact in fetched document
record:RO:water_control:operator,rowater-ro:2cae7bdf57,page text,Beneficiarul proiectului este ADMINISTRAȚIA NAȚIONALĂ ”APELE ROMÂNE”. Investiția totală este de 63 milioane de euro [English: The project beneficiary is the NATIONAL ADMINISTRATION 'ROMANIAN WATERS'. The total investment is EUR 63 million],The WATMAN project beneficiary is the National Administration Romanian Waters (total investment EUR 63 million),,official,2026-09-29,research.py: quote exact in fetched document
record:RO:water_control:register,rowater-ro:2cae7bdf57,page text,“WATMAN – Sistemul Informatic pentru Managementul Integrat al Apelor – Etapa I” este un proiect care are ca obiectiv final protejarea populației [English: 'WATMAN – IT System for Integrated Water Management – Stage I' is a project whose final objective is protecting the population],"WATMAN is the IT system for integrated water management, aimed at flood prevention",,official,2026-09-29,research.py: quote exact in fetched document
record:SE:beneficial_ownership:register,riksdagen-se:2bec1b553f,page text,En juridisk person ska anmäla uppgifterna enligt 1 § första stycket till Bolagsverket för registrering i registret över verkliga huvudmän. [English: A legal person shall notify the data to the Swedish Companies Registration Office for registration in the register of beneficial owners.],"Registret över verkliga huvudmän, kept by Bolagsverket",,official,2026-09-29,research.py: quote exact in fetched document
record:SE:border_control:operator,riksdagen-se:5e1a0c3380,page text,Polismyndigheten respektive Migrationsverket är personuppgiftsansvarig för den behandling av personuppgifter i den svenska nationella delen av Schengens informationssystem som myndigheten utför. [English: The Police Authority and Migrationsverket respectively are controllers for processing in the Swedish national part of SIS that they carry out.],Police Authority and Migrationsverket are each controllers for their processing in N.SIS,,official,2026-09-29,research.py: quote exact in fetched document
record:SE:border_control:register,riksdagen-se:5e1a0c3380,page text,Polismyndigheten ska med hjälp av automatiserad behandling föra ett register som ska vara den svenska nationella delen av Schengens informationssystem. [English: The Police Authority shall by automated processing keep a register that is to be the Swedish national part of the Schengen Information System.],"Swedish national part of the Schengen Information System, kept by the Police Authority",,official,2026-09-29,research.py: quote exact in fetched document
record:SE:business_registry:legal_basis,riksdagen-se:a0c451ffc9,page text,Aktiebolagsregistret ska ge offentlighet åt den information som ingår i registret. [English: The companies register shall give publicity to the information in the register.],Aktiebolagsförordning (2005:559) ch. 2,,official,2026-09-29,research.py: quote exact in fetched document
record:SE:business_registry:register,riksdagen-se:a0c451ffc9,page text,Bolagsverket är personuppgiftsansvarigt för den behandling av personuppgifter som sker i aktiebolagsregistret. [English: The Swedish Companies Registration Office is controller for the processing of personal data in the companies register.],Aktiebolagsregistret (companies register); Bolagsverket controller,,official,2026-09-29,research.py: quote exact in fetched document
record:SE:civil_registry:count,scb-se:7b3edd3f74,page text,"2025 var folkmängden i Sverige 10 605 529. Antalet kvinnor var 5 274 950 och män 5 330 576. [English: In 2025 the population of Sweden was 10,605,529. The number of women was 5,274,950 and men 5,330,576.]","10,605,529 persons registered in Sweden (2025), per folkbokföring data supplied by Skatteverket",,official,2026-09-29,research.py: quote exact in fetched document
record:SE:civil_registry:legal_basis,riksdagen-se:22877f71a6,page text,Skatteverket är personuppgiftsansvarig för den behandling av personuppgifter som myndigheten utför enligt denna lag och föreskrifter som har meddelats i anslutning till lagen. [English: The Swedish Tax Agency is the controller for the processing of personal data that the agency carries out under this act and regulations issued in connection with it.],Folkbokföringsdatalag (2026:126) makes Skatteverket the data controller (together with Folkbokföringslag 1991:481),,official,2026-09-29,research.py: quote exact in fetched document
record:SE:civil_registry:operator,riksdagen-se:53809ad69c,page text,"vigsel, födelse och dödsfall i landet ska registreras även i fråga om en person som inte är eller har varit folkbokförd. Skatteverket ansvarar för folkbokföring [English: Marriage, birth and death in the country shall be registered even for a person who is not or has not been registered. The Swedish Tax Agency is responsible for population registration]",Skatteverket (Swedish Tax Agency) is responsible for population registration,,official,2026-09-29,research.py: quote exact in fetched document
record:SE:civil_registry:register,riksdagen-se:22877f71a6,page text,"Denna lag gäller vid behandling av personuppgifter i Skatteverkets folkbokföringsverksamhet med 1. folkbokföring, 2. handläggning av ärenden om samordningsnummer [English: This act applies to the processing of personal data in the Swedish Tax Agency's population registration activity with 1. population registration, 2. handling of cases concerning coordination numbers]",Folkbokföringsverksamheten / Skatteverket's population registration data (the national population register),,official,2026-09-29,research.py: quote exact in fetched document
record:SE:education:register,riksdagen-se:f6bb470ce7,page text,Varje högskola ska dokumentera uppgifter om studenter. Varje högskola ska föra ett studieregister och där ange uppgifterna individuellt för varje student. [English: Each higher-education institution shall document data on students and keep a study register with data for each student individually.],Each higher-education institution keeps a student register (studieregister),,official,2026-09-29,research.py: quote exact in fetched document
record:SE:electoral_management:foreign_dependency,val-se:9f6e2e1f67,page text,"Skatteverket ansvarar för drift, utveckling och övervakning av it-stödet på uppdrag av Valmyndigheten. [English: The Swedish Tax Agency is responsible for operation, development and monitoring of the IT support on behalf of the Election Authority.]",national,,official,2026-09-29,research.py: quote exact in fetched document
record:SE:electoral_management:hosting,val-se:9f6e2e1f67,page text,"Skatteverket ansvarar för drift, utveckling och övervakning av it-stödet på uppdrag av Valmyndigheten. [English: The Swedish Tax Agency is responsible for operation, development and monitoring of the IT support on behalf of the Election Authority.]",Election IT support is operated by Skatteverket on behalf of Valmyndigheten,,official,2026-09-29,research.py: quote exact in fetched document
record:SE:electoral_management:register,val-se:9f6e2e1f67,page text,läggs resultatet in i Valmyndighetens it-stöd för att sammanställas och kommuniceras till allmänheten. [English: the result is entered into the Election Authority's IT support to be compiled and communicated to the public.],Valmyndighetens it-stöd used to compile and publish results,,official,2026-09-29,research.py: quote exact in fetched document
record:SE:electoral_roll:foreign_dependency,val-se:9f6e2e1f67,page text,"Skatteverket ansvarar för drift, utveckling och övervakning av it-stödet på uppdrag av Valmyndigheten. [English: The Swedish Tax Agency is responsible for operation, development and monitoring of the IT support on behalf of the Election Authority.]",national,,official,2026-09-29,research.py: quote exact in fetched document
record:SE:electoral_roll:hosting,val-se:9f6e2e1f67,page text,"Skatteverket ansvarar för drift, utveckling och övervakning av it-stödet på uppdrag av Valmyndigheten. [English: The Swedish Tax Agency is responsible for operation, development and monitoring of the IT support on behalf of the Election Authority.]","Skatteverket operates, develops and monitors Valmyndigheten's election IT on its behalf",,official,2026-09-29,research.py: quote exact in fetched document
record:SE:electoral_roll:legal_basis,riksdagen-se:d72e7085af,page text,Röstlängderna ska grundas på de uppgifter som finns 30 dagar före valdagen. [English: The electoral rolls shall be based on the data that exist 30 days before election day.],Vallag (2005:837) ch. 5; roll fixed 30 days before election day,,official,2026-09-29,research.py: quote exact in fetched document
record:SE:electoral_roll:register,riksdagen-se:d72e7085af,page text,"Vid val ska den centrala valmyndigheten för varje valdistrikt upprätta en förteckning över dem som är röstberättigade i valet (röstlängd). Röstlängderna ska grundas på uppgifter i Skatteverkets folkbokföringsverksamhet [English: At elections the central election authority shall, for each voting district, draw up a list of those entitled to vote (electoral roll). The rolls shall be based on data in the Swedish Tax Agency's population registration]","Röstlängd (electoral roll), drawn up by the central election authority per voting district from folkbokföring data",,official,2026-09-29,research.py: quote exact in fetched document
record:SE:facial_biometric:legal_basis,riksdagen-se:b5b432f138,page text,Fingeravtrycken och ansiktsbilden enligt 6 § andra stycket 1 samt de biometriska data som kan tas fram ur dessa får inte användas vid sökning med hjälp av automatiserad behandling. [English: The fingerprints and the facial image under section 6(2)(1) and the biometric data that can be derived from them may not be used for searching by automated processing.],Passlag (1978:302) 6 b §: facial images may not be used for automated searching,,official,2026-09-29,research.py: quote exact in fetched document
record:SE:facial_biometric:register,riksdagen-se:43f8b456e9,page text,Polismyndigheten ska föra ett passregister och ett register över omständigheter som avses i 20 § 1 och 3 passlagen (1978:302). Polismyndigheten ska på begäran lämna ut ett fotografi av en enskild från passregistret [English: The Police Authority shall keep a passport register and a register of circumstances referred to in section 20(1) and (3) of the Passport Act. The Police Authority shall on request disclose a photograph of an individual from the passport register],"Passregistret (passport register), which holds holders' photographs",,official,2026-09-29,research.py: quote exact in fetched document
record:SE:fingerprint_biometric:register,riksdagen-se:b5b432f138,page text,Fingeravtrycken och ansiktsbilden enligt 6 § andra stycket 1 ska sparas i ett lagringsmedium i passet. Fingeravtrycken och de biometriska data som tas fram ur dessa och ur ansiktsbilden ska omedelbart förstöras när passet har lämnats ut eller passansökan har återkallats eller avslagits. [English: The fingerprints and facial image shall be stored in a storage medium in the passport. The fingerprints and the biometric data derived from them and from the facial image shall be destroyed immediately when the passport has been delivered or the application withdrawn or refused.],Passport fingerprints are stored only on the passport chip and must be destroyed once the passport is issued; no central fingerprint store,,absence,2026-09-29,research.py: quote exact in fetched document
record:SE:firearms_register:register,riksdagen-se:345f78f5f7,page text,Polismyndigheten ska med hjälp av automatiserad behandling föra de separata register som anges i 2-5 §§. [English: The Police Authority shall by automated processing keep the separate registers set out in sections 2-5.],Vapenregistren (firearms registers) kept by the Police Authority under the new Vapenlag (2026:408),,official,2026-09-29,research.py: quote exact in fetched document
record:SE:issuance_history:count,data-riksdagen-se:561e7fc560,page text,"dagens nivåer som uppgår till ca 170 000 identitetskort årligen [English: today's levels, which amount to about 170,000 identity cards annually]","Skatteverket issues about 170,000 identity cards per year",,official,2026-09-29,research.py: quote exact in fetched document
record:SE:issuance_history:register,riksdagen-se:43f8b456e9,page text,Polismyndigheten ska föra ett passregister och ett register över omständigheter som avses i 20 § 1 och 3 passlagen (1978:302). [English: The Police Authority shall keep a passport register and a register of circumstances referred to in section 20(1) and (3) of the Passport Act.],Passregistret: central passport register kept by the Police Authority,,official,2026-09-29,research.py: quote exact in fetched document
record:SE:judicial_criminal:operator,riksdagen-se:9b8b1530b6,page text,"En allmän domstol, en allmän förvaltningsdomstol eller en hyres- och arrendenämnd är personuppgiftsansvarig för den behandling av personuppgifter som den domstolen eller nämnden utför. [English: A general court, a general administrative court or a rent and tenancy tribunal is controller for the processing of personal data it carries out.]",Courts are each controllers for court case data under Domstolsdatalag (2015:728),,official,2026-09-29,research.py: quote exact in fetched document
record:SE:judicial_criminal:register,riksdagen-se:fbd5b9cc83,page text,Polismyndigheten ska med hjälp av automatiserad behandling föra ett belastningsregister. Myndigheten är personuppgiftsansvarig för behandlingen av personuppgifter i registret. [English: The Police Authority shall by automated processing keep a criminal records register. The authority is controller for processing personal data in the register.],"Belastningsregistret (criminal records register), Police Authority",,official,2026-09-29,research.py: quote exact in fetched document
record:SE:land_property:operator,riksdagen-se:d3496a0b2a,page text,Den statliga lantmäterimyndigheten är personuppgiftsansvarig för den behandling av personuppgifter som sker i fastighetsregistret. [English: The state cadastral authority is controller for the processing of personal data in the real property register.],The state cadastral authority (Lantmäteriet) is controller,,official,2026-09-29,research.py: quote exact in fetched document
record:SE:land_property:register,riksdagen-se:d3496a0b2a,page text,ska det med hjälp av automatiserad behandling föras ett register benämnt fastighetsregistret. Detta ska ge offentlighet åt den information som ingår i registret [English: a register called the real property register shall be kept by automated processing. It shall give publicity to the information in the register],Fastighetsregistret (real property register),,official,2026-09-29,research.py: quote exact in fetched document
record:SE:public_finance:operator,riksdagen-se:55bc533d5d,page text,"Myndigheten ska 1. ansvara för statsredovisningen, 2. månatligen följa, analysera och redovisa utfallet för statens budget [English: The agency shall 1. be responsible for the state accounts, 2. monthly monitor, analyse and report the outcome of the state budget]",ESV is responsible for state accounts,,official,2026-09-29,research.py: quote exact in fetched document
record:SE:public_finance:register,riksdagen-se:55bc533d5d,page text,"Myndigheten ska utveckla och förvalta statens informationssystem för budgetering, hantering av dokument och uppföljning (Hermes) [English: The agency shall develop and manage the state's information system for budgeting, document handling and follow-up (Hermes)]","Hermes, the state information system for budgeting and follow-up, developed and managed by ESV",,official,2026-09-29,research.py: quote exact in fetched document
record:SE:public_health_surveillance:operator,riksdagen-se:441ca547b3,page text,Folkhälsomyndigheten ansvarar för samordning av smittskyddet på nationell nivå och ska ta de initiativ som krävs för att upprätthålla ett effektivt smittskydd. [English: The Public Health Agency is responsible for coordinating communicable disease control at national level.],Folkhälsomyndigheten coordinates communicable disease control nationally,,official,2026-09-29,research.py: quote exact in fetched document
record:SE:public_health_surveillance:register,riksdagen-se:154de9cb41,page text,Denna lag tillämpas vid behandling av personuppgifter i Folkhälsomyndighetens verksamhet när det gäller nationella vaccinationsprogram och vaccinationer mot sjukdomen covid-19 (vaccinationsregistret). [English: This act applies to processing of personal data in the Public Health Agency's activity regarding national vaccination programmes and COVID-19 vaccinations (the vaccination register).],"Vaccinationsregistret, Folkhälsomyndigheten",,official,2026-09-29,research.py: quote exact in fetched document
record:SE:vehicle_licensing:hosting,data-riksdagen-se:4264b1ddcc,page text,"IBM skulle enligt avtalet ansvara för att maskinvara, nätverk och program fungerar. Detta omfattar också driften av de register som Transportstyrelsen har ansvar för såsom vägtrafikregistret. [English: Under the contract IBM was to be responsible for hardware, network and software working. This also covers operation of the registers Transportstyrelsen is responsible for, such as the road traffic register.]","In 2015 IBM Svenska AB took over Transportstyrelsen's IT operations, including operation of the road traffic register",,official,2026-09-29,research.py: quote exact in fetched document
record:SE:vehicle_licensing:register,riksdagen-se:7d26121867,page text,"Transportstyrelsen ska med hjälp av automatiserad behandling registrera personuppgifter för de ändamål som anges i 3, 7, 11, 14 och 16 §§. Uppgiftssamlingen benämns vägtrafikregistret. [English: Transportstyrelsen shall by automated processing register personal data for the stated purposes. The data collection is called the road traffic register.]",Vägtrafikregistret (road traffic register) kept by Transportstyrelsen,,official,2026-09-29,research.py: quote exact in fetched document
record:SI:authentication_audit_log:foreign_dependency,si-trust-gov-si:c602b3bc52,page text,Podatki se ne prenašajo v tretje države ali mednarodne organizacije. Podatki se obdelujejo na ozemlju Republike Slovenije. [English: Data are not transferred to third countries or international organisations. Data are processed on the territory of the Republic of Slovenia.],national,,official,2026-09-29,research.py: quote exact in fetched document
record:SI:authentication_audit_log:hosting,si-trust-gov-si:c602b3bc52,page text,Podatki se ne prenašajo v tretje države ali mednarodne organizacije. Podatki se obdelujejo na ozemlju Republike Slovenije. [English: Data are not transferred to third countries or international organisations. Data are processed on the territory of the Republic of Slovenia.],Processed on Slovenian territory; no transfers to third countries,,official,2026-09-29,research.py: quote exact in fetched document
record:SI:authentication_audit_log:legal_basis,uradni-list-si:9b7d397266,page text,"Podatke iz prejšnjega odstavka se hrani še pet let po izvedeni zahtevi za izbris podatkov s strani posameznika, ki je storitev iz prejšnjega odstavka uporabil, ali po zadnji uporabi te storitve s strani posameznika. [English: The data from the previous paragraph are kept for five more years after the individual who used the service requests erasure, or after the individual's last use of the service.]",ZEISZ Art. 46(2): the data are kept for five years after an erasure request or after last use,,official,2026-09-29,research.py: quote exact in fetched document
record:SI:authentication_audit_log:operator,si-trust-gov-si:c602b3bc52,page text,"Upravljavec osebnih podatkov (upravljavec): Ministrstvo za notranje zadeve in javno upravo, Direktorat za razvoj digitalnih rešitev in podatkovno ekonomijo, Državni center za storitve zaupanja SI-TRUST [English: Controller of personal data: Ministry of the Interior and Public Administration, Directorate for Development of Digital Solutions and Data Economy, State Trust Services Centre SI-TRUST]","Controller: Ministry of the Interior and Public Administration, SI-TRUST",,official,2026-09-29,research.py: quote exact in fetched document
record:SI:authentication_audit_log:register,si-trust-gov-si:c602b3bc52,page text,"vodenja zbirke registriranih uporabnikov, v ta namen se hranijo identifikator SI-PASS, ime uporabniškega računa (naslov elektronske pošte), EŠEI, davčna številka, identifikator sredstva elektronske identifikacije ter podatki o uporabi računa [English: keeping the collection of registered users, for which the SI-PASS identifier, account name (e-mail address), EŠEI, tax number, eID means identifier and account usage data are stored]",SI-PASS keeps registered-user records including account usage data,,official,2026-09-29,research.py: quote exact in fetched document
record:SI:beneficial_ownership:legal_basis,uradni-list-si:0a75e73fb1,page text,Register vzdržuje in upravlja Agencija Republike Slovenije za javnopravne evidence in storitve (v nadaljnjem besedilu tudi: upravljavec registra). [English: The register is maintained and managed by the Agency of the Republic of Slovenia for Public Legal Records and Related Services (hereinafter also: register controller).],ZPPDFT-2 Art. 48: AJPES maintains and manages the register,,official,2026-09-29,research.py: quote exact in fetched document
record:SI:beneficial_ownership:register,ajpes-si:90d09e07b8,page text,"Register dejanskih lastnikov (RDL) je baza podatkov, v kateri se zbirajo podatki o dejanskih lastnikih z namenom zagotavljanja transparentnosti lastniških struktur poslovnih subjektov [English: The Register of Beneficial Owners (RDL) is a database collecting data on beneficial owners in order to ensure transparency of the ownership structures of business entities]","The RDL is a database of beneficial owners, kept for ownership transparency and AML purposes",,official,2026-09-29,research.py: quote exact in fetched document
record:SI:border_control:register,gov-si:9c3d826b19,page text,"Tehnično je SIS sestavljen iz centralnega sistema, nacionalnih sistemov SIS v državah članicah, pridruženih državah in evropskih agencijah, ki uporabljajo SIS, ter omrežja, ki povezuje vse sisteme. [English: Technically, SIS consists of a central system, national SIS systems in member states, associated states and European agencies using SIS, and a network connecting all systems.]","SIS consists of a central system and national SIS systems in the member states, linked by a network",,secondary,2026-09-29,research.py: quote exact in fetched document
record:SI:breeder_documents:hosting,uradni-list-si:1071d0084c,page text,"Glede na tehnične in druge možnosti se v centralni informatizirani bazi matičnega registra hranijo tudi deli ali celotna zbirka listin. [English: Depending on technical and other possibilities, parts of or the entire collection of documents are also kept in the central computerised database of the civil status register.]",Parts or all of the document collection may be kept in the register's central computerised database,,official,2026-09-29,research.py: quote exact in fetched document
record:SI:breeder_documents:legal_basis,uradni-list-si:1071d0084c,page text,"Podatki se v matičnem registru hranijo sto let od zadnjega vpisa, nato pa se skupaj z zbirko listin izročijo v hrambo Arhivu Republike Slovenije. [English: Data in the civil status register are kept for one hundred years from the last entry and are then handed over, together with the collection of documents, to the Archives of the Republic of Slovenia.]",The register and its documents are kept for 100 years after the last entry and then transferred to the Archives of the Republic of Slovenia,,official,2026-09-29,research.py: quote exact in fetched document
record:SI:breeder_documents:register,uradni-list-si:1071d0084c,page text,"Sestavni del matičnega registra je zbirka listin, ki so podlaga za vpis v matični register. [English: An integral part of the civil status register is the collection of documents on which entries in the register are based.]",The collection of documents underlying civil status entries is part of the civil status register,,official,2026-09-29,research.py: quote exact in fetched document
record:SI:central_bank:foreign_dependency,bsi-si:5adf4f7d23,page text,"Evrosistem razvil plačilno infrastrukturo, v okviru katere ponuja številne storitve, namen katerih je zagotoviti prost pretok denarja, vrednostnih papirjev in finančnega zavarovanja. [English: the Eurosystem developed payment infrastructure within which it offers numerous services aimed at ensuring the free flow of money, securities and collateral.]",eu_provider,,official,2026-09-29,research.py: quote exact in fetched document
record:SI:central_bank:register,bsi-si:5adf4f7d23,page text,"Storitve TARGET so namenjene poravnavi plačil (večinoma) velikih vrednosti, poslov z vrednostnimi papirji in takojšnjih plačil. [English: TARGET services are intended for settling (mostly) large-value payments, securities transactions and instant payments.]","TARGET services settle large-value payments, securities transactions and instant payments",,official,2026-09-29,research.py: quote exact in fetched document
record:SI:civil_registry:legal_basis,uradni-list-si:bdde9a331a,page text,"4. člen (upravljavec CRP) Upravljavec CRP je ministrstvo, pristojno za notranje zadeve. [English: Article 4 (CRP controller) The controller of the CRP is the ministry responsible for internal affairs.]","Zakon o centralnem registru prebivalstva (ZCRP-UPB1), Art. 4: the controller of CRP is the ministry responsible for internal affairs",,official,2026-09-29,research.py: quote exact in fetched document
record:SI:civil_registry:operator,ecrp-gov-si:8274a25666,page text,"Upravlja ga Ministrstvo za notranje zadeve Republike Slovenije. V CRP-ju se podatki o prebivalstvu centralno zbirajo, obdelujejo, hranijo in uporabljajo [English: It is managed by the Ministry of the Interior of the Republic of Slovenia. In the CRP, population data are centrally collected, processed, stored and used]",CRP is managed by the Ministry of the Interior,,official,2026-09-29,research.py: quote exact in fetched document
record:SI:civil_registry:register,ecrp-gov-si:8274a25666,page text,Kaj je Centralni register prebivalstva (CRP)? Je osrednja podatkovna baza z najosnovnejšimi podatki o prebivalstvu Slovenije. [English: What is the Central Population Register (CRP)? It is the central database with the most basic data on the population of Slovenia.],The Central Population Register (CRP) is the central database of basic population data for Slovenia,,official,2026-09-29,research.py: quote exact in fetched document
record:SI:crisis_management:register,gov-si:9ce330bbb5,page text,"Nacionalni center zagotavlja prostorske, tehnične, informacijske in telekomunikacijske pogoje za delo Vlade Republike Slovenije v okolju, ki lahko pomembno ogrozi nacionalno varnost. [English: The National Centre provides spatial, technical, information and telecommunication conditions for the Government's work in an environment that may significantly threaten national security.]","NCKU provides premises, IT and telecom conditions for the government in crises threatening national security",,official,2026-09-29,research.py: quote exact in fetched document
record:SI:customs:legal_basis,uradni-list-si:841f7ab9d5,page text,v skladu s točko (1) 5. člena Uredbe 952/2013/EU je Finančna uprava Republike Slovenije (v nadaljnjem besedilu: carinski organ) [English: in accordance with point (1) of Article 5 of Regulation 952/2013/EU is the Financial Administration of the Republic of Slovenia (hereinafter: customs authority)],ZICZEU designates FURS as the customs authority under Regulation 952/2013/EU,,official,2026-09-29,research.py: quote exact in fetched document
record:SI:customs:register,gov-si:007c50c405,PDF text,V letu 2024 je bila naročena nadgradnja uvoznega deklaracijskega sistema (SIAIS2) s komponento centraliziranega carinjenja pri uvozu (CCI). [English: In 2024 an upgrade of the import declaration system (SIAIS2) with a centralised clearance for import (CCI) component was ordered.],FURS runs the SIAIS2 import declaration system; a centralised-clearance upgrade was ordered in 2024,,official,2026-09-29,research.py: quote exact in fetched document
record:SI:digital_identity_credentials:foreign_dependency,si-trust-gov-si:c602b3bc52,page text,Podatki se ne prenašajo v tretje države ali mednarodne organizacije. Podatki se obdelujejo na ozemlju Republike Slovenije. [English: Data are not transferred to third countries or international organisations. Data are processed on the territory of the Republic of Slovenia.],national,,official,2026-09-29,research.py: quote exact in fetched document
record:SI:digital_identity_credentials:hosting,si-trust-gov-si:c602b3bc52,page text,Podatki se ne prenašajo v tretje države ali mednarodne organizacije. Podatki se obdelujejo na ozemlju Republike Slovenije. [English: Data are not transferred to third countries or international organisations. Data are processed on the territory of the Republic of Slovenia.],SI-PASS personal data are not transferred to third countries and are processed on Slovenian territory,,official,2026-09-29,research.py: quote exact in fetched document
record:SI:digital_identity_credentials:legal_basis,uradni-list-si:9b7d397266,page text,45. člen (centralna storitev za spletno prijavo in elektronski podpis) (1) Centralna storitev za spletno prijavo in elektronski podpis je informacijska rešitev [English: Article 45 (central service for online login and electronic signature) (1) The central service for online login and electronic signature is an information solution],ZEISZ Art. 45 establishes the central online login and electronic signature service,,official,2026-09-29,research.py: quote exact in fetched document
record:SI:digital_identity_credentials:operator,si-trust-gov-si:7bcc9040ee,page text,Državni center za storitve zaupanja SI-TRUST deluje v sklopu Ministrstva za notranje zadeve in javno upravo [English: The State Trust Services Centre SI-TRUST operates within the Ministry of the Interior and Public Administration],SI-TRUST operates within the Ministry of the Interior and Public Administration,,official,2026-09-29,research.py: quote exact in fetched document
record:SI:digital_identity_credentials:register,si-trust-gov-si:158382bc68,page text,"Storitev SI-PASS je enotna točka za preverjanje identitete različnih uporabnikov (državljanov, poslovnih subjektov, javnih uslužbencev) ter elektronsko podpisovanje vlog in ostalih dokumentov. [English: The SI-PASS service is a single point for verifying the identity of various users (citizens, businesses, civil servants) and for electronically signing applications and other documents.]","SI-PASS is the single identity-verification and e-signature service for citizens, businesses and civil servants",,official,2026-09-29,research.py: quote exact in fetched document
record:SI:education:legal_basis,uradni-list-si:6593f284b4,page text,"ministrstvo vzpostavi, vodi, vzdržuje in nadzoruje informatizirano zbirko podatkov (v nadaljnjem besedilu: centralna evidenca) [English: the ministry establishes, keeps, maintains and supervises a computerised database (hereinafter: central register)]","ZOFVI Art. 135.a: the ministry establishes, keeps, maintains and supervises the central register",,official,2026-09-29,research.py: quote exact in fetched document
record:SI:education:register,uradni-list-si:9891d16c3b,page text,se vodi v posebni računalniški aplikaciji Centralna evidenca udeležencev vzgoje in izobraževanja [English: is kept in a special computer application Central Register of Participants in Education],The register is kept in the application 'Centralna evidenca udeležencev vzgoje in izobraževanja',,official,2026-09-29,research.py: quote exact in fetched document
record:SI:electoral_roll:legal_basis,uradni-list-si:6ba8594e5c,page text,"Za vodenje evidence volilne pravice so pristojni upravne enote in ministrstvo, ki upravlja evidenco volilne pravice centralno. [English: Administrative units and the ministry, which manages the register of voting rights centrally, are competent for keeping the register of voting rights.]",ZEVP-2 Art. 13: administrative units and the ministry keep the register; the ministry manages it centrally,,official,2026-09-29,research.py: quote exact in fetched document
record:SI:electoral_roll:register,gov-si:18b6517aed,page text,Volilno pravico vodimo v evidenci volilne pravice v registru stalnega prebivalstva in centralnem registru prebivalstva Republike Slovenije. [English: We record the right to vote in the register of voting rights within the permanent residence register and the central population register of the Republic of Slovenia.],"Voting rights are recorded in the register of voting rights, kept within the permanent-residence register and CRP",,official,2026-09-29,research.py: quote exact in fetched document
record:SI:emergency_communications:hosting,gov-si:7a83d03cbe,page text,"predstavnik skupine ponudnikov direktor Poslovnega trga Telekoma Slovenije [English: representative of the bidder group, director of the Business Market of Telekom Slovenije]",The contractor was a bidder group represented by Telekom Slovenije,,secondary,2026-09-29,research.py: quote exact in fetched document
record:SI:emergency_communications:operator,gov-si:5afb5f2046,page text,Delo je organizirano v Centru za obveščanje Republike Slovenije in trinajstih Regijskih centrih za obveščanje [English: The work is organised in the Notification Centre of the Republic of Slovenia and thirteen Regional Notification Centres],Work is organised in the Notification Centre of the Republic of Slovenia and 13 regional centres,,official,2026-09-29,research.py: quote exact in fetched document
record:SI:emergency_communications:register,gov-si:5afb5f2046,page text,"Spremljamo, obdelujemo in prenašamo klice v sili na klicno številko 112 za pomoč gasilcev, službe nujne medicinske pomoči oziroma pomoč drugih reševalnih služb [English: We monitor, process and transfer emergency calls to number 112 for firefighters, emergency medical services or other rescue services]",Regional notification centres receive and process 112 emergency calls,,official,2026-09-29,research.py: quote exact in fetched document
record:SI:facial_biometric:operator,uradni-list-si:023b9d3fcf,page text,"Ministrstvo, pristojno za notranje zadeve, upravlja evidenco izdanih osebnih izkaznic centralno. [English: The ministry responsible for internal affairs manages the register of issued identity cards centrally.]",The interior ministry manages the ID card issuance register centrally,,official,2026-09-29,research.py: quote exact in fetched document
record:SI:facial_biometric:register,uradni-list-si:023b9d3fcf,page text,"podatke iz prvega in tretjega odstavka 13. člena tega zakona, pri čemer je digitalna fotografija v obliki, ki je ni mogoče prebrati z napravami za branje biometričnih podatkov [English: data from the first and third paragraphs of Article 13 of this Act, the digital photograph being in a form that cannot be read by devices for reading biometric data]","The ID card issuance register stores the digital photograph, but in a form that biometric readers cannot read",,official,2026-09-29,research.py: quote exact in fetched document
record:SI:fingerprint_biometric:register,uradni-list-si:023b9d3fcf,page text,"Prstni odtisi se v evidenci izdanih osebnih izkaznic hranijo 15 dni od vročitve osebne izkaznice, če osebna izkaznica ni vročena, pa 90 dni od datuma izdaje osebne izkaznice, nato pa se iz evidence izdanih osebnih izkaznic brišejo. [English: Fingerprints are kept in the register of issued identity cards for 15 days from delivery of the card, or, if the card is not delivered, 90 days from its date of issue, and are then deleted from the register.]",ID card fingerprints are deleted from the issuance register 15 days after delivery (90 days if not delivered),,absence,2026-09-29,research.py: quote exact in fetched document
record:SI:firearms_register:foreign_dependency,uradni-list-si:48fa80820b,page text,"Pristojni organ vodi evidence iz tega člena na centralnem računalniku ministrstva, pristojnega za notranje zadeve. [English: The competent body keeps the records under this article on the central computer of the ministry responsible for internal affairs.]",national,,official,2026-09-29,research.py: quote exact in fetched document
record:SI:firearms_register:hosting,uradni-list-si:48fa80820b,page text,"Pristojni organ vodi evidence iz tega člena na centralnem računalniku ministrstva, pristojnega za notranje zadeve. [English: The competent body keeps the records under this article on the central computer of the ministry responsible for internal affairs.]",Registers are kept on the interior ministry's central computer,,official,2026-09-29,research.py: quote exact in fetched document
record:SI:firearms_register:register,uradni-list-si:48fa80820b,page text,"Centralna evidenca izdanih orožnih listin je zbir evidenc izdanih orožnih listin, ki jih vodijo pristojni organi. [English: The central register of issued firearms documents is the aggregate of the registers of issued firearms documents kept by the competent bodies.]",The central register of issued firearms documents combines the registers kept by the competent bodies,,official,2026-09-29,research.py: quote exact in fetched document
record:SI:government_payroll:register,gov-si:c83b366f6f,page text,"Sistem MFERAC podpira poslovanje proračunskih uporabnikov na finančnem, računovodskem in plačno-kadrovskem področju. [English: The MFERAC system supports the operations of budget users in finance, accounting and payroll/HR.]","MFERAC supports budget users in finance, accounting and payroll/HR",,official,2026-09-29,research.py: quote exact in fetched document
record:SI:grid_control:operator,energetika-portal-si:b83a3a4484,page text,"Družba ELES, d. o.o. na podlagi Zakona o oskrbi z električno energijo (ZOEE) izvaja obvezno gospodarsko javno službo operaterja kombiniranega prenosnega in distribucijskega elektroenergetskega omrežja [English: ELES, d.o.o., on the basis of the Electricity Supply Act (ZOEE), performs the mandatory public service of operator of the combined transmission and distribution electricity network]","Under ZOEE, ELES performs the mandatory public service of combined transmission and distribution system operator",,official,2026-09-29,research.py: quote exact in fetched document
record:SI:grid_control:register,energetika-portal-si:b83a3a4484,page text,"V okviru opravljanja regulirane dejavnosti zagotavlja varno, zanesljivo in učinkovito obratovanje in vzdrževanje prenosnega in distribucijskega sistema. [English: Within its regulated activity it ensures safe, reliable and efficient operation and maintenance of the transmission and distribution system.]","ELES ensures safe, reliable and efficient operation of the transmission and distribution system",,official,2026-09-29,research.py: quote exact in fetched document
record:SI:health_insurance:count,zavezanec-zzzs-si:e60894ab28,PDF text,"se je v 2025 prek ZZZS namenilo za potrebe 2,1 milijona zavarovanih oseb [English: was allocated through ZZZS in 2025 to the needs of 2.1 million insured persons]",About 2.1 million insured persons (2025),,official,2026-09-29,research.py: quote exact in fetched document
record:SI:health_insurance:legal_basis,zavezanec-zzzs-si:e60894ab28,PDF text,"V Sloveniji se v OZZ na osnovi ZZVZZ vključujejo vsi prebivalci oziroma državljani [English: In Slovenia, all residents or citizens are included in compulsory health insurance on the basis of ZZVZZ]","Under ZZVZZ, all residents are covered by compulsory health insurance",,official,2026-09-29,research.py: quote exact in fetched document
record:SI:health_insurance:register,zzzs-si:95eff385cb,PDF text,Naziv institucije: Zavod za zdravstveno zavarovanje Slovenije 2. Naziv zbirke podatkov: Evidenca o zavarovanih osebah obveznega zdravstvenega zavarovanja [English: Name of institution: Health Insurance Institute of Slovenia 2. Name of data collection: Register of insured persons of compulsory health insurance],ZZZS keeps the register of persons covered by compulsory health insurance,,official,2026-09-29,research.py: quote exact in fetched document
record:SI:health_records:foreign_dependency,uradni-list-si:628415e5c1,page text,"Gospodarsko javno službo izvaja javno podjetje, ki je oblikovano kot družba z omejeno odgovornostjo, katere edina ustanoviteljica in edina družbenica je Republika Slovenija [English: The public service is performed by a public company organised as a limited liability company whose sole founder and sole member is the Republic of Slovenia]",national,,official,2026-09-29,research.py: quote exact in fetched document
record:SI:health_records:hosting,uradni-list-si:628415e5c1,page text,"Gospodarsko javno službo izvaja javno podjetje, ki je oblikovano kot družba z omejeno odgovornostjo, katere edina ustanoviteljica in edina družbenica je Republika Slovenija [English: The public service is performed by a public company organised as a limited liability company whose sole founder and sole member is the Republic of Slovenia]",Central health ICT is a public service run by a public company wholly owned by the Republic of Slovenia,,official,2026-09-29,research.py: quote exact in fetched document
record:SI:health_records:legal_basis,uradni-list-si:628415e5c1,page text,vpis podatkov iz zbirke OZD v zbirko Centralni elektronski zdravstveni zapis (v nadaljnjem besedilu: zbirka CeZZ) [English: entry of data from the OZD collection into the Central Electronic Health Record collection (hereinafter: CeZZ collection)],ZDigZ establishes the Central Electronic Health Record collection (CeZZ),,official,2026-09-29,research.py: quote exact in fetched document
record:SI:health_records:operator,uradni-list-si:628415e5c1,page text,"NIJZ je odgovoren za vzpostavitev informacijskega sistema, ki podpira obdelavo podatkov v zbirki CeZZ in zbirki DOS, njegovo vzdrževanje ter tehnične in organizacijske ukrepe za varnost sistema in podatkov. [English: NIJZ is responsible for establishing the information system supporting data processing in the CeZZ and DOS collections, its maintenance, and technical and organisational security measures.]","NIJZ is responsible for the CeZZ information system, its maintenance and security",,official,2026-09-29,research.py: quote exact in fetched document
record:SI:health_records:register,ezdrav-si:c018b17740,page text,Centralni register podatkov o pacientu (CRPP) je enotni sistem za zbiranje in izmenjavo zdravstvenih podatkov o pacientih s stalnim ali začasnim prebivališčem v Republiki Sloveniji [English: The Central Register of Patient Data (CRPP) is the single system for collecting and exchanging health data on patients with permanent or temporary residence in the Republic of Slovenia],CRPP is the single system for collecting and exchanging health data on patients in Slovenia,,official,2026-09-29,research.py: quote exact in fetched document
record:SI:issuance_history:legal_basis,uradni-list-si:023b9d3fcf,page text,"19. člen (vsebina in pristojnost za vodenje evidence izdanih osebnih izkaznic) (1) Organi, pristojni za izdajo osebne izkaznice, vodijo in vzdržujejo evidenco izdanih osebnih izkaznic [English: Article 19 (content of and competence for keeping the register of issued identity cards) (1) Authorities competent for issuing identity cards keep and maintain the register of issued identity cards]","ZOIzk-1C Art. 19: issuing authorities keep the register of issued ID cards, including for identity, citizenship, eID and e-signature purposes",,official,2026-09-29,research.py: quote exact in fetched document
record:SI:issuance_history:operator,uradni-list-si:023b9d3fcf,page text,"Ministrstvo, pristojno za notranje zadeve, upravlja evidenco izdanih osebnih izkaznic centralno. [English: The ministry responsible for internal affairs manages the register of issued identity cards centrally.]",The interior ministry manages the ID card issuance register centrally,,official,2026-09-29,research.py: quote exact in fetched document
record:SI:issuance_history:register,uradni-list-si:023b9d3fcf,page text,"2. datum izdelave osebne izkaznice in njenega prevzema s strani pošte, 3. podatke o statusu veljavnosti osebe izkaznice [English: 2. date of production of the identity card and its collection by the post, 3. data on the validity status of the identity card]",The register records production and delivery dates and the validity status of each ID card,,official,2026-09-29,research.py: quote exact in fetched document
record:SI:land_property:legal_basis,uradni-list-si:1ea72df403,page text,Glavna knjiga zemljiške knjige se vodi kot centralna informatizirana baza (v nadaljnjem besedilu: informatizirana glavna knjiga). [English: The main book of the land register is kept as a central computerised database (hereinafter: computerised main book).],ZZK-1 Art. 175: the main land book is kept as a central computerised database,,official,2026-09-29,research.py: quote exact in fetched document
record:SI:land_property:operator,uradni-list-si:d6d2fe2c52,page text,"Kataster nepremičnin, evidenco državne meje, register prostorskih enot in register naslovov vzpostavi, vodi in vzdržuje Geodetska uprava Republike Slovenije [English: The real estate cadastre, the state border register, the register of spatial units and the address register are established, kept and maintained by the Surveying and Mapping Authority of the Republic of Slovenia]","The Surveying and Mapping Authority (GURS) establishes, keeps and maintains the cadastre (ZKN Art. 4)",,official,2026-09-29,research.py: quote exact in fetched document
record:SI:land_property:register,sodisce-si:f21e71132e,page text,"Zemljiška knjiga je javna knjiga, namenjena vpisu in javni objavi podatkov o pravicah na nepremičninah in pravnih dejstvih v zvezi z nepremičninami. Za vodenje zemljiške knjige so pristojna okrajna sodišča [English: The land register is a public book for entering and publishing data on rights in real property and legal facts relating to real property. District courts are competent for keeping the land register]","The Land Register is a public book of rights in real property, kept by the district courts",,official,2026-09-29,research.py: quote exact in fetched document
record:SI:national_archives:legal_basis,uradni-list-si:a09fd4b45b,page text,"Naloge državnega arhiva opravlja Arhiv Republike Slovenije, ki je organ v sestavi ministrstva, pristojnega za arhive. [English: The tasks of the state archive are performed by the Archives of the Republic of Slovenia, a body within the ministry responsible for archives.]",ZVDAGA: the Archives of the Republic of Slovenia performs the tasks of the state archive,,official,2026-09-29,research.py: quote exact in fetched document
record:SI:national_archives:register,gov-si:c83e2d32dd,page text,"s sistemom e-ARH.si, ki je varen, standardiziran in zaupanja vreden slovenski elektronski arhiv za dolgoročno ohranjanje in nadaljnjo uporabo elektronskega arhivskega gradiva [English: with the e-ARH.si system, a secure, standardised and trustworthy Slovenian electronic archive for long-term preservation and further use of electronic archival material]",e-ARH.si is the Slovenian electronic archive for long-term preservation of electronic archival records,,official,2026-09-29,research.py: quote exact in fetched document
record:SI:police_records:legal_basis,uradni-list-si:0dce059418,page text,"Policija upravlja in vzdržuje evidence, v katerih zaradi opravljanja policijskih nalog uslužbenci policije zbirajo in obdelujejo osebne podatke. [English: The Police manages and maintains records in which police employees collect and process personal data in performing police tasks.]",ZNPPol Art. 123: the Police manages and maintains its records,,official,2026-09-29,research.py: quote exact in fetched document
record:SI:police_records:register,uradni-list-si:0dce059418,page text,"V zvezi z izvajanjem policijskih pooblastil policija vodi in vzdržuje naslednje evidence: 1. evidenco kaznivih dejanj, 2. evidenco prekrškov, 3. evidenco iskanih oseb [English: In connection with exercising police powers, the police keeps and maintains the following records: 1. criminal offences, 2. misdemeanours, 3. wanted persons]","Police records include criminal offences, misdemeanours and wanted persons",,official,2026-09-29,research.py: quote exact in fetched document
record:SI:public_finance:register,gov-si:4bf1c5fc99,page text,"V Upravi Republike Slovenije za javna plačila (UJP) izvajamo plačilne storitve za proračunske uporabnike, vodimo register proračunskih uporabnikov in njihovih podračunov [English: At the Public Payments Administration (UJP) we provide payment services for budget users and keep the register of budget users and their sub-accounts]",UJP provides payment services to budget users and keeps the register of budget users and their sub-accounts,,official,2026-09-29,research.py: quote exact in fetched document
record:SI:residence_permits:register,uradni-list-si:a4963c2524,page text,"ministrstvu, pristojnemu za notranje zadeve, ki upravlja centralno evidenco o dovoljenjih za prebivanje in odpovedih prebivanja tujcu (Register tujcev) [English: the ministry responsible for internal affairs, which manages the central register of residence permits and revocations of residence of foreigners (Register of Foreigners)]",The interior ministry manages the central register of residence permits and their revocations (Register tujcev),,official,2026-09-29,research.py: quote exact in fetched document
record:SI:tax:operator,fu-gov-si:e31210058b,page text,"Na podlagi Zakona o finančni upravi (ZFU) ga vodi in upravlja Finančna uprava Republike Slovenije (FURS). [English: Based on the Financial Administration Act (ZFU), it is kept and managed by the Financial Administration of the Republic of Slovenia (FURS).]","Under the Financial Administration Act (ZFU), FURS keeps and manages the tax register",,official,2026-09-29,research.py: quote exact in fetched document
record:SI:tax:register,fu-gov-si:e31210058b,page text,"Davčni register je enotna, z drugim evidencami povezana, informatizirana zbirka podatkov o zavezancih. [English: The tax register is a single computerised database of taxpayers, linked to other records.]","The tax register is a single computerised, linked database of taxpayers",,official,2026-09-29,research.py: quote exact in fetched document
record:SI:trust_services_pki:foreign_dependency,si-trust-gov-si:158382bc68,page text,"Dokumente podpišete s kvalificiranim digitalnim potrdilom SI-PASS-CA, ki je varno shranjeno pri SI-TRUST. [English: You sign documents with the qualified SI-PASS-CA digital certificate, which is securely stored at SI-TRUST.]",national,,official,2026-09-29,research.py: quote exact in fetched document
record:SI:trust_services_pki:hosting,si-trust-gov-si:158382bc68,page text,"Dokumente podpišete s kvalificiranim digitalnim potrdilom SI-PASS-CA, ki je varno shranjeno pri SI-TRUST. [English: You sign documents with the qualified SI-PASS-CA digital certificate, which is securely stored at SI-TRUST.]",Qualified SI-PASS-CA signing certificates are stored at SI-TRUST,,official,2026-09-29,research.py: quote exact in fetched document
record:SI:trust_services_pki:operator,si-trust-gov-si:7bcc9040ee,page text,Državni center za storitve zaupanja SI-TRUST deluje v sklopu Ministrstva za notranje zadeve in javno upravo [English: The State Trust Services Centre SI-TRUST operates within the Ministry of the Interior and Public Administration],SI-TRUST operates within the Ministry of the Interior and Public Administration,,official,2026-09-29,research.py: quote exact in fetched document
record:SI:trust_services_pki:register,si-trust-gov-si:7bcc9040ee,page text,"Državni center za storitve zaupanja upravlja s korenskim izdajateljem SI-TRUST Root, izdajateljem kvalificiranih digitalnih potrdil SIGEN-CA, izdajateljem kvalificiranih digitalnih potrdil SIGOV-CA [English: The State Trust Services Centre manages the root issuer SI-TRUST Root, the qualified certificate issuer SIGEN-CA, the qualified certificate issuer SIGOV-CA]",SI-TRUST manages the SI-TRUST Root and the qualified issuers SIGEN-CA and SIGOV-CA,,official,2026-09-29,research.py: quote exact in fetched document
record:SK:beneficial_ownership:register,zakony-judikaty-info:b0d7e6f4f8,page text,"Register je informačný systém verejnej správy, ktorý obsahuje údaje podľa § 4 a ktorého správcom a prevádzkovateľom je Ministerstvo spravodlivosti Slovenskej republiky (ďalej len „ministerstvo“). Registrujúcim orgánom je Okresný súd Žilina. [English: The register is a public administration information system containing data under § 4, administered and operated by the Ministry of Justice. The registering body is the District Court Žilina.]","Register partnerov verejného sektora (Register of Public Sector Partners), run by the Ministry of Justice with Žilina District Court as registering body",,official,2026-09-29,research.py: quote exact in fetched document
record:SK:benefits_pensions:legal_basis,zakony-judikaty-info:0879b0893a,page text,"(1) Sociálna poisťovňa zhromažďuje údaje na výkon sociálneho poistenia vrátane údajov o telefónnych číslach, adresách elektronickej pošty [English: (1) The Social Insurance Agency collects data for administering social insurance, including telephone numbers and e-mail addresses]","Act 461/2003 on social insurance, § 170: Sociálna poisťovňa collects data for social insurance",,official,2026-09-29,research.py: quote exact in fetched document
record:SK:benefits_pensions:register,zakony-judikaty-info:0879b0893a,page text,e) viesť register zamestnávateľov a register poistencov a sporiteľov starobného dôchodkového sporenia [English: e) keep the register of employers and the register of insured persons and old-age pension savers],Register poistencov a sporiteľov starobného dôchodkového sporenia (register of insured persons and pension savers) and employer register kept by Sociálna poisťovňa,,official,2026-09-29,research.py: quote exact in fetched document
record:SK:border_control:register,zakony-judikaty-info:3c57bfb4b0,page text,"i) nežiaducich osobách, j) cudzincoch získané pri zabezpečovaní kontroly hraníc, k) cudzincoch na neoprávnenom pobyte. [English: i) undesirable persons, j) foreigners, obtained in carrying out border control, k) foreigners staying illegally.]","Police Force records on undesirable persons, border-control data on foreigners and illegal stay",,official,2026-09-29,research.py: quote exact in fetched document
record:SK:breeder_documents:legal_basis,zakony-judikaty-info:da6ca1f082,page text,"Matriku ako výkon štátnej správy vedie obec, v hlavnom meste Slovenskej republiky Bratislave a v meste Košiciach mestská časť, ktoré sú uvedené v prílohe [English: The civil register, as an exercise of state administration, is kept by the municipality, and in Bratislava and Košice by the city district, listed in the annex]",Act 154/1994 on civil registers: registers are kept by municipalities as registry offices,,official,2026-09-29,research.py: quote exact in fetched document
record:SK:breeder_documents:operator,zakony-judikaty-info:da6ca1f082,page text,"(2) Okresný úrad uchováva zbierku listín oddelene od ostatných písomností a zabezpečuje jej aktualizáciu a ochranu pred zničením a poškodením a pred zneužitím údajov, ktoré obsahuje. [English: (2) The district office keeps the collection of documents separately from other papers and ensures its updating and protection against destruction, damage and misuse of its data.]",District offices keep the collection of documents and hand it to the state archive after 100 years,,official,2026-09-29,research.py: quote exact in fetched document
record:SK:breeder_documents:register,zakony-judikaty-info:da6ca1f082,page text,"(1) Matričný úrad vedie zbierku listín. Tvoria ju listiny, ktoré slúžia ako podklad na zápis, dodatočný zápis, dodatočný záznam alebo ich zmenu v matrike. [English: (1) The registry office keeps a collection of documents. It consists of documents serving as the basis for an entry, supplementary entry, supplementary record or their change in the civil register.]",Zbierka listín (collection of source documents) kept by registry offices as the basis for civil-status entries,,official,2026-09-29,research.py: quote exact in fetched document
record:SK:business_registry:register,zakony-judikaty-info:d6d00cfb1d,page text,"(2) Obchodný register sa vedie v elektronickej forme. Zbierka listín sa vedie v elektronickej forme, ak tento zákon neustanovuje inak. (3) Registrový súd vydá žiadateľovi po zaplatení súdneho poplatku výpis z obchodného registra [English: (2) The commercial register is kept in electronic form. The collection of deeds is kept in electronic form unless this act provides otherwise. (3) The registry court issues an extract from the commercial register after payment of the court fee]","Obchodný register (Commercial Register) and collection of deeds, kept electronically by registry courts",,official,2026-09-29,research.py: quote exact in fetched document
record:SK:central_bank:register,nbs-sk:f0e3e7c47c,page text,"Národná banka Slovenska prevádzkuje dva platobné systémy: TARGET-SK – je nová generácia platobného systému prevádzkovaného Národnou bankou Slovenska [English: Národná banka Slovenska operates two payment systems: TARGET-SK, a new generation payment system operated by Národná banka Slovenska]",Národná banka Slovenska operates two payment systems: TARGET-SK (RTGS) and SIPS (retail),,official,2026-09-29,research.py: quote exact in fetched document
record:SK:civil_registry:legal_basis,zakony-judikaty-info:cf164276e2,page text,"(2) Register je zdrojom platných údajov o obyvateľoch Slovenskej republiky a o ďalších osobách evidovaných v registri pre potreby štátnych orgánov, orgánov územnej samosprávy, iných právnických osôb alebo fyzických osôb. [English: (2) The register is the source of valid data on inhabitants of the Slovak Republic and other registered persons for state bodies, territorial self-government, other legal or natural persons.]",Act No. 253/1998 Coll. on reporting residence of citizens and the Register of Inhabitants of the Slovak Republic,,official,2026-09-29,research.py: quote exact in fetched document
record:SK:civil_registry:operator,zakony-judikaty-info:cf164276e2,page text,"(1) Register fyzických osôb je základný register verejnej správy, ktorý obsahuje súbor údajov o fyzických osobách podľa § 23b. Správcom registra fyzických osôb je ministerstvo. Doba uchovávania údajov v registri fyzických osôb je trvalá. [English: (1) The register of natural persons is a base register of public administration containing data on natural persons under § 23b. The administrator of the register of natural persons is the ministry. Data in the register of natural persons are retained permanently.]","The Ministry of Interior (ministerstvo) administers the Register of Natural Persons, a base register; retention is permanent",,official,2026-09-29,research.py: quote exact in fetched document
record:SK:civil_registry:register,zakony-judikaty-info:cf164276e2,page text,"(1) Register je informačným systémom verejnej správy,6) ktorý obsahuje súbor údajov o obyvateľoch Slovenskej republiky a o ďalších osobách evidovaných v registri, na ktorých základe možno osobu identifikovať, zistiť jej pobyt a vzťahy k iným osobám [English: (1) The register is a public administration information system containing data on inhabitants of the Slovak Republic and other persons registered, on the basis of which a person can be identified and their residence and relationships to other persons established]","Register obyvateľov Slovenskej republiky (Register of Inhabitants of the Slovak Republic), a public-administration information system identifying persons, their residence and relationships",,official,2026-09-29,research.py: quote exact in fetched document
record:SK:crisis_management:register,zakony-judikaty-info:f7d0c691ce,page text,(1) Orgány krízového riadenia pri príprave na krízové situácie a pri ich riešení využívajú informačný systém krízového riadenia štátu. [English: (1) Crisis management bodies use the state crisis management information system when preparing for and resolving crisis situations.],Informačný systém krízového riadenia štátu (state crisis management information system),,official,2026-09-29,research.py: quote exact in fetched document
record:SK:digital_identity_credentials:legal_basis,zakony-judikaty-info:6400764c4a,page text,"a) úradný autentifikátor, ktorým sú občiansky preukaz s elektronickým čipom a bezpečnostný osobný kód podľa osobitného predpisu15) [English: a) the official authenticator, which is the identity card with electronic chip and the security personal code under a special regulation]",Act 305/2013 (e-Government Act): the official authenticator is the chip ID card with its security personal code (BOK),,official,2026-09-29,research.py: quote exact in fetched document
record:SK:digital_identity_credentials:operator,zakony-judikaty-info:6400764c4a,page text,"Správcom autentifikačnej časti autentifikačného modulu je Ministerstvo vnútra Slovenskej republiky (ďalej len „ministerstvo vnútra“) a správcom komunikačnej časti autentifikačného modulu je ministerstvo investícií. [English: The administrator of the authentication part of the authentication module is the Ministry of Interior, and the administrator of its communication part is the Ministry of Investment.]",The Ministry of Interior administers the authentication part of the authentication module; MIRRI administers its communication part,,official,2026-09-29,research.py: quote exact in fetched document
record:SK:digital_identity_credentials:register,slovensko-sk:1e21687709,page text,"Od 2. decembra 2013 sa vydáva nový typ občianskeho preukazu s elektronickým kontaktným čipom – tzv. elektronická identifikačná karta (eID) . [English: Since 2 December 2013 a new type of identity card with an electronic contact chip, the so-called electronic identification card (eID), has been issued.]","eID: electronic identity card with contact chip, issued since 2 December 2013",,official,2026-09-29,research.py: quote exact in fetched document
record:SK:education:register,zakony-judikaty-info:c14756c1eb,page text,"(1) Centrálny register je zoznam osobných údajov o deťoch, žiakoch a poslucháčoch, ktorí sa zúčastňujú na výchovno-vzdelávacom procese v školách [English: (1) The central register is a list of personal data on children, pupils and students participating in education in schools]","Centrálny register (central register of children, pupils and students) under the School Act",,official,2026-09-29,research.py: quote exact in fetched document
record:SK:electoral_management:legal_basis,zakony-judikaty-info:643bc3547c,page text,"(9) Štatistický úrad utvára na prípravu spracovania a spracovanie výsledkov volieb pre štátnu komisiu, okresné volebné komisie [English: (9) The Statistical Office sets up, for preparing and processing election results, for the state commission and district electoral commissions]",Act 180/2014: the Statistical Office sets up expert summarisation units to process results,,official,2026-09-29,research.py: quote exact in fetched document
record:SK:electoral_management:operator,zakony-judikaty-info:643bc3547c,page text,e) spracovania výsledkov volieb prostredníctvom informačného systému Štatistického úradu Slovenskej republiky (ďalej len „štatistický úrad“). [English: e) processing of election results through the information system of the Statistical Office of the Slovak Republic.],Election results are processed through the information system of the Statistical Office of the Slovak Republic,,official,2026-09-29,research.py: quote exact in fetched document
record:SK:electoral_management:register,zakony-judikaty-info:643bc3547c,page text,"(1) Ministerstvo vnútra vytvára, spravuje a prevádzkuje informačný systém Register kandidátov a kandidátnych listín vo voľbách do Národnej rady Slovenskej republiky [English: (1) The Ministry of Interior creates, administers and operates the information system Register of candidates and candidate lists in elections to the National Council]","Register kandidátov a kandidátnych listín (Register of candidates and candidate lists), created and operated by the Ministry of Interior",,official,2026-09-29,research.py: quote exact in fetched document
record:SK:electoral_roll:legal_basis,zakony-judikaty-info:643bc3547c,page text,"Do stáleho zoznamu zapisuje obec voličov, ktorí majú trvalý pobyt v obci. Volič môže byť zapísaný len v jednom stálom zozname. [English: The municipality enters in the permanent list voters with permanent residence in the municipality. A voter may be entered in only one permanent list.]","Act 180/2014 on the conditions for exercising the right to vote, § 9",,official,2026-09-29,research.py: quote exact in fetched document
record:SK:electoral_roll:register,zakony-judikaty-info:643bc3547c,page text,"(1) Stály zoznam voličov (ďalej len „stály zoznam“) zostavuje a vedie obec, v hlavnom meste Slovenskej republiky Bratislave a v meste Košice mestská časť (ďalej len „obec“). [English: (1) The permanent list of voters is compiled and kept by the municipality, in Bratislava and Košice by the city district.]",Stály zoznam voličov (permanent electoral roll) compiled and kept by each municipality,,official,2026-09-29,research.py: quote exact in fetched document
record:SK:emergency_communications:legal_basis,zakony-judikaty-info:01b856c898,page text,"Na privolanie záchranných zložiek integrovaného záchranného systému v tiesni prostredníctvom tiesňovej komunikácie je zriadené vo verejnej telekomunikačnej sieti jednotné európske číslo tiesňového volania 112. [English: To summon rescue units of the integrated rescue system in distress, the single European emergency number 112 is established in the public telecommunications network.]",Act 129/2002 on the Integrated Rescue System establishes emergency number 112,,official,2026-09-29,research.py: quote exact in fetched document
record:SK:emergency_communications:register,zakony-judikaty-info:01b856c898,page text,"a) zabezpečuje príjem tiesňového volania, volania eCall, 30) príjem krátkych textových správ (SMS) a odpoveď na príjem tiesňovej komunikácie na jednotnom európskom čísle tiesňového volania 112 [English: a) ensures receipt of emergency calls, eCall calls, SMS and response to emergency communication on the single European emergency number 112]","Coordination centres receive 112 calls, eCall and SMS emergency communications",,official,2026-09-29,research.py: quote exact in fetched document
record:SK:facial_biometric:legal_basis,zakony-judikaty-info:bc65dc8528,page text,"h) úrad, ktorý občiansky preukaz vydal, i) dobu platnosti občianskeho preukazu, j) zobrazenie podoby tváre občana, k) podpis občana [English: h) the office that issued the identity card, i) the validity period of the identity card, j) the image of the citizen's face, k) the citizen's signature]","Act 224/2006 on identity cards, § 15(2): the ID card records contain the holder's facial image and signature (2019 consolidated version on this mirror)",,official,2026-09-29,research.py: quote exact in fetched document
record:SK:facial_biometric:operator,zakony-judikaty-info:c9aed832ed,page text,Centrálnu evidenciu cestovných dokladov vydávaných príslušnými útvarmi vedie ministerstvo vnútra. [English: The central register of travel documents issued by the competent units is kept by the Ministry of Interior.],"The Ministry of Interior keeps the central register of travel documents, which includes the facial image",,official,2026-09-29,research.py: quote exact in fetched document
record:SK:facial_biometric:register,zakony-judikaty-info:bc65dc8528,page text,(1) Ministerstvo a okresné riaditeľstvá vedú evidenciu občianskych preukazov a evidenciu čistopisov občianskych preukazov. [English: (1) The ministry and the district directorates keep the records of identity cards and the records of blank identity cards.],Evidencia občianskych preukazov (ID card records) kept by the Ministry of Interior and district police directorates,,official,2026-09-29,research.py: quote exact in fetched document
record:SK:firearms_register:legal_basis,zakony-judikaty-info:65a7d17398,page text,"f) evidovaných zbraniach a vydaných preukazoch zbraní, g) dovezených, vyvezených alebo prevezených zbraniach [English: f) registered weapons and issued weapon cards, g) imported, exported or transferred weapons]","Act 190/2003 on firearms and ammunition, § 64, incl. registered weapons",,official,2026-09-29,research.py: quote exact in fetched document
record:SK:firearms_register:register,zakony-judikaty-info:65a7d17398,page text,"(1) Policajný zbor pri plnení úloh podľa tohto zákona vedie informačný systém, ktorý obsahuje údaje o a) vydaných zbrojných preukazoch a ich držiteľoch [English: (1) In performing tasks under this act the Police Force keeps an information system containing data on a) issued firearms licences and their holders]","Police Force information system on firearms licences, holders and registered weapons",,official,2026-09-29,research.py: quote exact in fetched document
record:SK:geospatial:operator,skgeodesy-sk:1f5c574b6c,PDF text,"zabezpečuje tvorbu, správu a prevádzkovanie ISGKK, zabezpečuje poskytovanie informácií a údajov z ISGKK, spravuje internetový portál [English: ensures creation, administration and operation of ISGKK, provision of information and data from ISGKK, administers the internet portal]","ÚGKK SR creates, administers and operates the geodesy, cartography and cadastre information system (ISGKK)",,official,2026-09-29,research.py: quote exact in fetched document
record:SK:geospatial:register,zakony-judikaty-info:a3c5e3d80f,page text,"(1) Register je informačný systém verejnej správy,5) ktorý obsahuje údaje podľa § 5 a ktorého správcom je Ministerstvo vnútra Slovenskej republiky (ďalej len „ministerstvo“). [English: (1) The register is a public administration information system containing data under § 5, administered by the Ministry of Interior.]","Register adries (Address Register), administered by the Ministry of Interior",,official,2026-09-29,research.py: quote exact in fetched document
record:SK:government_payroll:operator,zakony-judikaty-info:58f8bc2ac4,page text,"§ 21 - Úrad vlády (1) Úrad vlády v oblasti štátnej služby, ak tento zákon neustanovuje inak, a) zabezpečuje jednotný postup služobných úradov pri uplatňovaní tohto zákona [English: § 21 Government Office (1) In civil service matters the Government Office, unless this act provides otherwise, a) ensures uniform procedure of service offices in applying this act]",Government Office of the Slovak Republic (Úrad vlády SR),,official,2026-09-29,research.py: quote exact in fetched document
record:SK:government_payroll:register,zakony-judikaty-info:58f8bc2ac4,page text,"d) spravuje centrálny informačný systém štátnej služby (ďalej len „centrálny informačný systém“) a vykonáva ďalšie činnosti podľa osobitného predpisu,20) [English: d) administers the central information system of the civil service and performs other activities under a special regulation]",Centrálny informačný systém štátnej služby (central civil-service information system) administered by the Government Office,,official,2026-09-29,research.py: quote exact in fetched document
record:SK:grid_control:legal_basis,zakony-judikaty-info:e45eb39250,page text,(6) Prevádzkovateľ prenosovej sústavy je oprávnený vykonať skúšku stavu núdze v elektroenergetike v súlade s technickými podmienkami prevádzkovateľa prenosovej sústavy [English: (6) The transmission system operator is entitled to test the state of emergency in the electricity sector in line with its technical conditions],Act 251/2012 on energy governs the transmission system operator,,official,2026-09-29,research.py: quote exact in fetched document
record:SK:grid_control:operator,sepsas-sk:0b35785b93,page text,"Pôsobíme ako prevádzkovateľ prenosovej sústavy v Slovenskej republike, vrátane Slovenského elektroenergetického dispečingu. [English: We act as the transmission system operator in the Slovak Republic, including the Slovak Electricity Dispatching.]",SEPS a.s. is the transmission system operator including the Slovak Electricity Dispatch Centre,,official,2026-09-29,research.py: quote exact in fetched document
record:SK:grid_control:register,sepsas-sk:6fedfac656,page text,Pri rozpade sústavy alebo poruche typu blackout priamo riadi aktiváciu opatrení obranného plánu a plánu obnovy elektrizačnej sústavy SR. [English: In a system split or blackout it directly manages activation of the defence plan and restoration plan of the Slovak power system.],"Dispatch control of the transmission system, incl. defence and restoration plan in a blackout",,official,2026-09-29,research.py: quote exact in fetched document
record:SK:health_insurance:legal_basis,zakony-judikaty-info:08ff4edb78,page text,"(6) Zdravotná poisťovňa je na účel vedenia centrálneho registra poistencov povinná sprístupniť úradu elektronicky zoznamy [English: (6) For keeping the central register of insured persons, a health insurer must make lists available electronically to the Authority]",Act 581/2004: health insurers must supply data electronically to the Authority to maintain the central register,,official,2026-09-29,research.py: quote exact in fetched document
record:SK:health_insurance:register,zakony-judikaty-info:08ff4edb78,page text,"e) vedie 1. centrálny register poistencov, ktorý obsahuje meno, priezvisko, rodné priezvisko, rodné číslo alebo bezvýznamové identifikačné číslo pridelené úradom [English: e) keeps 1. the central register of insured persons, containing name, surname, birth surname, birth number or a non-significant identification number assigned by the Authority]",Centrálny register poistencov (central register of insured persons) kept by the Health Care Surveillance Authority (ÚDZS),,official,2026-09-29,research.py: quote exact in fetched document
record:SK:health_records:operator,zakony-judikaty-info:102f092bed,page text,h) postavenie a úlohy Národného centra zdravotníckych informácií (ďalej len „národné centrum“) [English: h) the status and tasks of the National Health Information Centre],"National Health Information Centre (NCZI, 'národné centrum')",,official,2026-09-29,research.py: quote exact in fetched document
record:SK:health_records:register,zakony-judikaty-info:102f092bed,page text,"(1) Národný zdravotnícky informačný systém je súbor zdravotníckych informačných systémov v správe národného centra slúžiacich na zber, spracúvanie a poskytovanie informácií v zdravotníctve [English: (1) The national health information system is a set of health information systems administered by the national centre for collecting, processing and providing health information]","Národný zdravotnícky informačný systém (National Health Information System), administered by the National Health Information Centre",,official,2026-09-29,research.py: quote exact in fetched document
record:SK:issuance_history:operator,zakony-judikaty-info:bc65dc8528,page text,(1) Ministerstvo a okresné riaditeľstvá vedú evidenciu občianskych preukazov a evidenciu čistopisov občianskych preukazov. [English: (1) The ministry and the district directorates keep the records of identity cards and the records of blank identity cards.],Kept by the Ministry of Interior and district police directorates,,official,2026-09-29,research.py: quote exact in fetched document
record:SK:issuance_history:register,zakony-judikaty-info:bc65dc8528,page text,"m) čísla a série stratených a odcudzených občianskych preukazov, n) čísla vydaných dokladov o občianskom preukaze, o) potvrdenia o občianskom preukaze vydané občanovi, p) dátum zničenia občianskeho preukazu [English: m) numbers and series of lost and stolen identity cards, n) numbers of issued identity card documents, o) identity-card certificates issued to the citizen, p) date of destruction of the identity card]","Evidencia občianskych preukazov (ID card issuance records), incl. numbers of issued, lost and stolen cards and destruction dates",,official,2026-09-29,research.py: quote exact in fetched document
record:SK:judicial_criminal:register,zakony-judikaty-info:c1d1cfead6,page text,(5) Register trestov vedie Generálna prokuratúra Slovenskej republiky (ďalej len „generálna prokuratúra“). [English: (5) The criminal records register is kept by the General Prosecutor's Office of the Slovak Republic.],Register trestov (Criminal Records Register) kept by the General Prosecutor's Office,,official,2026-09-29,research.py: quote exact in fetched document
record:SK:land_property:count,skgeodesy-sk:1f5c574b6c,PDF text,"počet parciel registra C počet parciel registra C so založeným LV (podiel v %) počet parciel registra E 9 033 960 7 525 626 (83,3 %) 7 643 899 počet LV 4 850 159 Kataster v absolútnych číslach [English: number of register-C parcels, number of register-C parcels with an ownership sheet (share in %), number of register-E parcels 9,033,960 7,525,626 (83.3%) 7,643,899 number of ownership sheets 4,850,159 Cadastre in absolute numbers]","As of 31 Dec 2025: 9,033,960 register-C parcels, 7,643,899 register-E parcels and 4,850,159 ownership sheets (LV)",,official,2026-09-29,research.py: quote exact in fetched document
record:SK:land_property:operator,zakony-judikaty-info:abcab898c6,page text,"d) spravuje katastrálny operát, e) spravuje informačný systém katastra, f) rozhoduje o odvolaní proti rozhodnutiu o zamietnutí vkladu [English: d) administers the cadastral records, e) administers the cadastre information system, f) decides appeals against refusal of registration]","The Office of Geodesy, Cartography and Cadastre (ÚGKK SR, 'úrad') administers the cadastral records and the cadastre information system",,official,2026-09-29,research.py: quote exact in fetched document
record:SK:land_property:register,zakony-judikaty-info:abcab898c6,page text,"(1) Kataster nehnuteľností (ďalej len „kataster“) je geometrické určenie, súpis a popis nehnuteľností. Súčasťou katastra sú údaje o právach k týmto nehnuteľnostiam, a to o vlastníckom práve, záložnom práve, vecnom bremene [English: (1) The real-estate cadastre is the geometric determination, inventory and description of real estate. It includes data on rights to the property: ownership, liens, easements]","Kataster nehnuteľností (real-estate cadastre) including ownership, liens and other rights",,official,2026-09-29,research.py: quote exact in fetched document
record:SK:national_archives:legal_basis,zakony-judikaty-info:919eea7e79,page text,ktoré sú orgánmi verejnej moci.12) (3) Štátnym ústredným archívom je Slovenský národný archív. [English: which are public authorities. (3) The central state archive is the Slovak National Archives.],Act 395/2002 on archives: the Slovak National Archives is the central state archive,,official,2026-09-29,research.py: quote exact in fetched document
record:SK:national_archives:operator,minv-sk:8698594fb9,page text,rovnako archiváciu štruktúrovaných dát a dát z produkčných systémov MV SR. [English: as well as archiving of structured data and data from production systems of the Ministry of Interior.],The Electronic Archive also archives structured data and data from Ministry of Interior production systems,,official,2026-09-29,research.py: quote exact in fetched document
record:SK:national_archives:register,minv-sk:8698594fb9,page text,"Elektronický archív MV SR je dlhodobým úložiskom elektronických archívnych dokumentov produkovaných orgánmi verejnej moci, ako aj ostatnými pôvodcami. [English: The Electronic Archive of the Ministry of Interior is the long-term repository of electronic archival documents produced by public authorities and other originators.]","Elektronický archív Slovenska (Electronic Archive of Slovakia), the long-term repository of electronic archival records of public authorities",,official,2026-09-29,research.py: quote exact in fetched document
record:SK:official_gazette:legal_basis,zakony-judikaty-info:36191f0e74,page text,(4) Elektronická podoba zbierky zákonov je dostupná bezplatne prostredníctvom Slov-Lexu. [English: (4) The electronic form of the Collection of Laws is available free of charge via Slov-Lex.],Act 400/2015: the electronic Collection of Laws is available free of charge via Slov-Lex,,official,2026-09-29,research.py: quote exact in fetched document
record:SK:official_gazette:operator,zakony-judikaty-info:36191f0e74,page text,(2) Vydavateľom zbierky zákonov je ministerstvo spravodlivosti. (3) Zbierka zákonov sa vydáva v elektronickej podobe a v listinnej podobe. [English: (2) The publisher of the Collection of Laws is the Ministry of Justice. (3) The Collection of Laws is issued in electronic and paper form.],The Ministry of Justice publishes the Collection of Laws; it is issued in electronic and paper form,,official,2026-09-29,research.py: quote exact in fetched document
record:SK:official_gazette:register,zakony-judikaty-info:36191f0e74,page text,"(2) Portál je súčasťou informačného systému verejnej správy Slov-Lex (ďalej len „Slov-Lex“), ktorého správcom a prevádzkovateľom je Ministerstvo spravodlivosti Slovenskej republiky [English: (2) The portal is part of the Slov-Lex public administration information system, administered and operated by the Ministry of Justice]","Slov-Lex, the public administration information system administered and operated by the Ministry of Justice",,official,2026-09-29,research.py: quote exact in fetched document
record:SK:police_records:register,zakony-judikaty-info:66def3d68f,page text,"(1) Policajný zbor spracúva podľa tohto zákona a osobitných predpisov11bc) informácie, osobné údaje, daktyloskopické údaje a snímky tvárí zhromaždené pri plnení úloh Policajného zboru [English: (1) The Police Force processes, under this act and special regulations, information, personal data, dactyloscopic data and face images collected in performing Police Force tasks]","Police Force information systems processing personal data, fingerprint (dactyloscopic) data and face images",,official,2026-09-29,research.py: quote exact in fetched document
record:SK:residence_permits:register,zakony-judikaty-info:3c57bfb4b0,page text,"(1) Policajný útvar pri plnení úloh vedie v informačných systémoch Policajného zboru vedených podľa osobitného predpisu74) evidencie o a) vstupe, pobyte a vycestovaní cudzincov, b) žiadateľoch o víza, o udelených alebo neudelených vízach, c) žiadateľoch o pobyt [English: (1) The police unit keeps, in Police Force information systems, records on a) entry, stay and departure of foreigners, b) visa applicants and granted or refused visas, c) residence applicants]","Police Force information systems holding records on foreigners' entry, stay and departure, visa and residence applicants",,official,2026-09-29,research.py: quote exact in fetched document
record:SK:trust_services_pki:legal_basis,snca-gov-sk:c4488488e6,page text,"Schéma dohľadu kvalifikovaných dôveryhodných služieb, ktorú na svojom webovom sídle publikuje orgán dohľadu, ktorým pre Slovenskú republike je Národný bezpečnostný úrad. [English: The supervision scheme for qualified trust services, published by the supervisory body, which for the Slovak Republic is the National Security Authority.]",The National Security Authority (NBÚ) is the supervisory body for qualified trust services in Slovakia,,official,2026-09-29,research.py: quote exact in fetched document
record:SK:trust_services_pki:operator,snca-gov-sk:c4488488e6,page text,Od 1. augusta 2019 je prevádzkovateľom Slovenskej národnej certifikačnej autority (SNCA) a poskytovateľom kvalifikovaných dôveryhodných služieb Národná agentúra pre sieťové a elektronické služby (NASES). [English: Since 1 August 2019 the operator of the Slovak National Certification Authority (SNCA) and provider of qualified trust services is the National Agency for Network and Electronic Services (NASES).],NASES has operated the Slovak National Certification Authority (SNCA) and provided qualified trust services since 1 August 2019,,official,2026-09-29,research.py: quote exact in fetched document
record:SK:trust_services_pki:register,nases-gov-sk:79a1c48d63,page text,NASES je prevádzkovateľom Slovenskej národnej certifikačnej autority (SNCA) a poskytovateľom kvalifikovaných dôveryhodných služieb. SNCA poskytuje kvalifikované dôveryhodné služby orgánom verejnej moci bezodplatne. [English: NASES is the operator of the Slovak National Certification Authority (SNCA) and a provider of qualified trust services. SNCA provides qualified trust services to public authorities free of charge.],"Slovenská národná certifikačná autorita (SNCA), providing qualified trust services free of charge to public authorities",,official,2026-09-29,research.py: quote exact in fetched document
record:SK:vehicle_licensing:register,zakony-judikaty-info:262477f4c7,page text,"(1) Evidencia vozidiel je informačný systém Policajného zboru podľa osobitného predpisu,32)ktorý sa vedie na účely získavania informácií o vlastníkoch vozidiel, držiteľoch vozidiel [English: (1) The vehicle register is an information system of the Police Force kept to obtain information on vehicle owners and keepers]","Evidencia vozidiel (vehicle register), an information system of the Police Force",,official,2026-09-29,research.py: quote exact in fetched document
